Entity,Code,Year,Tobacco - Production (tonnes)
Africa,OWID_AFR,1961,203815
Africa,OWID_AFR,1962,205292
Africa,OWID_AFR,1963,190031
Africa,OWID_AFR,1964,271203
Africa,OWID_AFR,1965,241032
Africa,OWID_AFR,1966,227365
Africa,OWID_AFR,1967,204295
Africa,OWID_AFR,1968,193881
Africa,OWID_AFR,1969,240766
Africa,OWID_AFR,1970,192022
Africa,OWID_AFR,1971,218519
Africa,OWID_AFR,1972,216364
Africa,OWID_AFR,1973,221869
Africa,OWID_AFR,1974,228463
Africa,OWID_AFR,1975,249993
Africa,OWID_AFR,1976,282717
Africa,OWID_AFR,1977,266629
Africa,OWID_AFR,1978,269049
Africa,OWID_AFR,1979,309168
Africa,OWID_AFR,1980,307034
Africa,OWID_AFR,1981,243187
Africa,OWID_AFR,1982,269491
Africa,OWID_AFR,1983,292459
Africa,OWID_AFR,1984,332365
Africa,OWID_AFR,1985,312744
Africa,OWID_AFR,1986,302461
Africa,OWID_AFR,1987,309288
Africa,OWID_AFR,1988,310518
Africa,OWID_AFR,1989,348796
Africa,OWID_AFR,1990,361252
Africa,OWID_AFR,1991,437031
Africa,OWID_AFR,1992,485629.62
Africa,OWID_AFR,1993,487757.22
Africa,OWID_AFR,1994,415245.2
Africa,OWID_AFR,1995,444895.2
Africa,OWID_AFR,1996,469037
Africa,OWID_AFR,1997,508181.6
Africa,OWID_AFR,1998,520153.53
Africa,OWID_AFR,1999,456692.62
Africa,OWID_AFR,2000,489419.6
Africa,OWID_AFR,2001,444931.66
Africa,OWID_AFR,2002,436272.4
Africa,OWID_AFR,2003,436820.22
Africa,OWID_AFR,2004,455351
Africa,OWID_AFR,2005,497921.78
Africa,OWID_AFR,2006,419840.62
Africa,OWID_AFR,2007,480133.88
Africa,OWID_AFR,2008,522134.38
Africa,OWID_AFR,2009,591192.8
Africa,OWID_AFR,2010,563779.75
Africa,OWID_AFR,2011,662912.7
Africa,OWID_AFR,2012,538700.9
Africa,OWID_AFR,2013,590927.25
Africa,OWID_AFR,2014,640138.06
Africa,OWID_AFR,2015,617225.94
Africa,OWID_AFR,2016,573307.9
Africa,OWID_AFR,2017,489058.8
Africa,OWID_AFR,2018,647093.8
Africa,OWID_AFR,2019,666807.3
Africa,OWID_AFR,2020,585273.06
Africa,OWID_AFR,2021,552037.1
Africa,OWID_AFR,2022,557880.4
Africa,OWID_AFR,2023,653064.7
Africa,OWID_AFR,2024,706445.6
Africa (FAO),,1961,203815
Africa (FAO),,1962,205292
Africa (FAO),,1963,190031
Africa (FAO),,1964,271203
Africa (FAO),,1965,241032
Africa (FAO),,1966,227365
Africa (FAO),,1967,204295
Africa (FAO),,1968,193881
Africa (FAO),,1969,240766
Africa (FAO),,1970,192022
Africa (FAO),,1971,218519
Africa (FAO),,1972,216364
Africa (FAO),,1973,221869
Africa (FAO),,1974,228463
Africa (FAO),,1975,249993
Africa (FAO),,1976,282717
Africa (FAO),,1977,266629
Africa (FAO),,1978,269049
Africa (FAO),,1979,309168
Africa (FAO),,1980,307034
Africa (FAO),,1981,243187
Africa (FAO),,1982,269491
Africa (FAO),,1983,292459
Africa (FAO),,1984,332365
Africa (FAO),,1985,312744
Africa (FAO),,1986,302461
Africa (FAO),,1987,309288
Africa (FAO),,1988,310518
Africa (FAO),,1989,348796
Africa (FAO),,1990,361252
Africa (FAO),,1991,437031
Africa (FAO),,1992,485629.62
Africa (FAO),,1993,487757.2
Africa (FAO),,1994,415245.2
Africa (FAO),,1995,444895.2
Africa (FAO),,1996,469037
Africa (FAO),,1997,508181.6
Africa (FAO),,1998,520153.53
Africa (FAO),,1999,456692.62
Africa (FAO),,2000,489419.6
Africa (FAO),,2001,444931.66
Africa (FAO),,2002,436272.4
Africa (FAO),,2003,436820.2
Africa (FAO),,2004,455351.03
Africa (FAO),,2005,497921.75
Africa (FAO),,2006,419840.6
Africa (FAO),,2007,480133.88
Africa (FAO),,2008,522134.38
Africa (FAO),,2009,591192.8
Africa (FAO),,2010,563779.75
Africa (FAO),,2011,662912.7
Africa (FAO),,2012,538700.8
Africa (FAO),,2013,590927.25
Africa (FAO),,2014,640138.1
Africa (FAO),,2015,617225.94
Africa (FAO),,2016,573307.9
Africa (FAO),,2017,489058.8
Africa (FAO),,2018,647093.8
Africa (FAO),,2019,666807.3
Africa (FAO),,2020,585273
Africa (FAO),,2021,552037.1
Africa (FAO),,2022,557880.4
Africa (FAO),,2023,653064.7
Africa (FAO),,2024,706445.6
Albania,ALB,1961,3152
Albania,ALB,1962,10351
Albania,ALB,1963,15981
Albania,ALB,1964,13544
Albania,ALB,1965,13175
Albania,ALB,1966,13662
Albania,ALB,1967,13000
Albania,ALB,1968,10000
Albania,ALB,1969,10474
Albania,ALB,1970,12160
Albania,ALB,1971,12669
Albania,ALB,1972,14000
Albania,ALB,1973,15000
Albania,ALB,1974,13800
Albania,ALB,1975,14000
Albania,ALB,1976,13000
Albania,ALB,1977,13000
Albania,ALB,1978,14000
Albania,ALB,1979,19000
Albania,ALB,1980,18000
Albania,ALB,1981,17700
Albania,ALB,1982,17500
Albania,ALB,1983,17500
Albania,ALB,1984,19000
Albania,ALB,1985,20000
Albania,ALB,1986,24000
Albania,ALB,1987,25000
Albania,ALB,1988,14000
Albania,ALB,1989,19000
Albania,ALB,1990,14100
Albania,ALB,1991,7000
Albania,ALB,1992,12495
Albania,ALB,1993,13488
Albania,ALB,1994,3855
Albania,ALB,1995,5741
Albania,ALB,1996,6339
Albania,ALB,1997,7854
Albania,ALB,1998,7399
Albania,ALB,1999,7300
Albania,ALB,2000,6200
Albania,ALB,2001,3600
Albania,ALB,2002,2600
Albania,ALB,2003,1416
Albania,ALB,2004,2100
Albania,ALB,2005,1900
Albania,ALB,2006,2000
Albania,ALB,2007,900
Albania,ALB,2008,1300
Albania,ALB,2009,1600
Albania,ALB,2010,1700
Albania,ALB,2011,1900
Albania,ALB,2012,2000
Albania,ALB,2013,2900
Albania,ALB,2014,3000
Albania,ALB,2015,2200
Albania,ALB,2016,1980
Albania,ALB,2017,1358
Albania,ALB,2018,1693
Albania,ALB,2019,1403
Albania,ALB,2020,1438
Albania,ALB,2021,1620.3
Albania,ALB,2022,1792
Albania,ALB,2023,1714.6
Albania,ALB,2024,1860.9
Algeria,DZA,1961,3000
Algeria,DZA,1962,5500
Algeria,DZA,1963,7300
Algeria,DZA,1964,9000
Algeria,DZA,1965,3354
Algeria,DZA,1966,4743
Algeria,DZA,1967,6094
Algeria,DZA,1968,6135
Algeria,DZA,1969,5880
Algeria,DZA,1970,3862
Algeria,DZA,1971,4307
Algeria,DZA,1972,3366
Algeria,DZA,1973,2564
Algeria,DZA,1974,2343
Algeria,DZA,1975,3358
Algeria,DZA,1976,1933
Algeria,DZA,1977,2441
Algeria,DZA,1978,3254
Algeria,DZA,1979,2826
Algeria,DZA,1980,3282
Algeria,DZA,1981,4798
Algeria,DZA,1982,4470
Algeria,DZA,1983,3300
Algeria,DZA,1984,6339
Algeria,DZA,1985,4034
Algeria,DZA,1986,3947
Algeria,DZA,1987,4620
Algeria,DZA,1988,3507
Algeria,DZA,1989,3527
Algeria,DZA,1990,3578
Algeria,DZA,1991,3358
Algeria,DZA,1992,6181
Algeria,DZA,1993,6877
Algeria,DZA,1994,3720
Algeria,DZA,1995,2790
Algeria,DZA,1996,4045
Algeria,DZA,1997,8153
Algeria,DZA,1998,6650
Algeria,DZA,1999,5597
Algeria,DZA,2000,7153
Algeria,DZA,2001,7776
Algeria,DZA,2002,5847
Algeria,DZA,2003,5674
Algeria,DZA,2004,7600
Algeria,DZA,2005,6500
Algeria,DZA,2006,6889
Algeria,DZA,2007,6043
Algeria,DZA,2008,6374
Algeria,DZA,2009,7668
Algeria,DZA,2010,7604
Algeria,DZA,2011,8281
Algeria,DZA,2012,7630
Algeria,DZA,2013,7918
Algeria,DZA,2014,8706.8
Algeria,DZA,2015,8800
Algeria,DZA,2016,9840
Algeria,DZA,2017,10292
Algeria,DZA,2018,10685.85
Algeria,DZA,2019,15164
Algeria,DZA,2020,11496
Algeria,DZA,2021,9427
Algeria,DZA,2022,10059.16
Algeria,DZA,2023,11223.09
Algeria,DZA,2024,11181.93
Americas (FAO),,1961,1473364
Americas (FAO),,1962,1620508
Americas (FAO),,1963,1678446
Americas (FAO),,1964,1582525
Americas (FAO),,1965,1441570
Americas (FAO),,1966,1462734
Americas (FAO),,1967,1508083
Americas (FAO),,1968,1420581
Americas (FAO),,1969,1469430
Americas (FAO),,1970,1505305
Americas (FAO),,1971,1411303
Americas (FAO),,1972,1451089
Americas (FAO),,1973,1476383
Americas (FAO),,1974,1696866
Americas (FAO),,1975,1772298
Americas (FAO),,1976,1777581
Americas (FAO),,1977,1712743
Americas (FAO),,1978,1802651
Americas (FAO),,1979,1567610
Americas (FAO),,1980,1658229
Americas (FAO),,1981,1740602
Americas (FAO),,1982,1737750
Americas (FAO),,1983,1467155
Americas (FAO),,1984,1599731
Americas (FAO),,1985,1486117
Americas (FAO),,1986,1283831
Americas (FAO),,1987,1291879
Americas (FAO),,1988,1412617
Americas (FAO),,1989,1438507
Americas (FAO),,1990,1506779
Americas (FAO),,1991,1530208.9
Americas (FAO),,1992,1707426
Americas (FAO),,1993,1804139.5
Americas (FAO),,1994,1590777.1
Americas (FAO),,1995,1354798.2
Americas (FAO),,1996,1541659.5
Americas (FAO),,1997,1808986.9
Americas (FAO),,1998,1610754.8
Americas (FAO),,1999,1602908.8
Americas (FAO),,2000,1409252.8
Americas (FAO),,2001,1355496.6
Americas (FAO),,2002,1416597.1
Americas (FAO),,2003,1346741.2
Americas (FAO),,2004,1690381.9
Americas (FAO),,2005,1548141.4
Americas (FAO),,2006,1573459.5
Americas (FAO),,2007,1583836.8
Americas (FAO),,2008,1513057.8
Americas (FAO),,2009,1537570.1
Americas (FAO),,2010,1402397.9
Americas (FAO),,2011,1524976.9
Americas (FAO),,2012,1431605.2
Americas (FAO),,2013,1466342.9
Americas (FAO),,2014,1564970.2
Americas (FAO),,2015,1469209
Americas (FAO),,2016,1215511.6
Americas (FAO),,2017,1480197.4
Americas (FAO),,2018,1270107.5
Americas (FAO),,2019,1252974.4
Americas (FAO),,2020,1145092.2
Americas (FAO),,2021,1213918
Americas (FAO),,2022,1109752
Americas (FAO),,2023,1124185.5
Americas (FAO),,2024,1020066.7
Angola,AGO,1961,1308
Angola,AGO,1962,1400
Angola,AGO,1963,2400
Angola,AGO,1964,2739
Angola,AGO,1965,5829
Angola,AGO,1966,6950
Angola,AGO,1967,6300
Angola,AGO,1968,6804
Angola,AGO,1969,4378
Angola,AGO,1970,4120
Angola,AGO,1971,4120
Angola,AGO,1972,3970
Angola,AGO,1973,3551
Angola,AGO,1974,3032
Angola,AGO,1975,6992
Angola,AGO,1976,6850
Angola,AGO,1977,3000
Angola,AGO,1978,3000
Angola,AGO,1979,3000
Angola,AGO,1980,3000
Angola,AGO,1981,3000
Angola,AGO,1982,3000
Angola,AGO,1983,3000
Angola,AGO,1984,3000
Angola,AGO,1985,3000
Angola,AGO,1986,3000
Angola,AGO,1987,4000
Angola,AGO,1988,5000
Angola,AGO,1989,4000
Angola,AGO,1990,4000
Angola,AGO,1991,4000
Angola,AGO,1992,3000
Angola,AGO,1993,4000
Angola,AGO,1994,3751.34
Angola,AGO,1995,3900
Angola,AGO,1996,3900
Angola,AGO,1997,3900
Angola,AGO,1998,3300
Angola,AGO,1999,3300
Angola,AGO,2000,3300
Angola,AGO,2001,3300
Angola,AGO,2002,3300
Angola,AGO,2003,3284.52
Angola,AGO,2004,3287.68
Angola,AGO,2005,3272.58
Angola,AGO,2006,3237.94
Angola,AGO,2007,3203.3
Angola,AGO,2008,3168.66
Angola,AGO,2009,3134.01
Angola,AGO,2010,3099.37
Angola,AGO,2011,3064.73
Angola,AGO,2012,3030.09
Angola,AGO,2013,2995.45
Angola,AGO,2014,2996.22
Angola,AGO,2015,3016.29
Angola,AGO,2016,2938.57
Angola,AGO,2017,2895.75
Angola,AGO,2018,2856.43
Angola,AGO,2019,2821.89
Angola,AGO,2020,2791.34
Angola,AGO,2021,2793.47
Angola,AGO,2022,2773.34
Angola,AGO,2023,2786.05
Angola,AGO,2024,2784.29
Argentina,ARG,1961,48400
Argentina,ARG,1962,47200
Argentina,ARG,1963,55000
Argentina,ARG,1964,48600
Argentina,ARG,1965,52500
Argentina,ARG,1966,44700
Argentina,ARG,1967,63000
Argentina,ARG,1968,62000
Argentina,ARG,1969,53500
Argentina,ARG,1970,66000
Argentina,ARG,1971,61700
Argentina,ARG,1972,73600
Argentina,ARG,1973,71000
Argentina,ARG,1974,97700
Argentina,ARG,1975,97800
Argentina,ARG,1976,94600
Argentina,ARG,1977,90000
Argentina,ARG,1978,63000
Argentina,ARG,1979,70000
Argentina,ARG,1980,62044
Argentina,ARG,1981,50889
Argentina,ARG,1982,68677
Argentina,ARG,1983,74254
Argentina,ARG,1984,78301
Argentina,ARG,1985,60243
Argentina,ARG,1986,66361
Argentina,ARG,1987,69765
Argentina,ARG,1988,72235
Argentina,ARG,1989,80459
Argentina,ARG,1990,67634
Argentina,ARG,1991,94504
Argentina,ARG,1992,109157
Argentina,ARG,1993,112305
Argentina,ARG,1994,81957
Argentina,ARG,1995,79011
Argentina,ARG,1996,98201
Argentina,ARG,1997,123206
Argentina,ARG,1998,116510
Argentina,ARG,1999,113400
Argentina,ARG,2000,114509
Argentina,ARG,2001,98110
Argentina,ARG,2002,132437
Argentina,ARG,2003,115837
Argentina,ARG,2004,157294
Argentina,ARG,2005,161064
Argentina,ARG,2006,144345
Argentina,ARG,2007,127740
Argentina,ARG,2008,130381
Argentina,ARG,2009,135531
Argentina,ARG,2010,132869.98
Argentina,ARG,2011,135241.22
Argentina,ARG,2012,115333.9
Argentina,ARG,2013,112348
Argentina,ARG,2014,127085
Argentina,ARG,2015,109106
Argentina,ARG,2016,93671
Argentina,ARG,2017,117154
Argentina,ARG,2018,104093
Argentina,ARG,2019,104972.67
Argentina,ARG,2020,101954.55
Argentina,ARG,2021,98622.63
Argentina,ARG,2022,91610.39
Argentina,ARG,2023,87410
Argentina,ARG,2024,80786
Armenia,ARM,1992,1484
Armenia,ARM,1993,1600
Armenia,ARM,1994,500
Armenia,ARM,1995,200
Armenia,ARM,1996,23
Armenia,ARM,1997,40
Armenia,ARM,1998,200
Armenia,ARM,1999,1855
Armenia,ARM,2000,4577
Armenia,ARM,2001,2541
Armenia,ARM,2002,2714
Armenia,ARM,2003,1204
Armenia,ARM,2004,1052
Armenia,ARM,2005,481
Armenia,ARM,2006,171
Armenia,ARM,2007,268
Armenia,ARM,2008,538
Armenia,ARM,2009,1054.8
Armenia,ARM,2010,1376
Armenia,ARM,2011,2386
Armenia,ARM,2012,1817
Armenia,ARM,2013,1678
Armenia,ARM,2014,1253
Armenia,ARM,2015,1516
Armenia,ARM,2016,1132
Armenia,ARM,2017,1087
Armenia,ARM,2018,914
Armenia,ARM,2019,947
Armenia,ARM,2020,715.8
Armenia,ARM,2021,1031.8
Armenia,ARM,2022,976
Armenia,ARM,2023,1084.7
Armenia,ARM,2024,1019.5
Asia,OWID_ASI,1961,1379185
Asia,OWID_ASI,1962,1487494
Asia,OWID_ASI,1963,1601890
Asia,OWID_ASI,1964,1827861
Asia,OWID_ASI,1965,1813669
Asia,OWID_ASI,1966,2064285
Asia,OWID_ASI,1967,2251781
Asia,OWID_ASI,1968,2259900
Asia,OWID_ASI,1969,2145383
Asia,OWID_ASI,1970,2089386
Asia,OWID_ASI,1971,2087608
Asia,OWID_ASI,1972,2301754
Asia,OWID_ASI,1973,2263824
Asia,OWID_ASI,1974,2418625
Asia,OWID_ASI,1975,2330828
Asia,OWID_ASI,1976,2495669
Asia,OWID_ASI,1977,2584484
Asia,OWID_ASI,1978,2921468
Asia,OWID_ASI,1979,2482233
Asia,OWID_ASI,1980,2392310
Asia,OWID_ASI,1981,3007068
Asia,OWID_ASI,1982,3829528
Asia,OWID_ASI,1983,3111096
Asia,OWID_ASI,1984,3400696
Asia,OWID_ASI,1985,4043968
Asia,OWID_ASI,1986,3200810
Asia,OWID_ASI,1987,3446833
Asia,OWID_ASI,1988,4106965
Asia,OWID_ASI,1989,4336028
Asia,OWID_ASI,1990,4304609
Asia,OWID_ASI,1991,4679565
Asia,OWID_ASI,1992,5437511.5
Asia,OWID_ASI,1993,5409293
Asia,OWID_ASI,1994,3876572.2
Asia,OWID_ASI,1995,3939975.5
Asia,OWID_ASI,1996,4838284
Asia,OWID_ASI,1997,6050534
Asia,OWID_ASI,1998,4178000.8
Asia,OWID_ASI,1999,4353000
Asia,OWID_ASI,2000,4264113
Asia,OWID_ASI,2001,3763619.8
Asia,OWID_ASI,2002,4030523.8
Asia,OWID_ASI,2003,3712355.2
Asia,OWID_ASI,2004,3908889
Asia,OWID_ASI,2005,4191574.8
Asia,OWID_ASI,2006,4179334.5
Asia,OWID_ASI,2007,3741966.8
Asia,OWID_ASI,2008,4210434
Asia,OWID_ASI,2009,4621909
Asia,OWID_ASI,2010,4622873
Asia,OWID_ASI,2011,4963656
Asia,OWID_ASI,2012,5267481.5
Asia,OWID_ASI,2013,5194947.5
Asia,OWID_ASI,2014,4735549
Asia,OWID_ASI,2015,4380953
Asia,OWID_ASI,2016,4212602.5
Asia,OWID_ASI,2017,4063398.2
Asia,OWID_ASI,2018,3925170.8
Asia,OWID_ASI,2019,4390478.5
Asia,OWID_ASI,2020,3903481.5
Asia,OWID_ASI,2021,3904739.8
Asia,OWID_ASI,2022,3891591.8
Asia,OWID_ASI,2023,4091005.8
Asia,OWID_ASI,2024,4182868
Asia (FAO),,1961,1380083
Asia (FAO),,1962,1488513
Asia (FAO),,1963,1602842
Asia (FAO),,1964,1828836
Asia (FAO),,1965,1816158
Asia (FAO),,1966,2065149
Asia (FAO),,1967,2253203
Asia (FAO),,1968,2260814
Asia (FAO),,1969,2146503
Asia (FAO),,1970,2090107
Asia (FAO),,1971,2088726
Asia (FAO),,1972,2302729
Asia (FAO),,1973,2263891
Asia (FAO),,1974,2418625
Asia (FAO),,1975,2330838
Asia (FAO),,1976,2495787
Asia (FAO),,1977,2584594
Asia (FAO),,1978,2921688
Asia (FAO),,1979,2482462
Asia (FAO),,1980,2392577
Asia (FAO),,1981,3007419
Asia (FAO),,1982,3829701
Asia (FAO),,1983,3111300
Asia (FAO),,1984,3400988
Asia (FAO),,1985,4044284
Asia (FAO),,1986,3201086
Asia (FAO),,1987,3447235
Asia (FAO),,1988,4107175
Asia (FAO),,1989,4336355
Asia (FAO),,1990,4304952
Asia (FAO),,1991,4679788
Asia (FAO),,1992,5437826.5
Asia (FAO),,1993,5409601
Asia (FAO),,1994,3876875.2
Asia (FAO),,1995,3940306.5
Asia (FAO),,1996,4838620
Asia (FAO),,1997,6050856
Asia (FAO),,1998,4178305.8
Asia (FAO),,1999,4353333
Asia (FAO),,2000,4264487
Asia (FAO),,2001,3763976.8
Asia (FAO),,2002,4030880.8
Asia (FAO),,2003,3712705.2
Asia (FAO),,2004,3909239
Asia (FAO),,2005,4191924.8
Asia (FAO),,2006,4179684.5
Asia (FAO),,2007,3742266.8
Asia (FAO),,2008,4210484
Asia (FAO),,2009,4621951.5
Asia (FAO),,2010,4623012.5
Asia (FAO),,2011,4963814.5
Asia (FAO),,2012,5267626.5
Asia (FAO),,2013,5195085.5
Asia (FAO),,2014,4735673.5
Asia (FAO),,2015,4381079
Asia (FAO),,2016,4212719.5
Asia (FAO),,2017,4063510.8
Asia (FAO),,2018,3925170.8
Asia (FAO),,2019,4390478.5
Asia (FAO),,2020,3903481.5
Asia (FAO),,2021,3904739.8
Asia (FAO),,2022,3891591.8
Asia (FAO),,2023,4092243
Asia (FAO),,2024,4183824
Australia,AUS,1961,15035
Australia,AUS,1962,11368
Australia,AUS,1963,13669
Australia,AUS,1964,17290
Australia,AUS,1965,12643
Australia,AUS,1966,13776
Australia,AUS,1967,14049
Australia,AUS,1968,12446
Australia,AUS,1969,17155
Australia,AUS,1970,18931
Australia,AUS,1971,18830
Australia,AUS,1972,16014
Australia,AUS,1973,16963
Australia,AUS,1974,16375
Australia,AUS,1975,15462
Australia,AUS,1976,14928
Australia,AUS,1977,16120
Australia,AUS,1978,15055
Australia,AUS,1979,15004
Australia,AUS,1980,15095
Australia,AUS,1981,14546
Australia,AUS,1982,13265
Australia,AUS,1983,13400
Australia,AUS,1984,14428
Australia,AUS,1985,12475
Australia,AUS,1986,10683
Australia,AUS,1987,12160
Australia,AUS,1988,12725
Australia,AUS,1989,11397
Australia,AUS,1990,12299
Australia,AUS,1991,12614
Australia,AUS,1992,11496
Australia,AUS,1993,11321
Australia,AUS,1994,8358
Australia,AUS,1995,6777
Australia,AUS,1996,8554
Australia,AUS,1997,8648
Australia,AUS,1998,8460
Australia,AUS,1999,7050
Australia,AUS,2000,7762
Australia,AUS,2001,9000
Australia,AUS,2002,9000
Australia,AUS,2003,6461
Australia,AUS,2004,3782
Australia,AUS,2005,3605
Australia and New Zealand (FAO),,1961,18109
Australia and New Zealand (FAO),,1962,15599
Australia and New Zealand (FAO),,1963,17728
Australia and New Zealand (FAO),,1964,21545
Australia and New Zealand (FAO),,1965,17125
Australia and New Zealand (FAO),,1966,16898
Australia and New Zealand (FAO),,1967,16551
Australia and New Zealand (FAO),,1968,15237
Australia and New Zealand (FAO),,1969,20604
Australia and New Zealand (FAO),,1970,22179
Australia and New Zealand (FAO),,1971,22718
Australia and New Zealand (FAO),,1972,19341
Australia and New Zealand (FAO),,1973,20008
Australia and New Zealand (FAO),,1974,19613
Australia and New Zealand (FAO),,1975,18466
Australia and New Zealand (FAO),,1976,18277
Australia and New Zealand (FAO),,1977,18839
Australia and New Zealand (FAO),,1978,18614
Australia and New Zealand (FAO),,1979,18754
Australia and New Zealand (FAO),,1980,18345
Australia and New Zealand (FAO),,1981,16836
Australia and New Zealand (FAO),,1982,14795
Australia and New Zealand (FAO),,1983,15100
Australia and New Zealand (FAO),,1984,16178
Australia and New Zealand (FAO),,1985,14425
Australia and New Zealand (FAO),,1986,11883
Australia and New Zealand (FAO),,1987,14187
Australia and New Zealand (FAO),,1988,14180
Australia and New Zealand (FAO),,1989,12297
Australia and New Zealand (FAO),,1990,13124
Australia and New Zealand (FAO),,1991,13514
Australia and New Zealand (FAO),,1992,12346
Australia and New Zealand (FAO),,1993,12171
Australia and New Zealand (FAO),,1994,8858
Australia and New Zealand (FAO),,1995,6977
Australia and New Zealand (FAO),,1996,8554
Australia and New Zealand (FAO),,1997,8648
Australia and New Zealand (FAO),,1998,8460
Australia and New Zealand (FAO),,1999,7050
Australia and New Zealand (FAO),,2000,7762
Australia and New Zealand (FAO),,2001,9000
Australia and New Zealand (FAO),,2002,9000
Australia and New Zealand (FAO),,2003,6461
Australia and New Zealand (FAO),,2004,3782
Australia and New Zealand (FAO),,2005,3605
Austria,AUT,1961,608
Austria,AUT,1962,452
Austria,AUT,1963,657
Austria,AUT,1964,766
Austria,AUT,1965,596
Austria,AUT,1966,595
Austria,AUT,1967,544
Austria,AUT,1968,632
Austria,AUT,1969,677
Austria,AUT,1970,596
Austria,AUT,1971,630
Austria,AUT,1972,370
Austria,AUT,1973,591
Austria,AUT,1974,561
Austria,AUT,1975,412
Austria,AUT,1976,587
Austria,AUT,1977,585
Austria,AUT,1978,380
Austria,AUT,1979,337
Austria,AUT,1980,431
Austria,AUT,1981,437
Austria,AUT,1982,421
Austria,AUT,1983,465
Austria,AUT,1984,486
Austria,AUT,1985,451
Austria,AUT,1986,461
Austria,AUT,1987,417
Austria,AUT,1988,458
Austria,AUT,1989,404
Austria,AUT,1990,418
Austria,AUT,1991,320
Austria,AUT,1992,320
Austria,AUT,1993,393
Austria,AUT,1994,353
Austria,AUT,1995,263
Austria,AUT,1996,188.8
Austria,AUT,1997,227
Austria,AUT,1998,234.05
Austria,AUT,1999,226.5
Austria,AUT,2000,321.76
Austria,AUT,2001,284.3
Austria,AUT,2002,328.32
Austria,AUT,2003,332
Austria,AUT,2004,234
Austria,AUT,2005,247
Austria,AUT,2006,304
Austria,AUT,2007,400
Austria,AUT,2008,0
Austria,AUT,2009,112.85
Austria,AUT,2010,0
Austria,AUT,2011,135.05
Austria,AUT,2012,167.25
Austria,AUT,2013,162.31
Austria,AUT,2014,137.9
Austria,AUT,2015,121.2
Austria,AUT,2016,116.22
Austria,AUT,2017,107.84
Azerbaijan,AZE,1992,52300
Azerbaijan,AZE,1993,44900
Azerbaijan,AZE,1994,20800
Azerbaijan,AZE,1995,11713
Azerbaijan,AZE,1996,11188
Azerbaijan,AZE,1997,15087
Azerbaijan,AZE,1998,14638
Azerbaijan,AZE,1999,8626
Azerbaijan,AZE,2000,17258
Azerbaijan,AZE,2001,12738
Azerbaijan,AZE,2002,3273
Azerbaijan,AZE,2003,4685
Azerbaijan,AZE,2004,6518
Azerbaijan,AZE,2005,7135
Azerbaijan,AZE,2006,4845
Azerbaijan,AZE,2007,2914
Azerbaijan,AZE,2008,2485
Azerbaijan,AZE,2009,2609
Azerbaijan,AZE,2010,3243
Azerbaijan,AZE,2011,3587
Azerbaijan,AZE,2012,4278
Azerbaijan,AZE,2013,3452
Azerbaijan,AZE,2014,2858
Azerbaijan,AZE,2015,3466
Azerbaijan,AZE,2016,3585
Azerbaijan,AZE,2017,5315.6
Azerbaijan,AZE,2018,6316.6
Azerbaijan,AZE,2019,6038.6
Azerbaijan,AZE,2020,6949.3
Azerbaijan,AZE,2021,6417
Azerbaijan,AZE,2022,5067
Azerbaijan,AZE,2023,6336.2
Azerbaijan,AZE,2024,7777.32
Bangladesh,BGD,1961,25900
Bangladesh,BGD,1962,31800
Bangladesh,BGD,1963,29100
Bangladesh,BGD,1964,28200
Bangladesh,BGD,1965,27200
Bangladesh,BGD,1966,27300
Bangladesh,BGD,1967,38100
Bangladesh,BGD,1968,39100
Bangladesh,BGD,1969,40600
Bangladesh,BGD,1970,41200
Bangladesh,BGD,1971,47700
Bangladesh,BGD,1972,34724
Bangladesh,BGD,1973,39877
Bangladesh,BGD,1974,41599
Bangladesh,BGD,1975,40370
Bangladesh,BGD,1976,45176
Bangladesh,BGD,1977,63534
Bangladesh,BGD,1978,49873
Bangladesh,BGD,1979,43744
Bangladesh,BGD,1980,39524
Bangladesh,BGD,1981,47378
Bangladesh,BGD,1982,51046
Bangladesh,BGD,1983,50447
Bangladesh,BGD,1984,47834
Bangladesh,BGD,1985,49334
Bangladesh,BGD,1986,46475
Bangladesh,BGD,1987,39990
Bangladesh,BGD,1988,41545
Bangladesh,BGD,1989,39301
Bangladesh,BGD,1990,37800
Bangladesh,BGD,1991,33775
Bangladesh,BGD,1992,34080
Bangladesh,BGD,1993,36380
Bangladesh,BGD,1994,37770
Bangladesh,BGD,1995,38000
Bangladesh,BGD,1996,39375
Bangladesh,BGD,1997,38100
Bangladesh,BGD,1998,36655
Bangladesh,BGD,1999,29000
Bangladesh,BGD,2000,35000
Bangladesh,BGD,2001,37000
Bangladesh,BGD,2002,38000
Bangladesh,BGD,2003,37000
Bangladesh,BGD,2004,39000
Bangladesh,BGD,2005,38000
Bangladesh,BGD,2006,42710
Bangladesh,BGD,2007,39180
Bangladesh,BGD,2008,40248
Bangladesh,BGD,2009,40265
Bangladesh,BGD,2010,55288
Bangladesh,BGD,2011,79234
Bangladesh,BGD,2012,85419
Bangladesh,BGD,2013,79000
Bangladesh,BGD,2014,85000
Bangladesh,BGD,2015,94221
Bangladesh,BGD,2016,87628
Bangladesh,BGD,2017,91573
Bangladesh,BGD,2018,89013
Bangladesh,BGD,2019,128597
Bangladesh,BGD,2020,85852
Bangladesh,BGD,2021,89002
Bangladesh,BGD,2022,92326
Bangladesh,BGD,2023,86583
Bangladesh,BGD,2024,97814
Belgium,BEL,2000,1200
Belgium,BEL,2001,1400
Belgium,BEL,2002,1200
Belgium,BEL,2003,1300
Belgium,BEL,2004,1221
Belgium,BEL,2005,777
Belgium,BEL,2006,209
Belgium,BEL,2007,158
Belgium,BEL,2008,191
Belgium,BEL,2009,153
Belgium,BEL,2010,211
Belgium,BEL,2011,186
Belgium,BEL,2012,129
Belgium,BEL,2013,190
Belgium,BEL,2014,183
Belgium,BEL,2015,150.52
Belgium,BEL,2016,132.54
Belgium,BEL,2017,129.29
Belgium-Luxembourg (FAO),,1961,2675
Belgium-Luxembourg (FAO),,1962,3160
Belgium-Luxembourg (FAO),,1963,2946
Belgium-Luxembourg (FAO),,1964,2476
Belgium-Luxembourg (FAO),,1965,2200
Belgium-Luxembourg (FAO),,1966,1900
Belgium-Luxembourg (FAO),,1967,1556
Belgium-Luxembourg (FAO),,1968,1837
Belgium-Luxembourg (FAO),,1969,1839
Belgium-Luxembourg (FAO),,1970,1911
Belgium-Luxembourg (FAO),,1971,2304
Belgium-Luxembourg (FAO),,1972,2207
Belgium-Luxembourg (FAO),,1973,1954
Belgium-Luxembourg (FAO),,1974,1505
Belgium-Luxembourg (FAO),,1975,1643
Belgium-Luxembourg (FAO),,1976,1453
Belgium-Luxembourg (FAO),,1977,1576
Belgium-Luxembourg (FAO),,1978,1587
Belgium-Luxembourg (FAO),,1979,1797
Belgium-Luxembourg (FAO),,1980,1059
Belgium-Luxembourg (FAO),,1981,1605
Belgium-Luxembourg (FAO),,1982,1699
Belgium-Luxembourg (FAO),,1983,1640
Belgium-Luxembourg (FAO),,1984,1782
Belgium-Luxembourg (FAO),,1985,1864
Belgium-Luxembourg (FAO),,1986,1956
Belgium-Luxembourg (FAO),,1987,1098
Belgium-Luxembourg (FAO),,1988,1461
Belgium-Luxembourg (FAO),,1989,1541
Belgium-Luxembourg (FAO),,1990,1492
Belgium-Luxembourg (FAO),,1991,1623
Belgium-Luxembourg (FAO),,1992,1600
Belgium-Luxembourg (FAO),,1993,1563
Belgium-Luxembourg (FAO),,1994,1459
Belgium-Luxembourg (FAO),,1995,1253
Belgium-Luxembourg (FAO),,1996,1370
Belgium-Luxembourg (FAO),,1997,1086
Belgium-Luxembourg (FAO),,1998,1318
Belgium-Luxembourg (FAO),,1999,1314
Benin,BEN,1961,731
Benin,BEN,1962,830
Benin,BEN,1963,492
Benin,BEN,1964,718
Benin,BEN,1965,994
Benin,BEN,1966,780
Benin,BEN,1967,867
Benin,BEN,1968,809
Benin,BEN,1969,1006
Benin,BEN,1970,876
Benin,BEN,1971,996
Benin,BEN,1972,1151
Benin,BEN,1973,1264
Benin,BEN,1974,1249
Benin,BEN,1975,1238
Benin,BEN,1976,252
Benin,BEN,1977,439
Benin,BEN,1978,293
Benin,BEN,1979,551
Benin,BEN,1980,360
Benin,BEN,1981,716
Benin,BEN,1982,223
Benin,BEN,1983,194
Benin,BEN,1984,263
Benin,BEN,1985,449
Benin,BEN,1986,431
Benin,BEN,1987,258
Benin,BEN,1988,409
Benin,BEN,1989,322
Benin,BEN,1990,257
Benin,BEN,1991,272
Benin,BEN,1992,459
Benin,BEN,1993,238
Benin,BEN,1994,338
Benin,BEN,1995,302
Benin,BEN,1996,436
Benin,BEN,1997,400
Benin,BEN,1998,583
Benin,BEN,1999,702
Benin,BEN,2000,679
Benin,BEN,2001,621
Benin,BEN,2002,742
Benin,BEN,2003,863
Benin,BEN,2004,769
Benin,BEN,2005,1032
Benin,BEN,2006,485
Benin,BEN,2007,684
Benin,BEN,2008,204
Benin,BEN,2009,93
Benin,BEN,2010,470
Benin,BEN,2011,399
Benin,BEN,2012,15
Benin,BEN,2013,21
Benin,BEN,2014,5.04
Benin,BEN,2015,4
Benin,BEN,2016,3
Benin,BEN,2017,3
Benin,BEN,2018,3.33
Benin,BEN,2019,3.11
Benin,BEN,2020,3.15
Benin,BEN,2021,3.2
Benin,BEN,2022,3.15
Benin,BEN,2023,3.17
Benin,BEN,2024,3.17
Bhutan,BTN,1961,0
Bhutan,BTN,1962,0
Bhutan,BTN,1963,0
Bhutan,BTN,1964,0
Bhutan,BTN,1965,0
Bhutan,BTN,1966,0
Bhutan,BTN,1967,0
Bhutan,BTN,1968,0
Bhutan,BTN,1969,0
Bhutan,BTN,1970,0
Bhutan,BTN,1971,0
Bhutan,BTN,1972,0
Bhutan,BTN,1973,0
Bhutan,BTN,1974,0
Bhutan,BTN,1975,0
Bhutan,BTN,1976,0
Bhutan,BTN,1977,0
Bhutan,BTN,1978,0
Bhutan,BTN,1979,0
Bhutan,BTN,1980,70
Bhutan,BTN,1981,70
Bhutan,BTN,1982,70
Bhutan,BTN,1983,100
Bhutan,BTN,1984,106
Bhutan,BTN,1985,115
Bhutan,BTN,1986,120
Bhutan,BTN,1987,125
Bhutan,BTN,1988,130
Bhutan,BTN,1989,135
Bhutan,BTN,1990,140
Bhutan,BTN,1991,145
Bhutan,BTN,1992,155
Bhutan,BTN,1993,160
Bhutan,BTN,1994,163.13
Bhutan,BTN,1995,166.1
Bhutan,BTN,1996,168.85
Bhutan,BTN,1997,171.41
Bhutan,BTN,1998,173.79
Bhutan,BTN,1999,176.02
Bhutan,BTN,2000,178.11
Bhutan,BTN,2001,180.08
Bhutan,BTN,2002,181.93
Bhutan,BTN,2003,183.69
Bhutan,BTN,2004,185.37
Bhutan,BTN,2005,186.97
Bhutan,BTN,2006,188.51
Bhutan,BTN,2007,190
Bhutan,BTN,2008,191.45
Bhutan,BTN,2009,192.86
Bhutan,BTN,2010,194.24
Bhutan,BTN,2011,195.61
Bhutan,BTN,2012,200
Bhutan,BTN,2013,198.49
Bhutan,BTN,2014,198.12
Bhutan,BTN,2015,203.3
Bhutan,BTN,2016,207.44
Bhutan,BTN,2017,210.73
Bhutan,BTN,2018,213.68
Bhutan,BTN,2019,216.36
Bhutan,BTN,2020,218.87
Bhutan,BTN,2021,219.43
Bhutan,BTN,2022,218.22
Bhutan,BTN,2023,218.84
Bhutan,BTN,2024,218.83
Bolivia,BOL,1961,800
Bolivia,BOL,1962,875
Bolivia,BOL,1963,896
Bolivia,BOL,1964,900
Bolivia,BOL,1965,836
Bolivia,BOL,1966,880
Bolivia,BOL,1967,900
Bolivia,BOL,1968,990
Bolivia,BOL,1969,1150
Bolivia,BOL,1970,1400
Bolivia,BOL,1971,1900
Bolivia,BOL,1972,2100
Bolivia,BOL,1973,2470
Bolivia,BOL,1974,2970
Bolivia,BOL,1975,2569
Bolivia,BOL,1976,2230
Bolivia,BOL,1977,2270
Bolivia,BOL,1978,1775
Bolivia,BOL,1979,1640
Bolivia,BOL,1980,1825
Bolivia,BOL,1981,1395
Bolivia,BOL,1982,1105
Bolivia,BOL,1983,1179
Bolivia,BOL,1984,1126
Bolivia,BOL,1985,975
Bolivia,BOL,1986,917
Bolivia,BOL,1987,863
Bolivia,BOL,1988,895
Bolivia,BOL,1989,925
Bolivia,BOL,1990,935
Bolivia,BOL,1991,968
Bolivia,BOL,1992,792
Bolivia,BOL,1993,830
Bolivia,BOL,1994,860
Bolivia,BOL,1995,890
Bolivia,BOL,1996,905
Bolivia,BOL,1997,920
Bolivia,BOL,1998,920
Bolivia,BOL,1999,965
Bolivia,BOL,2000,975
Bolivia,BOL,2001,978
Bolivia,BOL,2002,980
Bolivia,BOL,2003,1026
Bolivia,BOL,2004,1087
Bolivia,BOL,2005,1161
Bolivia,BOL,2006,1170
Bolivia,BOL,2007,1244
Bolivia,BOL,2008,1269
Bolivia,BOL,2009,1284
Bolivia,BOL,2010,827.51
Bolivia,BOL,2011,824.52
Bolivia,BOL,2012,807.9
Bolivia,BOL,2013,813.22
Bolivia,BOL,2014,1133
Bolivia,BOL,2015,1263
Bolivia,BOL,2016,1220
Bolivia,BOL,2017,1137
Bolivia,BOL,2018,1178.41
Bolivia,BOL,2019,1202
Bolivia,BOL,2020,1201
Bolivia,BOL,2021,1203.32
Bolivia,BOL,2022,1184.32
Bolivia,BOL,2023,1194.17
Bolivia,BOL,2024,1206.62
Bosnia and Herzegovina,BIH,1992,3000
Bosnia and Herzegovina,BIH,1993,3511.42
Bosnia and Herzegovina,BIH,1994,2000
Bosnia and Herzegovina,BIH,1995,2145
Bosnia and Herzegovina,BIH,1996,2000
Bosnia and Herzegovina,BIH,1997,2600
Bosnia and Herzegovina,BIH,1998,4566
Bosnia and Herzegovina,BIH,1999,4092
Bosnia and Herzegovina,BIH,2000,3277
Bosnia and Herzegovina,BIH,2001,3673
Bosnia and Herzegovina,BIH,2002,5173
Bosnia and Herzegovina,BIH,2003,3279
Bosnia and Herzegovina,BIH,2004,4246
Bosnia and Herzegovina,BIH,2005,4421
Bosnia and Herzegovina,BIH,2006,3916
Bosnia and Herzegovina,BIH,2007,3265
Bosnia and Herzegovina,BIH,2008,3098
Bosnia and Herzegovina,BIH,2009,2424
Bosnia and Herzegovina,BIH,2010,1854
Bosnia and Herzegovina,BIH,2011,1835
Bosnia and Herzegovina,BIH,2012,1494
Bosnia and Herzegovina,BIH,2013,1812
Bosnia and Herzegovina,BIH,2014,1812
Bosnia and Herzegovina,BIH,2015,2196
Bosnia and Herzegovina,BIH,2016,2315
Bosnia and Herzegovina,BIH,2017,1759.6
Bosnia and Herzegovina,BIH,2018,2715
Bosnia and Herzegovina,BIH,2019,1433
Bosnia and Herzegovina,BIH,2020,1551
Bosnia and Herzegovina,BIH,2021,1171
Bosnia and Herzegovina,BIH,2022,186
Bosnia and Herzegovina,BIH,2023,550
Bosnia and Herzegovina,BIH,2024,377
Brazil,BRA,1961,167839
Brazil,BRA,1962,187040
Brazil,BRA,1963,206806
Brazil,BRA,1964,210427
Brazil,BRA,1965,248182
Brazil,BRA,1966,228284
Brazil,BRA,1967,242817
Brazil,BRA,1968,258019
Brazil,BRA,1969,250224
Brazil,BRA,1970,244000
Brazil,BRA,1971,244172
Brazil,BRA,1972,263168
Brazil,BRA,1973,234280
Brazil,BRA,1974,296175
Brazil,BRA,1975,285934
Brazil,BRA,1976,298645
Brazil,BRA,1977,356999
Brazil,BRA,1978,405191
Brazil,BRA,1979,421708
Brazil,BRA,1980,404860
Brazil,BRA,1981,365738
Brazil,BRA,1982,420329
Brazil,BRA,1983,392578
Brazil,BRA,1984,413598
Brazil,BRA,1985,410474
Brazil,BRA,1986,385136
Brazil,BRA,1987,395645
Brazil,BRA,1988,427900
Brazil,BRA,1989,443869
Brazil,BRA,1990,445489
Brazil,BRA,1991,413831
Brazil,BRA,1992,575652
Brazil,BRA,1993,655739
Brazil,BRA,1994,519541
Brazil,BRA,1995,455986
Brazil,BRA,1996,476638
Brazil,BRA,1997,596952
Brazil,BRA,1998,505353
Brazil,BRA,1999,629525
Brazil,BRA,2000,579727
Brazil,BRA,2001,568505
Brazil,BRA,2002,670309
Brazil,BRA,2003,656200
Brazil,BRA,2004,921281
Brazil,BRA,2005,889426
Brazil,BRA,2006,900381
Brazil,BRA,2007,908679
Brazil,BRA,2008,851058
Brazil,BRA,2009,863079
Brazil,BRA,2010,787817
Brazil,BRA,2011,951933
Brazil,BRA,2012,810550
Brazil,BRA,2013,850673
Brazil,BRA,2014,862396
Brazil,BRA,2015,867355
Brazil,BRA,2016,677472
Brazil,BRA,2017,865620
Brazil,BRA,2018,756232
Brazil,BRA,2019,769801
Brazil,BRA,2020,702728
Brazil,BRA,2021,744173
Brazil,BRA,2022,667238
Brazil,BRA,2023,681399
Brazil,BRA,2024,637749
Bulgaria,BGR,1961,55866
Bulgaria,BGR,1962,106745
Bulgaria,BGR,1963,105161
Bulgaria,BGR,1964,149553
Bulgaria,BGR,1965,122993
Bulgaria,BGR,1966,132207
Bulgaria,BGR,1967,118095
Bulgaria,BGR,1968,115448
Bulgaria,BGR,1969,96221
Bulgaria,BGR,1970,121906
Bulgaria,BGR,1971,119852
Bulgaria,BGR,1972,158128
Bulgaria,BGR,1973,141477
Bulgaria,BGR,1974,144903
Bulgaria,BGR,1975,161931
Bulgaria,BGR,1976,165094
Bulgaria,BGR,1977,117536
Bulgaria,BGR,1978,139469
Bulgaria,BGR,1979,159292
Bulgaria,BGR,1980,122291
Bulgaria,BGR,1981,132952
Bulgaria,BGR,1982,148985
Bulgaria,BGR,1983,111963
Bulgaria,BGR,1984,140789
Bulgaria,BGR,1985,126028
Bulgaria,BGR,1986,126122
Bulgaria,BGR,1987,133098
Bulgaria,BGR,1988,116065
Bulgaria,BGR,1989,81061
Bulgaria,BGR,1990,76542
Bulgaria,BGR,1991,72403
Bulgaria,BGR,1992,65947
Bulgaria,BGR,1993,44859
Bulgaria,BGR,1994,32715
Bulgaria,BGR,1995,18803
Bulgaria,BGR,1996,39788
Bulgaria,BGR,1997,61299
Bulgaria,BGR,1998,38692
Bulgaria,BGR,1999,34475
Bulgaria,BGR,2000,32296
Bulgaria,BGR,2001,57818
Bulgaria,BGR,2002,62250
Bulgaria,BGR,2003,61539
Bulgaria,BGR,2004,69569
Bulgaria,BGR,2005,58336
Bulgaria,BGR,2006,41956
Bulgaria,BGR,2007,41130
Bulgaria,BGR,2008,42424
Bulgaria,BGR,2009,51322
Bulgaria,BGR,2010,41056
Bulgaria,BGR,2011,40607
Bulgaria,BGR,2012,28060
Bulgaria,BGR,2013,36446
Bulgaria,BGR,2014,29996
Bulgaria,BGR,2015,23480
Bulgaria,BGR,2016,15211
Bulgaria,BGR,2017,13040
Bulgaria,BGR,2018,8640
Bulgaria,BGR,2019,6480
Bulgaria,BGR,2020,5440
Bulgaria,BGR,2021,6050
Bulgaria,BGR,2022,3820
Bulgaria,BGR,2023,3950
Bulgaria,BGR,2024,3380
Burkina Faso,BFA,1961,350
Burkina Faso,BFA,1962,350
Burkina Faso,BFA,1963,350
Burkina Faso,BFA,1964,400
Burkina Faso,BFA,1965,400
Burkina Faso,BFA,1966,500
Burkina Faso,BFA,1967,464
Burkina Faso,BFA,1968,800
Burkina Faso,BFA,1969,800
Burkina Faso,BFA,1970,800
Burkina Faso,BFA,1971,800
Burkina Faso,BFA,1972,800
Burkina Faso,BFA,1973,800
Burkina Faso,BFA,1974,700
Burkina Faso,BFA,1975,800
Burkina Faso,BFA,1976,850
Burkina Faso,BFA,1977,900
Burkina Faso,BFA,1978,950
Burkina Faso,BFA,1979,1000
Burkina Faso,BFA,1980,1100
Burkina Faso,BFA,1981,1200
Burkina Faso,BFA,1982,1200
Burkina Faso,BFA,1983,1200
Burkina Faso,BFA,1984,1000
Burkina Faso,BFA,1985,705
Burkina Faso,BFA,1986,619
Burkina Faso,BFA,1987,581
Burkina Faso,BFA,1988,652
Burkina Faso,BFA,1989,802
Burkina Faso,BFA,1990,922
Burkina Faso,BFA,1991,930
Burkina Faso,BFA,1992,950
Burkina Faso,BFA,1993,970
Burkina Faso,BFA,1994,700
Burkina Faso,BFA,1995,500
Burkina Faso,BFA,1996,426.48
Burkina Faso,BFA,1997,392
Burkina Faso,BFA,1998,400
Burkina Faso,BFA,1999,446.32
Burkina Faso,BFA,2000,500
Burkina Faso,BFA,2001,544.87
Burkina Faso,BFA,2002,565.17
Burkina Faso,BFA,2003,577.68
Burkina Faso,BFA,2004,579.79
Burkina Faso,BFA,2005,550
Burkina Faso,BFA,2006,500
Burkina Faso,BFA,2007,525
Burkina Faso,BFA,2008,567.07
Burkina Faso,BFA,2009,632.91
Burkina Faso,BFA,2010,688.62
Burkina Faso,BFA,2011,744.48
Burkina Faso,BFA,2012,800
Burkina Faso,BFA,2013,850
Burkina Faso,BFA,2014,894.17
Burkina Faso,BFA,2015,608.67
Burkina Faso,BFA,2016,784.28
Burkina Faso,BFA,2017,762.38
Burkina Faso,BFA,2018,737.51
Burkina Faso,BFA,2019,761.39
Burkina Faso,BFA,2020,756.03
Burkina Faso,BFA,2021,751.64
Burkina Faso,BFA,2022,756.35
Burkina Faso,BFA,2023,754.68
Burkina Faso,BFA,2024,754.22
Burundi,BDI,1961,600
Burundi,BDI,1962,600
Burundi,BDI,1963,700
Burundi,BDI,1964,1000
Burundi,BDI,1965,1300
Burundi,BDI,1966,1500
Burundi,BDI,1967,1300
Burundi,BDI,1968,1000
Burundi,BDI,1969,800
Burundi,BDI,1970,586
Burundi,BDI,1971,1000
Burundi,BDI,1972,1000
Burundi,BDI,1973,1590
Burundi,BDI,1974,1600
Burundi,BDI,1975,1600
Burundi,BDI,1976,1600
Burundi,BDI,1977,1600
Burundi,BDI,1978,2500
Burundi,BDI,1979,3000
Burundi,BDI,1980,3400
Burundi,BDI,1981,3400
Burundi,BDI,1982,3400
Burundi,BDI,1983,3500
Burundi,BDI,1984,3000
Burundi,BDI,1985,3600
Burundi,BDI,1986,3700
Burundi,BDI,1987,4000
Burundi,BDI,1988,4000
Burundi,BDI,1989,4000
Burundi,BDI,1990,4000
Burundi,BDI,1991,4100
Burundi,BDI,1992,4200
Burundi,BDI,1993,4100
Burundi,BDI,1994,1360
Burundi,BDI,1995,600
Burundi,BDI,1996,600
Burundi,BDI,1997,475
Burundi,BDI,1998,200
Burundi,BDI,1999,367
Burundi,BDI,2000,762
Burundi,BDI,2001,893
Burundi,BDI,2002,641
Burundi,BDI,2003,683
Burundi,BDI,2004,900
Burundi,BDI,2005,1100
Burundi,BDI,2006,770
Burundi,BDI,2007,800
Burundi,BDI,2008,1028
Burundi,BDI,2009,1209
Burundi,BDI,2010,1300
Burundi,BDI,2011,1350
Burundi,BDI,2012,1400
Burundi,BDI,2013,1380
Burundi,BDI,2014,1289.84
Burundi,BDI,2015,1287.35
Burundi,BDI,2016,1319.06
Burundi,BDI,2017,1304.03
Burundi,BDI,2018,1303.48
Burundi,BDI,2019,1250.14
Burundi,BDI,2020,1285.88
Burundi,BDI,2021,1279.83
Burundi,BDI,2022,1271.95
Burundi,BDI,2023,1279.22
Burundi,BDI,2024,1277
Cambodia,KHM,1961,5661
Cambodia,KHM,1962,6500
Cambodia,KHM,1963,6900
Cambodia,KHM,1964,10500
Cambodia,KHM,1965,10500
Cambodia,KHM,1966,10100
Cambodia,KHM,1967,11800
Cambodia,KHM,1968,13700
Cambodia,KHM,1969,16300
Cambodia,KHM,1970,9700
Cambodia,KHM,1971,8900
Cambodia,KHM,1972,8900
Cambodia,KHM,1973,5100
Cambodia,KHM,1974,7300
Cambodia,KHM,1975,7300
Cambodia,KHM,1976,7300
Cambodia,KHM,1977,7300
Cambodia,KHM,1978,6000
Cambodia,KHM,1979,4200
Cambodia,KHM,1980,4500
Cambodia,KHM,1981,4500
Cambodia,KHM,1982,4500
Cambodia,KHM,1983,5000
Cambodia,KHM,1984,5000
Cambodia,KHM,1985,5600
Cambodia,KHM,1986,6100
Cambodia,KHM,1987,6600
Cambodia,KHM,1988,5800
Cambodia,KHM,1989,5900
Cambodia,KHM,1990,7800
Cambodia,KHM,1991,8800
Cambodia,KHM,1992,8900
Cambodia,KHM,1993,4980
Cambodia,KHM,1994,12000
Cambodia,KHM,1995,11079
Cambodia,KHM,1996,9620
Cambodia,KHM,1997,10493
Cambodia,KHM,1998,10144
Cambodia,KHM,1999,6358
Cambodia,KHM,2000,7665
Cambodia,KHM,2001,4662
Cambodia,KHM,2002,4692
Cambodia,KHM,2003,7601
Cambodia,KHM,2004,2479
Cambodia,KHM,2005,14143
Cambodia,KHM,2006,14231
Cambodia,KHM,2007,13644
Cambodia,KHM,2008,17404
Cambodia,KHM,2009,13486
Cambodia,KHM,2010,14625
Cambodia,KHM,2011,12900
Cambodia,KHM,2012,9000
Cambodia,KHM,2013,8800
Cambodia,KHM,2014,14090.48
Cambodia,KHM,2015,14054.52
Cambodia,KHM,2016,14277.71
Cambodia,KHM,2017,14433.22
Cambodia,KHM,2018,14596.32
Cambodia,KHM,2019,9879.91
Cambodia,KHM,2020,12969.82
Cambodia,KHM,2021,12798.28
Cambodia,KHM,2022,11882.67
Cambodia,KHM,2023,12550.26
Cambodia,KHM,2024,12410.4
Cameroon,CMR,1961,2584
Cameroon,CMR,1962,2764
Cameroon,CMR,1963,2978
Cameroon,CMR,1964,2160
Cameroon,CMR,1965,2082
Cameroon,CMR,1966,3764
Cameroon,CMR,1967,3798
Cameroon,CMR,1968,4858
Cameroon,CMR,1969,3527
Cameroon,CMR,1970,4344
Cameroon,CMR,1971,4216
Cameroon,CMR,1972,3541
Cameroon,CMR,1973,3300
Cameroon,CMR,1974,3094
Cameroon,CMR,1975,2980
Cameroon,CMR,1976,3082
Cameroon,CMR,1977,2809
Cameroon,CMR,1978,3297
Cameroon,CMR,1979,1962
Cameroon,CMR,1980,1918
Cameroon,CMR,1981,2068
Cameroon,CMR,1982,1783
Cameroon,CMR,1983,1814
Cameroon,CMR,1984,2200
Cameroon,CMR,1985,1627
Cameroon,CMR,1986,3271
Cameroon,CMR,1987,1674
Cameroon,CMR,1988,2000
Cameroon,CMR,1989,844
Cameroon,CMR,1990,155
Cameroon,CMR,1991,1493
Cameroon,CMR,1992,2000
Cameroon,CMR,1993,2013.88
Cameroon,CMR,1994,2500
Cameroon,CMR,1995,3000
Cameroon,CMR,1996,2000
Cameroon,CMR,1997,1700
Cameroon,CMR,1998,2000
Cameroon,CMR,1999,4700
Cameroon,CMR,2000,4700
Cameroon,CMR,2001,4225.03
Cameroon,CMR,2002,4465
Cameroon,CMR,2003,4500
Cameroon,CMR,2004,4465
Cameroon,CMR,2005,4500
Cameroon,CMR,2006,4810.89
Cameroon,CMR,2007,5237.98
Cameroon,CMR,2008,5168.88
Cameroon,CMR,2009,5342.6
Cameroon,CMR,2010,5516.32
Cameroon,CMR,2011,5690.04
Cameroon,CMR,2012,5863.76
Cameroon,CMR,2013,6037.48
Cameroon,CMR,2014,6223.2
Cameroon,CMR,2015,6531.06
Cameroon,CMR,2016,6263.91
Cameroon,CMR,2017,6289.87
Cameroon,CMR,2018,6508.77
Cameroon,CMR,2019,6354.18
Cameroon,CMR,2020,6469.45
Cameroon,CMR,2021,6444.14
Cameroon,CMR,2022,6422.59
Cameroon,CMR,2023,6445.39
Cameroon,CMR,2024,6437.37
Canada,CAN,1961,95127
Canada,CAN,1962,92091
Canada,CAN,1963,91237
Canada,CAN,1964,69587
Canada,CAN,1965,76602
Canada,CAN,1966,106223
Canada,CAN,1967,96658
Canada,CAN,1968,99249
Canada,CAN,1969,112248
Canada,CAN,1970,100635
Canada,CAN,1971,102040
Canada,CAN,1972,84747
Canada,CAN,1973,116715
Canada,CAN,1974,116476
Canada,CAN,1975,106053
Canada,CAN,1976,81497
Canada,CAN,1977,104273
Canada,CAN,1978,115614
Canada,CAN,1979,78851
Canada,CAN,1980,107868
Canada,CAN,1981,112369
Canada,CAN,1982,70205
Canada,CAN,1983,111715
Canada,CAN,1984,89400
Canada,CAN,1985,96672
Canada,CAN,1986,67515
Canada,CAN,1987,61388
Canada,CAN,1988,58341
Canada,CAN,1989,75573
Canada,CAN,1990,63057
Canada,CAN,1991,78704
Canada,CAN,1992,65640
Canada,CAN,1993,77476
Canada,CAN,1994,70140
Canada,CAN,1995,74219
Canada,CAN,1996,70151
Canada,CAN,1997,76204
Canada,CAN,1998,73178
Canada,CAN,1999,70215
Canada,CAN,2000,53010
Canada,CAN,2001,58606
Canada,CAN,2002,54550
Canada,CAN,2003,46338
Canada,CAN,2004,42430
Canada,CAN,2005,43000
Canada,CAN,2006,43185.07
Canada,CAN,2007,44000
Canada,CAN,2008,39234.39
Canada,CAN,2009,37302.92
Canada,CAN,2010,34903.59
Canada,CAN,2011,32780.18
Canada,CAN,2012,30722.7
Canada,CAN,2013,28620.33
Canada,CAN,2014,27743.69
Canada,CAN,2015,27524.88
Canada,CAN,2016,27962.97
Canada,CAN,2017,27743.85
Canada,CAN,2018,27743.9
Canada,CAN,2019,27816.91
Canada,CAN,2020,27768.22
Canada,CAN,2021,27776.34
Canada,CAN,2022,27787.15
Canada,CAN,2023,27777.24
Canada,CAN,2024,27780.24
Caribbean (FAO),,1961,92322
Caribbean (FAO),,1962,91515
Caribbean (FAO),,1963,96557
Caribbean (FAO),,1964,89285
Caribbean (FAO),,1965,72415
Caribbean (FAO),,1966,81453
Caribbean (FAO),,1967,73337
Caribbean (FAO),,1968,69641
Caribbean (FAO),,1969,62791
Caribbean (FAO),,1970,58627
Caribbean (FAO),,1971,51283
Caribbean (FAO),,1972,70416
Caribbean (FAO),,1973,91112
Caribbean (FAO),,1974,82939
Caribbean (FAO),,1975,80312
Caribbean (FAO),,1976,100620
Caribbean (FAO),,1977,81374
Caribbean (FAO),,1978,98188
Caribbean (FAO),,1979,79980
Caribbean (FAO),,1980,48260
Caribbean (FAO),,1981,97879
Caribbean (FAO),,1982,81830
Caribbean (FAO),,1983,66157
Caribbean (FAO),,1984,76169
Caribbean (FAO),,1985,78525
Caribbean (FAO),,1986,74941
Caribbean (FAO),,1987,70761
Caribbean (FAO),,1988,70662
Caribbean (FAO),,1989,74528
Caribbean (FAO),,1990,58647
Caribbean (FAO),,1991,56713
Caribbean (FAO),,1992,47627
Caribbean (FAO),,1993,41664.4
Caribbean (FAO),,1994,33423.11
Caribbean (FAO),,1995,48574.22
Caribbean (FAO),,1996,58113.18
Caribbean (FAO),,1997,60285.89
Caribbean (FAO),,1998,83040.14
Caribbean (FAO),,1999,50180.33
Caribbean (FAO),,2000,38188.81
Caribbean (FAO),,2001,38872.71
Caribbean (FAO),,2002,41704.18
Caribbean (FAO),,2003,35816.78
Caribbean (FAO),,2004,42850.98
Caribbean (FAO),,2005,38850.3
Caribbean (FAO),,2006,42336.87
Caribbean (FAO),,2007,41578
Caribbean (FAO),,2008,33273.99
Caribbean (FAO),,2009,39718.11
Caribbean (FAO),,2010,31225.71
Caribbean (FAO),,2011,32900.52
Caribbean (FAO),,2012,31184.85
Caribbean (FAO),,2013,35763.11
Caribbean (FAO),,2014,31495.93
Caribbean (FAO),,2015,39909.76
Caribbean (FAO),,2016,31024.43
Caribbean (FAO),,2017,43857.13
Caribbean (FAO),,2018,41350.82
Caribbean (FAO),,2019,36642.24
Caribbean (FAO),,2020,41505.34
Caribbean (FAO),,2021,34280.39
Caribbean (FAO),,2022,32492.43
Caribbean (FAO),,2023,27285.69
Caribbean (FAO),,2024,29644.97
Central African Republic,CAF,1961,450
Central African Republic,CAF,1962,400
Central African Republic,CAF,1963,400
Central African Republic,CAF,1964,470
Central African Republic,CAF,1965,700
Central African Republic,CAF,1966,765
Central African Republic,CAF,1967,873
Central African Republic,CAF,1968,816
Central African Republic,CAF,1969,973
Central African Republic,CAF,1970,1029
Central African Republic,CAF,1971,1081
Central African Republic,CAF,1972,1117
Central African Republic,CAF,1973,1372
Central African Republic,CAF,1974,1603
Central African Republic,CAF,1975,1876
Central African Republic,CAF,1976,2442
Central African Republic,CAF,1977,2753
Central African Republic,CAF,1978,1972
Central African Republic,CAF,1979,1799
Central African Republic,CAF,1980,1189
Central African Republic,CAF,1981,1000
Central African Republic,CAF,1982,1200
Central African Republic,CAF,1983,700
Central African Republic,CAF,1984,753
Central African Republic,CAF,1985,1098
Central African Republic,CAF,1986,1076
Central African Republic,CAF,1987,624
Central African Republic,CAF,1988,553
Central African Republic,CAF,1989,431
Central African Republic,CAF,1990,501
Central African Republic,CAF,1991,600
Central African Republic,CAF,1992,700
Central African Republic,CAF,1993,500
Central African Republic,CAF,1994,650
Central African Republic,CAF,1995,650
Central African Republic,CAF,1996,500
Central African Republic,CAF,1997,498
Central African Republic,CAF,1998,525
Central African Republic,CAF,1999,570
Central African Republic,CAF,2000,652
Central African Republic,CAF,2001,600
Central African Republic,CAF,2002,475
Central African Republic,CAF,2003,520.14
Central African Republic,CAF,2004,475
Central African Republic,CAF,2005,480
Central African Republic,CAF,2006,502.54
Central African Republic,CAF,2007,520.74
Central African Republic,CAF,2008,523.87
Central African Republic,CAF,2009,521.85
Central African Republic,CAF,2010,519.82
Central African Republic,CAF,2011,517.8
Central African Republic,CAF,2012,515.78
Central African Republic,CAF,2013,513.75
Central African Republic,CAF,2014,500.86
Central African Republic,CAF,2015,500.83
Central African Republic,CAF,2016,494.52
Central African Republic,CAF,2017,488.88
Central African Republic,CAF,2018,485.75
Central African Republic,CAF,2019,482.33
Central African Republic,CAF,2020,481.58
Central African Republic,CAF,2021,483.12
Central African Republic,CAF,2022,484.2
Central African Republic,CAF,2023,482.14
Central African Republic,CAF,2024,480.29
Central America (FAO),,1961,76026
Central America (FAO),,1962,77648
Central America (FAO),,1963,79510
Central America (FAO),,1964,79398
Central America (FAO),,1965,70843
Central America (FAO),,1966,69775
Central America (FAO),,1967,59176
Central America (FAO),,1968,62418
Central America (FAO),,1969,83144
Central America (FAO),,1970,84469
Central America (FAO),,1971,94933
Central America (FAO),,1972,80290
Central America (FAO),,1973,79529
Central America (FAO),,1974,93942
Central America (FAO),,1975,91765
Central America (FAO),,1976,91664
Central America (FAO),,1977,80681
Central America (FAO),,1978,96128
Central America (FAO),,1979,101630
Central America (FAO),,1980,122040
Central America (FAO),,1981,83663
Central America (FAO),,1982,98268
Central America (FAO),,1983,79971
Central America (FAO),,1984,67263
Central America (FAO),,1985,69810
Central America (FAO),,1986,82161
Central America (FAO),,1987,71948
Central America (FAO),,1988,84047
Central America (FAO),,1989,73188
Central America (FAO),,1990,55964
Central America (FAO),,1991,49785
Central America (FAO),,1992,50485
Central America (FAO),,1993,96463
Central America (FAO),,1994,88776
Central America (FAO),,1995,50030
Central America (FAO),,1996,71225
Central America (FAO),,1997,63369
Central America (FAO),,1998,79668
Central America (FAO),,1999,75551
Central America (FAO),,2000,73345
Central America (FAO),,2001,68921.48
Central America (FAO),,2002,51731.02
Central America (FAO),,2003,51566.05
Central America (FAO),,2004,50205.46
Central America (FAO),,2005,44959.07
Central America (FAO),,2006,50577.03
Central America (FAO),,2007,44452
Central America (FAO),,2008,46645.17
Central America (FAO),,2009,48819
Central America (FAO),,2010,46996.72
Central America (FAO),,2011,51255.2
Central America (FAO),,2012,55785.91
Central America (FAO),,2013,56920.06
Central America (FAO),,2014,59184.99
Central America (FAO),,2015,58438.04
Central America (FAO),,2016,61050.1
Central America (FAO),,2017,63378.16
Central America (FAO),,2018,61033.14
Central America (FAO),,2019,61554.62
Central America (FAO),,2020,61985.87
Central America (FAO),,2021,66344.37
Central America (FAO),,2022,63637.23
Central America (FAO),,2023,67198.46
Central America (FAO),,2024,67513.81
Central Asia (FAO),,1992,67540
Central Asia (FAO),,1993,75200
Central Asia (FAO),,1994,62273
Central Asia (FAO),,1995,44317.36
Central Asia (FAO),,1996,36582
Central Asia (FAO),,1997,68336
Central Asia (FAO),,1998,83837
Central Asia (FAO),,1999,72788
Central Asia (FAO),,2000,85579
Central Asia (FAO),,2001,69237
Central Asia (FAO),,2002,40265
Central Asia (FAO),,2003,39234
Central Asia (FAO),,2004,47973
Central Asia (FAO),,2005,43755
Central Asia (FAO),,2006,40022
Central Asia (FAO),,2007,41375
Central Asia (FAO),,2008,37087
Central Asia (FAO),,2009,35211
Central Asia (FAO),,2010,27063.77
Central Asia (FAO),,2011,25386.74
Central Asia (FAO),,2012,23002.58
Central Asia (FAO),,2013,28475.82
Central Asia (FAO),,2014,24948.68
Central Asia (FAO),,2015,13322.47
Central Asia (FAO),,2016,10574.3
Central Asia (FAO),,2017,11733.39
Central Asia (FAO),,2018,12382.9
Central Asia (FAO),,2019,11826.8
Central Asia (FAO),,2020,11146.26
Central Asia (FAO),,2021,9592.62
Central Asia (FAO),,2022,7814.41
Central Asia (FAO),,2023,8676.29
Central Asia (FAO),,2024,6225.41
Chad,TCD,1961,0
Chad,TCD,1962,0
Chad,TCD,1963,0
Chad,TCD,1964,0
Chad,TCD,1965,0
Chad,TCD,1966,0
Chad,TCD,1967,0
Chad,TCD,1968,0
Chad,TCD,1969,0
Chad,TCD,1970,16
Chad,TCD,1971,93
Chad,TCD,1972,222
Chad,TCD,1973,143
Chad,TCD,1974,135
Chad,TCD,1975,172
Chad,TCD,1976,200
Chad,TCD,1977,200
Chad,TCD,1978,210
Chad,TCD,1979,220
Chad,TCD,1980,220
Chad,TCD,1981,210
Chad,TCD,1982,210
Chad,TCD,1983,200
Chad,TCD,1984,200
Chad,TCD,1985,200
Chad,TCD,1986,200
Chad,TCD,1987,200
Chad,TCD,1988,200
Chad,TCD,1989,200
Chad,TCD,1990,183
Chad,TCD,1991,193.13
Chad,TCD,1992,192.68
Chad,TCD,1993,192.23
Chad,TCD,1994,191.78
Chad,TCD,1995,191.33
Chad,TCD,1996,192.31
Chad,TCD,1997,198.52
Chad,TCD,1998,205
Chad,TCD,1999,210
Chad,TCD,2000,184
Chad,TCD,2001,180
Chad,TCD,2002,180
Chad,TCD,2003,180
Chad,TCD,2004,180
Chad,TCD,2005,183.64
Chad,TCD,2006,185.79
Chad,TCD,2007,190
Chad,TCD,2008,186.98
Chad,TCD,2009,182.4
Chad,TCD,2010,183.43
Chad,TCD,2011,182.98
Chad,TCD,2012,182.53
Chad,TCD,2013,182.08
Chad,TCD,2014,181.57
Chad,TCD,2015,181.25
Chad,TCD,2016,180.85
Chad,TCD,2017,180.42
Chad,TCD,2018,179.71
Chad,TCD,2019,178.93
Chad,TCD,2020,178.33
Chad,TCD,2021,178.53
Chad,TCD,2022,178.52
Chad,TCD,2023,178.27
Chad,TCD,2024,178.02
Chile,CHL,1961,7586
Chile,CHL,1962,7370
Chile,CHL,1963,5600
Chile,CHL,1964,7090
Chile,CHL,1965,5900
Chile,CHL,1966,4930
Chile,CHL,1967,7386
Chile,CHL,1968,9405
Chile,CHL,1969,6015
Chile,CHL,1970,8532
Chile,CHL,1971,6406
Chile,CHL,1972,5449
Chile,CHL,1973,3778
Chile,CHL,1974,5362
Chile,CHL,1975,8354
Chile,CHL,1976,7673
Chile,CHL,1977,8697
Chile,CHL,1978,9422
Chile,CHL,1979,7508
Chile,CHL,1980,14412
Chile,CHL,1981,5901
Chile,CHL,1982,5655
Chile,CHL,1983,5750
Chile,CHL,1984,8135
Chile,CHL,1985,7770
Chile,CHL,1986,7849
Chile,CHL,1987,8271
Chile,CHL,1988,10425
Chile,CHL,1989,10545
Chile,CHL,1990,14412
Chile,CHL,1991,15409
Chile,CHL,1992,16498
Chile,CHL,1993,19636
Chile,CHL,1994,16007
Chile,CHL,1995,12159
Chile,CHL,1996,10999
Chile,CHL,1997,11117
Chile,CHL,1998,11679
Chile,CHL,1999,11789
Chile,CHL,2000,10521
Chile,CHL,2001,7382
Chile,CHL,2002,6976
Chile,CHL,2003,7713
Chile,CHL,2004,9321
Chile,CHL,2005,9850
Chile,CHL,2006,8349
Chile,CHL,2007,8341
Chile,CHL,2008,6214
Chile,CHL,2009,5626
Chile,CHL,2010,7949.5
Chile,CHL,2011,7554
Chile,CHL,2012,7554
Chile,CHL,2013,7934
Chile,CHL,2014,6362
Chile,CHL,2015,7273.5
Chile,CHL,2016,7561
Chile,CHL,2017,4315.25
Chile,CHL,2018,5700.15
Chile,CHL,2019,7361.6
Chile,CHL,2020,6439
Chile,CHL,2021,3924.76
Chile,CHL,2022,2584
Chile,CHL,2023,1718
Chile,CHL,2024,3030.52
China,CHN,1961,380000
China,CHN,1962,420000
China,CHN,1963,480000
China,CHN,1964,550000
China,CHN,1965,600000
China,CHN,1966,789200
China,CHN,1967,848200
China,CHN,1968,848200
China,CHN,1969,775600
China,CHN,1970,785000
China,CHN,1971,785000
China,CHN,1972,840000
China,CHN,1973,950000
China,CHN,1974,984000
China,CHN,1975,960000
China,CHN,1976,970000
China,CHN,1977,987000
China,CHN,1978,1242000
China,CHN,1979,941400
China,CHN,1980,900000
China,CHN,1981,1497000
China,CHN,1982,2179000
China,CHN,1983,1380600
China,CHN,1984,1789000
China,CHN,1985,2424849
China,CHN,1986,1707142
China,CHN,1987,1943000
China,CHN,1988,2734000
China,CHN,1989,2830353
China,CHN,1990,2627082
China,CHN,1991,3031000
China,CHN,1992,3498561
China,CHN,1993,3451000
China,CHN,1994,2238000
China,CHN,1995,2314000
China,CHN,1996,3234000
China,CHN,1997,4251000
China,CHN,1998,2364006
China,CHN,1999,2469000
China,CHN,2000,2552344
China,CHN,2001,2349627
China,CHN,2002,2446527
China,CHN,2003,2257415
China,CHN,2004,2406000
China,CHN,2005,2683000
China,CHN,2006,2744000
China,CHN,2007,2395480
China,CHN,2008,2838222
China,CHN,2009,3066000
China,CHN,2010,3004000
China,CHN,2011,3157000
China,CHN,2012,3406500
China,CHN,2013,3373700
China,CHN,2014,2995400
China,CHN,2015,2677000
China,CHN,2016,2574000
China,CHN,2017,2391000
China,CHN,2018,2241000
China,CHN,2019,2611610
China,CHN,2020,2134000
China,CHN,2021,2127600
China,CHN,2022,2188100
China,CHN,2023,2296700
China,CHN,2024,2256400
China (FAO),,1961,395854
China (FAO),,1962,436077
China (FAO),,1963,497413
China (FAO),,1964,569379
China (FAO),,1965,616301
China (FAO),,1966,804254
China (FAO),,1967,865935
China (FAO),,1968,868844
China (FAO),,1969,796109
China (FAO),,1970,805800
China (FAO),,1971,801808
China (FAO),,1972,856417
China (FAO),,1973,967883
China (FAO),,1974,1001713
China (FAO),,1975,978109
China (FAO),,1976,996433
China (FAO),,1977,1011695
China (FAO),,1978,1264129
China (FAO),,1979,962876
China (FAO),,1980,919747
China (FAO),,1981,1519718
China (FAO),,1982,2204570
China (FAO),,1983,1403322
China (FAO),,1984,1815491
China (FAO),,1985,2450207
China (FAO),,1986,1731464
China (FAO),,1987,1967005
China (FAO),,1988,2754206
China (FAO),,1989,2848837
China (FAO),,1990,2645610
China (FAO),,1991,3051686
China (FAO),,1992,3514954
China (FAO),,1993,3468428
China (FAO),,1994,2256526
China (FAO),,1995,2326685
China (FAO),,1996,3245230
China (FAO),,1997,4261283
China (FAO),,1998,2373978
China (FAO),,1999,2478295
China (FAO),,2000,2563854
China (FAO),,2001,2358842
China (FAO),,2002,2454105
China (FAO),,2003,2262658
China (FAO),,2004,2411490
China (FAO),,2005,2685743
China (FAO),,2006,2746193
China (FAO),,2007,2397152
China (FAO),,2008,2839947
China (FAO),,2009,3067928
China (FAO),,2010,3005928
China (FAO),,2011,3158737
China (FAO),,2012,3408142
China (FAO),,2013,3375400
China (FAO),,2014,2997050
China (FAO),,2015,2678604
China (FAO),,2016,2575371
China (FAO),,2017,2392335
China (FAO),,2018,2242436.8
China (FAO),,2019,2612991
China (FAO),,2020,2135384.2
China (FAO),,2021,2129000.5
China (FAO),,2022,2189488.5
China (FAO),,2023,2298091
China (FAO),,2024,2257793.5
Colombia,COL,1961,27884
Colombia,COL,1962,38213
Colombia,COL,1963,41771
Colombia,COL,1964,41395
Colombia,COL,1965,40190
Colombia,COL,1966,44250
Colombia,COL,1967,42500
Colombia,COL,1968,43000
Colombia,COL,1969,44500
Colombia,COL,1970,42000
Colombia,COL,1971,39300
Colombia,COL,1972,36100
Colombia,COL,1973,39700
Colombia,COL,1974,41100
Colombia,COL,1975,57600
Colombia,COL,1976,68300
Colombia,COL,1977,57300
Colombia,COL,1978,45900
Colombia,COL,1979,59600
Colombia,COL,1980,45400
Colombia,COL,1981,50400
Colombia,COL,1982,48700
Colombia,COL,1983,47800
Colombia,COL,1984,34599
Colombia,COL,1985,27237
Colombia,COL,1986,28574
Colombia,COL,1987,34870
Colombia,COL,1988,35700
Colombia,COL,1989,33710
Colombia,COL,1990,32989
Colombia,COL,1991,34338
Colombia,COL,1992,27908
Colombia,COL,1993,34321
Colombia,COL,1994,26905
Colombia,COL,1995,26000
Colombia,COL,1996,30412
Colombia,COL,1997,23319
Colombia,COL,1998,30235
Colombia,COL,1999,26057
Colombia,COL,2000,27767
Colombia,COL,2001,26158
Colombia,COL,2002,26475
Colombia,COL,2003,34458
Colombia,COL,2004,32486
Colombia,COL,2005,34940
Colombia,COL,2006,20557
Colombia,COL,2007,18109
Colombia,COL,2008,21176
Colombia,COL,2009,9953
Colombia,COL,2010,10760
Colombia,COL,2011,17837.54
Colombia,COL,2012,22266.8
Colombia,COL,2013,22604
Colombia,COL,2014,28600.15
Colombia,COL,2015,10475
Colombia,COL,2016,10475
Colombia,COL,2017,16329
Colombia,COL,2018,10599
Colombia,COL,2019,10437
Colombia,COL,2020,11962
Colombia,COL,2021,4017
Colombia,COL,2022,4237.75
Colombia,COL,2023,4083.71
Colombia,COL,2024,3305.14
Congo,COG,1961,560
Congo,COG,1962,572
Congo,COG,1963,500
Congo,COG,1964,392
Congo,COG,1965,439
Congo,COG,1966,634
Congo,COG,1967,745
Congo,COG,1968,639
Congo,COG,1969,767
Congo,COG,1970,840
Congo,COG,1971,990
Congo,COG,1972,972
Congo,COG,1973,1150
Congo,COG,1974,1010
Congo,COG,1975,1014
Congo,COG,1976,1008
Congo,COG,1977,606
Congo,COG,1978,448
Congo,COG,1979,637
Congo,COG,1980,473
Congo,COG,1981,400
Congo,COG,1982,427
Congo,COG,1983,203
Congo,COG,1984,290
Congo,COG,1985,93
Congo,COG,1986,112
Congo,COG,1987,100
Congo,COG,1988,100
Congo,COG,1989,200
Congo,COG,1990,128
Congo,COG,1991,132
Congo,COG,1992,150
Congo,COG,1993,149.49
Congo,COG,1994,131.08
Congo,COG,1995,124.92
Congo,COG,1996,92.26
Congo,COG,1997,100
Congo,COG,1998,150
Congo,COG,1999,176.61
Congo,COG,2000,200
Congo,COG,2001,222.45
Congo,COG,2002,250
Congo,COG,2003,320
Congo,COG,2004,295.91
Congo,COG,2005,296.33
Congo,COG,2006,300
Congo,COG,2007,298.46
Congo,COG,2008,338.68
Congo,COG,2009,374.18
Congo,COG,2010,420
Congo,COG,2011,440
Congo,COG,2012,450
Congo,COG,2013,462.6
Congo,COG,2014,475.13
Congo,COG,2015,486.61
Congo,COG,2016,474.78
Congo,COG,2017,468.8
Congo,COG,2018,466.41
Congo,COG,2019,465.87
Congo,COG,2020,467.4
Congo,COG,2021,489.86
Congo,COG,2022,487.04
Congo,COG,2023,490.64
Congo,COG,2024,494.25
Costa Rica,CRI,1961,1167
Costa Rica,CRI,1962,1632
Costa Rica,CRI,1963,1494
Costa Rica,CRI,1964,1360
Costa Rica,CRI,1965,1492
Costa Rica,CRI,1966,1569
Costa Rica,CRI,1967,1482
Costa Rica,CRI,1968,1568
Costa Rica,CRI,1969,1346
Costa Rica,CRI,1970,1593
Costa Rica,CRI,1971,1684
Costa Rica,CRI,1972,1935
Costa Rica,CRI,1973,2522
Costa Rica,CRI,1974,2776
Costa Rica,CRI,1975,2978
Costa Rica,CRI,1976,3186
Costa Rica,CRI,1977,2756
Costa Rica,CRI,1978,2385
Costa Rica,CRI,1979,2084
Costa Rica,CRI,1980,1609
Costa Rica,CRI,1981,1697
Costa Rica,CRI,1982,1322
Costa Rica,CRI,1983,1934
Costa Rica,CRI,1984,2375
Costa Rica,CRI,1985,1971
Costa Rica,CRI,1986,1589
Costa Rica,CRI,1987,1654
Costa Rica,CRI,1988,1782
Costa Rica,CRI,1989,1430
Costa Rica,CRI,1990,1717
Costa Rica,CRI,1991,1305
Costa Rica,CRI,1992,1936
Costa Rica,CRI,1993,2050
Costa Rica,CRI,1994,1797
Costa Rica,CRI,1995,929
Costa Rica,CRI,1996,799
Costa Rica,CRI,1997,428
Costa Rica,CRI,1998,600
Costa Rica,CRI,1999,187
Costa Rica,CRI,2000,187
Costa Rica,CRI,2001,92
Costa Rica,CRI,2002,92
Costa Rica,CRI,2003,92
Costa Rica,CRI,2004,118
Costa Rica,CRI,2005,109
Costa Rica,CRI,2006,120
Costa Rica,CRI,2007,122
Costa Rica,CRI,2008,79
Costa Rica,CRI,2009,62
Costa Rica,CRI,2010,79
Costa Rica,CRI,2011,76
Costa Rica,CRI,2012,37
Costa Rica,CRI,2013,60
Costa Rica,CRI,2014,60
Costa Rica,CRI,2015,40
Costa Rica,CRI,2016,14
Costa Rica,CRI,2017,14
Costa Rica,CRI,2018,16
Costa Rica,CRI,2019,14.67
Costa Rica,CRI,2020,19.79
Costa Rica,CRI,2021,16.82
Costa Rica,CRI,2022,17.09
Costa Rica,CRI,2023,17.9
Costa Rica,CRI,2024,17.27
Cote d'Ivoire,CIV,1961,1738
Cote d'Ivoire,CIV,1962,2246
Cote d'Ivoire,CIV,1963,2450
Cote d'Ivoire,CIV,1964,2537
Cote d'Ivoire,CIV,1965,2400
Cote d'Ivoire,CIV,1966,2578
Cote d'Ivoire,CIV,1967,2206
Cote d'Ivoire,CIV,1968,2273
Cote d'Ivoire,CIV,1969,2235
Cote d'Ivoire,CIV,1970,2328
Cote d'Ivoire,CIV,1971,2412
Cote d'Ivoire,CIV,1972,2558
Cote d'Ivoire,CIV,1973,2959
Cote d'Ivoire,CIV,1974,2975
Cote d'Ivoire,CIV,1975,1750
Cote d'Ivoire,CIV,1976,1810
Cote d'Ivoire,CIV,1977,1818
Cote d'Ivoire,CIV,1978,1760
Cote d'Ivoire,CIV,1979,1671
Cote d'Ivoire,CIV,1980,1667
Cote d'Ivoire,CIV,1981,1666
Cote d'Ivoire,CIV,1982,1754
Cote d'Ivoire,CIV,1983,1800
Cote d'Ivoire,CIV,1984,1900
Cote d'Ivoire,CIV,1985,2000
Cote d'Ivoire,CIV,1986,2000
Cote d'Ivoire,CIV,1987,2000
Cote d'Ivoire,CIV,1988,2000
Cote d'Ivoire,CIV,1989,2000
Cote d'Ivoire,CIV,1990,5400
Cote d'Ivoire,CIV,1991,7300
Cote d'Ivoire,CIV,1992,9600
Cote d'Ivoire,CIV,1993,9600
Cote d'Ivoire,CIV,1994,9600
Cote d'Ivoire,CIV,1995,10600
Cote d'Ivoire,CIV,1996,11000
Cote d'Ivoire,CIV,1997,11600
Cote d'Ivoire,CIV,1998,13500
Cote d'Ivoire,CIV,1999,12000
Cote d'Ivoire,CIV,2000,10200
Cote d'Ivoire,CIV,2001,10200
Cote d'Ivoire,CIV,2002,10200
Cote d'Ivoire,CIV,2003,10206.32
Cote d'Ivoire,CIV,2004,10200
Cote d'Ivoire,CIV,2005,10352.22
Cote d'Ivoire,CIV,2006,10500
Cote d'Ivoire,CIV,2007,10627.5
Cote d'Ivoire,CIV,2008,10040.68
Cote d'Ivoire,CIV,2009,9671.3
Cote d'Ivoire,CIV,2010,9526.91
Cote d'Ivoire,CIV,2011,9382.52
Cote d'Ivoire,CIV,2012,9238.13
Cote d'Ivoire,CIV,2013,9093.74
Cote d'Ivoire,CIV,2014,8793.73
Cote d'Ivoire,CIV,2015,7251.28
Cote d'Ivoire,CIV,2016,8379.58
Cote d'Ivoire,CIV,2017,8456.57
Cote d'Ivoire,CIV,2018,8029.14
Cote d'Ivoire,CIV,2019,8288.43
Cote d'Ivoire,CIV,2020,8425.99
Cote d'Ivoire,CIV,2021,8275.26
Cote d'Ivoire,CIV,2022,8196.81
Cote d'Ivoire,CIV,2023,8141.76
Cote d'Ivoire,CIV,2024,8086.72
Croatia,HRV,1992,11651
Croatia,HRV,1993,9585
Croatia,HRV,1994,8613
Croatia,HRV,1995,8548
Croatia,HRV,1996,11272
Croatia,HRV,1997,11339
Croatia,HRV,1998,12133
Croatia,HRV,1999,10051
Croatia,HRV,2000,9714
Croatia,HRV,2001,10502
Croatia,HRV,2002,10905
Croatia,HRV,2003,9680
Croatia,HRV,2004,10293
Croatia,HRV,2005,9579
Croatia,HRV,2006,10851
Croatia,HRV,2007,12639
Croatia,HRV,2008,12866
Croatia,HRV,2009,13348
Croatia,HRV,2010,8491
Croatia,HRV,2011,10643
Croatia,HRV,2012,11787
Croatia,HRV,2013,9834
Croatia,HRV,2014,9164
Croatia,HRV,2015,10132
Croatia,HRV,2016,8977
Croatia,HRV,2017,9413
Croatia,HRV,2018,7560
Croatia,HRV,2019,7880
Croatia,HRV,2020,7080
Croatia,HRV,2021,7380
Croatia,HRV,2022,6300
Croatia,HRV,2023,4150
Croatia,HRV,2024,6180
Cuba,CUB,1961,49639
Cuba,CUB,1962,51534
Cuba,CUB,1963,48056
Cuba,CUB,1964,43783
Cuba,CUB,1965,35107
Cuba,CUB,1966,51787
Cuba,CUB,1967,45296
Cuba,CUB,1968,46414
Cuba,CUB,1969,36271
Cuba,CUB,1970,31726
Cuba,CUB,1971,24757
Cuba,CUB,1972,39551
Cuba,CUB,1973,43548
Cuba,CUB,1974,44685
Cuba,CUB,1975,42337
Cuba,CUB,1976,51621
Cuba,CUB,1977,43290
Cuba,CUB,1978,41021
Cuba,CUB,1979,32206
Cuba,CUB,1980,8219
Cuba,CUB,1981,54599
Cuba,CUB,1982,44947
Cuba,CUB,1983,30180
Cuba,CUB,1984,44642
Cuba,CUB,1985,44637
Cuba,CUB,1986,45604
Cuba,CUB,1987,38790
Cuba,CUB,1988,39414
Cuba,CUB,1989,41606
Cuba,CUB,1990,37129
Cuba,CUB,1991,29865
Cuba,CUB,1992,24636
Cuba,CUB,1993,19892
Cuba,CUB,1994,17084
Cuba,CUB,1995,24989
Cuba,CUB,1996,31485
Cuba,CUB,1997,30938
Cuba,CUB,1998,37870
Cuba,CUB,1999,30562
Cuba,CUB,2000,32237
Cuba,CUB,2001,31751
Cuba,CUB,2002,34494
Cuba,CUB,2003,25600
Cuba,CUB,2004,31700
Cuba,CUB,2005,26000
Cuba,CUB,2006,29700
Cuba,CUB,2007,25600
Cuba,CUB,2008,21500
Cuba,CUB,2009,25200
Cuba,CUB,2010,20500
Cuba,CUB,2011,19900
Cuba,CUB,2012,19500
Cuba,CUB,2013,24000
Cuba,CUB,2014,19800
Cuba,CUB,2015,24500
Cuba,CUB,2016,19700
Cuba,CUB,2017,30800
Cuba,CUB,2018,30000
Cuba,CUB,2019,28584
Cuba,CUB,2020,25780
Cuba,CUB,2021,21927
Cuba,CUB,2022,19039.7
Cuba,CUB,2023,12248
Cuba,CUB,2024,12481.53
Cyprus,CYP,1961,898
Cyprus,CYP,1962,1019
Cyprus,CYP,1963,952
Cyprus,CYP,1964,975
Cyprus,CYP,1965,2489
Cyprus,CYP,1966,864
Cyprus,CYP,1967,1422
Cyprus,CYP,1968,914
Cyprus,CYP,1969,1120
Cyprus,CYP,1970,721
Cyprus,CYP,1971,1118
Cyprus,CYP,1972,975
Cyprus,CYP,1973,67
Cyprus,CYP,1974,0
Cyprus,CYP,1975,10
Cyprus,CYP,1976,118
Cyprus,CYP,1977,110
Cyprus,CYP,1978,220
Cyprus,CYP,1979,229
Cyprus,CYP,1980,267
Cyprus,CYP,1981,351
Cyprus,CYP,1982,173
Cyprus,CYP,1983,204
Cyprus,CYP,1984,292
Cyprus,CYP,1985,316
Cyprus,CYP,1986,276
Cyprus,CYP,1987,402
Cyprus,CYP,1988,210
Cyprus,CYP,1989,327
Cyprus,CYP,1990,343
Cyprus,CYP,1991,223
Cyprus,CYP,1992,315
Cyprus,CYP,1993,308
Cyprus,CYP,1994,303
Cyprus,CYP,1995,331
Cyprus,CYP,1996,336
Cyprus,CYP,1997,322
Cyprus,CYP,1998,305
Cyprus,CYP,1999,333
Cyprus,CYP,2000,374
Cyprus,CYP,2001,357
Cyprus,CYP,2002,357
Cyprus,CYP,2003,350
Cyprus,CYP,2004,350
Cyprus,CYP,2005,350
Cyprus,CYP,2006,350
Cyprus,CYP,2007,300
Cyprus,CYP,2008,50
Cyprus,CYP,2009,42.69
Cyprus,CYP,2010,139.45
Cyprus,CYP,2011,158.73
Cyprus,CYP,2012,144.88
Cyprus,CYP,2013,137.85
Cyprus,CYP,2014,124.83
Cyprus,CYP,2015,125.99
Cyprus,CYP,2016,117.41
Cyprus,CYP,2017,112.5
Cyprus,CYP,2020,0
Cyprus,CYP,2021,0
Cyprus,CYP,2022,0
Cyprus,CYP,2023,0
Cyprus,CYP,2024,0
Czechia,CZE,2018,0
Czechia,CZE,2019,0
Czechia,CZE,2020,0
Czechia,CZE,2021,0
Czechia,CZE,2022,0
Czechia,CZE,2023,0
Czechia,CZE,2024,0
Czechoslovakia,OWID_CZS,1961,5476
Czechoslovakia,OWID_CZS,1962,6269
Czechoslovakia,OWID_CZS,1963,7719
Czechoslovakia,OWID_CZS,1964,9237
Czechoslovakia,OWID_CZS,1965,5114
Czechoslovakia,OWID_CZS,1966,8327
Czechoslovakia,OWID_CZS,1967,11211
Czechoslovakia,OWID_CZS,1968,10345
Czechoslovakia,OWID_CZS,1969,7402
Czechoslovakia,OWID_CZS,1970,5265
Czechoslovakia,OWID_CZS,1971,5945
Czechoslovakia,OWID_CZS,1972,4241
Czechoslovakia,OWID_CZS,1973,5298
Czechoslovakia,OWID_CZS,1974,5622
Czechoslovakia,OWID_CZS,1975,5473
Czechoslovakia,OWID_CZS,1976,5296
Czechoslovakia,OWID_CZS,1977,4914
Czechoslovakia,OWID_CZS,1978,4468
Czechoslovakia,OWID_CZS,1979,5047
Czechoslovakia,OWID_CZS,1980,5339
Czechoslovakia,OWID_CZS,1981,5578
Czechoslovakia,OWID_CZS,1982,6161
Czechoslovakia,OWID_CZS,1983,5778
Czechoslovakia,OWID_CZS,1984,5303
Czechoslovakia,OWID_CZS,1985,6070
Czechoslovakia,OWID_CZS,1986,5053
Czechoslovakia,OWID_CZS,1987,6104
Czechoslovakia,OWID_CZS,1988,5408
Czechoslovakia,OWID_CZS,1989,5423
Czechoslovakia,OWID_CZS,1990,4971
Czechoslovakia,OWID_CZS,1991,5092
Czechoslovakia,OWID_CZS,1992,11557
Democratic Republic of Congo,COD,1961,5000
Democratic Republic of Congo,COD,1962,5000
Democratic Republic of Congo,COD,1963,5000
Democratic Republic of Congo,COD,1964,5000
Democratic Republic of Congo,COD,1965,5100
Democratic Republic of Congo,COD,1966,5200
Democratic Republic of Congo,COD,1967,4600
Democratic Republic of Congo,COD,1968,4500
Democratic Republic of Congo,COD,1969,4000
Democratic Republic of Congo,COD,1970,5500
Democratic Republic of Congo,COD,1971,5800
Democratic Republic of Congo,COD,1972,5700
Democratic Republic of Congo,COD,1973,5900
Democratic Republic of Congo,COD,1974,6200
Democratic Republic of Congo,COD,1975,6500
Democratic Republic of Congo,COD,1976,6900
Democratic Republic of Congo,COD,1977,6500
Democratic Republic of Congo,COD,1978,6000
Democratic Republic of Congo,COD,1979,7200
Democratic Republic of Congo,COD,1980,7400
Democratic Republic of Congo,COD,1981,7700
Democratic Republic of Congo,COD,1982,7800
Democratic Republic of Congo,COD,1983,8100
Democratic Republic of Congo,COD,1984,8200
Democratic Republic of Congo,COD,1985,8200
Democratic Republic of Congo,COD,1986,3200
Democratic Republic of Congo,COD,1987,2900
Democratic Republic of Congo,COD,1988,2800
Democratic Republic of Congo,COD,1989,2900
Democratic Republic of Congo,COD,1990,2900
Democratic Republic of Congo,COD,1991,3000
Democratic Republic of Congo,COD,1992,3103
Democratic Republic of Congo,COD,1993,3210
Democratic Republic of Congo,COD,1994,3321
Democratic Republic of Congo,COD,1995,3339
Democratic Republic of Congo,COD,1996,3536
Democratic Republic of Congo,COD,1997,3648
Democratic Republic of Congo,COD,1998,4210
Democratic Republic of Congo,COD,1999,4715
Democratic Republic of Congo,COD,2000,4210
Democratic Republic of Congo,COD,2001,3759
Democratic Republic of Congo,COD,2002,3620
Democratic Republic of Congo,COD,2003,3517
Democratic Republic of Congo,COD,2004,4174
Democratic Republic of Congo,COD,2005,4053
Democratic Republic of Congo,COD,2006,4184
Democratic Republic of Congo,COD,2007,4058
Democratic Republic of Congo,COD,2008,3937
Democratic Republic of Congo,COD,2009,3819
Democratic Republic of Congo,COD,2010,3709
Democratic Republic of Congo,COD,2011,3593
Democratic Republic of Congo,COD,2012,3564.68
Democratic Republic of Congo,COD,2013,3915.98
Democratic Republic of Congo,COD,2014,4130.23
Democratic Republic of Congo,COD,2015,3663.45
Democratic Republic of Congo,COD,2016,3528.69
Democratic Republic of Congo,COD,2017,3774.13
Democratic Republic of Congo,COD,2018,3655.42
Democratic Republic of Congo,COD,2019,3565.44
Democratic Republic of Congo,COD,2020,3510.74
Democratic Republic of Congo,COD,2021,3624.72
Democratic Republic of Congo,COD,2022,3548.21
Democratic Republic of Congo,COD,2023,3529.62
Democratic Republic of Congo,COD,2024,3516.61
Denmark,DNK,2018,0
Denmark,DNK,2019,0
Denmark,DNK,2020,0
Denmark,DNK,2021,0
Denmark,DNK,2022,0
Denmark,DNK,2023,0
Denmark,DNK,2024,0
Dominican Republic,DOM,1961,29393
Dominican Republic,DOM,1962,24948
Dominican Republic,DOM,1963,30707
Dominican Republic,DOM,1964,28173
Dominican Republic,DOM,1965,18544
Dominican Republic,DOM,1966,20454
Dominican Republic,DOM,1967,20669
Dominican Republic,DOM,1968,16400
Dominican Republic,DOM,1969,21200
Dominican Republic,DOM,1970,22319
Dominican Republic,DOM,1971,22818
Dominican Republic,DOM,1972,26110
Dominican Republic,DOM,1973,43618
Dominican Republic,DOM,1974,33658
Dominican Republic,DOM,1975,34622
Dominican Republic,DOM,1976,45385
Dominican Republic,DOM,1977,34918
Dominican Republic,DOM,1978,54203
Dominican Republic,DOM,1979,44562
Dominican Republic,DOM,1980,37411
Dominican Republic,DOM,1981,40223
Dominican Republic,DOM,1982,34184
Dominican Republic,DOM,1983,33569
Dominican Republic,DOM,1984,27907
Dominican Republic,DOM,1985,31395
Dominican Republic,DOM,1986,25985
Dominican Republic,DOM,1987,28664
Dominican Republic,DOM,1988,27976
Dominican Republic,DOM,1989,29682
Dominican Republic,DOM,1990,18328
Dominican Republic,DOM,1991,23700
Dominican Republic,DOM,1992,19895
Dominican Republic,DOM,1993,18692
Dominican Republic,DOM,1994,13491.74
Dominican Republic,DOM,1995,20961.22
Dominican Republic,DOM,1996,24054.25
Dominican Republic,DOM,1997,26877.89
Dominican Republic,DOM,1998,42673.82
Dominican Republic,DOM,1999,17124.78
Dominican Republic,DOM,2000,3397.21
Dominican Republic,DOM,2001,4570.72
Dominican Republic,DOM,2002,4612.54
Dominican Republic,DOM,2003,7558.42
Dominican Republic,DOM,2004,8404.43
Dominican Republic,DOM,2005,10053
Dominican Republic,DOM,2006,9724
Dominican Republic,DOM,2007,12861
Dominican Republic,DOM,2008,9054
Dominican Republic,DOM,2009,11800
Dominican Republic,DOM,2010,8066
Dominican Republic,DOM,2011,10414.18
Dominican Republic,DOM,2012,9224.96
Dominican Republic,DOM,2013,9253.72
Dominican Republic,DOM,2014,9162.66
Dominican Republic,DOM,2015,12922.66
Dominican Republic,DOM,2016,8890.27
Dominican Republic,DOM,2017,10576.39
Dominican Republic,DOM,2018,8828.36
Dominican Republic,DOM,2019,5515.65
Dominican Republic,DOM,2020,13165.38
Dominican Republic,DOM,2021,9836.39
Dominican Republic,DOM,2022,10934.41
Dominican Republic,DOM,2023,12522
Dominican Republic,DOM,2024,14651
East Timor,TLS,1961,50
East Timor,TLS,1962,50
East Timor,TLS,1963,50
East Timor,TLS,1964,50
East Timor,TLS,1965,50
East Timor,TLS,1966,50
East Timor,TLS,1967,50
East Timor,TLS,1968,52
East Timor,TLS,1969,77
East Timor,TLS,1970,91
East Timor,TLS,1971,109
East Timor,TLS,1972,37
East Timor,TLS,1973,35
East Timor,TLS,1974,70
East Timor,TLS,1975,0
East Timor,TLS,1976,0
East Timor,TLS,1977,0
East Timor,TLS,1978,0
East Timor,TLS,1979,0
East Timor,TLS,1980,0
East Timor,TLS,1981,0
East Timor,TLS,1982,0
East Timor,TLS,1983,0
East Timor,TLS,1984,0
East Timor,TLS,1985,0
East Timor,TLS,1986,0
East Timor,TLS,1987,0
East Timor,TLS,1988,0
East Timor,TLS,1989,0
East Timor,TLS,1990,0
East Timor,TLS,1991,0
East Timor,TLS,1992,0
Eastern Africa (FAO),,1961,139414
Eastern Africa (FAO),,1962,139294
Eastern Africa (FAO),,1963,124825
Eastern Africa (FAO),,1964,193679
Eastern Africa (FAO),,1965,166862
Eastern Africa (FAO),,1966,158197
Eastern Africa (FAO),,1967,129377
Eastern Africa (FAO),,1968,104967
Eastern Africa (FAO),,1969,158818
Eastern Africa (FAO),,1970,109975
Eastern Africa (FAO),,1971,131853
Eastern Africa (FAO),,1972,136860
Eastern Africa (FAO),,1973,144851
Eastern Africa (FAO),,1974,145249
Eastern Africa (FAO),,1975,160838
Eastern Africa (FAO),,1976,193133
Eastern Africa (FAO),,1977,178247
Eastern Africa (FAO),,1978,174712
Eastern Africa (FAO),,1979,209849
Eastern Africa (FAO),,1980,220133
Eastern Africa (FAO),,1981,162950
Eastern Africa (FAO),,1982,186512
Eastern Africa (FAO),,1983,208698
Eastern Africa (FAO),,1984,241793
Eastern Africa (FAO),,1985,220957
Eastern Africa (FAO),,1986,226138
Eastern Africa (FAO),,1987,237747
Eastern Africa (FAO),,1988,233733
Eastern Africa (FAO),,1989,265634
Eastern Africa (FAO),,1990,283838
Eastern Africa (FAO),,1991,352973.34
Eastern Africa (FAO),,1992,395588.72
Eastern Africa (FAO),,1993,399814.6
Eastern Africa (FAO),,1994,342697.22
Eastern Africa (FAO),,1995,370196.78
Eastern Africa (FAO),,1996,389762.72
Eastern Africa (FAO),,1997,412201.75
Eastern Africa (FAO),,1998,411720.62
Eastern Africa (FAO),,1999,356704.56
Eastern Africa (FAO),,2000,385850
Eastern Africa (FAO),,2001,341760.88
Eastern Africa (FAO),,2002,335803
Eastern Africa (FAO),,2003,335852.72
Eastern Africa (FAO),,2004,369737.1
Eastern Africa (FAO),,2005,413493.94
Eastern Africa (FAO),,2006,342757.8
Eastern Africa (FAO),,2007,411261
Eastern Africa (FAO),,2008,454846.5
Eastern Africa (FAO),,2009,523433.6
Eastern Africa (FAO),,2010,495103.4
Eastern Africa (FAO),,2011,593563.4
Eastern Africa (FAO),,2012,471130.53
Eastern Africa (FAO),,2013,524790.06
Eastern Africa (FAO),,2014,575929.6
Eastern Africa (FAO),,2015,553288.2
Eastern Africa (FAO),,2016,504105.75
Eastern Africa (FAO),,2017,419490.1
Eastern Africa (FAO),,2018,577359.25
Eastern Africa (FAO),,2019,592358.25
Eastern Africa (FAO),,2020,516015.12
Eastern Africa (FAO),,2021,488194.7
Eastern Africa (FAO),,2022,494541.03
Eastern Africa (FAO),,2023,589377.25
Eastern Africa (FAO),,2024,641087.6
Eastern Asia (FAO),,1961,591284
Eastern Asia (FAO),,1962,651802
Eastern Asia (FAO),,1963,722421
Eastern Asia (FAO),,1964,871278
Eastern Asia (FAO),,1965,905354
Eastern Asia (FAO),,1966,1114290
Eastern Asia (FAO),,1967,1181335
Eastern Asia (FAO),,1968,1172440
Eastern Asia (FAO),,1969,1069304
Eastern Asia (FAO),,1970,1053009
Eastern Asia (FAO),,1971,1054772
Eastern Asia (FAO),,1972,1157551
Eastern Asia (FAO),,1973,1276679
Eastern Asia (FAO),,1974,1288111
Eastern Asia (FAO),,1975,1288042
Eastern Asia (FAO),,1976,1325252
Eastern Asia (FAO),,1977,1370428
Eastern Asia (FAO),,1978,1612478
Eastern Asia (FAO),,1979,1269802
Eastern Asia (FAO),,1980,1198653
Eastern Asia (FAO),,1981,1790415
Eastern Asia (FAO),,1982,2507143
Eastern Asia (FAO),,1983,1690699
Eastern Asia (FAO),,1984,2097163
Eastern Asia (FAO),,1985,2698086
Eastern Asia (FAO),,1986,1989246
Eastern Asia (FAO),,1987,2209444
Eastern Asia (FAO),,1988,2975004
Eastern Asia (FAO),,1989,3065659
Eastern Asia (FAO),,1990,2861183
Eastern Asia (FAO),,1991,3257279
Eastern Asia (FAO),,1992,3729901
Eastern Asia (FAO),,1993,3695611
Eastern Asia (FAO),,1994,2492055
Eastern Asia (FAO),,1995,2540938
Eastern Asia (FAO),,1996,3434167.2
Eastern Asia (FAO),,1997,4446345
Eastern Asia (FAO),,1998,2555513
Eastern Asia (FAO),,1999,2671395.2
Eastern Asia (FAO),,2000,2755855
Eastern Asia (FAO),,2001,2538563
Eastern Asia (FAO),,2002,2624254
Eastern Asia (FAO),,2003,2412986
Eastern Asia (FAO),,2004,2564871.5
Eastern Asia (FAO),,2005,2832943
Eastern Asia (FAO),,2006,2882893
Eastern Asia (FAO),,2007,2529952
Eastern Asia (FAO),,2008,2981447
Eastern Asia (FAO),,2009,3211528
Eastern Asia (FAO),,2010,3141138.5
Eastern Asia (FAO),,2011,3295272.5
Eastern Asia (FAO),,2012,3541067.5
Eastern Asia (FAO),,2013,3505858.2
Eastern Asia (FAO),,2014,3126114.5
Eastern Asia (FAO),,2015,2808344.2
Eastern Asia (FAO),,2016,2706710.2
Eastern Asia (FAO),,2017,2525558
Eastern Asia (FAO),,2018,2373763.8
Eastern Asia (FAO),,2019,2743345
Eastern Asia (FAO),,2020,2264084.8
Eastern Asia (FAO),,2021,2260279.2
Eastern Asia (FAO),,2022,2313454
Eastern Asia (FAO),,2023,2422539
Eastern Asia (FAO),,2024,2382113
Eastern Europe (FAO),,1961,276315
Eastern Europe (FAO),,1962,328237
Eastern Europe (FAO),,1963,408684
Eastern Europe (FAO),,1964,554993
Eastern Europe (FAO),,1965,452036
Eastern Europe (FAO),,1966,471345
Eastern Europe (FAO),,1967,520815
Eastern Europe (FAO),,1968,537126
Eastern Europe (FAO),,1969,486784
Eastern Europe (FAO),,1970,518281
Eastern Europe (FAO),,1971,504484
Eastern Europe (FAO),,1972,591629
Eastern Europe (FAO),,1973,595472
Eastern Europe (FAO),,1974,587199
Eastern Europe (FAO),,1975,626255
Eastern Europe (FAO),,1976,693651
Eastern Europe (FAO),,1977,590069
Eastern Europe (FAO),,1978,548577
Eastern Europe (FAO),,1979,593125
Eastern Europe (FAO),,1980,458487
Eastern Europe (FAO),,1981,515768
Eastern Europe (FAO),,1982,615654
Eastern Europe (FAO),,1983,647752
Eastern Europe (FAO),,1984,679688
Eastern Europe (FAO),,1985,671654
Eastern Europe (FAO),,1986,683754
Eastern Europe (FAO),,1987,608998
Eastern Europe (FAO),,1988,509131
Eastern Europe (FAO),,1989,417897
Eastern Europe (FAO),,1990,451510
Eastern Europe (FAO),,1991,383844
Eastern Europe (FAO),,1992,196523
Eastern Europe (FAO),,1993,176849
Eastern Europe (FAO),,1994,164229
Eastern Europe (FAO),,1995,123700
Eastern Europe (FAO),,1996,124110
Eastern Europe (FAO),,1997,150813
Eastern Europe (FAO),,1998,135360
Eastern Europe (FAO),,1999,137830
Eastern Europe (FAO),,2000,114811
Eastern Europe (FAO),,2001,121748
Eastern Europe (FAO),,2002,125931
Eastern Europe (FAO),,2003,112968
Eastern Europe (FAO),,2004,127956
Eastern Europe (FAO),,2005,115184
Eastern Europe (FAO),,2006,88158
Eastern Europe (FAO),,2007,92232
Eastern Europe (FAO),,2008,99625
Eastern Europe (FAO),,2009,103391
Eastern Europe (FAO),,2010,95705
Eastern Europe (FAO),,2011,94273
Eastern Europe (FAO),,2012,77010
Eastern Europe (FAO),,2013,79571
Eastern Europe (FAO),,2014,77203
Eastern Europe (FAO),,2015,61312
Eastern Europe (FAO),,2016,57878
Eastern Europe (FAO),,2017,56723
Eastern Europe (FAO),,2018,51728
Eastern Europe (FAO),,2019,44730.5
Eastern Europe (FAO),,2020,34575.6
Eastern Europe (FAO),,2021,36204.9
Eastern Europe (FAO),,2022,25948.2
Eastern Europe (FAO),,2023,28371.22
Eastern Europe (FAO),,2024,30567.9
Ecuador,ECU,1961,851
Ecuador,ECU,1962,979
Ecuador,ECU,1963,870
Ecuador,ECU,1964,1855
Ecuador,ECU,1965,2399
Ecuador,ECU,1966,1647
Ecuador,ECU,1967,1444
Ecuador,ECU,1968,1231
Ecuador,ECU,1969,1494
Ecuador,ECU,1970,2160
Ecuador,ECU,1971,1665
Ecuador,ECU,1972,1166
Ecuador,ECU,1973,1286
Ecuador,ECU,1974,2251
Ecuador,ECU,1975,2000
Ecuador,ECU,1976,2300
Ecuador,ECU,1977,1890
Ecuador,ECU,1978,2511
Ecuador,ECU,1979,3464
Ecuador,ECU,1980,3277
Ecuador,ECU,1981,3560
Ecuador,ECU,1982,3264
Ecuador,ECU,1983,1764
Ecuador,ECU,1984,4435
Ecuador,ECU,1985,3063
Ecuador,ECU,1986,3517
Ecuador,ECU,1987,3744
Ecuador,ECU,1988,4160
Ecuador,ECU,1989,1967
Ecuador,ECU,1990,2553
Ecuador,ECU,1991,3645
Ecuador,ECU,1992,4876
Ecuador,ECU,1993,3226
Ecuador,ECU,1994,3096
Ecuador,ECU,1995,1625
Ecuador,ECU,1996,1816
Ecuador,ECU,1997,3850
Ecuador,ECU,1998,3461
Ecuador,ECU,1999,3851
Ecuador,ECU,2000,5080
Ecuador,ECU,2001,4924
Ecuador,ECU,2002,7164
Ecuador,ECU,2003,7958
Ecuador,ECU,2004,8350
Ecuador,ECU,2005,7685
Ecuador,ECU,2006,7800
Ecuador,ECU,2007,7900
Ecuador,ECU,2008,8000
Ecuador,ECU,2009,8100
Ecuador,ECU,2010,7910.58
Ecuador,ECU,2011,7961.47
Ecuador,ECU,2012,7824.24
Ecuador,ECU,2013,7731.09
Ecuador,ECU,2014,7308.67
Ecuador,ECU,2015,7071.15
Ecuador,ECU,2016,6830
Ecuador,ECU,2017,4124
Ecuador,ECU,2018,6304
Ecuador,ECU,2019,4602.68
Ecuador,ECU,2020,4772
Ecuador,ECU,2021,10883.13
Ecuador,ECU,2022,10232.31
Ecuador,ECU,2023,20862.45
Ecuador,ECU,2024,9552.74
El Salvador,SLV,1961,900
El Salvador,SLV,1962,1100
El Salvador,SLV,1963,1204
El Salvador,SLV,1964,1183
El Salvador,SLV,1965,1200
El Salvador,SLV,1966,1200
El Salvador,SLV,1967,1100
El Salvador,SLV,1968,1100
El Salvador,SLV,1969,1115
El Salvador,SLV,1970,1130
El Salvador,SLV,1971,1800
El Salvador,SLV,1972,1800
El Salvador,SLV,1973,1865
El Salvador,SLV,1974,1955
El Salvador,SLV,1975,2887
El Salvador,SLV,1976,2249
El Salvador,SLV,1977,2106
El Salvador,SLV,1978,2280
El Salvador,SLV,1979,4025
El Salvador,SLV,1980,4025
El Salvador,SLV,1981,4379
El Salvador,SLV,1982,4363
El Salvador,SLV,1983,4716
El Salvador,SLV,1984,1418
El Salvador,SLV,1985,1256
El Salvador,SLV,1986,1121
El Salvador,SLV,1987,1389
El Salvador,SLV,1988,990
El Salvador,SLV,1989,680
El Salvador,SLV,1990,740
El Salvador,SLV,1991,720
El Salvador,SLV,1992,730
El Salvador,SLV,1993,740
El Salvador,SLV,1994,750
El Salvador,SLV,1995,1240
El Salvador,SLV,1996,1038
El Salvador,SLV,1997,1038
El Salvador,SLV,1998,1038
El Salvador,SLV,1999,1100
El Salvador,SLV,2000,1050
El Salvador,SLV,2001,1100
El Salvador,SLV,2002,1179.31
El Salvador,SLV,2003,1219.78
El Salvador,SLV,2004,1260.42
El Salvador,SLV,2005,1301.08
El Salvador,SLV,2006,1369.25
El Salvador,SLV,2007,1414.25
El Salvador,SLV,2008,1459.23
El Salvador,SLV,2009,1504.27
El Salvador,SLV,2010,1549.45
El Salvador,SLV,2011,1594.85
El Salvador,SLV,2012,1680
El Salvador,SLV,2013,1689.71
El Salvador,SLV,2014,1735.73
El Salvador,SLV,2015,1786.96
El Salvador,SLV,2016,1737.46
El Salvador,SLV,2017,1810.03
El Salvador,SLV,2018,1778.15
El Salvador,SLV,2019,1851.21
El Salvador,SLV,2020,1813.13
El Salvador,SLV,2021,1814.16
El Salvador,SLV,2022,1826.16
El Salvador,SLV,2023,1817.82
El Salvador,SLV,2024,1819.38
Estonia,EST,2018,0
Estonia,EST,2019,0
Estonia,EST,2020,0
Estonia,EST,2021,0
Estonia,EST,2022,0
Estonia,EST,2023,0
Estonia,EST,2024,0
Eswatini,SWZ,1961,198
Eswatini,SWZ,1962,288
Eswatini,SWZ,1963,230
Eswatini,SWZ,1964,273
Eswatini,SWZ,1965,109
Eswatini,SWZ,1966,145
Eswatini,SWZ,1967,163
Eswatini,SWZ,1968,200
Eswatini,SWZ,1969,218
Eswatini,SWZ,1970,276
Eswatini,SWZ,1971,273
Eswatini,SWZ,1972,372
Eswatini,SWZ,1973,375
Eswatini,SWZ,1974,254
Eswatini,SWZ,1975,425
Eswatini,SWZ,1976,441
Eswatini,SWZ,1977,438
Eswatini,SWZ,1978,655
Eswatini,SWZ,1979,198
Eswatini,SWZ,1980,310
Eswatini,SWZ,1981,199
Eswatini,SWZ,1982,200
Eswatini,SWZ,1983,157
Eswatini,SWZ,1984,62
Eswatini,SWZ,1985,53
Eswatini,SWZ,1986,90
Eswatini,SWZ,1987,90
Eswatini,SWZ,1988,63
Eswatini,SWZ,1989,24
Eswatini,SWZ,1990,23
Eswatini,SWZ,1991,40
Eswatini,SWZ,1992,35.26
Eswatini,SWZ,1993,32.11
Eswatini,SWZ,1994,32.06
Eswatini,SWZ,1995,33
Eswatini,SWZ,1996,10
Eswatini,SWZ,1997,16
Eswatini,SWZ,1998,18
Eswatini,SWZ,1999,50
Eswatini,SWZ,2000,71
Eswatini,SWZ,2001,75
Eswatini,SWZ,2002,72.84
Eswatini,SWZ,2003,74.92
Eswatini,SWZ,2004,83.61
Eswatini,SWZ,2005,90.32
Eswatini,SWZ,2006,97.04
Eswatini,SWZ,2007,103.75
Eswatini,SWZ,2008,110.46
Eswatini,SWZ,2009,117.17
Eswatini,SWZ,2010,123.89
Eswatini,SWZ,2011,130.6
Eswatini,SWZ,2012,137.31
Eswatini,SWZ,2013,144.02
Eswatini,SWZ,2014,150.48
Eswatini,SWZ,2015,151.98
Eswatini,SWZ,2016,154.74
Eswatini,SWZ,2017,157.8
Eswatini,SWZ,2018,160.83
Eswatini,SWZ,2019,164.03
Eswatini,SWZ,2020,160.89
Eswatini,SWZ,2021,161.92
Eswatini,SWZ,2022,162.28
Eswatini,SWZ,2023,161.7
Eswatini,SWZ,2024,161.97
Ethiopia,ETH,1993,3928.72
Ethiopia,ETH,1994,3900
Ethiopia,ETH,1995,3500
Ethiopia,ETH,1996,3500
Ethiopia,ETH,1997,3500
Ethiopia,ETH,1998,3385.9
Ethiopia,ETH,1999,3200
Ethiopia,ETH,2000,3300
Ethiopia,ETH,2001,3167.86
Ethiopia,ETH,2002,3000
Ethiopia,ETH,2003,3000
Ethiopia,ETH,2004,3000
Ethiopia,ETH,2005,2890.87
Ethiopia,ETH,2006,2797.25
Ethiopia,ETH,2007,2732.89
Ethiopia,ETH,2008,2666.04
Ethiopia,ETH,2009,2599.19
Ethiopia,ETH,2010,2532.33
Ethiopia,ETH,2011,2465.48
Ethiopia,ETH,2012,2398.63
Ethiopia,ETH,2013,2331.77
Ethiopia,ETH,2014,2266.16
Ethiopia,ETH,2015,2213.39
Ethiopia,ETH,2016,2270.44
Ethiopia,ETH,2017,2184.25
Ethiopia,ETH,2018,2222.69
Ethiopia,ETH,2019,2141.41
Ethiopia,ETH,2020,2182.78
Ethiopia,ETH,2021,2182.3
Ethiopia,ETH,2022,2168.83
Ethiopia,ETH,2023,2177.97
Ethiopia,ETH,2024,2176.37
Ethiopia (former),OWID_ERE,1961,1000
Ethiopia (former),OWID_ERE,1962,1100
Ethiopia (former),OWID_ERE,1963,1400
Ethiopia (former),OWID_ERE,1964,1500
Ethiopia (former),OWID_ERE,1965,1500
Ethiopia (former),OWID_ERE,1966,1500
Ethiopia (former),OWID_ERE,1967,1600
Ethiopia (former),OWID_ERE,1968,1800
Ethiopia (former),OWID_ERE,1969,1800
Ethiopia (former),OWID_ERE,1970,2100
Ethiopia (former),OWID_ERE,1971,2300
Ethiopia (former),OWID_ERE,1972,2600
Ethiopia (former),OWID_ERE,1973,2700
Ethiopia (former),OWID_ERE,1974,2700
Ethiopia (former),OWID_ERE,1975,2700
Ethiopia (former),OWID_ERE,1976,2800
Ethiopia (former),OWID_ERE,1977,2800
Ethiopia (former),OWID_ERE,1978,2700
Ethiopia (former),OWID_ERE,1979,2700
Ethiopia (former),OWID_ERE,1980,2800
Ethiopia (former),OWID_ERE,1981,2800
Ethiopia (former),OWID_ERE,1982,2850
Ethiopia (former),OWID_ERE,1983,2900
Ethiopia (former),OWID_ERE,1984,3000
Ethiopia (former),OWID_ERE,1985,3100
Ethiopia (former),OWID_ERE,1986,3300
Ethiopia (former),OWID_ERE,1987,3400
Ethiopia (former),OWID_ERE,1988,3500
Ethiopia (former),OWID_ERE,1989,4000
Ethiopia (former),OWID_ERE,1990,4000
Ethiopia (former),OWID_ERE,1991,4000
Ethiopia (former),OWID_ERE,1992,2001
Europe,OWID_EUR,1961,496178
Europe,OWID_EUR,1962,603266
Europe,OWID_EUR,1963,773589
Europe,OWID_EUR,1964,954504
Europe,OWID_EUR,1965,839245
Europe,OWID_EUR,1966,817444
Europe,OWID_EUR,1967,908617
Europe,OWID_EUR,1968,873701
Europe,OWID_EUR,1969,796653
Europe,OWID_EUR,1970,851801
Europe,OWID_EUR,1971,824425
Europe,OWID_EUR,1972,943189
Europe,OWID_EUR,1973,964682
Europe,OWID_EUR,1974,933774
Europe,OWID_EUR,1975,1044689
Europe,OWID_EUR,1976,1156547
Europe,OWID_EUR,1977,997642
Europe,OWID_EUR,1978,973781
Europe,OWID_EUR,1979,1053953
Europe,OWID_EUR,1980,880653
Europe,OWID_EUR,1981,971601
Europe,OWID_EUR,1982,1094653
Europe,OWID_EUR,1983,1099761
Europe,OWID_EUR,1984,1203217
Europe,OWID_EUR,1985,1189436
Europe,OWID_EUR,1986,1206496
Europe,OWID_EUR,1987,1114201
Europe,OWID_EUR,1988,993648
Europe,OWID_EUR,1989,927808
Europe,OWID_EUR,1990,949896
Europe,OWID_EUR,1991,892741.8
Europe,OWID_EUR,1992,682258.9
Europe,OWID_EUR,1993,623925.8
Europe,OWID_EUR,1994,557491.25
Europe,OWID_EUR,1995,521505.7
Europe,OWID_EUR,1996,534025.75
Europe,OWID_EUR,1997,566270.06
Europe,OWID_EUR,1998,560243
Europe,OWID_EUR,1999,549295.56
Europe,OWID_EUR,2000,515318.4
Europe,OWID_EUR,2001,531534.75
Europe,OWID_EUR,2002,516683.3
Europe,OWID_EUR,2003,495461.22
Europe,OWID_EUR,2004,499376.47
Europe,OWID_EUR,2005,479482.7
Europe,OWID_EUR,2006,339500
Europe,OWID_EUR,2007,337777.38
Europe,OWID_EUR,2008,323347.62
Europe,OWID_EUR,2009,343250.8
Europe,OWID_EUR,2010,320279.44
Europe,OWID_EUR,2011,294215.47
Europe,OWID_EUR,2012,253543.97
Europe,OWID_EUR,2013,254142.31
Europe,OWID_EUR,2014,270690.47
Europe,OWID_EUR,2015,245138.53
Europe,OWID_EUR,2016,236823.72
Europe,OWID_EUR,2017,234033.6
Europe,OWID_EUR,2018,202983.81
Europe,OWID_EUR,2019,188277.55
Europe,OWID_EUR,2020,167553
Europe,OWID_EUR,2021,171603.98
Europe,OWID_EUR,2022,135730.62
Europe,OWID_EUR,2023,123317.33
Europe,OWID_EUR,2024,137267.06
Europe (FAO),,1961,497955
Europe (FAO),,1962,605407
Europe (FAO),,1963,775583
Europe (FAO),,1964,956005
Europe (FAO),,1965,838956
Europe (FAO),,1966,818480
Europe (FAO),,1967,908751
Europe (FAO),,1968,874624
Europe (FAO),,1969,797372
Europe (FAO),,1970,852991
Europe (FAO),,1971,825611
Europe (FAO),,1972,944421
Europe (FAO),,1973,966569
Europe (FAO),,1974,935279
Europe (FAO),,1975,1046322
Europe (FAO),,1976,1157882
Europe (FAO),,1977,999108
Europe (FAO),,1978,975148
Europe (FAO),,1979,1055521
Europe (FAO),,1980,881445
Europe (FAO),,1981,972855
Europe (FAO),,1982,1096179
Europe (FAO),,1983,1101197
Europe (FAO),,1984,1204707
Europe (FAO),,1985,1190984
Europe (FAO),,1986,1208176
Europe (FAO),,1987,1114897
Europe (FAO),,1988,994899
Europe (FAO),,1989,929022
Europe (FAO),,1990,951045
Europe (FAO),,1991,894141.8
Europe (FAO),,1992,683543.9
Europe (FAO),,1993,625180.8
Europe (FAO),,1994,558647.25
Europe (FAO),,1995,522427.7
Europe (FAO),,1996,535059.75
Europe (FAO),,1997,567034.06
Europe (FAO),,1998,561256
Europe (FAO),,1999,550276.56
Europe (FAO),,2000,514944.4
Europe (FAO),,2001,531177.75
Europe (FAO),,2002,516326.3
Europe (FAO),,2003,495111.22
Europe (FAO),,2004,499026.44
Europe (FAO),,2005,479132.7
Europe (FAO),,2006,339150
Europe (FAO),,2007,337477.38
Europe (FAO),,2008,323297.62
Europe (FAO),,2009,343208.12
Europe (FAO),,2010,320140
Europe (FAO),,2011,294056.75
Europe (FAO),,2012,253399.08
Europe (FAO),,2013,254004.45
Europe (FAO),,2014,270565.62
Europe (FAO),,2015,245012.55
Europe (FAO),,2016,236706.31
Europe (FAO),,2017,233921.1
Europe (FAO),,2018,202983.81
Europe (FAO),,2019,188277.55
Europe (FAO),,2020,167552.98
Europe (FAO),,2021,171603.98
Europe (FAO),,2022,135730.62
Europe (FAO),,2023,123317.33
Europe (FAO),,2024,137267.06
European Union (27),OWID_EU27,1961,334442
European Union (27),OWID_EU27,1962,424140
European Union (27),OWID_EU27,1963,540886
European Union (27),OWID_EU27,1964,635576
European Union (27),OWID_EU27,1965,548995
European Union (27),OWID_EU27,1966,518474
European Union (27),OWID_EU27,1967,574573
European Union (27),OWID_EU27,1968,540512
European Union (27),OWID_EU27,1969,490816
European Union (27),OWID_EU27,1970,519632
European Union (27),OWID_EU27,1971,500726
European Union (27),OWID_EU27,1972,563867
European Union (27),OWID_EU27,1973,566134
European Union (27),OWID_EU27,1974,539244
European Union (27),OWID_EU27,1975,655001
European Union (27),OWID_EU27,1976,743308
European Union (27),OWID_EU27,1977,602038
European Union (27),OWID_EU27,1978,610445
European Union (27),OWID_EU27,1979,672826
European Union (27),OWID_EU27,1980,575612
European Union (27),OWID_EU27,1981,647182
European Union (27),OWID_EU27,1982,687137
European Union (27),OWID_EU27,1983,624423
European Union (27),OWID_EU27,1984,723937
European Union (27),OWID_EU27,1985,699948
European Union (27),OWID_EU27,1986,707345
European Union (27),OWID_EU27,1987,703890
European Union (27),OWID_EU27,1988,676771
European Union (27),OWID_EU27,1989,612859
European Union (27),OWID_EU27,1990,602276
European Union (27),OWID_EU27,1991,605350.8
European Union (27),OWID_EU27,1992,564252.9
European Union (27),OWID_EU27,1993,508791.38
European Union (27),OWID_EU27,1994,469497.28
European Union (27),OWID_EU27,1995,452273.7
European Union (27),OWID_EU27,1996,476411.75
European Union (27),OWID_EU27,1997,493313.06
European Union (27),OWID_EU27,1998,476980.03
European Union (27),OWID_EU27,1999,466309.56
European Union (27),OWID_EU27,2000,441397.4
European Union (27),OWID_EU27,2001,464104.72
European Union (27),OWID_EU27,2002,453361.3
European Union (27),OWID_EU27,2003,447470.22
European Union (27),OWID_EU27,2004,448430.44
European Union (27),OWID_EU27,2005,424931.7
European Union (27),OWID_EU27,2006,290933
European Union (27),OWID_EU27,2007,295390.38
European Union (27),OWID_EU27,2008,285471.62
European Union (27),OWID_EU27,2009,299503.8
European Union (27),OWID_EU27,2010,266629.44
European Union (27),OWID_EU27,2011,246271.48
European Union (27),OWID_EU27,2012,211618.62
European Union (27),OWID_EU27,2013,209990.56
European Union (27),OWID_EU27,2014,226271.5
European Union (27),OWID_EU27,2015,204919.55
European Union (27),OWID_EU27,2016,196229.72
European Union (27),OWID_EU27,2017,197229.7
European Union (27),OWID_EU27,2018,162676
European Union (27),OWID_EU27,2019,147930
European Union (27),OWID_EU27,2020,125940
European Union (27),OWID_EU27,2021,130510
European Union (27),OWID_EU27,2022,98470
European Union (27),OWID_EU27,2023,86370
European Union (27),OWID_EU27,2024,100090
Fiji,FJI,1961,430
Fiji,FJI,1962,430
Fiji,FJI,1963,620
Fiji,FJI,1964,620
Fiji,FJI,1965,700
Fiji,FJI,1966,700
Fiji,FJI,1967,500
Fiji,FJI,1968,780
Fiji,FJI,1969,419
Fiji,FJI,1970,408
Fiji,FJI,1971,408
Fiji,FJI,1972,400
Fiji,FJI,1973,400
Fiji,FJI,1974,400
Fiji,FJI,1975,407
Fiji,FJI,1976,488
Fiji,FJI,1977,538
Fiji,FJI,1978,269
Fiji,FJI,1979,301
Fiji,FJI,1980,413
Fiji,FJI,1981,315
Fiji,FJI,1982,384
Fiji,FJI,1983,322
Fiji,FJI,1984,227
Fiji,FJI,1985,377
Fiji,FJI,1986,293
Fiji,FJI,1987,208
Fiji,FJI,1988,108
Fiji,FJI,1989,164
Fiji,FJI,1990,240
Fiji,FJI,1991,252
Fiji,FJI,1992,279
Fiji,FJI,1993,367
Fiji,FJI,1994,272
Fiji,FJI,1995,136
Fiji,FJI,1996,214
Fiji,FJI,1997,215
Fiji,FJI,1998,167
Fiji,FJI,1999,233
Fiji,FJI,2000,313
Fiji,FJI,2001,390
Fiji,FJI,2002,238
Fiji,FJI,2003,385
Fiji,FJI,2004,224
Fiji,FJI,2005,333
Fiji,FJI,2006,318
Fiji,FJI,2007,266
Fiji,FJI,2008,257
Fiji,FJI,2009,439
Fiji,FJI,2010,452
Fiji,FJI,2011,480
Fiji,FJI,2012,464
Fiji,FJI,2013,490
Fiji,FJI,2014,456.68
Fiji,FJI,2015,440.86
Fiji,FJI,2016,452.92
Fiji,FJI,2017,457.84
Fiji,FJI,2018,465.15
Fiji,FJI,2019,415.91
Fiji,FJI,2020,381.25
Fiji,FJI,2021,324
Fiji,FJI,2022,308
Fiji,FJI,2023,229
Fiji,FJI,2024,259.71
Finland,FIN,2018,0
Finland,FIN,2019,0
Finland,FIN,2020,0
Finland,FIN,2021,0
Finland,FIN,2022,0
Finland,FIN,2023,0
Finland,FIN,2024,0
France,FRA,1961,34238
France,FRA,1962,39379
France,FRA,1963,40615
France,FRA,1964,43381
France,FRA,1965,49015
France,FRA,1966,47130
France,FRA,1967,47097
France,FRA,1968,51717
France,FRA,1969,44454
France,FRA,1970,46537
France,FRA,1971,42962
France,FRA,1972,50077
France,FRA,1973,50439
France,FRA,1974,49366
France,FRA,1975,50988
France,FRA,1976,62050
France,FRA,1977,45744
France,FRA,1978,53990
France,FRA,1979,51800
France,FRA,1980,45981
France,FRA,1981,42380
France,FRA,1982,43000
France,FRA,1983,36200
France,FRA,1984,35530
France,FRA,1985,35790
France,FRA,1986,37520
France,FRA,1987,37620
France,FRA,1988,32606
France,FRA,1989,28568
France,FRA,1990,27632
France,FRA,1991,25248.8
France,FRA,1992,23838.9
France,FRA,1993,24317.1
France,FRA,1994,25541.5
France,FRA,1995,22287.7
France,FRA,1996,22874.9
France,FRA,1997,18697.5
France,FRA,1998,15714.1
France,FRA,1999,16213.3
France,FRA,2000,17719
France,FRA,2001,18428
France,FRA,2002,13998.7
France,FRA,2003,12397.2
France,FRA,2004,9634.3
France,FRA,2005,9824.7
France,FRA,2006,18880
France,FRA,2007,15805
France,FRA,2008,16320.4
France,FRA,2009,17190
France,FRA,2010,18428
France,FRA,2011,13998.7
France,FRA,2012,12397.2
France,FRA,2013,9670
France,FRA,2014,9825
France,FRA,2015,9655
France,FRA,2016,8602.3
France,FRA,2017,7895.7
France,FRA,2018,7046
France,FRA,2019,5320
France,FRA,2020,3530
France,FRA,2021,3320
France,FRA,2022,3170
France,FRA,2023,2920
France,FRA,2024,2650
Georgia,GEO,1992,3900
Georgia,GEO,1993,2205
Georgia,GEO,1994,1600
Georgia,GEO,1995,1000
Georgia,GEO,1996,1000
Georgia,GEO,1997,200
Georgia,GEO,1998,3415
Georgia,GEO,1999,2144
Georgia,GEO,2000,1855
Georgia,GEO,2001,1634
Georgia,GEO,2002,2065
Georgia,GEO,2003,1384
Georgia,GEO,2004,1461
Georgia,GEO,2005,1094
Georgia,GEO,2006,300
Georgia,GEO,2007,100
Georgia,GEO,2008,100
Georgia,GEO,2009,100
Georgia,GEO,2010,221.04
Georgia,GEO,2011,364.13
Georgia,GEO,2012,419.68
Georgia,GEO,2013,419.68
Georgia,GEO,2014,287.9
Georgia,GEO,2015,262.49
Georgia,GEO,2016,273.86
Georgia,GEO,2017,274.75
Georgia,GEO,2018,270.37
Georgia,GEO,2019,272.99
Georgia,GEO,2020,272.7
Georgia,GEO,2021,272.02
Georgia,GEO,2022,272.57
Georgia,GEO,2023,272.43
Georgia,GEO,2024,272.34
Germany,DEU,1961,13210
Germany,DEU,1962,14861
Germany,DEU,1963,18201
Germany,DEU,1964,17528
Germany,DEU,1965,14895
Germany,DEU,1966,15160
Germany,DEU,1967,14910
Germany,DEU,1968,14293
Germany,DEU,1969,13702
Germany,DEU,1970,13953
Germany,DEU,1971,13837
Germany,DEU,1972,15606
Germany,DEU,1973,17618
Germany,DEU,1974,15600
Germany,DEU,1975,14357
Germany,DEU,1976,15428
Germany,DEU,1977,14022
Germany,DEU,1978,12089
Germany,DEU,1979,12856
Germany,DEU,1980,10638
Germany,DEU,1981,11773
Germany,DEU,1982,12004
Germany,DEU,1983,11357
Germany,DEU,1984,12533
Germany,DEU,1985,13768
Germany,DEU,1986,13754
Germany,DEU,1987,11640
Germany,DEU,1988,12811
Germany,DEU,1989,12478
Germany,DEU,1990,10441
Germany,DEU,1991,6889
Germany,DEU,1992,8113
Germany,DEU,1993,8702
Germany,DEU,1994,7742
Germany,DEU,1995,6836
Germany,DEU,1996,8312
Germany,DEU,1997,8504
Germany,DEU,1998,9826
Germany,DEU,1999,11160
Germany,DEU,2000,10985
Germany,DEU,2001,11441
Germany,DEU,2002,11300
Germany,DEU,2003,11625
Germany,DEU,2004,10101
Germany,DEU,2005,10896
Germany,DEU,2006,8515
Germany,DEU,2007,7740
Germany,DEU,2008,8339
Germany,DEU,2009,8223
Germany,DEU,2010,6120
Germany,DEU,2011,4829
Germany,DEU,2012,5000
Germany,DEU,2013,4750
Germany,DEU,2014,6847.17
Germany,DEU,2015,6712.52
Germany,DEU,2016,6396.07
Germany,DEU,2017,6217.59
Ghana,GHA,1961,600
Ghana,GHA,1962,700
Ghana,GHA,1963,793
Ghana,GHA,1964,904
Ghana,GHA,1965,862
Ghana,GHA,1966,610
Ghana,GHA,1967,1219
Ghana,GHA,1968,1118
Ghana,GHA,1969,856
Ghana,GHA,1970,937
Ghana,GHA,1971,1411
Ghana,GHA,1972,1740
Ghana,GHA,1973,2596
Ghana,GHA,1974,3334
Ghana,GHA,1975,2342
Ghana,GHA,1976,2044
Ghana,GHA,1977,400
Ghana,GHA,1978,600
Ghana,GHA,1979,500
Ghana,GHA,1980,500
Ghana,GHA,1981,800
Ghana,GHA,1982,1200
Ghana,GHA,1983,1800
Ghana,GHA,1984,2400
Ghana,GHA,1985,2838
Ghana,GHA,1986,2000
Ghana,GHA,1987,2000
Ghana,GHA,1988,2000
Ghana,GHA,1989,2000
Ghana,GHA,1990,1530
Ghana,GHA,1991,1160
Ghana,GHA,1992,1740
Ghana,GHA,1993,1725
Ghana,GHA,1994,2230
Ghana,GHA,1995,1700
Ghana,GHA,1996,2000
Ghana,GHA,1997,2024
Ghana,GHA,1998,2390
Ghana,GHA,1999,1350
Ghana,GHA,2000,1350
Ghana,GHA,2001,1350
Ghana,GHA,2002,1350
Ghana,GHA,2003,1350
Ghana,GHA,2004,1350
Ghana,GHA,2005,2500
Ghana,GHA,2006,2500
Ghana,GHA,2007,2700
Ghana,GHA,2008,2417.38
Ghana,GHA,2009,2242.41
Ghana,GHA,2010,2339.37
Ghana,GHA,2011,2392.77
Ghana,GHA,2012,2446.16
Ghana,GHA,2013,2499.56
Ghana,GHA,2014,2422.82
Ghana,GHA,2015,2390.42
Ghana,GHA,2016,2432.32
Ghana,GHA,2017,2450.31
Ghana,GHA,2018,2491.66
Ghana,GHA,2019,2503.21
Ghana,GHA,2020,2536.49
Ghana,GHA,2021,2547.97
Ghana,GHA,2022,2528.63
Ghana,GHA,2023,2544.43
Ghana,GHA,2024,2560.24
Greece,GRC,1961,74245
Greece,GRC,1962,89361
Greece,GRC,1963,129000
Greece,GRC,1964,133800
Greece,GRC,1965,125626
Greece,GRC,1966,104061
Greece,GRC,1967,114152
Greece,GRC,1968,89566
Greece,GRC,1969,79818
Greece,GRC,1970,94833
Greece,GRC,1971,88162
Greece,GRC,1972,85664
Greece,GRC,1973,91739
Greece,GRC,1974,82835
Greece,GRC,1975,119138
Greece,GRC,1976,141675
Greece,GRC,1977,119774
Greece,GRC,1978,129000
Greece,GRC,1979,127883
Greece,GRC,1980,117339
Greece,GRC,1981,130900
Greece,GRC,1982,138368
Greece,GRC,1983,115844
Greece,GRC,1984,145260
Greece,GRC,1985,150600
Greece,GRC,1986,161000
Greece,GRC,1987,155000
Greece,GRC,1988,149000
Greece,GRC,1989,133000
Greece,GRC,1990,135685
Greece,GRC,1991,161900
Greece,GRC,1992,186600
Greece,GRC,1993,164903.28
Greece,GRC,1994,141362.77
Greece,GRC,1995,148543
Greece,GRC,1996,149296.05
Greece,GRC,1997,146974.56
Greece,GRC,1998,146477.88
Greece,GRC,1999,144586.77
Greece,GRC,2000,137038.64
Greece,GRC,2001,142011.44
Greece,GRC,2002,133649.3
Greece,GRC,2003,136128.02
Greece,GRC,2004,133946.16
Greece,GRC,2005,124351
Greece,GRC,2006,37405
Greece,GRC,2007,29359.38
Greece,GRC,2008,27062.21
Greece,GRC,2009,26776.27
Greece,GRC,2010,22000
Greece,GRC,2011,23900
Greece,GRC,2012,24000
Greece,GRC,2013,26690
Greece,GRC,2014,40939.6
Greece,GRC,2015,37031.31
Greece,GRC,2016,37864.51
Greece,GRC,2017,32712
Greece,GRC,2018,22730
Greece,GRC,2019,22530
Greece,GRC,2020,20870
Greece,GRC,2021,19370
Greece,GRC,2022,13910
Greece,GRC,2023,12060
Greece,GRC,2024,10210
Guadeloupe,GLP,1961,12
Guadeloupe,GLP,1962,15
Guadeloupe,GLP,1963,15
Guadeloupe,GLP,1964,15
Guadeloupe,GLP,1965,15
Guadeloupe,GLP,1966,18
Guadeloupe,GLP,1967,20
Guadeloupe,GLP,1968,20
Guadeloupe,GLP,1969,25
Guadeloupe,GLP,1970,25
Guadeloupe,GLP,1971,28
Guadeloupe,GLP,1972,15
Guadeloupe,GLP,1973,30
Guadeloupe,GLP,1974,32
Guadeloupe,GLP,1975,29
Guadeloupe,GLP,1976,27
Guadeloupe,GLP,1977,27
Guadeloupe,GLP,1978,26
Guadeloupe,GLP,1979,9
Guadeloupe,GLP,1980,0
Guadeloupe,GLP,1981,0
Guadeloupe,GLP,1982,0
Guadeloupe,GLP,1983,0
Guadeloupe,GLP,1984,0
Guadeloupe,GLP,1985,0
Guadeloupe,GLP,1986,0
Guadeloupe,GLP,1987,0
Guadeloupe,GLP,1988,0
Guadeloupe,GLP,1989,0
Guadeloupe,GLP,1990,0
Guadeloupe,GLP,1991,0
Guadeloupe,GLP,1992,0
Guatemala,GTM,1961,2200
Guatemala,GTM,1962,2200
Guatemala,GTM,1963,3200
Guatemala,GTM,1964,3300
Guatemala,GTM,1965,3600
Guatemala,GTM,1966,3800
Guatemala,GTM,1967,4320
Guatemala,GTM,1968,3990
Guatemala,GTM,1969,4135
Guatemala,GTM,1970,5193
Guatemala,GTM,1971,5340
Guatemala,GTM,1972,6177
Guatemala,GTM,1973,7549
Guatemala,GTM,1974,8786
Guatemala,GTM,1975,8280
Guatemala,GTM,1976,8820
Guatemala,GTM,1977,9300
Guatemala,GTM,1978,10451
Guatemala,GTM,1979,11320
Guatemala,GTM,1980,10497
Guatemala,GTM,1981,6841
Guatemala,GTM,1982,9660
Guatemala,GTM,1983,9048
Guatemala,GTM,1984,10340
Guatemala,GTM,1985,8660
Guatemala,GTM,1986,7371
Guatemala,GTM,1987,10050
Guatemala,GTM,1988,11523
Guatemala,GTM,1989,11886
Guatemala,GTM,1990,11151
Guatemala,GTM,1991,10129
Guatemala,GTM,1992,16530
Guatemala,GTM,1993,20208
Guatemala,GTM,1994,14193
Guatemala,GTM,1995,10720
Guatemala,GTM,1996,17165
Guatemala,GTM,1997,18515
Guatemala,GTM,1998,20440
Guatemala,GTM,1999,16902
Guatemala,GTM,2000,18630
Guatemala,GTM,2001,18116.48
Guatemala,GTM,2002,18524.71
Guatemala,GTM,2003,17395.27
Guatemala,GTM,2004,16166.03
Guatemala,GTM,2005,15843.98
Guatemala,GTM,2006,17585.78
Guatemala,GTM,2007,17771.75
Guatemala,GTM,2008,22053.66
Guatemala,GTM,2009,28004.79
Guatemala,GTM,2010,26907.1
Guatemala,GTM,2011,26194.96
Guatemala,GTM,2012,25555
Guatemala,GTM,2013,26735
Guatemala,GTM,2014,27936.75
Guatemala,GTM,2015,28444.78
Guatemala,GTM,2016,29742.05
Guatemala,GTM,2017,29815.53
Guatemala,GTM,2018,29658.1
Guatemala,GTM,2019,29655.23
Guatemala,GTM,2020,29709.44
Guatemala,GTM,2021,30701.85
Guatemala,GTM,2022,30415.52
Guatemala,GTM,2023,30746.84
Guatemala,GTM,2024,30621.4
Guinea,GIN,1961,1100
Guinea,GIN,1962,1150
Guinea,GIN,1963,1200
Guinea,GIN,1964,1250
Guinea,GIN,1965,1300
Guinea,GIN,1966,1300
Guinea,GIN,1967,1300
Guinea,GIN,1968,1300
Guinea,GIN,1969,1300
Guinea,GIN,1970,1300
Guinea,GIN,1971,1300
Guinea,GIN,1972,1300
Guinea,GIN,1973,1300
Guinea,GIN,1974,1300
Guinea,GIN,1975,1350
Guinea,GIN,1976,1350
Guinea,GIN,1977,1400
Guinea,GIN,1978,1400
Guinea,GIN,1979,1450
Guinea,GIN,1980,1500
Guinea,GIN,1981,1500
Guinea,GIN,1982,1600
Guinea,GIN,1983,1700
Guinea,GIN,1984,1720
Guinea,GIN,1985,1740
Guinea,GIN,1986,1800
Guinea,GIN,1987,1800
Guinea,GIN,1988,1800
Guinea,GIN,1989,1800
Guinea,GIN,1990,2008
Guinea,GIN,1991,2168.55
Guinea,GIN,1992,2176
Guinea,GIN,1993,2183.45
Guinea,GIN,1994,2190.9
Guinea,GIN,1995,2198.34
Guinea,GIN,1996,2205.79
Guinea,GIN,1997,2213.24
Guinea,GIN,1998,2220.69
Guinea,GIN,1999,2228.14
Guinea,GIN,2000,2235.59
Guinea,GIN,2001,2243.03
Guinea,GIN,2002,2250.48
Guinea,GIN,2003,2257.93
Guinea,GIN,2004,2265.38
Guinea,GIN,2005,2251.11
Guinea,GIN,2006,1994.67
Guinea,GIN,2007,1900
Guinea,GIN,2008,2215.05
Guinea,GIN,2009,2321.98
Guinea,GIN,2010,2520
Guinea,GIN,2011,2500
Guinea,GIN,2012,2350
Guinea,GIN,2013,2347.61
Guinea,GIN,2014,2325.35
Guinea,GIN,2015,2338.55
Guinea,GIN,2016,2354.09
Guinea,GIN,2017,2364.21
Guinea,GIN,2018,2361.51
Guinea,GIN,2019,2354.94
Guinea,GIN,2020,2352.4
Guinea,GIN,2021,2376.97
Guinea,GIN,2022,2383.71
Guinea,GIN,2023,2391.43
Guinea,GIN,2024,2399.14
Guyana,GUY,1961,8
Guyana,GUY,1962,10
Guyana,GUY,1963,10
Guyana,GUY,1964,12
Guyana,GUY,1965,28
Guyana,GUY,1966,33
Guyana,GUY,1967,39
Guyana,GUY,1968,81
Guyana,GUY,1969,99
Guyana,GUY,1970,103
Guyana,GUY,1971,136
Guyana,GUY,1972,150
Guyana,GUY,1973,116
Guyana,GUY,1974,115
Guyana,GUY,1975,110
Guyana,GUY,1976,113
Guyana,GUY,1977,90
Guyana,GUY,1978,90
Guyana,GUY,1979,90
Guyana,GUY,1980,100
Guyana,GUY,1981,100
Guyana,GUY,1982,100
Guyana,GUY,1983,141
Guyana,GUY,1984,220
Guyana,GUY,1985,274
Guyana,GUY,1986,125
Guyana,GUY,1987,100
Guyana,GUY,1988,100
Guyana,GUY,1989,100
Guyana,GUY,1990,100
Guyana,GUY,1991,95.83
Guyana,GUY,1992,94.96
Guyana,GUY,1993,94.12
Guyana,GUY,1994,93.31
Guyana,GUY,1995,92.1
Guyana,GUY,1996,91.61
Guyana,GUY,1997,90
Guyana,GUY,1998,90
Guyana,GUY,1999,90
Guyana,GUY,2000,90
Guyana,GUY,2001,90.47
Guyana,GUY,2002,90.45
Guyana,GUY,2003,90.43
Guyana,GUY,2004,90.41
Guyana,GUY,2005,90
Guyana,GUY,2006,90
Guyana,GUY,2007,90
Guyana,GUY,2008,90.85
Guyana,GUY,2009,91.63
Guyana,GUY,2010,92.26
Guyana,GUY,2011,92.93
Guyana,GUY,2012,96
Guyana,GUY,2013,94.08
Guyana,GUY,2014,93.88
Guyana,GUY,2015,95.37
Guyana,GUY,2016,96.32
Guyana,GUY,2017,97.07
Guyana,GUY,2018,97.79
Guyana,GUY,2019,98.44
Guyana,GUY,2020,99.05
Guyana,GUY,2021,99.2
Guyana,GUY,2022,99.82
Guyana,GUY,2023,100.38
Guyana,GUY,2024,100.94
Haiti,HTI,1961,130
Haiti,HTI,1962,130
Haiti,HTI,1963,140
Haiti,HTI,1964,140
Haiti,HTI,1965,150
Haiti,HTI,1966,150
Haiti,HTI,1967,160
Haiti,HTI,1968,160
Haiti,HTI,1969,170
Haiti,HTI,1970,170
Haiti,HTI,1971,180
Haiti,HTI,1972,180
Haiti,HTI,1973,186
Haiti,HTI,1974,213
Haiti,HTI,1975,198
Haiti,HTI,1976,218
Haiti,HTI,1977,347
Haiti,HTI,1978,309
Haiti,HTI,1979,279
Haiti,HTI,1980,386
Haiti,HTI,1981,340
Haiti,HTI,1982,570
Haiti,HTI,1983,680
Haiti,HTI,1984,680
Haiti,HTI,1985,680
Haiti,HTI,1986,680
Haiti,HTI,1987,730
Haiti,HTI,1988,730
Haiti,HTI,1989,730
Haiti,HTI,1990,700
Haiti,HTI,1991,650
Haiti,HTI,1992,600
Haiti,HTI,1993,586.4
Haiti,HTI,1994,550
Haiti,HTI,1995,530
Haiti,HTI,1996,510
Haiti,HTI,1997,550
Haiti,HTI,1998,562.65
Haiti,HTI,1999,561.54
Haiti,HTI,2000,550
Haiti,HTI,2001,500
Haiti,HTI,2002,500
Haiti,HTI,2003,500
Haiti,HTI,2004,550
Haiti,HTI,2005,560
Haiti,HTI,2006,570
Haiti,HTI,2007,780
Haiti,HTI,2008,500
Haiti,HTI,2009,542.86
Haiti,HTI,2010,564.56
Haiti,HTI,2011,569.26
Haiti,HTI,2012,568.46
Haiti,HTI,2013,567.67
Haiti,HTI,2014,561.81
Haiti,HTI,2015,560.69
Haiti,HTI,2016,559.81
Haiti,HTI,2017,559.33
Haiti,HTI,2018,559.05
Haiti,HTI,2019,558.9
Haiti,HTI,2020,558.68
Haiti,HTI,2021,558.3
Haiti,HTI,2022,558.07
Haiti,HTI,2023,557.91
Haiti,HTI,2024,557.74
High-income countries,OWID_HIC,1961,1580930
High-income countries,OWID_HIC,1962,1797983
High-income countries,OWID_HIC,1963,1940941
High-income countries,OWID_HIC,1964,2043432
High-income countries,OWID_HIC,1965,1776460
High-income countries,OWID_HIC,1966,1800332
High-income countries,OWID_HIC,1967,1893620
High-income countries,OWID_HIC,1968,1736621
High-income countries,OWID_HIC,1969,1712476
High-income countries,OWID_HIC,1970,1754193
High-income countries,OWID_HIC,1971,1644288
High-income countries,OWID_HIC,1972,1754070
High-income countries,OWID_HIC,1973,1794858
High-income countries,OWID_HIC,1974,1860707
High-income countries,OWID_HIC,1975,2075689
High-income countries,OWID_HIC,1976,2145950
High-income countries,OWID_HIC,1977,1954898
High-income countries,OWID_HIC,1978,2011525
High-income countries,OWID_HIC,1979,1765330
High-income countries,OWID_HIC,1980,1789011
High-income countries,OWID_HIC,1981,1974640
High-income countries,OWID_HIC,1982,1970368
High-income countries,OWID_HIC,1983,1674389
High-income countries,OWID_HIC,1984,1887252
High-income countries,OWID_HIC,1985,1730399
High-income countries,OWID_HIC,1986,1554480
High-income countries,OWID_HIC,1987,1541318
High-income countries,OWID_HIC,1988,1568218
High-income countries,OWID_HIC,1989,1509806
High-income countries,OWID_HIC,1990,1608042
High-income countries,OWID_HIC,1991,1636376.6
High-income countries,OWID_HIC,1992,1617441.6
High-income countries,OWID_HIC,1993,1546652.5
High-income countries,OWID_HIC,1994,1481688.2
High-income countries,OWID_HIC,1995,1296226.8
High-income countries,OWID_HIC,1996,1401772.8
High-income countries,OWID_HIC,1997,1540913.4
High-income countries,OWID_HIC,1998,1379229.1
High-income countries,OWID_HIC,1999,1289327.5
High-income countries,OWID_HIC,2000,1140505.4
High-income countries,OWID_HIC,2001,1123490
High-income countries,OWID_HIC,2002,1041399.75
High-income countries,OWID_HIC,2003,972716.25
High-income countries,OWID_HIC,2004,1007516.1
High-income countries,OWID_HIC,2005,867618.4
High-income countries,OWID_HIC,2006,755343.6
High-income countries,OWID_HIC,2007,785212.2
High-income countries,OWID_HIC,2008,776083.06
High-income countries,OWID_HIC,2009,796781.06
High-income countries,OWID_HIC,2010,709425.25
High-income countries,OWID_HIC,2011,626150
High-income countries,OWID_HIC,2012,649410.56
High-income countries,OWID_HIC,2013,635579.56
High-income countries,OWID_HIC,2014,716230.1
High-income countries,OWID_HIC,2015,622819.25
High-income countries,OWID_HIC,2016,573738.25
High-income countries,OWID_HIC,2017,609253.94
High-income countries,OWID_HIC,2018,493515.8
High-income countries,OWID_HIC,2019,449400.47
High-income countries,OWID_HIC,2020,381319.62
High-income countries,OWID_HIC,2021,421574.06
High-income countries,OWID_HIC,2022,373973.25
High-income countries,OWID_HIC,2023,357044.4
High-income countries,OWID_HIC,2024,324629.78
Honduras,HND,1961,3592
Honduras,HND,1962,4061
Honduras,HND,1963,4152
Honduras,HND,1964,4214
Honduras,HND,1965,4711
Honduras,HND,1966,4799
Honduras,HND,1967,4711
Honduras,HND,1968,5200
Honduras,HND,1969,5000
Honduras,HND,1970,5434
Honduras,HND,1971,5639
Honduras,HND,1972,5854
Honduras,HND,1973,3817
Honduras,HND,1974,4692
Honduras,HND,1975,5244
Honduras,HND,1976,5934
Honduras,HND,1977,6946
Honduras,HND,1978,6578
Honduras,HND,1979,7485
Honduras,HND,1980,7303
Honduras,HND,1981,7349
Honduras,HND,1982,7394
Honduras,HND,1983,7394
Honduras,HND,1984,5409
Honduras,HND,1985,5273
Honduras,HND,1986,4727
Honduras,HND,1987,4232
Honduras,HND,1988,3636
Honduras,HND,1989,4784
Honduras,HND,1990,5198
Honduras,HND,1991,5000
Honduras,HND,1992,5818
Honduras,HND,1993,5587
Honduras,HND,1994,9366
Honduras,HND,1995,6758
Honduras,HND,1996,4490
Honduras,HND,1997,4400
Honduras,HND,1998,4490
Honduras,HND,1999,4045
Honduras,HND,2000,5035
Honduras,HND,2001,5090
Honduras,HND,2002,5854
Honduras,HND,2003,5954
Honduras,HND,2004,6054
Honduras,HND,2005,6154
Honduras,HND,2006,6441
Honduras,HND,2007,6500
Honduras,HND,2008,6183.74
Honduras,HND,2009,5855.65
Honduras,HND,2010,5855.87
Honduras,HND,2011,5862.09
Honduras,HND,2012,5868.3
Honduras,HND,2013,5874.52
Honduras,HND,2014,5874.64
Honduras,HND,2015,5867.41
Honduras,HND,2016,5873.82
Honduras,HND,2017,5878.18
Honduras,HND,2018,5881.16
Honduras,HND,2019,5883.67
Honduras,HND,2020,5886.21
Honduras,HND,2021,5881.2
Honduras,HND,2022,5850.05
Honduras,HND,2023,5853.11
Honduras,HND,2024,5856.16
Hungary,HUN,1961,17173
Hungary,HUN,1962,18623
Hungary,HUN,1963,26704
Hungary,HUN,1964,28603
Hungary,HUN,1965,18443
Hungary,HUN,1966,19611
Hungary,HUN,1967,23909
Hungary,HUN,1968,26800
Hungary,HUN,1969,27406
Hungary,HUN,1970,17594
Hungary,HUN,1971,16287
Hungary,HUN,1972,17371
Hungary,HUN,1973,19633
Hungary,HUN,1974,16774
Hungary,HUN,1975,16745
Hungary,HUN,1976,19381
Hungary,HUN,1977,24164
Hungary,HUN,1978,21691
Hungary,HUN,1979,25233
Hungary,HUN,1980,14798
Hungary,HUN,1981,22813
Hungary,HUN,1982,24696
Hungary,HUN,1983,20539
Hungary,HUN,1984,20243
Hungary,HUN,1985,20966
Hungary,HUN,1986,21266
Hungary,HUN,1987,19748
Hungary,HUN,1988,16049
Hungary,HUN,1989,14653
Hungary,HUN,1990,13583
Hungary,HUN,1991,17509
Hungary,HUN,1992,13103
Hungary,HUN,1993,11136
Hungary,HUN,1994,12029
Hungary,HUN,1995,11249
Hungary,HUN,1996,10343
Hungary,HUN,1997,10939
Hungary,HUN,1998,12538
Hungary,HUN,1999,15689
Hungary,HUN,2000,10485
Hungary,HUN,2001,8931
Hungary,HUN,2002,11288
Hungary,HUN,2003,11437
Hungary,HUN,2004,11413
Hungary,HUN,2005,11385
Hungary,HUN,2006,9145
Hungary,HUN,2007,6300
Hungary,HUN,2008,9654
Hungary,HUN,2009,6679
Hungary,HUN,2010,8972
Hungary,HUN,2011,10923
Hungary,HUN,2012,9297
Hungary,HUN,2013,8680
Hungary,HUN,2014,9460
Hungary,HUN,2015,7952
Hungary,HUN,2016,8012
Hungary,HUN,2017,7563
Hungary,HUN,2018,6650
Hungary,HUN,2019,6110
Hungary,HUN,2020,5090
Hungary,HUN,2021,5640
Hungary,HUN,2022,3680
Hungary,HUN,2023,4010
Hungary,HUN,2024,4730
India,IND,1961,307000
India,IND,1962,339000
India,IND,1963,341000
India,IND,1964,360000
India,IND,1965,346000
India,IND,1966,293000
India,IND,1967,353400
India,IND,1968,368700
India,IND,1969,361000
India,IND,1970,337100
India,IND,1971,361900
India,IND,1972,418900
India,IND,1973,372200
India,IND,1974,462100
India,IND,1975,363100
India,IND,1976,349800
India,IND,1977,418800
India,IND,1978,493600
India,IND,1979,453800
India,IND,1980,438500
India,IND,1981,480800
India,IND,1982,520100
India,IND,1983,581600
India,IND,1984,492500
India,IND,1985,485900
India,IND,1986,441200
India,IND,1987,461800
India,IND,1988,367400
India,IND,1989,492800
India,IND,1990,551600
India,IND,1991,555900
India,IND,1992,584400
India,IND,1993,596500
India,IND,1994,562900
India,IND,1995,566700
India,IND,1996,535200
India,IND,1997,618000
India,IND,1998,646000
India,IND,1999,736200
India,IND,2000,520000
India,IND,2001,340000
India,IND,2002,550000
India,IND,2003,490000
India,IND,2004,549900
India,IND,2005,549100
India,IND,2006,552200
India,IND,2007,520000
India,IND,2008,490000
India,IND,2009,622830
India,IND,2010,690000
India,IND,2011,830000
India,IND,2012,820000
India,IND,2013,765153.8
India,IND,2014,719419.94
India,IND,2015,738029.06
India,IND,2016,747976.56
India,IND,2017,744410.44
India,IND,2018,744046.44
India,IND,2019,746861.06
India,IND,2020,740127.7
India,IND,2021,731141.7
India,IND,2022,727518.2
India,IND,2023,727360.56
India,IND,2024,727202.9
Indonesia,IDN,1961,85800
Indonesia,IDN,1962,81600
Indonesia,IDN,1963,93900
Indonesia,IDN,1964,48400
Indonesia,IDN,1965,78400
Indonesia,IDN,1966,69800
Indonesia,IDN,1967,60000
Indonesia,IDN,1968,60000
Indonesia,IDN,1969,89200
Indonesia,IDN,1970,76666
Indonesia,IDN,1971,57352
Indonesia,IDN,1972,126558
Indonesia,IDN,1973,76507
Indonesia,IDN,1974,78071
Indonesia,IDN,1975,95665
Indonesia,IDN,1976,89798
Indonesia,IDN,1977,84502
Indonesia,IDN,1978,82466
Indonesia,IDN,1979,120299
Indonesia,IDN,1980,85487
Indonesia,IDN,1981,109646
Indonesia,IDN,1982,106802
Indonesia,IDN,1983,109484
Indonesia,IDN,1984,107825
Indonesia,IDN,1985,160765
Indonesia,IDN,1986,101235
Indonesia,IDN,1987,112691
Indonesia,IDN,1988,116917
Indonesia,IDN,1989,80979
Indonesia,IDN,1990,156432
Indonesia,IDN,1991,140283
Indonesia,IDN,1992,111655
Indonesia,IDN,1993,121370
Indonesia,IDN,1994,130134
Indonesia,IDN,1995,140169
Indonesia,IDN,1996,151025
Indonesia,IDN,1997,136746
Indonesia,IDN,1998,137564
Indonesia,IDN,1999,138000
Indonesia,IDN,2000,204329
Indonesia,IDN,2001,199103
Indonesia,IDN,2002,192083
Indonesia,IDN,2003,200875
Indonesia,IDN,2004,165108
Indonesia,IDN,2005,153470
Indonesia,IDN,2006,146265
Indonesia,IDN,2007,164851
Indonesia,IDN,2008,168037
Indonesia,IDN,2009,176510
Indonesia,IDN,2010,135700
Indonesia,IDN,2011,214600
Indonesia,IDN,2012,260800
Indonesia,IDN,2013,260200
Indonesia,IDN,2014,196300
Indonesia,IDN,2015,193790
Indonesia,IDN,2016,126728
Indonesia,IDN,2017,181142
Indonesia,IDN,2018,195482
Indonesia,IDN,2019,269803.47
Indonesia,IDN,2020,261017
Indonesia,IDN,2021,245338
Indonesia,IDN,2022,221925.05
Indonesia,IDN,2023,286510
Indonesia,IDN,2024,353386
Iran,IRN,1961,18183
Iran,IRN,1962,18800
Iran,IRN,1963,12377
Iran,IRN,1964,19465
Iran,IRN,1965,25157
Iran,IRN,1966,19535
Iran,IRN,1967,22463
Iran,IRN,1968,18599
Iran,IRN,1969,17586
Iran,IRN,1970,16817
Iran,IRN,1971,19274
Iran,IRN,1972,25878
Iran,IRN,1973,15496
Iran,IRN,1974,14000
Iran,IRN,1975,15000
Iran,IRN,1976,19000
Iran,IRN,1977,15000
Iran,IRN,1978,14000
Iran,IRN,1979,20000
Iran,IRN,1980,24000
Iran,IRN,1981,27000
Iran,IRN,1982,25000
Iran,IRN,1983,21051
Iran,IRN,1984,22000
Iran,IRN,1985,28154
Iran,IRN,1986,27749
Iran,IRN,1987,25338
Iran,IRN,1988,20687
Iran,IRN,1989,15393
Iran,IRN,1990,19446
Iran,IRN,1991,20496
Iran,IRN,1992,22162
Iran,IRN,1993,20490
Iran,IRN,1994,9887
Iran,IRN,1995,13847
Iran,IRN,1996,17448
Iran,IRN,1997,24033
Iran,IRN,1998,23283
Iran,IRN,1999,22313
Iran,IRN,2000,20980
Iran,IRN,2001,19849
Iran,IRN,2002,26743.2
Iran,IRN,2003,22195
Iran,IRN,2004,12521
Iran,IRN,2005,22180
Iran,IRN,2006,15479
Iran,IRN,2007,11639.7
Iran,IRN,2008,16703
Iran,IRN,2009,8826
Iran,IRN,2010,14145
Iran,IRN,2011,19232
Iran,IRN,2012,19884
Iran,IRN,2013,18927
Iran,IRN,2014,19038.9
Iran,IRN,2015,23586
Iran,IRN,2016,21000
Iran,IRN,2017,21208.3
Iran,IRN,2018,21931.43
Iran,IRN,2019,21379.91
Iran,IRN,2020,21506.55
Iran,IRN,2021,21605.96
Iran,IRN,2022,21497.47
Iran,IRN,2023,20808.16
Iran,IRN,2024,20947.72
Iraq,IRQ,1961,10698
Iraq,IRQ,1962,8502
Iraq,IRQ,1963,4700
Iraq,IRQ,1964,13500
Iraq,IRQ,1965,10252
Iraq,IRQ,1966,6000
Iraq,IRQ,1967,13326
Iraq,IRQ,1968,15806
Iraq,IRQ,1969,10145
Iraq,IRQ,1970,15825
Iraq,IRQ,1971,18418
Iraq,IRQ,1972,9922
Iraq,IRQ,1973,10697
Iraq,IRQ,1974,13668
Iraq,IRQ,1975,4500
Iraq,IRQ,1976,6718
Iraq,IRQ,1977,7250
Iraq,IRQ,1978,10995
Iraq,IRQ,1979,9400
Iraq,IRQ,1980,9600
Iraq,IRQ,1981,11900
Iraq,IRQ,1982,12300
Iraq,IRQ,1983,14300
Iraq,IRQ,1984,13600
Iraq,IRQ,1985,17000
Iraq,IRQ,1986,12800
Iraq,IRQ,1987,9100
Iraq,IRQ,1988,1800
Iraq,IRQ,1989,3200
Iraq,IRQ,1990,4400
Iraq,IRQ,1991,1020
Iraq,IRQ,1992,2500
Iraq,IRQ,1993,2600
Iraq,IRQ,1994,2450
Iraq,IRQ,1995,2500
Iraq,IRQ,1996,2450
Iraq,IRQ,1997,2500
Iraq,IRQ,1998,2550
Iraq,IRQ,1999,2300
Iraq,IRQ,2000,2250
Iraq,IRQ,2001,2500
Iraq,IRQ,2002,2500
Iraq,IRQ,2003,2500
Iraq,IRQ,2004,2500
Iraq,IRQ,2005,2250
Iraq,IRQ,2006,2250
Iraq,IRQ,2007,2250
Iraq,IRQ,2008,2250
Iraq,IRQ,2009,2250
Iraq,IRQ,2010,2307.54
Iraq,IRQ,2011,2319.05
Iraq,IRQ,2012,2314.48
Iraq,IRQ,2013,2307
Iraq,IRQ,2014,2335.12
Iraq,IRQ,2015,2348.44
Iraq,IRQ,2016,2353.38
Iraq,IRQ,2017,2354.19
Iraq,IRQ,2018,2353.97
Iraq,IRQ,2019,2340
Iraq,IRQ,2020,2340
Iraq,IRQ,2021,2340
Iraq,IRQ,2022,2349.19
Iraq,IRQ,2023,2350.22
Iraq,IRQ,2024,2340.25
Ireland,IRL,2018,0
Ireland,IRL,2021,0
Israel,ISR,1961,2320
Israel,ISR,1962,2235
Israel,ISR,1963,110
Israel,ISR,1964,985
Israel,ISR,1965,1740
Israel,ISR,1966,1950
Israel,ISR,1967,2200
Israel,ISR,1968,1880
Israel,ISR,1969,2150
Israel,ISR,1970,1600
Israel,ISR,1971,1075
Israel,ISR,1972,950
Israel,ISR,1973,780
Israel,ISR,1974,550
Israel,ISR,1975,550
Israel,ISR,1976,800
Israel,ISR,1977,800
Israel,ISR,1978,750
Israel,ISR,1979,700
Israel,ISR,1980,500
Israel,ISR,1981,450
Israel,ISR,1982,500
Israel,ISR,1983,600
Israel,ISR,1984,600
Israel,ISR,1985,600
Israel,ISR,1986,600
Israel,ISR,1987,500
Israel,ISR,1988,280
Israel,ISR,1989,300
Israel,ISR,1990,150
Israel,ISR,1991,30
Israel,ISR,1992,15
Israel,ISR,1993,0
Israel,ISR,1994,0
Israel,ISR,1995,0
Israel,ISR,1996,4.73
Israel,ISR,1997,4.29
Israel,ISR,1998,3.86
Israel,ISR,1999,3.44
Israel,ISR,2000,3.02
Israel,ISR,2001,2.78
Israel,ISR,2002,2.68
Israel,ISR,2003,2.59
Israel,ISR,2004,2.5
Israel,ISR,2005,2.41
Israel,ISR,2006,0
Israel,ISR,2007,2.71
Israel,ISR,2008,4.65
Israel,ISR,2009,5.34
Israel,ISR,2010,5.1
Israel,ISR,2011,4.87
Israel,ISR,2012,4.63
Israel,ISR,2013,4.4
Israel,ISR,2014,4.63
Israel,ISR,2015,4.56
Israel,ISR,2016,4.53
Israel,ISR,2017,4.57
Israel,ISR,2018,4.55
Israel,ISR,2019,4.5
Israel,ISR,2020,4.41
Israel,ISR,2021,3.54
Israel,ISR,2022,4.47
Israel,ISR,2023,4.45
Israel,ISR,2024,4.47
Italy,ITA,1961,24974
Italy,ITA,1962,46320
Italy,ITA,1963,65196
Italy,ITA,1964,78886
Italy,ITA,1965,73452
Italy,ITA,1966,73106
Italy,ITA,1967,86935
Italy,ITA,1968,74129
Italy,ITA,1969,79404
Italy,ITA,1970,78449
Italy,ITA,1971,79274
Italy,ITA,1972,84280
Italy,ITA,1973,93752
Italy,ITA,1974,92700
Italy,ITA,1975,113400
Italy,ITA,1976,108642
Italy,ITA,1977,109672
Italy,ITA,1978,109659
Italy,ITA,1979,136600
Italy,ITA,1980,125543
Italy,ITA,1981,130970
Italy,ITA,1982,145020
Italy,ITA,1983,156024
Italy,ITA,1984,185000
Italy,ITA,1985,166490
Italy,ITA,1986,145700
Italy,ITA,1987,162127
Italy,ITA,1988,184350
Italy,ITA,1989,197318
Italy,ITA,1990,214851
Italy,ITA,1991,193296
Italy,ITA,1992,150855
Italy,ITA,1993,135698
Italy,ITA,1994,120579
Italy,ITA,1995,124492
Italy,ITA,1996,130590
Italy,ITA,1997,130513
Italy,ITA,1998,132509
Italy,ITA,1999,126352
Italy,ITA,2000,129937
Italy,ITA,2001,130487
Italy,ITA,2002,122231
Italy,ITA,2003,124985
Italy,ITA,2004,117882
Italy,ITA,2005,115983
Italy,ITA,2006,96600
Italy,ITA,2007,110000
Italy,ITA,2008,92560
Italy,ITA,2009,97860
Italy,ITA,2010,89112
Italy,ITA,2011,70130
Italy,ITA,2012,50620.3
Italy,ITA,2013,49770.4
Italy,ITA,2014,53925
Italy,ITA,2015,51406
Italy,ITA,2016,48470
Italy,ITA,2017,56397.9
Italy,ITA,2018,49530
Italy,ITA,2019,41860
Italy,ITA,2020,37830
Italy,ITA,2021,41010
Italy,ITA,2022,30850
Italy,ITA,2023,29010
Italy,ITA,2024,33900
Jamaica,JAM,1961,630
Jamaica,JAM,1962,914
Jamaica,JAM,1963,2032
Jamaica,JAM,1964,2540
Jamaica,JAM,1965,1361
Jamaica,JAM,1966,1474
Jamaica,JAM,1967,1474
Jamaica,JAM,1968,1361
Jamaica,JAM,1969,1267
Jamaica,JAM,1970,1179
Jamaica,JAM,1971,1134
Jamaica,JAM,1972,1134
Jamaica,JAM,1973,1130
Jamaica,JAM,1974,1000
Jamaica,JAM,1975,1019
Jamaica,JAM,1976,1197
Jamaica,JAM,1977,778
Jamaica,JAM,1978,893
Jamaica,JAM,1979,1244
Jamaica,JAM,1980,1195
Jamaica,JAM,1981,1844
Jamaica,JAM,1982,1750
Jamaica,JAM,1983,1460
Jamaica,JAM,1984,2360
Jamaica,JAM,1985,1387
Jamaica,JAM,1986,2339
Jamaica,JAM,1987,2339
Jamaica,JAM,1988,2339
Jamaica,JAM,1989,2339
Jamaica,JAM,1990,2339
Jamaica,JAM,1991,2339
Jamaica,JAM,1992,2339
Jamaica,JAM,1993,2350
Jamaica,JAM,1994,2200
Jamaica,JAM,1995,2000
Jamaica,JAM,1996,1940.93
Jamaica,JAM,1997,1800
Jamaica,JAM,1998,1800
Jamaica,JAM,1999,1800
Jamaica,JAM,2000,1837.59
Jamaica,JAM,2001,1848.99
Jamaica,JAM,2002,1861.65
Jamaica,JAM,2003,1901.36
Jamaica,JAM,2004,1919.55
Jamaica,JAM,2005,1935.3
Jamaica,JAM,2006,1975.87
Jamaica,JAM,2007,2000
Jamaica,JAM,2008,1903.01
Jamaica,JAM,2009,1833.82
Jamaica,JAM,2010,1765.46
Jamaica,JAM,2011,1700.64
Jamaica,JAM,2012,1600
Jamaica,JAM,2013,1650
Jamaica,JAM,2014,1673.41
Jamaica,JAM,2015,1623.27
Jamaica,JAM,2016,1576.18
Jamaica,JAM,2017,1624.29
Jamaica,JAM,2018,1666.83
Jamaica,JAM,2019,1687.67
Jamaica,JAM,2020,1705.42
Jamaica,JAM,2021,1660.61
Jamaica,JAM,2022,1664.86
Jamaica,JAM,2023,1662.7
Jamaica,JAM,2024,1659.9
Japan,JPN,1961,126900
Japan,JPN,1962,139700
Japan,JPN,1963,158000
Japan,JPN,1964,212600
Japan,JPN,1965,193000
Japan,JPN,1966,198100
Japan,JPN,1967,209400
Japan,JPN,1968,193900
Japan,JPN,1969,174000
Japan,JPN,1970,150900
Japan,JPN,1971,149600
Japan,JPN,1972,145200
Japan,JPN,1973,157200
Japan,JPN,1974,151300
Japan,JPN,1975,165700
Japan,JPN,1976,176200
Japan,JPN,1977,173200
Japan,JPN,1978,172000
Japan,JPN,1979,153300
Japan,JPN,1980,141400
Japan,JPN,1981,137700
Japan,JPN,1982,139400
Japan,JPN,1983,136700
Japan,JPN,1984,135500
Japan,JPN,1985,116200
Japan,JPN,1986,116800
Japan,JPN,1987,104400
Japan,JPN,1988,85800
Japan,JPN,1989,74400
Japan,JPN,1990,80500
Japan,JPN,1991,69897
Japan,JPN,1992,71380
Japan,JPN,1993,60690
Japan,JPN,1994,71931
Japan,JPN,1995,70391
Japan,JPN,1996,66000
Japan,JPN,1997,68504
Japan,JPN,1998,64000
Japan,JPN,1999,64727
Japan,JPN,2000,60803
Japan,JPN,2001,60600
Japan,JPN,2002,58200
Japan,JPN,2003,50662
Japan,JPN,2004,52659
Japan,JPN,2005,46800
Japan,JPN,2006,37700
Japan,JPN,2007,37800
Japan,JPN,2008,38500
Japan,JPN,2009,36600
Japan,JPN,2010,29300
Japan,JPN,2011,23600
Japan,JPN,2012,19700
Japan,JPN,2013,19800
Japan,JPN,2014,20000
Japan,JPN,2015,18700
Japan,JPN,2016,17900
Japan,JPN,2017,19000
Japan,JPN,2018,16998
Japan,JPN,2019,16798
Japan,JPN,2020,13748
Japan,JPN,2021,14237
Japan,JPN,2022,8782
Japan,JPN,2023,8722
Japan,JPN,2024,8336
Jordan,JOR,1961,2065
Jordan,JOR,1962,1543
Jordan,JOR,1963,542
Jordan,JOR,1964,2160
Jordan,JOR,1965,2100
Jordan,JOR,1966,1614
Jordan,JOR,1967,1663
Jordan,JOR,1968,1751
Jordan,JOR,1969,1986
Jordan,JOR,1970,1162
Jordan,JOR,1971,1347
Jordan,JOR,1972,1643
Jordan,JOR,1973,1116
Jordan,JOR,1974,1874
Jordan,JOR,1975,1072
Jordan,JOR,1976,811
Jordan,JOR,1977,861
Jordan,JOR,1978,1365
Jordan,JOR,1979,1301
Jordan,JOR,1980,3345
Jordan,JOR,1981,3432
Jordan,JOR,1982,3484
Jordan,JOR,1983,6017
Jordan,JOR,1984,2692
Jordan,JOR,1985,2965
Jordan,JOR,1986,1680
Jordan,JOR,1987,2921
Jordan,JOR,1988,3651
Jordan,JOR,1989,2929
Jordan,JOR,1990,2894
Jordan,JOR,1991,1260
Jordan,JOR,1992,3228
Jordan,JOR,1993,3381
Jordan,JOR,1994,1517
Jordan,JOR,1995,4758
Jordan,JOR,1996,1098
Jordan,JOR,1997,2701
Jordan,JOR,1998,2307
Jordan,JOR,1999,561
Jordan,JOR,2000,2668
Jordan,JOR,2001,1262
Jordan,JOR,2002,4268
Jordan,JOR,2003,20
Jordan,JOR,2004,345
Jordan,JOR,2005,58
Jordan,JOR,2006,54
Jordan,JOR,2007,7
Jordan,JOR,2008,16
Jordan,JOR,2009,0
Jordan,JOR,2010,13
Jordan,JOR,2011,53
Jordan,JOR,2012,8
Jordan,JOR,2013,3
Jordan,JOR,2014,7
Jordan,JOR,2015,12
Jordan,JOR,2016,0
Jordan,JOR,2017,18
Jordan,JOR,2018,170
Jordan,JOR,2019,366
Jordan,JOR,2020,296
Jordan,JOR,2021,0
Jordan,JOR,2022,0
Jordan,JOR,2023,322
Jordan,JOR,2024,314
Kazakhstan,KAZ,1992,3700
Kazakhstan,KAZ,1993,4100
Kazakhstan,KAZ,1994,2800
Kazakhstan,KAZ,1995,1700
Kazakhstan,KAZ,1996,1700
Kazakhstan,KAZ,1997,2400
Kazakhstan,KAZ,1998,8700
Kazakhstan,KAZ,1999,8000
Kazakhstan,KAZ,2000,16160
Kazakhstan,KAZ,2001,14722
Kazakhstan,KAZ,2002,15830
Kazakhstan,KAZ,2003,15900
Kazakhstan,KAZ,2004,14310
Kazakhstan,KAZ,2005,15450
Kazakhstan,KAZ,2006,14060
Kazakhstan,KAZ,2007,11030
Kazakhstan,KAZ,2008,8980
Kazakhstan,KAZ,2009,8370
Kazakhstan,KAZ,2010,3210
Kazakhstan,KAZ,2011,2788.5
Kazakhstan,KAZ,2012,2780.8
Kazakhstan,KAZ,2013,2684.2
Kazakhstan,KAZ,2014,1603
Kazakhstan,KAZ,2015,1401
Kazakhstan,KAZ,2016,1010
Kazakhstan,KAZ,2017,1142.5
Kazakhstan,KAZ,2018,1604.46
Kazakhstan,KAZ,2019,1178.55
Kazakhstan,KAZ,2020,1168.25
Kazakhstan,KAZ,2021,1137.64
Kazakhstan,KAZ,2022,1193.1
Kazakhstan,KAZ,2023,1264.59
Kazakhstan,KAZ,2024,128.96
Kenya,KEN,1961,448
Kenya,KEN,1962,356
Kenya,KEN,1963,508
Kenya,KEN,1964,504
Kenya,KEN,1965,382
Kenya,KEN,1966,69
Kenya,KEN,1967,53
Kenya,KEN,1968,80
Kenya,KEN,1969,123
Kenya,KEN,1970,123
Kenya,KEN,1971,161
Kenya,KEN,1972,167
Kenya,KEN,1973,137
Kenya,KEN,1974,139
Kenya,KEN,1975,296
Kenya,KEN,1976,807
Kenya,KEN,1977,1700
Kenya,KEN,1978,1800
Kenya,KEN,1979,2905
Kenya,KEN,1980,2738
Kenya,KEN,1981,3701
Kenya,KEN,1982,5212
Kenya,KEN,1983,6628
Kenya,KEN,1984,8555
Kenya,KEN,1985,5072
Kenya,KEN,1986,5076
Kenya,KEN,1987,7000
Kenya,KEN,1988,8000
Kenya,KEN,1989,10590
Kenya,KEN,1990,8800
Kenya,KEN,1991,10000
Kenya,KEN,1992,9000
Kenya,KEN,1993,10000
Kenya,KEN,1994,8920
Kenya,KEN,1995,13000
Kenya,KEN,1996,15980
Kenya,KEN,1997,21878
Kenya,KEN,1998,11000
Kenya,KEN,1999,16800
Kenya,KEN,2000,17960
Kenya,KEN,2001,19500
Kenya,KEN,2002,20000
Kenya,KEN,2003,19374.57
Kenya,KEN,2004,22000
Kenya,KEN,2005,25000
Kenya,KEN,2006,17605
Kenya,KEN,2007,11153
Kenya,KEN,2008,8519
Kenya,KEN,2009,10260
Kenya,KEN,2010,14156
Kenya,KEN,2011,15345.08
Kenya,KEN,2012,11756.21
Kenya,KEN,2013,10538.42
Kenya,KEN,2014,10766.81
Kenya,KEN,2015,10914.14
Kenya,KEN,2016,10895.46
Kenya,KEN,2017,10423.62
Kenya,KEN,2018,10744.41
Kenya,KEN,2019,10566.92
Kenya,KEN,2020,10533.06
Kenya,KEN,2021,10415.17
Kenya,KEN,2022,9980
Kenya,KEN,2023,12323
Kenya,KEN,2024,12446
Kyrgyzstan,KGZ,1992,43200
Kyrgyzstan,KGZ,1993,48600
Kyrgyzstan,KGZ,1994,36400
Kyrgyzstan,KGZ,1995,17600
Kyrgyzstan,KGZ,1996,17917
Kyrgyzstan,KGZ,1997,25745
Kyrgyzstan,KGZ,1998,28060
Kyrgyzstan,KGZ,1999,29795
Kyrgyzstan,KGZ,2000,34613
Kyrgyzstan,KGZ,2001,24036
Kyrgyzstan,KGZ,2002,6154
Kyrgyzstan,KGZ,2003,8690
Kyrgyzstan,KGZ,2004,12988
Kyrgyzstan,KGZ,2005,13396
Kyrgyzstan,KGZ,2006,13361
Kyrgyzstan,KGZ,2007,14429
Kyrgyzstan,KGZ,2008,13618
Kyrgyzstan,KGZ,2009,12006
Kyrgyzstan,KGZ,2010,9888
Kyrgyzstan,KGZ,2011,9918
Kyrgyzstan,KGZ,2012,7435
Kyrgyzstan,KGZ,2013,6498
Kyrgyzstan,KGZ,2014,4374
Kyrgyzstan,KGZ,2015,1344
Kyrgyzstan,KGZ,2016,469.5
Kyrgyzstan,KGZ,2017,1537
Kyrgyzstan,KGZ,2018,1757
Kyrgyzstan,KGZ,2019,893.4
Kyrgyzstan,KGZ,2020,963.7
Kyrgyzstan,KGZ,2021,1113
Kyrgyzstan,KGZ,2022,1216
Kyrgyzstan,KGZ,2023,1450
Kyrgyzstan,KGZ,2024,972
Land Locked Developing Countries (FAO),,1961,155186
Land Locked Developing Countries (FAO),,1962,164920
Land Locked Developing Countries (FAO),,1963,157957
Land Locked Developing Countries (FAO),,1964,218639
Land Locked Developing Countries (FAO),,1965,197733
Land Locked Developing Countries (FAO),,1966,182104
Land Locked Developing Countries (FAO),,1967,157692
Land Locked Developing Countries (FAO),,1968,137084
Land Locked Developing Countries (FAO),,1969,192612
Land Locked Developing Countries (FAO),,1970,138035
Land Locked Developing Countries (FAO),,1971,157048
Land Locked Developing Countries (FAO),,1972,167508
Land Locked Developing Countries (FAO),,1973,181023
Land Locked Developing Countries (FAO),,1974,182863
Land Locked Developing Countries (FAO),,1975,200137
Land Locked Developing Countries (FAO),,1976,250440
Land Locked Developing Countries (FAO),,1977,246431
Land Locked Developing Countries (FAO),,1978,196453
Land Locked Developing Countries (FAO),,1979,250257
Land Locked Developing Countries (FAO),,1980,236368
Land Locked Developing Countries (FAO),,1981,169892
Land Locked Developing Countries (FAO),,1982,201204
Land Locked Developing Countries (FAO),,1983,224656
Land Locked Developing Countries (FAO),,1984,256071
Land Locked Developing Countries (FAO),,1985,237275
Land Locked Developing Countries (FAO),,1986,226442
Land Locked Developing Countries (FAO),,1987,243766
Land Locked Developing Countries (FAO),,1988,236973
Land Locked Developing Countries (FAO),,1989,264047
Land Locked Developing Countries (FAO),,1990,299198
Land Locked Developing Countries (FAO),,1991,361785.12
Land Locked Developing Countries (FAO),,1992,595773.3
Land Locked Developing Countries (FAO),,1993,611968.06
Land Locked Developing Countries (FAO),,1994,498095.25
Land Locked Developing Countries (FAO),,1995,470731.1
Land Locked Developing Countries (FAO),,1996,464564.53
Land Locked Developing Countries (FAO),,1997,525875.56
Land Locked Developing Countries (FAO),,1998,543718.7
Land Locked Developing Countries (FAO),,1999,471103.78
Land Locked Developing Countries (FAO),,2000,539171.1
Land Locked Developing Countries (FAO),,2001,461557.62
Land Locked Developing Countries (FAO),,2002,388971.94
Land Locked Developing Countries (FAO),,2003,372722.56
Land Locked Developing Countries (FAO),,2004,403949.78
Land Locked Developing Countries (FAO),,2005,410990.47
Land Locked Developing Countries (FAO),,2006,334644.22
Land Locked Developing Countries (FAO),,2007,390637.47
Land Locked Developing Countries (FAO),,2008,435194.8
Land Locked Developing Countries (FAO),,2009,519547
Land Locked Developing Countries (FAO),,2010,519176.16
Land Locked Developing Countries (FAO),,2011,532856.9
Land Locked Developing Countries (FAO),,2012,429549.7
Land Locked Developing Countries (FAO),,2013,482903.6
Land Locked Developing Countries (FAO),,2014,520149.3
Land Locked Developing Countries (FAO),,2015,479675.3
Land Locked Developing Countries (FAO),,2016,459673.3
Land Locked Developing Countries (FAO),,2017,346676.66
Land Locked Developing Countries (FAO),,2018,514240.16
Land Locked Developing Countries (FAO),,2019,464061.84
Land Locked Developing Countries (FAO),,2020,491600.53
Land Locked Developing Countries (FAO),,2021,418115.28
Land Locked Developing Countries (FAO),,2022,407577.78
Land Locked Developing Countries (FAO),,2023,467456.1
Land Locked Developing Countries (FAO),,2024,486241.03
Laos,LAO,1961,10800
Laos,LAO,1962,12000
Laos,LAO,1963,12000
Laos,LAO,1964,18000
Laos,LAO,1965,16200
Laos,LAO,1966,18000
Laos,LAO,1967,24000
Laos,LAO,1968,24000
Laos,LAO,1969,22800
Laos,LAO,1970,22800
Laos,LAO,1971,23400
Laos,LAO,1972,22200
Laos,LAO,1973,24000
Laos,LAO,1974,25200
Laos,LAO,1975,24300
Laos,LAO,1976,37000
Laos,LAO,1977,44000
Laos,LAO,1978,10700
Laos,LAO,1979,33000
Laos,LAO,1980,14600
Laos,LAO,1981,15700
Laos,LAO,1982,18600
Laos,LAO,1983,13000
Laos,LAO,1984,13900
Laos,LAO,1985,9410
Laos,LAO,1986,8400
Laos,LAO,1987,14840
Laos,LAO,1988,17910
Laos,LAO,1989,20100
Laos,LAO,1990,34130
Laos,LAO,1991,30140
Laos,LAO,1992,30560
Laos,LAO,1993,36808
Laos,LAO,1994,34627
Laos,LAO,1995,26643
Laos,LAO,1996,26040
Laos,LAO,1997,28000
Laos,LAO,1998,25600
Laos,LAO,1999,23350
Laos,LAO,2000,39926
Laos,LAO,2001,30081
Laos,LAO,2002,27497
Laos,LAO,2003,25713
Laos,LAO,2004,33000
Laos,LAO,2005,28100
Laos,LAO,2006,24800
Laos,LAO,2007,22880
Laos,LAO,2008,33103
Laos,LAO,2009,48355
Laos,LAO,2010,83795
Laos,LAO,2011,80340
Laos,LAO,2012,75560
Laos,LAO,2013,56755
Laos,LAO,2014,63355
Laos,LAO,2015,63040
Laos,LAO,2016,66800
Laos,LAO,2017,35615
Laos,LAO,2018,54005
Laos,LAO,2019,35565
Laos,LAO,2020,32081.61
Laos,LAO,2021,26238
Laos,LAO,2022,23840
Laos,LAO,2023,30655
Laos,LAO,2024,19300
Latvia,LVA,2018,0
Latvia,LVA,2019,0
Latvia,LVA,2020,0
Latvia,LVA,2021,0
Latvia,LVA,2022,0
Latvia,LVA,2023,0
Latvia,LVA,2024,0
Least Developed Countries (FAO),,1961,131625
Least Developed Countries (FAO),,1962,149820
Least Developed Countries (FAO),,1963,157904
Least Developed Countries (FAO),,1964,169444
Least Developed Countries (FAO),,1965,179680
Least Developed Countries (FAO),,1966,164035
Least Developed Countries (FAO),,1967,185498
Least Developed Countries (FAO),,1968,206745
Least Developed Countries (FAO),,1969,196767
Least Developed Countries (FAO),,1970,196131
Least Developed Countries (FAO),,1971,217816
Least Developed Countries (FAO),,1972,220615
Least Developed Countries (FAO),,1973,223236
Least Developed Countries (FAO),,1974,204152
Least Developed Countries (FAO),,1975,217051
Least Developed Countries (FAO),,1976,248799
Least Developed Countries (FAO),,1977,299399
Least Developed Countries (FAO),,1978,241099
Least Developed Countries (FAO),,1979,256123
Least Developed Countries (FAO),,1980,235097
Least Developed Countries (FAO),,1981,238786
Least Developed Countries (FAO),,1982,247576
Least Developed Countries (FAO),,1983,261045
Least Developed Countries (FAO),,1984,270052
Least Developed Countries (FAO),,1985,271987
Least Developed Countries (FAO),,1986,263318
Least Developed Countries (FAO),,1987,265224
Least Developed Countries (FAO),,1988,251047
Least Developed Countries (FAO),,1989,264269
Least Developed Countries (FAO),,1990,292493
Least Developed Countries (FAO),,1991,323433
Least Developed Countries (FAO),,1992,330537.38
Least Developed Countries (FAO),,1993,345378.12
Least Developed Countries (FAO),,1994,309107.06
Least Developed Countries (FAO),,1995,328080.28
Least Developed Countries (FAO),,1996,351933.44
Least Developed Countries (FAO),,1997,378385.94
Least Developed Countries (FAO),,1998,356175.7
Least Developed Countries (FAO),,1999,306394.56
Least Developed Countries (FAO),,2000,347339.6
Least Developed Countries (FAO),,2001,314991.16
Least Developed Countries (FAO),,2002,338831.56
Least Developed Countries (FAO),,2003,364047.38
Least Developed Countries (FAO),,2004,424940.5
Least Developed Countries (FAO),,2005,467256.94
Least Developed Countries (FAO),,2006,429391.4
Least Developed Countries (FAO),,2007,432328.44
Least Developed Countries (FAO),,2008,496702.3
Least Developed Countries (FAO),,2009,598983.4
Least Developed Countries (FAO),,2010,627224.44
Least Developed Countries (FAO),,2011,693646
Least Developed Countries (FAO),,2012,559991.75
Least Developed Countries (FAO),,2013,579744.5
Least Developed Countries (FAO),,2014,612257.2
Least Developed Countries (FAO),,2015,608660.2
Least Developed Countries (FAO),,2016,556095.8
Least Developed Countries (FAO),,2017,504402.25
Least Developed Countries (FAO),,2018,547279.94
Least Developed Countries (FAO),,2019,645620.06
Least Developed Countries (FAO),,2020,510409.78
Least Developed Countries (FAO),,2021,529384.2
Least Developed Countries (FAO),,2022,507500.66
Least Developed Countries (FAO),,2023,587548.9
Least Developed Countries (FAO),,2024,596644.75
Lebanon,LBN,1961,4000
Lebanon,LBN,1962,4200
Lebanon,LBN,1963,4198
Lebanon,LBN,1964,6000
Lebanon,LBN,1965,5764
Lebanon,LBN,1966,6250
Lebanon,LBN,1967,6378
Lebanon,LBN,1968,6602
Lebanon,LBN,1969,6652
Lebanon,LBN,1970,7190
Lebanon,LBN,1971,8397
Lebanon,LBN,1972,9513
Lebanon,LBN,1973,9876
Lebanon,LBN,1974,9220
Lebanon,LBN,1975,4204
Lebanon,LBN,1976,6039
Lebanon,LBN,1977,4126
Lebanon,LBN,1978,4150
Lebanon,LBN,1979,5000
Lebanon,LBN,1980,5000
Lebanon,LBN,1981,4200
Lebanon,LBN,1982,4078
Lebanon,LBN,1983,4100
Lebanon,LBN,1984,4000
Lebanon,LBN,1985,3500
Lebanon,LBN,1986,3500
Lebanon,LBN,1987,3297
Lebanon,LBN,1988,3073
Lebanon,LBN,1989,2188
Lebanon,LBN,1990,1695
Lebanon,LBN,1991,1478
Lebanon,LBN,1992,1706
Lebanon,LBN,1993,4500
Lebanon,LBN,1994,5403
Lebanon,LBN,1995,8500
Lebanon,LBN,1996,12249
Lebanon,LBN,1997,11530
Lebanon,LBN,1998,11300
Lebanon,LBN,1999,12500
Lebanon,LBN,2000,10800
Lebanon,LBN,2001,12800
Lebanon,LBN,2002,9700
Lebanon,LBN,2003,9900
Lebanon,LBN,2004,11000
Lebanon,LBN,2005,9000
Lebanon,LBN,2006,8600
Lebanon,LBN,2007,9400
Lebanon,LBN,2008,11000
Lebanon,LBN,2009,9300
Lebanon,LBN,2010,10159.88
Lebanon,LBN,2011,10279.83
Lebanon,LBN,2012,10910.66
Lebanon,LBN,2013,10612.97
Lebanon,LBN,2014,10667.89
Lebanon,LBN,2015,10709.27
Lebanon,LBN,2016,10802.3
Lebanon,LBN,2017,10368.94
Lebanon,LBN,2018,10363.05
Lebanon,LBN,2019,10266.9
Lebanon,LBN,2020,10309.34
Lebanon,LBN,2021,10536.45
Lebanon,LBN,2022,10480.11
Lebanon,LBN,2023,10501.12
Lebanon,LBN,2024,10522.13
Libya,LBY,1961,1115
Libya,LBY,1962,1134
Libya,LBY,1963,875
Libya,LBY,1964,719
Libya,LBY,1965,1192
Libya,LBY,1966,1624
Libya,LBY,1967,1338
Libya,LBY,1968,1552
Libya,LBY,1969,1415
Libya,LBY,1970,1615
Libya,LBY,1971,1249
Libya,LBY,1972,1205
Libya,LBY,1973,967
Libya,LBY,1974,1075
Libya,LBY,1975,1357
Libya,LBY,1976,1453
Libya,LBY,1977,1619
Libya,LBY,1978,739
Libya,LBY,1979,900
Libya,LBY,1980,900
Libya,LBY,1981,900
Libya,LBY,1982,920
Libya,LBY,1983,950
Libya,LBY,1984,970
Libya,LBY,1985,1000
Libya,LBY,1986,1000
Libya,LBY,1987,1100
Libya,LBY,1988,1150
Libya,LBY,1989,1200
Libya,LBY,1990,1250
Libya,LBY,1991,1300
Libya,LBY,1992,1250
Libya,LBY,1993,1200
Libya,LBY,1994,1250
Libya,LBY,1995,1300
Libya,LBY,1996,1340
Libya,LBY,1997,1350
Libya,LBY,1998,1400
Libya,LBY,1999,1500
Libya,LBY,2000,1500
Libya,LBY,2001,1500
Libya,LBY,2002,1500
Libya,LBY,2003,1500
Libya,LBY,2004,1500
Libya,LBY,2005,1489.95
Libya,LBY,2006,1487.25
Libya,LBY,2007,1486.74
Libya,LBY,2008,1487.95
Libya,LBY,2009,1491.79
Libya,LBY,2010,1472.38
Libya,LBY,2011,1387.4
Libya,LBY,2012,1305.84
Libya,LBY,2013,1301.44
Libya,LBY,2014,1293.56
Libya,LBY,2015,1284.28
Libya,LBY,2016,1274.82
Libya,LBY,2017,1247.49
Libya,LBY,2018,1220
Libya,LBY,2019,1190
Libya,LBY,2020,1260
Libya,LBY,2021,1270
Libya,LBY,2022,1284.52
Libya,LBY,2023,1231.62
Libya,LBY,2024,1225.64
Lithuania,LTU,2018,0
Lithuania,LTU,2019,0
Lithuania,LTU,2020,0
Lithuania,LTU,2021,0
Lithuania,LTU,2022,0
Lithuania,LTU,2023,0
Lithuania,LTU,2024,0
Low Income Food Deficit Countries (FAO),,1961,198427
Low Income Food Deficit Countries (FAO),,1962,201553
Low Income Food Deficit Countries (FAO),,1963,178081
Low Income Food Deficit Countries (FAO),,1964,255687
Low Income Food Deficit Countries (FAO),,1965,236695
Low Income Food Deficit Countries (FAO),,1966,229046
Low Income Food Deficit Countries (FAO),,1967,194805
Low Income Food Deficit Countries (FAO),,1968,173331
Low Income Food Deficit Countries (FAO),,1969,228761
Low Income Food Deficit Countries (FAO),,1970,180396
Low Income Food Deficit Countries (FAO),,1971,203765
Low Income Food Deficit Countries (FAO),,1972,214823
Low Income Food Deficit Countries (FAO),,1973,222226
Low Income Food Deficit Countries (FAO),,1974,218712
Low Income Food Deficit Countries (FAO),,1975,238497
Low Income Food Deficit Countries (FAO),,1976,273291
Low Income Food Deficit Countries (FAO),,1977,259151
Low Income Food Deficit Countries (FAO),,1978,257576
Low Income Food Deficit Countries (FAO),,1979,293630
Low Income Food Deficit Countries (FAO),,1980,307099
Low Income Food Deficit Countries (FAO),,1981,252127
Low Income Food Deficit Countries (FAO),,1982,278558
Low Income Food Deficit Countries (FAO),,1983,303025
Low Income Food Deficit Countries (FAO),,1984,338234
Low Income Food Deficit Countries (FAO),,1985,320588
Low Income Food Deficit Countries (FAO),,1986,323404
Low Income Food Deficit Countries (FAO),,1987,335877
Low Income Food Deficit Countries (FAO),,1988,331958
Low Income Food Deficit Countries (FAO),,1989,361619
Low Income Food Deficit Countries (FAO),,1990,383110
Low Income Food Deficit Countries (FAO),,1991,459059
Low Income Food Deficit Countries (FAO),,1992,573463.4
Low Income Food Deficit Countries (FAO),,1993,567344.5
Low Income Food Deficit Countries (FAO),,1994,503850.8
Low Income Food Deficit Countries (FAO),,1995,522525.2
Low Income Food Deficit Countries (FAO),,1996,529753.06
Low Income Food Deficit Countries (FAO),,1997,585433.2
Low Income Food Deficit Countries (FAO),,1998,599576.7
Low Income Food Deficit Countries (FAO),,1999,531959.5
Low Income Food Deficit Countries (FAO),,2000,568022.56
Low Income Food Deficit Countries (FAO),,2001,510011.66
Low Income Food Deficit Countries (FAO),,2002,471755.56
Low Income Food Deficit Countries (FAO),,2003,463468.44
Low Income Food Deficit Countries (FAO),,2004,493342.22
Low Income Food Deficit Countries (FAO),,2005,515475.7
Low Income Food Deficit Countries (FAO),,2006,476492.38
Low Income Food Deficit Countries (FAO),,2007,553895.75
Low Income Food Deficit Countries (FAO),,2008,594740.25
Low Income Food Deficit Countries (FAO),,2009,659845.5
Low Income Food Deficit Countries (FAO),,2010,624589.9
Low Income Food Deficit Countries (FAO),,2011,718556.56
Low Income Food Deficit Countries (FAO),,2012,601030.44
Low Income Food Deficit Countries (FAO),,2013,662513.75
Low Income Food Deficit Countries (FAO),,2014,705742.7
Low Income Food Deficit Countries (FAO),,2015,678088.06
Low Income Food Deficit Countries (FAO),,2016,628888.3
Low Income Food Deficit Countries (FAO),,2017,552621.3
Low Income Food Deficit Countries (FAO),,2018,706374.7
Low Income Food Deficit Countries (FAO),,2019,738108.4
Low Income Food Deficit Countries (FAO),,2020,630701.5
Low Income Food Deficit Countries (FAO),,2021,629695.6
Low Income Food Deficit Countries (FAO),,2022,633319.94
Low Income Food Deficit Countries (FAO),,2023,717051.4
Low Income Food Deficit Countries (FAO),,2024,780098
Low-income countries,OWID_LIC,1961,81483
Low-income countries,OWID_LIC,1962,87137
Low-income countries,OWID_LIC,1963,78121
Low-income countries,OWID_LIC,1964,89396
Low-income countries,OWID_LIC,1965,98510
Low-income countries,OWID_LIC,1966,91055
Low-income countries,OWID_LIC,1967,85517
Low-income countries,OWID_LIC,1968,88046
Low-income countries,OWID_LIC,1969,86297
Low-income countries,OWID_LIC,1970,93609
Low-income countries,OWID_LIC,1971,103294
Low-income countries,OWID_LIC,1972,114647
Low-income countries,OWID_LIC,1973,114071
Low-income countries,OWID_LIC,1974,107134
Low-income countries,OWID_LIC,1975,117981
Low-income countries,OWID_LIC,1976,122336
Low-income countries,OWID_LIC,1977,135372
Low-income countries,OWID_LIC,1978,134040
Low-income countries,OWID_LIC,1979,140604
Low-income countries,OWID_LIC,1980,144804
Low-income countries,OWID_LIC,1981,140332
Low-income countries,OWID_LIC,1982,151958
Low-income countries,OWID_LIC,1983,167853
Low-income countries,OWID_LIC,1984,169626
Low-income countries,OWID_LIC,1985,175443
Low-income countries,OWID_LIC,1986,166478
Low-income countries,OWID_LIC,1987,176854
Low-income countries,OWID_LIC,1988,180539
Low-income countries,OWID_LIC,1989,191933
Low-income countries,OWID_LIC,1990,210354
Low-income countries,OWID_LIC,1991,228540.45
Low-income countries,OWID_LIC,1992,251045
Low-income countries,OWID_LIC,1993,245394.81
Low-income countries,OWID_LIC,1994,219291.98
Low-income countries,OWID_LIC,1995,251641.11
Low-income countries,OWID_LIC,1996,259403.48
Low-income countries,OWID_LIC,1997,278409.5
Low-income countries,OWID_LIC,1998,255084.34
Low-income countries,OWID_LIC,1999,225300.2
Low-income countries,OWID_LIC,2000,251785
Low-income countries,OWID_LIC,2001,239424.16
Low-income countries,OWID_LIC,2002,273497.1
Low-income countries,OWID_LIC,2003,286276.94
Low-income countries,OWID_LIC,2004,312359.38
Low-income countries,OWID_LIC,2005,318531.6
Low-income countries,OWID_LIC,2006,324179.22
Low-income countries,OWID_LIC,2007,344360.28
Low-income countries,OWID_LIC,2008,385199.88
Low-income countries,OWID_LIC,2009,424959.16
Low-income countries,OWID_LIC,2010,402169.75
Low-income countries,OWID_LIC,2011,410801
Low-income countries,OWID_LIC,2012,294586.66
Low-income countries,OWID_LIC,2013,377425.25
Low-income countries,OWID_LIC,2014,390860.56
Low-income countries,OWID_LIC,2015,366475
Low-income countries,OWID_LIC,2016,364762.53
Low-income countries,OWID_LIC,2017,346231.88
Low-income countries,OWID_LIC,2018,378661.62
Low-income countries,OWID_LIC,2019,447445.34
Low-income countries,OWID_LIC,2020,351884.25
Low-income countries,OWID_LIC,2021,372747.84
Low-income countries,OWID_LIC,2022,345540.75
Low-income countries,OWID_LIC,2023,361923.78
Low-income countries,OWID_LIC,2024,389512.3
Lower-middle-income countries,OWID_LMC,1961,602196
Lower-middle-income countries,OWID_LMC,1962,657744
Lower-middle-income countries,OWID_LMC,1963,647072
Lower-middle-income countries,OWID_LMC,1964,757013
Lower-middle-income countries,OWID_LMC,1965,720588
Lower-middle-income countries,OWID_LMC,1966,682362
Lower-middle-income countries,OWID_LMC,1967,768809
Lower-middle-income countries,OWID_LMC,1968,769692
Lower-middle-income countries,OWID_LMC,1969,801909
Lower-middle-income countries,OWID_LMC,1970,708537
Lower-middle-income countries,OWID_LMC,1971,763433
Lower-middle-income countries,OWID_LMC,1972,786202
Lower-middle-income countries,OWID_LMC,1973,725191
Lower-middle-income countries,OWID_LMC,1974,810504
Lower-middle-income countries,OWID_LMC,1975,740746
Lower-middle-income countries,OWID_LMC,1976,762731
Lower-middle-income countries,OWID_LMC,1977,849247
Lower-middle-income countries,OWID_LMC,1978,874608
Lower-middle-income countries,OWID_LMC,1979,874703
Lower-middle-income countries,OWID_LMC,1980,850105
Lower-middle-income countries,OWID_LMC,1981,838911
Lower-middle-income countries,OWID_LMC,1982,895965
Lower-middle-income countries,OWID_LMC,1983,958920
Lower-middle-income countries,OWID_LMC,1984,927517
Lower-middle-income countries,OWID_LMC,1985,908570
Lower-middle-income countries,OWID_LMC,1986,862717
Lower-middle-income countries,OWID_LMC,1987,873097
Lower-middle-income countries,OWID_LMC,1988,756400
Lower-middle-income countries,OWID_LMC,1989,904634
Lower-middle-income countries,OWID_LMC,1990,969226
Lower-middle-income countries,OWID_LMC,1991,1047009.56
Lower-middle-income countries,OWID_LMC,1992,1196701.6
Lower-middle-income countries,OWID_LMC,1993,1231056.8
Lower-middle-income countries,OWID_LMC,1994,1152943.4
Lower-middle-income countries,OWID_LMC,1995,1119517.1
Lower-middle-income countries,OWID_LMC,1996,1095850.8
Lower-middle-income countries,OWID_LMC,1997,1234596.8
Lower-middle-income countries,OWID_LMC,1998,1303434.6
Lower-middle-income countries,OWID_LMC,1999,1356486.2
Lower-middle-income countries,OWID_LMC,2000,1172811.8
Lower-middle-income countries,OWID_LMC,2001,910462.56
Lower-middle-income countries,OWID_LMC,2002,1043434.25
Lower-middle-income countries,OWID_LMC,2003,956531.94
Lower-middle-income countries,OWID_LMC,2004,1043869.5
Lower-middle-income countries,OWID_LMC,2005,1099245.2
Lower-middle-income countries,OWID_LMC,2006,1007490.6
Lower-middle-income countries,OWID_LMC,2007,999025.8
Lower-middle-income countries,OWID_LMC,2008,1004252.75
Lower-middle-income countries,OWID_LMC,2009,1215481
Lower-middle-income countries,OWID_LMC,2010,1326505.1
Lower-middle-income countries,OWID_LMC,2011,1526952.6
Lower-middle-income countries,OWID_LMC,2012,1501019.5
Lower-middle-income countries,OWID_LMC,2013,1405528
Lower-middle-income countries,OWID_LMC,2014,1436691.5
Lower-middle-income countries,OWID_LMC,2015,1438844.9
Lower-middle-income countries,OWID_LMC,2016,1386843.2
Lower-middle-income countries,OWID_LMC,2017,1284120
Lower-middle-income countries,OWID_LMC,2018,1429663.9
Lower-middle-income countries,OWID_LMC,2019,1405342.2
Lower-middle-income countries,OWID_LMC,2020,1414628.9
Lower-middle-income countries,OWID_LMC,2021,1395342.8
Lower-middle-income countries,OWID_LMC,2022,1373228.8
Lower-middle-income countries,OWID_LMC,2023,1467041.5
Lower-middle-income countries,OWID_LMC,2024,1515366.8
Luxembourg,LUX,2018,0
Luxembourg,LUX,2019,0
Luxembourg,LUX,2020,0
Luxembourg,LUX,2021,0
Luxembourg,LUX,2022,0
Luxembourg,LUX,2023,0
Luxembourg,LUX,2024,0
Madagascar,MDG,1961,4390
Madagascar,MDG,1962,4200
Madagascar,MDG,1963,4600
Madagascar,MDG,1964,5140
Madagascar,MDG,1965,5405
Madagascar,MDG,1966,4885
Madagascar,MDG,1967,5305
Madagascar,MDG,1968,5450
Madagascar,MDG,1969,5645
Madagascar,MDG,1970,4442
Madagascar,MDG,1971,5900
Madagascar,MDG,1972,5340
Madagascar,MDG,1973,5940
Madagascar,MDG,1974,3615
Madagascar,MDG,1975,4255
Madagascar,MDG,1976,3967
Madagascar,MDG,1977,3197
Madagascar,MDG,1978,3097
Madagascar,MDG,1979,3400
Madagascar,MDG,1980,3576
Madagascar,MDG,1981,3055
Madagascar,MDG,1982,2612
Madagascar,MDG,1983,2140
Madagascar,MDG,1984,3656
Madagascar,MDG,1985,3824
Madagascar,MDG,1986,5455
Madagascar,MDG,1987,4502
Madagascar,MDG,1988,2452
Madagascar,MDG,1989,3930
Madagascar,MDG,1990,4000
Madagascar,MDG,1991,1488
Madagascar,MDG,1992,1500
Madagascar,MDG,1993,2446
Madagascar,MDG,1994,5250
Madagascar,MDG,1995,3985
Madagascar,MDG,1996,3722
Madagascar,MDG,1997,3000
Madagascar,MDG,1998,1100
Madagascar,MDG,1999,1600
Madagascar,MDG,2000,2204
Madagascar,MDG,2001,1393
Madagascar,MDG,2002,1285
Madagascar,MDG,2003,1205
Madagascar,MDG,2004,1707
Madagascar,MDG,2005,1699
Madagascar,MDG,2006,1848
Madagascar,MDG,2007,2117
Madagascar,MDG,2008,2087
Madagascar,MDG,2009,1872.08
Madagascar,MDG,2010,1765.08
Madagascar,MDG,2011,1804.06
Madagascar,MDG,2012,1766.38
Madagascar,MDG,2013,1728.71
Madagascar,MDG,2014,1515.77
Madagascar,MDG,2015,988.43
Madagascar,MDG,2016,911.24
Madagascar,MDG,2017,900.11
Madagascar,MDG,2018,933.26
Madagascar,MDG,2019,914.87
Madagascar,MDG,2020,916.08
Madagascar,MDG,2021,921.4
Madagascar,MDG,2022,917.45
Madagascar,MDG,2023,918.31
Madagascar,MDG,2024,919.05
Malawi,MWI,1961,12202
Malawi,MWI,1962,16420
Malawi,MWI,1963,18008
Malawi,MWI,1964,14923
Malawi,MWI,1965,22816
Malawi,MWI,1966,18597
Malawi,MWI,1967,16193
Malawi,MWI,1968,14515
Malawi,MWI,1969,13082
Malawi,MWI,1970,22250
Malawi,MWI,1971,26438
Malawi,MWI,1972,30662
Malawi,MWI,1973,30481
Malawi,MWI,1974,27291
Malawi,MWI,1975,34926
Malawi,MWI,1976,36980
Malawi,MWI,1977,51842
Malawi,MWI,1978,51627
Malawi,MWI,1979,54293
Malawi,MWI,1980,54123
Malawi,MWI,1981,51031
Malawi,MWI,1982,58627
Malawi,MWI,1983,72428
Malawi,MWI,1984,73328
Malawi,MWI,1985,73379
Malawi,MWI,1986,63539
Malawi,MWI,1987,72507
Malawi,MWI,1988,75023
Malawi,MWI,1989,86327
Malawi,MWI,1990,101028
Malawi,MWI,1991,113374
Malawi,MWI,1992,127213
Malawi,MWI,1993,130400
Malawi,MWI,1994,99300
Malawi,MWI,1995,129400
Malawi,MWI,1996,141662
Malawi,MWI,1997,158113
Malawi,MWI,1998,124550
Malawi,MWI,1999,84555
Malawi,MWI,2000,98675
Malawi,MWI,2001,82544
Malawi,MWI,2002,89401
Malawi,MWI,2003,94312
Malawi,MWI,2004,106187
Malawi,MWI,2005,93598
Malawi,MWI,2006,121600
Malawi,MWI,2007,118000
Malawi,MWI,2008,160238
Malawi,MWI,2009,208155
Malawi,MWI,2010,172922
Malawi,MWI,2011,174928
Malawi,MWI,2012,72551
Malawi,MWI,2013,132849
Malawi,MWI,2014,126348
Malawi,MWI,2015,120479
Malawi,MWI,2016,109151
Malawi,MWI,2017,82964
Malawi,MWI,2018,95356
Malawi,MWI,2019,128207
Malawi,MWI,2020,103245
Malawi,MWI,2021,98692
Malawi,MWI,2022,88579
Malawi,MWI,2023,120056
Malawi,MWI,2024,119957.29
Malaysia,MYS,1961,1806
Malaysia,MYS,1962,2242
Malaysia,MYS,1963,2348
Malaysia,MYS,1964,2469
Malaysia,MYS,1965,2296
Malaysia,MYS,1966,2107
Malaysia,MYS,1967,2105
Malaysia,MYS,1968,1864
Malaysia,MYS,1969,1905
Malaysia,MYS,1970,2625
Malaysia,MYS,1971,3921
Malaysia,MYS,1972,7197
Malaysia,MYS,1973,6027
Malaysia,MYS,1974,7620
Malaysia,MYS,1975,9184
Malaysia,MYS,1976,4669
Malaysia,MYS,1977,7275
Malaysia,MYS,1978,9700
Malaysia,MYS,1979,7535
Malaysia,MYS,1980,9475
Malaysia,MYS,1981,7200
Malaysia,MYS,1982,8620
Malaysia,MYS,1983,8701
Malaysia,MYS,1984,7157
Malaysia,MYS,1985,9542
Malaysia,MYS,1986,14239
Malaysia,MYS,1987,11268
Malaysia,MYS,1988,7442
Malaysia,MYS,1989,13858
Malaysia,MYS,1990,10154
Malaysia,MYS,1991,9216
Malaysia,MYS,1992,11245
Malaysia,MYS,1993,9679
Malaysia,MYS,1994,6087
Malaysia,MYS,1995,10318
Malaysia,MYS,1996,11723
Malaysia,MYS,1997,11241
Malaysia,MYS,1998,11169
Malaysia,MYS,1999,7675
Malaysia,MYS,2000,7172
Malaysia,MYS,2001,8299
Malaysia,MYS,2002,11304
Malaysia,MYS,2003,11690
Malaysia,MYS,2004,12858
Malaysia,MYS,2005,9444
Malaysia,MYS,2006,6062
Malaysia,MYS,2007,6453
Malaysia,MYS,2008,6278
Malaysia,MYS,2009,2473
Malaysia,MYS,2010,3143
Malaysia,MYS,2011,2916
Malaysia,MYS,2012,1972
Malaysia,MYS,2013,418.85
Malaysia,MYS,2014,1768.95
Malaysia,MYS,2015,2139.32
Malaysia,MYS,2016,2195.09
Malaysia,MYS,2017,2034.45
Malaysia,MYS,2018,605.82
Malaysia,MYS,2019,129.66
Malaysia,MYS,2020,211
Malaysia,MYS,2021,172
Malaysia,MYS,2022,73.25
Malaysia,MYS,2023,110
Malaysia,MYS,2024,80
Mali,MLI,1961,700
Mali,MLI,1962,600
Mali,MLI,1963,600
Mali,MLI,1964,600
Mali,MLI,1965,500
Mali,MLI,1966,400
Mali,MLI,1967,300
Mali,MLI,1968,50
Mali,MLI,1969,21
Mali,MLI,1970,150
Mali,MLI,1971,300
Mali,MLI,1972,425
Mali,MLI,1973,533
Mali,MLI,1974,300
Mali,MLI,1975,400
Mali,MLI,1976,400
Mali,MLI,1977,400
Mali,MLI,1978,400
Mali,MLI,1979,550
Mali,MLI,1980,462
Mali,MLI,1981,350
Mali,MLI,1982,250
Mali,MLI,1983,200
Mali,MLI,1984,175
Mali,MLI,1985,400
Mali,MLI,1986,377
Mali,MLI,1987,424
Mali,MLI,1988,471
Mali,MLI,1989,471
Mali,MLI,1990,471
Mali,MLI,1991,471
Mali,MLI,1992,471
Mali,MLI,1993,471
Mali,MLI,1994,692
Mali,MLI,1995,692
Mali,MLI,1996,159
Mali,MLI,1997,160
Mali,MLI,1998,180
Mali,MLI,1999,773
Mali,MLI,2000,446
Mali,MLI,2001,1219
Mali,MLI,2002,1460
Mali,MLI,2003,1004
Mali,MLI,2004,1004
Mali,MLI,2005,536
Mali,MLI,2006,900
Mali,MLI,2007,1191
Mali,MLI,2008,1200
Mali,MLI,2009,1233.34
Mali,MLI,2010,1255.45
Mali,MLI,2011,1330.78
Mali,MLI,2012,1390.66
Mali,MLI,2013,1457.26
Mali,MLI,2014,1548
Mali,MLI,2015,1443.08
Mali,MLI,2016,1874
Mali,MLI,2017,2232
Mali,MLI,2018,1934.77
Mali,MLI,2019,1710
Mali,MLI,2020,1178
Mali,MLI,2021,1274.44
Mali,MLI,2022,1748.39
Mali,MLI,2023,1679.5
Mali,MLI,2024,1709.99
Malta,MLT,2019,0
Malta,MLT,2020,0
Malta,MLT,2021,0
Malta,MLT,2022,0
Malta,MLT,2023,0
Malta,MLT,2024,0
Mauritius,MUS,1961,504
Mauritius,MUS,1962,396
Mauritius,MUS,1963,483
Mauritius,MUS,1964,324
Mauritius,MUS,1965,484
Mauritius,MUS,1966,492
Mauritius,MUS,1967,619
Mauritius,MUS,1968,726
Mauritius,MUS,1969,450
Mauritius,MUS,1970,405
Mauritius,MUS,1971,550
Mauritius,MUS,1972,606
Mauritius,MUS,1973,607
Mauritius,MUS,1974,775
Mauritius,MUS,1975,805
Mauritius,MUS,1976,700
Mauritius,MUS,1977,588
Mauritius,MUS,1978,731
Mauritius,MUS,1979,705
Mauritius,MUS,1980,1152
Mauritius,MUS,1981,1247
Mauritius,MUS,1982,624
Mauritius,MUS,1983,796
Mauritius,MUS,1984,941
Mauritius,MUS,1985,835
Mauritius,MUS,1986,948
Mauritius,MUS,1987,903
Mauritius,MUS,1988,967
Mauritius,MUS,1989,1035
Mauritius,MUS,1990,799
Mauritius,MUS,1991,862
Mauritius,MUS,1992,963
Mauritius,MUS,1993,1015
Mauritius,MUS,1994,1024
Mauritius,MUS,1995,1016
Mauritius,MUS,1996,878
Mauritius,MUS,1997,722
Mauritius,MUS,1998,701
Mauritius,MUS,1999,668
Mauritius,MUS,2000,563
Mauritius,MUS,2001,556
Mauritius,MUS,2002,485
Mauritius,MUS,2003,426
Mauritius,MUS,2004,357
Mauritius,MUS,2005,296
Mauritius,MUS,2006,298
Mauritius,MUS,2007,316
Mauritius,MUS,2008,347
Mauritius,MUS,2009,345
Mauritius,MUS,2010,282
Mauritius,MUS,2011,345
Mauritius,MUS,2012,245
Mauritius,MUS,2013,260
Mauritius,MUS,2014,265
Mauritius,MUS,2015,270
Mauritius,MUS,2016,260
Mauritius,MUS,2017,275
Mauritius,MUS,2018,186.42
Mauritius,MUS,2019,89.78
Mauritius,MUS,2020,0
Mauritius,MUS,2021,0
Mauritius,MUS,2022,0
Mauritius,MUS,2023,0
Mauritius,MUS,2024,0
Melanesia (FAO),,1961,480
Melanesia (FAO),,1962,480
Melanesia (FAO),,1963,675
Melanesia (FAO),,1964,675
Melanesia (FAO),,1965,760
Melanesia (FAO),,1966,760
Melanesia (FAO),,1967,565
Melanesia (FAO),,1968,847
Melanesia (FAO),,1969,489
Melanesia (FAO),,1970,478
Melanesia (FAO),,1971,478
Melanesia (FAO),,1972,470
Melanesia (FAO),,1973,470
Melanesia (FAO),,1974,474
Melanesia (FAO),,1975,483
Melanesia (FAO),,1976,566
Melanesia (FAO),,1977,618
Melanesia (FAO),,1978,351
Melanesia (FAO),,1979,385
Melanesia (FAO),,1980,499
Melanesia (FAO),,1981,403
Melanesia (FAO),,1982,474
Melanesia (FAO),,1983,412
Melanesia (FAO),,1984,317
Melanesia (FAO),,1985,469
Melanesia (FAO),,1986,383
Melanesia (FAO),,1987,298
Melanesia (FAO),,1988,200
Melanesia (FAO),,1989,256
Melanesia (FAO),,1990,325
Melanesia (FAO),,1991,337
Melanesia (FAO),,1992,364
Melanesia (FAO),,1993,452
Melanesia (FAO),,1994,357
Melanesia (FAO),,1995,221
Melanesia (FAO),,1996,299
Melanesia (FAO),,1997,300
Melanesia (FAO),,1998,252
Melanesia (FAO),,1999,318
Melanesia (FAO),,2000,398
Melanesia (FAO),,2001,475
Melanesia (FAO),,2002,323
Melanesia (FAO),,2003,470
Melanesia (FAO),,2004,309
Melanesia (FAO),,2005,418
Melanesia (FAO),,2006,420
Melanesia (FAO),,2007,368
Melanesia (FAO),,2008,359
Melanesia (FAO),,2009,549
Melanesia (FAO),,2010,562.15
Melanesia (FAO),,2011,586.19
Melanesia (FAO),,2012,572.75
Melanesia (FAO),,2013,600.64
Melanesia (FAO),,2014,568.19
Melanesia (FAO),,2015,552.51
Melanesia (FAO),,2016,565.63
Melanesia (FAO),,2017,571.42
Melanesia (FAO),,2018,578.72
Melanesia (FAO),,2019,529.16
Melanesia (FAO),,2020,494.16
Melanesia (FAO),,2021,438.24
Melanesia (FAO),,2022,422.02
Melanesia (FAO),,2023,343.27
Melanesia (FAO),,2024,374.22
Mexico,MEX,1961,66922
Mexico,MEX,1962,67387
Mexico,MEX,1963,67581
Mexico,MEX,1964,67767
Mexico,MEX,1965,58173
Mexico,MEX,1966,56521
Mexico,MEX,1967,45255
Mexico,MEX,1968,48221
Mexico,MEX,1969,68842
Mexico,MEX,1970,68569
Mexico,MEX,1971,77526
Mexico,MEX,1972,61976
Mexico,MEX,1973,60991
Mexico,MEX,1974,72506
Mexico,MEX,1975,68153
Mexico,MEX,1976,67137
Mexico,MEX,1977,55026
Mexico,MEX,1978,69816
Mexico,MEX,1979,71904
Mexico,MEX,1980,93941
Mexico,MEX,1981,57987
Mexico,MEX,1982,71221
Mexico,MEX,1983,53297
Mexico,MEX,1984,41682
Mexico,MEX,1985,47826
Mexico,MEX,1986,63247
Mexico,MEX,1987,50496
Mexico,MEX,1988,62503
Mexico,MEX,1989,50938
Mexico,MEX,1990,33941
Mexico,MEX,1991,29189
Mexico,MEX,1992,21290
Mexico,MEX,1993,64285
Mexico,MEX,1994,59570
Mexico,MEX,1995,27401
Mexico,MEX,1996,42631
Mexico,MEX,1997,32204
Mexico,MEX,1998,48763
Mexico,MEX,1999,50567
Mexico,MEX,2000,45164
Mexico,MEX,2001,40560
Mexico,MEX,2002,21936
Mexico,MEX,2003,22437
Mexico,MEX,2004,21763
Mexico,MEX,2005,16122
Mexico,MEX,2006,19381
Mexico,MEX,2007,13008
Mexico,MEX,2008,11442
Mexico,MEX,2009,7822
Mexico,MEX,2010,6983
Mexico,MEX,2011,9648
Mexico,MEX,2012,15235
Mexico,MEX,2013,15145
Mexico,MEX,2014,15119.44
Mexico,MEX,2015,12998.65
Mexico,MEX,2016,15863.9
Mexico,MEX,2017,17242.69
Mexico,MEX,2018,15181.19
Mexico,MEX,2019,16952.28
Mexico,MEX,2020,14476.46
Mexico,MEX,2021,17823.53
Mexico,MEX,2022,15250.32
Mexico,MEX,2023,18232.75
Mexico,MEX,2024,18578.96
Middle Africa (FAO),,1961,9902
Middle Africa (FAO),,1962,10136
Middle Africa (FAO),,1963,11278
Middle Africa (FAO),,1964,10761
Middle Africa (FAO),,1965,14150
Middle Africa (FAO),,1966,17313
Middle Africa (FAO),,1967,16316
Middle Africa (FAO),,1968,17617
Middle Africa (FAO),,1969,13645
Middle Africa (FAO),,1970,15849
Middle Africa (FAO),,1971,16300
Middle Africa (FAO),,1972,15522
Middle Africa (FAO),,1973,15416
Middle Africa (FAO),,1974,15074
Middle Africa (FAO),,1975,19534
Middle Africa (FAO),,1976,20482
Middle Africa (FAO),,1977,15868
Middle Africa (FAO),,1978,14927
Middle Africa (FAO),,1979,14818
Middle Africa (FAO),,1980,14200
Middle Africa (FAO),,1981,14378
Middle Africa (FAO),,1982,14420
Middle Africa (FAO),,1983,14017
Middle Africa (FAO),,1984,14643
Middle Africa (FAO),,1985,14218
Middle Africa (FAO),,1986,10859
Middle Africa (FAO),,1987,9498
Middle Africa (FAO),,1988,10653
Middle Africa (FAO),,1989,8575
Middle Africa (FAO),,1990,7867
Middle Africa (FAO),,1991,9418.13
Middle Africa (FAO),,1992,9145.68
Middle Africa (FAO),,1993,10065.59
Middle Africa (FAO),,1994,10545.19
Middle Africa (FAO),,1995,11205.25
Middle Africa (FAO),,1996,10220.57
Middle Africa (FAO),,1997,10044.52
Middle Africa (FAO),,1998,10390
Middle Africa (FAO),,1999,13671.61
Middle Africa (FAO),,2000,13246
Middle Africa (FAO),,2001,12286.48
Middle Africa (FAO),,2002,12290
Middle Africa (FAO),,2003,12321.65
Middle Africa (FAO),,2004,12877.59
Middle Africa (FAO),,2005,12785.55
Middle Africa (FAO),,2006,13221.15
Middle Africa (FAO),,2007,13508.49
Middle Africa (FAO),,2008,13324.07
Middle Africa (FAO),,2009,13374.04
Middle Africa (FAO),,2010,13447.95
Middle Africa (FAO),,2011,13488.55
Middle Africa (FAO),,2012,13606.84
Middle Africa (FAO),,2013,14107.35
Middle Africa (FAO),,2014,14507.22
Middle Africa (FAO),,2015,14379.49
Middle Africa (FAO),,2016,13881.32
Middle Africa (FAO),,2017,14097.86
Middle Africa (FAO),,2018,14152.49
Middle Africa (FAO),,2019,13868.66
Middle Africa (FAO),,2020,13898.83
Middle Africa (FAO),,2021,14013.85
Middle Africa (FAO),,2022,13893.9
Middle Africa (FAO),,2023,13912.11
Middle Africa (FAO),,2024,13890.83
Moldova,MDA,1992,42382
Moldova,MDA,1993,50220
Moldova,MDA,1994,41486
Moldova,MDA,1995,27000
Moldova,MDA,1996,19500
Moldova,MDA,1997,23753
Moldova,MDA,1998,24414
Moldova,MDA,1999,22407
Moldova,MDA,2000,25306
Moldova,MDA,2001,16058
Moldova,MDA,2002,11806
Moldova,MDA,2003,6692
Moldova,MDA,2004,7900
Moldova,MDA,2005,6690
Moldova,MDA,2006,4850
Moldova,MDA,2007,3632
Moldova,MDA,2008,3864
Moldova,MDA,2009,4416
Moldova,MDA,2010,7610
Moldova,MDA,2011,5415
Moldova,MDA,2012,2854
Moldova,MDA,2013,2201
Moldova,MDA,2014,1396
Moldova,MDA,2015,1247
Moldova,MDA,2016,850
Moldova,MDA,2017,969
Moldova,MDA,2018,692
Moldova,MDA,2019,462
Moldova,MDA,2020,435
Moldova,MDA,2021,498
Moldova,MDA,2022,66
Moldova,MDA,2023,293
Moldova,MDA,2024,564
Montenegro,MNE,2006,431
Montenegro,MNE,2007,358
Montenegro,MNE,2008,324
Montenegro,MNE,2009,272
Montenegro,MNE,2010,270
Montenegro,MNE,2011,258
Montenegro,MNE,2012,226
Montenegro,MNE,2013,250
Montenegro,MNE,2014,245
Montenegro,MNE,2015,240
Montenegro,MNE,2016,240
Montenegro,MNE,2017,240
Montenegro,MNE,2018,237.88
Montenegro,MNE,2019,234.9
Montenegro,MNE,2020,231.18
Montenegro,MNE,2021,234.65
Montenegro,MNE,2022,233.58
Montenegro,MNE,2023,233.13
Montenegro,MNE,2024,233.79
Morocco,MAR,1961,1800
Morocco,MAR,1962,2110
Morocco,MAR,1963,841
Morocco,MAR,1964,2252
Morocco,MAR,1965,2316
Morocco,MAR,1966,1697
Morocco,MAR,1967,1797
Morocco,MAR,1968,1498
Morocco,MAR,1969,1333
Morocco,MAR,1970,3607
Morocco,MAR,1971,3100
Morocco,MAR,1972,3300
Morocco,MAR,1973,3515
Morocco,MAR,1974,4280
Morocco,MAR,1975,5330
Morocco,MAR,1976,5617
Morocco,MAR,1977,4840
Morocco,MAR,1978,5577
Morocco,MAR,1979,7117
Morocco,MAR,1980,7670
Morocco,MAR,1981,6350
Morocco,MAR,1982,9600
Morocco,MAR,1983,9500
Morocco,MAR,1984,9400
Morocco,MAR,1985,9300
Morocco,MAR,1986,4000
Morocco,MAR,1987,5000
Morocco,MAR,1988,6000
Morocco,MAR,1989,6551
Morocco,MAR,1990,7288
Morocco,MAR,1991,7000
Morocco,MAR,1992,3746
Morocco,MAR,1993,4238
Morocco,MAR,1994,3546
Morocco,MAR,1995,3962
Morocco,MAR,1996,6080
Morocco,MAR,1997,9105
Morocco,MAR,1998,11070
Morocco,MAR,1999,3500
Morocco,MAR,2000,5333
Morocco,MAR,2001,6475
Morocco,MAR,2002,6500
Morocco,MAR,2003,4035
Morocco,MAR,2004,2467
Morocco,MAR,2005,1888
Morocco,MAR,2006,2000
Morocco,MAR,2007,1890
Morocco,MAR,2008,1890
Morocco,MAR,2009,2000
Morocco,MAR,2010,2062.74
Morocco,MAR,2011,1714.07
Morocco,MAR,2012,1459.88
Morocco,MAR,2013,1363.25
Morocco,MAR,2014,1349.28
Morocco,MAR,2015,1235.69
Morocco,MAR,2016,1316.07
Morocco,MAR,2017,1300.35
Morocco,MAR,2018,1236.14
Morocco,MAR,2019,1284.19
Morocco,MAR,2020,1273.56
Morocco,MAR,2021,1264.63
Morocco,MAR,2022,1274.12
Morocco,MAR,2023,1270.77
Morocco,MAR,2024,1269.84
Mozambique,MOZ,1961,2100
Mozambique,MOZ,1962,2400
Mozambique,MOZ,1963,2527
Mozambique,MOZ,1964,2472
Mozambique,MOZ,1965,2483
Mozambique,MOZ,1966,2500
Mozambique,MOZ,1967,2000
Mozambique,MOZ,1968,3500
Mozambique,MOZ,1969,3900
Mozambique,MOZ,1970,4200
Mozambique,MOZ,1971,4500
Mozambique,MOZ,1972,5275
Mozambique,MOZ,1973,4854
Mozambique,MOZ,1974,4504
Mozambique,MOZ,1975,2702
Mozambique,MOZ,1976,2700
Mozambique,MOZ,1977,2700
Mozambique,MOZ,1978,2500
Mozambique,MOZ,1979,2984
Mozambique,MOZ,1980,3000
Mozambique,MOZ,1981,3000
Mozambique,MOZ,1982,3000
Mozambique,MOZ,1983,3000
Mozambique,MOZ,1984,3000
Mozambique,MOZ,1985,3000
Mozambique,MOZ,1986,3000
Mozambique,MOZ,1987,3000
Mozambique,MOZ,1988,3000
Mozambique,MOZ,1989,3000
Mozambique,MOZ,1990,3000
Mozambique,MOZ,1991,3000
Mozambique,MOZ,1992,3424.36
Mozambique,MOZ,1993,3482.87
Mozambique,MOZ,1994,3614.95
Mozambique,MOZ,1995,2900
Mozambique,MOZ,1996,2900
Mozambique,MOZ,1997,2900
Mozambique,MOZ,1998,5046.7
Mozambique,MOZ,1999,3000
Mozambique,MOZ,2000,9470
Mozambique,MOZ,2001,11170
Mozambique,MOZ,2002,25611
Mozambique,MOZ,2003,37051
Mozambique,MOZ,2004,49528
Mozambique,MOZ,2005,65042
Mozambique,MOZ,2006,59041
Mozambique,MOZ,2007,73000
Mozambique,MOZ,2008,64342
Mozambique,MOZ,2009,63000
Mozambique,MOZ,2010,66983
Mozambique,MOZ,2011,70000
Mozambique,MOZ,2012,54450
Mozambique,MOZ,2013,76000
Mozambique,MOZ,2014,97075
Mozambique,MOZ,2015,81756
Mozambique,MOZ,2016,92995
Mozambique,MOZ,2017,94822
Mozambique,MOZ,2018,115148
Mozambique,MOZ,2019,142041
Mozambique,MOZ,2020,67000
Mozambique,MOZ,2021,82515
Mozambique,MOZ,2022,77903
Mozambique,MOZ,2023,65800
Mozambique,MOZ,2024,92343
Myanmar,MMR,1961,30514
Myanmar,MMR,1962,38407
Myanmar,MMR,1963,47207
Myanmar,MMR,1964,45643
Myanmar,MMR,1965,43745
Myanmar,MMR,1966,33247
Myanmar,MMR,1967,41329
Myanmar,MMR,1968,52572
Myanmar,MMR,1969,45718
Myanmar,MMR,1970,41048
Myanmar,MMR,1971,43541
Myanmar,MMR,1972,54514
Myanmar,MMR,1973,53139
Myanmar,MMR,1974,33734
Myanmar,MMR,1975,38614
Myanmar,MMR,1976,46309
Myanmar,MMR,1977,62299
Myanmar,MMR,1978,58744
Myanmar,MMR,1979,51480
Myanmar,MMR,1980,53343
Myanmar,MMR,1981,53257
Myanmar,MMR,1982,51821
Myanmar,MMR,1983,58048
Myanmar,MMR,1984,64804
Myanmar,MMR,1985,69384
Myanmar,MMR,1986,74122
Myanmar,MMR,1987,70100
Myanmar,MMR,1988,48758
Myanmar,MMR,1989,50303
Myanmar,MMR,1990,40000
Myanmar,MMR,1991,55400
Myanmar,MMR,1992,51600
Myanmar,MMR,1993,51000
Myanmar,MMR,1994,37000
Myanmar,MMR,1995,43300
Myanmar,MMR,1996,50500
Myanmar,MMR,1997,50500
Myanmar,MMR,1998,45900
Myanmar,MMR,1999,50900
Myanmar,MMR,2000,53700
Myanmar,MMR,2001,47500
Myanmar,MMR,2002,33400
Myanmar,MMR,2003,37380
Myanmar,MMR,2004,45000
Myanmar,MMR,2005,45500
Myanmar,MMR,2006,28000
Myanmar,MMR,2007,20100
Myanmar,MMR,2008,28200
Myanmar,MMR,2009,68300
Myanmar,MMR,2010,59600
Myanmar,MMR,2011,28400
Myanmar,MMR,2012,29300
Myanmar,MMR,2013,27100
Myanmar,MMR,2014,28600
Myanmar,MMR,2015,28635
Myanmar,MMR,2016,27352
Myanmar,MMR,2017,27352
Myanmar,MMR,2018,26174
Myanmar,MMR,2019,28019
Myanmar,MMR,2020,32352
Myanmar,MMR,2021,29556
Myanmar,MMR,2022,28085
Myanmar,MMR,2023,26828.45
Myanmar,MMR,2024,26643.57
Nepal,NPL,1961,5100
Nepal,NPL,1962,5200
Nepal,NPL,1963,5300
Nepal,NPL,1964,5400
Nepal,NPL,1965,9330
Nepal,NPL,1966,8820
Nepal,NPL,1967,5300
Nepal,NPL,1968,6400
Nepal,NPL,1969,6600
Nepal,NPL,1970,6700
Nepal,NPL,1971,6905
Nepal,NPL,1972,6905
Nepal,NPL,1973,7041
Nepal,NPL,1974,3750
Nepal,NPL,1975,4791
Nepal,NPL,1976,4830
Nepal,NPL,1977,5132
Nepal,NPL,1978,6030
Nepal,NPL,1979,5490
Nepal,NPL,1980,5500
Nepal,NPL,1981,5490
Nepal,NPL,1982,4820
Nepal,NPL,1983,6640
Nepal,NPL,1984,6880
Nepal,NPL,1985,6430
Nepal,NPL,1986,4680
Nepal,NPL,1987,4890
Nepal,NPL,1988,4460
Nepal,NPL,1989,5380
Nepal,NPL,1990,6600
Nepal,NPL,1991,6980
Nepal,NPL,1992,6005
Nepal,NPL,1993,6020
Nepal,NPL,1994,7000
Nepal,NPL,1995,5447
Nepal,NPL,1996,5510
Nepal,NPL,1997,4480
Nepal,NPL,1998,4560
Nepal,NPL,1999,3911
Nepal,NPL,2000,3809
Nepal,NPL,2001,3973
Nepal,NPL,2002,3763
Nepal,NPL,2003,3460
Nepal,NPL,2004,3310
Nepal,NPL,2005,3016
Nepal,NPL,2006,2718
Nepal,NPL,2007,2648
Nepal,NPL,2008,2614
Nepal,NPL,2009,2497
Nepal,NPL,2010,2491
Nepal,NPL,2011,1238
Nepal,NPL,2012,2557
Nepal,NPL,2013,2430
Nepal,NPL,2014,2329
Nepal,NPL,2015,2227
Nepal,NPL,2016,618
Nepal,NPL,2017,1724.67
Nepal,NPL,2018,1454.47
Nepal,NPL,2019,1222.23
Nepal,NPL,2020,1467.12
Nepal,NPL,2021,1381.28
Nepal,NPL,2022,1356.88
Nepal,NPL,2023,1401.76
Nepal,NPL,2024,1379.97
Net Food Importing Developing Countries (FAO),,1961,299328
Net Food Importing Developing Countries (FAO),,1962,324110
Net Food Importing Developing Countries (FAO),,1963,336364
Net Food Importing Developing Countries (FAO),,1964,349716
Net Food Importing Developing Countries (FAO),,1965,349430
Net Food Importing Developing Countries (FAO),,1966,384490
Net Food Importing Developing Countries (FAO),,1967,429280
Net Food Importing Developing Countries (FAO),,1968,440891
Net Food Importing Developing Countries (FAO),,1969,416079
Net Food Importing Developing Countries (FAO),,1970,407371
Net Food Importing Developing Countries (FAO),,1971,422094
Net Food Importing Developing Countries (FAO),,1972,418036
Net Food Importing Developing Countries (FAO),,1973,417239
Net Food Importing Developing Countries (FAO),,1974,397869
Net Food Importing Developing Countries (FAO),,1975,419703
Net Food Importing Developing Countries (FAO),,1976,455367
Net Food Importing Developing Countries (FAO),,1977,499500
Net Food Importing Developing Countries (FAO),,1978,462737
Net Food Importing Developing Countries (FAO),,1979,466807
Net Food Importing Developing Countries (FAO),,1980,427005
Net Food Importing Developing Countries (FAO),,1981,471946
Net Food Importing Developing Countries (FAO),,1982,471461
Net Food Importing Developing Countries (FAO),,1983,464584
Net Food Importing Developing Countries (FAO),,1984,492804
Net Food Importing Developing Countries (FAO),,1985,501520
Net Food Importing Developing Countries (FAO),,1986,474932
Net Food Importing Developing Countries (FAO),,1987,464955
Net Food Importing Developing Countries (FAO),,1988,452307
Net Food Importing Developing Countries (FAO),,1989,475341
Net Food Importing Developing Countries (FAO),,1990,484738
Net Food Importing Developing Countries (FAO),,1991,518975
Net Food Importing Developing Countries (FAO),,1992,540183.5
Net Food Importing Developing Countries (FAO),,1993,559566.25
Net Food Importing Developing Countries (FAO),,1994,514170.38
Net Food Importing Developing Countries (FAO),,1995,534846.25
Net Food Importing Developing Countries (FAO),,1996,568149.3
Net Food Importing Developing Countries (FAO),,1997,622977.7
Net Food Importing Developing Countries (FAO),,1998,619173.5
Net Food Importing Developing Countries (FAO),,1999,538255.9
Net Food Importing Developing Countries (FAO),,2000,565714.5
Net Food Importing Developing Countries (FAO),,2001,508581.84
Net Food Importing Developing Countries (FAO),,2002,546375.1
Net Food Importing Developing Countries (FAO),,2003,544694.9
Net Food Importing Developing Countries (FAO),,2004,608360.75
Net Food Importing Developing Countries (FAO),,2005,664722.1
Net Food Importing Developing Countries (FAO),,2006,636596.1
Net Food Importing Developing Countries (FAO),,2007,621824.94
Net Food Importing Developing Countries (FAO),,2008,678252.94
Net Food Importing Developing Countries (FAO),,2009,787949.06
Net Food Importing Developing Countries (FAO),,2010,822756.25
Net Food Importing Developing Countries (FAO),,2011,874101.4
Net Food Importing Developing Countries (FAO),,2012,729211.56
Net Food Importing Developing Countries (FAO),,2013,765217.6
Net Food Importing Developing Countries (FAO),,2014,814456.1
Net Food Importing Developing Countries (FAO),,2015,807330.8
Net Food Importing Developing Countries (FAO),,2016,745176.3
Net Food Importing Developing Countries (FAO),,2017,690243.44
Net Food Importing Developing Countries (FAO),,2018,735311.75
Net Food Importing Developing Countries (FAO),,2019,832730.56
Net Food Importing Developing Countries (FAO),,2020,729273.8
Net Food Importing Developing Countries (FAO),,2021,776853
Net Food Importing Developing Countries (FAO),,2022,714737.56
Net Food Importing Developing Countries (FAO),,2023,812459.7
Net Food Importing Developing Countries (FAO),,2024,858098.44
Netherlands,NLD,2018,0
Netherlands,NLD,2019,0
Netherlands,NLD,2020,0
Netherlands,NLD,2021,0
Netherlands,NLD,2022,0
Netherlands,NLD,2023,0
Netherlands,NLD,2024,0
New Zealand,NZL,1961,3074
New Zealand,NZL,1962,4231
New Zealand,NZL,1963,4059
New Zealand,NZL,1964,4255
New Zealand,NZL,1965,4482
New Zealand,NZL,1966,3122
New Zealand,NZL,1967,2502
New Zealand,NZL,1968,2791
New Zealand,NZL,1969,3449
New Zealand,NZL,1970,3248
New Zealand,NZL,1971,3888
New Zealand,NZL,1972,3327
New Zealand,NZL,1973,3045
New Zealand,NZL,1974,3238
New Zealand,NZL,1975,3004
New Zealand,NZL,1976,3349
New Zealand,NZL,1977,2719
New Zealand,NZL,1978,3559
New Zealand,NZL,1979,3750
New Zealand,NZL,1980,3250
New Zealand,NZL,1981,2290
New Zealand,NZL,1982,1530
New Zealand,NZL,1983,1700
New Zealand,NZL,1984,1750
New Zealand,NZL,1985,1950
New Zealand,NZL,1986,1200
New Zealand,NZL,1987,2027
New Zealand,NZL,1988,1455
New Zealand,NZL,1989,900
New Zealand,NZL,1990,825
New Zealand,NZL,1991,900
New Zealand,NZL,1992,850
New Zealand,NZL,1993,850
New Zealand,NZL,1994,500
New Zealand,NZL,1995,200
New Zealand,NZL,1996,0
New Zealand,NZL,1997,0
New Zealand,NZL,1998,0
Nicaragua,NIC,1961,700
Nicaragua,NIC,1962,600
Nicaragua,NIC,1963,700
Nicaragua,NIC,1964,800
Nicaragua,NIC,1965,900
Nicaragua,NIC,1966,1000
Nicaragua,NIC,1967,1400
Nicaragua,NIC,1968,1500
Nicaragua,NIC,1969,1900
Nicaragua,NIC,1970,1845
Nicaragua,NIC,1971,2088
Nicaragua,NIC,1972,2042
Nicaragua,NIC,1973,2111
Nicaragua,NIC,1974,2415
Nicaragua,NIC,1975,3096
Nicaragua,NIC,1976,3036
Nicaragua,NIC,1977,3137
Nicaragua,NIC,1978,3087
Nicaragua,NIC,1979,3395
Nicaragua,NIC,1980,2811
Nicaragua,NIC,1981,3768
Nicaragua,NIC,1982,2893
Nicaragua,NIC,1983,2438
Nicaragua,NIC,1984,4714
Nicaragua,NIC,1985,3445
Nicaragua,NIC,1986,2654
Nicaragua,NIC,1987,2930
Nicaragua,NIC,1988,2130
Nicaragua,NIC,1989,1651
Nicaragua,NIC,1990,1255
Nicaragua,NIC,1991,906
Nicaragua,NIC,1992,1700
Nicaragua,NIC,1993,1318
Nicaragua,NIC,1994,912
Nicaragua,NIC,1995,1814
Nicaragua,NIC,1996,2914
Nicaragua,NIC,1997,4596
Nicaragua,NIC,1998,2149
Nicaragua,NIC,1999,1000
Nicaragua,NIC,2000,1479
Nicaragua,NIC,2001,1833
Nicaragua,NIC,2002,1995
Nicaragua,NIC,2003,2268
Nicaragua,NIC,2004,2544
Nicaragua,NIC,2005,3029
Nicaragua,NIC,2006,3080
Nicaragua,NIC,2007,2836
Nicaragua,NIC,2008,2838
Nicaragua,NIC,2009,2952
Nicaragua,NIC,2010,2998.64
Nicaragua,NIC,2011,5239
Nicaragua,NIC,2012,4754.55
Nicaragua,NIC,2013,4744.62
Nicaragua,NIC,2014,5693.55
Nicaragua,NIC,2015,6586.26
Nicaragua,NIC,2016,5102.92
Nicaragua,NIC,2017,5896.71
Nicaragua,NIC,2018,5802
Nicaragua,NIC,2019,4475
Nicaragua,NIC,2020,7352.44
Nicaragua,NIC,2021,7352.44
Nicaragua,NIC,2022,7542.96
Nicaragua,NIC,2023,7785.54
Niger,NER,1961,359
Niger,NER,1962,330
Niger,NER,1963,294
Niger,NER,1964,291
Niger,NER,1965,337
Niger,NER,1966,289
Niger,NER,1967,241
Niger,NER,1968,185
Niger,NER,1969,300
Niger,NER,1970,260
Niger,NER,1971,280
Niger,NER,1972,250
Niger,NER,1973,207
Niger,NER,1974,400
Niger,NER,1975,800
Niger,NER,1976,400
Niger,NER,1977,200
Niger,NER,1978,235
Niger,NER,1979,732
Niger,NER,1980,750
Niger,NER,1981,800
Niger,NER,1982,800
Niger,NER,1983,820
Niger,NER,1984,850
Niger,NER,1985,800
Niger,NER,1986,900
Niger,NER,1987,920
Niger,NER,1988,930
Niger,NER,1989,950
Niger,NER,1990,970
Niger,NER,1991,2900
Niger,NER,1992,2070
Niger,NER,1993,2940
Niger,NER,1994,2750
Niger,NER,1995,3110
Niger,NER,1996,3090
Niger,NER,1997,4130
Niger,NER,1998,4900
Niger,NER,1999,2430
Niger,NER,2000,3900
Niger,NER,2001,2950
Niger,NER,2002,3050
Niger,NER,2003,3900
Niger,NER,2004,897
Niger,NER,2005,1000
Niger,NER,2006,1820.09
Niger,NER,2007,1938.4
Niger,NER,2008,1976.47
Niger,NER,2009,2300
Niger,NER,2010,2300
Niger,NER,2011,1664.28
Niger,NER,2012,511
Niger,NER,2013,755
Niger,NER,2014,513.91
Niger,NER,2015,1484.99
Niger,NER,2016,1574.5
Niger,NER,2017,1487.4
Niger,NER,2018,1527.16
Niger,NER,2019,2095
Niger,NER,2020,1189.15
Niger,NER,2021,1201.97
Niger,NER,2022,1215.09
Niger,NER,2023,1102.47
Niger,NER,2024,1082.96
Nigeria,NGA,1961,13630
Nigeria,NGA,1962,13608
Nigeria,NGA,1963,7375
Nigeria,NGA,1964,13059
Nigeria,NGA,1965,15104
Nigeria,NGA,1966,10909
Nigeria,NGA,1967,11083
Nigeria,NGA,1968,12477
Nigeria,NGA,1969,10339
Nigeria,NGA,1970,11177
Nigeria,NGA,1971,17500
Nigeria,NGA,1972,13000
Nigeria,NGA,1973,11530
Nigeria,NGA,1974,11930
Nigeria,NGA,1975,17595
Nigeria,NGA,1976,13883
Nigeria,NGA,1977,10245
Nigeria,NGA,1978,12150
Nigeria,NGA,1979,12340
Nigeria,NGA,1980,13000
Nigeria,NGA,1981,10483
Nigeria,NGA,1982,4112
Nigeria,NGA,1983,2533
Nigeria,NGA,1984,9500
Nigeria,NGA,1985,10500
Nigeria,NGA,1986,9000
Nigeria,NGA,1987,8000
Nigeria,NGA,1988,10000
Nigeria,NGA,1989,9890
Nigeria,NGA,1990,9000
Nigeria,NGA,1991,9000
Nigeria,NGA,1992,9400
Nigeria,NGA,1993,9200
Nigeria,NGA,1994,9300
Nigeria,NGA,1995,9200
Nigeria,NGA,1996,11767.28
Nigeria,NGA,1997,14652.66
Nigeria,NGA,1998,17541.49
Nigeria,NGA,1999,21000
Nigeria,NGA,2000,22000
Nigeria,NGA,2001,17000
Nigeria,NGA,2002,17000
Nigeria,NGA,2003,16000
Nigeria,NGA,2004,15000
Nigeria,NGA,2005,15000
Nigeria,NGA,2006,14000
Nigeria,NGA,2007,9000
Nigeria,NGA,2008,12000
Nigeria,NGA,2009,11558.19
Nigeria,NGA,2010,9066.37
Nigeria,NGA,2011,7667.66
Nigeria,NGA,2012,6651.85
Nigeria,NGA,2013,5748.51
Nigeria,NGA,2014,5435.52
Nigeria,NGA,2015,5000
Nigeria,NGA,2016,5500
Nigeria,NGA,2017,6000
Nigeria,NGA,2018,5500
Nigeria,NGA,2019,5666.67
Nigeria,NGA,2020,5543.58
Nigeria,NGA,2021,5570.08
Nigeria,NGA,2022,5593.44
Nigeria,NGA,2023,5569.03
Nigeria,NGA,2024,5577.52
North America,OWID_NAM,1961,1198475
North America,OWID_NAM,1962,1311254
North America,OWID_NAM,1963,1330404
North America,OWID_NAM,1964,1248870
North America,OWID_NAM,1965,1061060
North America,OWID_NAM,1966,1112468
North America,OWID_NAM,1967,1121796
North America,OWID_NAM,1968,1007111
North America,OWID_NAM,1969,1076133
North America,OWID_NAM,1970,1108483
North America,OWID_NAM,1971,1021578
North America,OWID_NAM,1972,1028824
North America,OWID_NAM,1973,1079356
North America,OWID_NAM,1974,1197857
North America,OWID_NAM,1975,1268001
North America,OWID_NAM,1976,1242955
North America,OWID_NAM,1977,1134558
North America,OWID_NAM,1978,1228368
North America,OWID_NAM,1979,952888
North America,OWID_NAM,1980,1088368
North America,OWID_NAM,1981,1229941
North America,OWID_NAM,1982,1154983
North America,OWID_NAM,1983,906013
North America,OWID_NAM,1984,1016622
North America,OWID_NAM,1985,930667
North America,OWID_NAM,1986,752617
North America,OWID_NAM,1987,743357
North America,OWID_NAM,1988,834250
North America,OWID_NAM,1989,843439
North America,OWID_NAM,1990,915378
North America,OWID_NAM,1991,940144
North America,OWID_NAM,1992,944685
North America,OWID_NAM,1993,947388.4
North America,OWID_NAM,1994,910325.1
North America,OWID_NAM,1995,748841.25
North America,OWID_NAM,1996,888358.2
North America,OWID_NAM,1997,1010604.9
North America,OWID_NAM,1998,907150.1
North America,OWID_NAM,1999,782298.3
North America,OWID_NAM,2000,642293.8
North America,OWID_NAM,2001,616041.2
North America,OWID_NAM,2002,543117.2
North America,OWID_NAM,2003,497753.84
North America,OWID_NAM,2004,535496.44
North America,OWID_NAM,2005,419381.38
North America,OWID_NAM,2006,466265.97
North America,OWID_NAM,2007,487302
North America,OWID_NAM,2008,482254.56
North America,OWID_NAM,2009,498955
North America,OWID_NAM,2010,438892
North America,OWID_NAM,2011,388298.9
North America,OWID_NAM,2012,453938.47
North America,OWID_NAM,2013,449513.5
North America,OWID_NAM,2014,515957.6
North America,OWID_NAM,2015,452082.7
North America,OWID_NAM,2016,405217.47
North America,OWID_NAM,2017,457099.16
North America,OWID_NAM,2018,371997.88
North America,OWID_NAM,2019,338273.78
North America,OWID_NAM,2020,300389.4
North America,OWID_NAM,2021,335431.1
North America,OWID_NAM,2022,322486.78
North America,OWID_NAM,2023,316741.4
North America,OWID_NAM,2024,264592.28
North Korea,PRK,1961,37000
North Korea,PRK,1962,41000
North Korea,PRK,1963,38000
North Korea,PRK,1964,40000
North Korea,PRK,1965,40000
North Korea,PRK,1966,40000
North Korea,PRK,1967,40000
North Korea,PRK,1968,40000
North Korea,PRK,1969,40000
North Korea,PRK,1970,40000
North Korea,PRK,1971,40000
North Korea,PRK,1972,40000
North Korea,PRK,1973,40000
North Korea,PRK,1974,40000
North Korea,PRK,1975,40000
North Korea,PRK,1976,41000
North Korea,PRK,1977,41000
North Korea,PRK,1978,42000
North Korea,PRK,1979,43000
North Korea,PRK,1980,45000
North Korea,PRK,1981,46000
North Korea,PRK,1982,48000
North Korea,PRK,1983,50000
North Korea,PRK,1984,52000
North Korea,PRK,1985,56000
North Korea,PRK,1986,58000
North Korea,PRK,1987,60000
North Korea,PRK,1988,62000
North Korea,PRK,1989,64000
North Korea,PRK,1990,65000
North Korea,PRK,1991,66000
North Korea,PRK,1992,64000
North Korea,PRK,1993,60000
North Korea,PRK,1994,65000
North Korea,PRK,1995,60000
North Korea,PRK,1996,61829.37
North Korea,PRK,1997,62170.22
North Korea,PRK,1998,62000
North Korea,PRK,1999,62930.33
North Korea,PRK,2000,63000
North Korea,PRK,2001,63534.01
North Korea,PRK,2002,64400
North Korea,PRK,2003,64000
North Korea,PRK,2004,64342.5
North Korea,PRK,2005,65400
North Korea,PRK,2006,65000
North Korea,PRK,2007,63000
North Korea,PRK,2008,70000
North Korea,PRK,2009,73000
North Korea,PRK,2010,72000
North Korea,PRK,2011,79000
North Korea,PRK,2012,80000
North Korea,PRK,2013,80000
North Korea,PRK,2014,81153.87
North Korea,PRK,2015,83206.08
North Korea,PRK,2016,84638.32
North Korea,PRK,2017,85421.57
North Korea,PRK,2018,85861.72
North Korea,PRK,2019,86234.05
North Korea,PRK,2020,86755.64
North Korea,PRK,2021,89046.22
North Korea,PRK,2022,87345.3
North Korea,PRK,2023,87715.72
North Korea,PRK,2024,88035.75
North Macedonia,MKD,1992,26502
North Macedonia,MKD,1993,24002
North Macedonia,MKD,1994,18862
North Macedonia,MKD,1995,15683
North Macedonia,MKD,1996,15412
North Macedonia,MKD,1997,23308
North Macedonia,MKD,1998,31676
North Macedonia,MKD,1999,29368
North Macedonia,MKD,2000,22175
North Macedonia,MKD,2001,23200
North Macedonia,MKD,2002,22044
North Macedonia,MKD,2003,21592
North Macedonia,MKD,2004,21140
North Macedonia,MKD,2005,27691
North Macedonia,MKD,2006,25036
North Macedonia,MKD,2007,22056
North Macedonia,MKD,2008,17087
North Macedonia,MKD,2009,24122
North Macedonia,MKD,2010,30280
North Macedonia,MKD,2011,26537
North Macedonia,MKD,2012,27333
North Macedonia,MKD,2013,27859
North Macedonia,MKD,2014,27578
North Macedonia,MKD,2015,24237
North Macedonia,MKD,2016,25443
North Macedonia,MKD,2017,22885
North Macedonia,MKD,2018,25547
North Macedonia,MKD,2019,26234
North Macedonia,MKD,2020,26112
North Macedonia,MKD,2021,24329
North Macedonia,MKD,2022,25978
North Macedonia,MKD,2023,23713
North Macedonia,MKD,2024,24116
Northern Africa (FAO),,1961,6893
Northern Africa (FAO),,1962,9360
Northern Africa (FAO),,1963,9944
Northern Africa (FAO),,1964,13531
Northern Africa (FAO),,1965,8614
Northern Africa (FAO),,1966,10244
Northern Africa (FAO),,1967,11559
Northern Africa (FAO),,1968,11935
Northern Africa (FAO),,1969,11308
Northern Africa (FAO),,1970,11694
Northern Africa (FAO),,1971,10694
Northern Africa (FAO),,1972,9361
Northern Africa (FAO),,1973,8714
Northern Africa (FAO),,1974,9858
Northern Africa (FAO),,1975,13325
Northern Africa (FAO),,1976,13249
Northern Africa (FAO),,1977,13300
Northern Africa (FAO),,1978,14270
Northern Africa (FAO),,1979,15243
Northern Africa (FAO),,1980,15952
Northern Africa (FAO),,1981,17908
Northern Africa (FAO),,1982,20490
Northern Africa (FAO),,1983,18150
Northern Africa (FAO),,1984,20059
Northern Africa (FAO),,1985,18284
Northern Africa (FAO),,1986,13447
Northern Africa (FAO),,1987,16120
Northern Africa (FAO),,1988,15657
Northern Africa (FAO),,1989,16778
Northern Africa (FAO),,1990,18916
Northern Africa (FAO),,1991,17458
Northern Africa (FAO),,1992,16387
Northern Africa (FAO),,1993,17515
Northern Africa (FAO),,1994,12096
Northern Africa (FAO),,1995,12052
Northern Africa (FAO),,1996,14165
Northern Africa (FAO),,1997,21908
Northern Africa (FAO),,1998,22920
Northern Africa (FAO),,1999,13397
Northern Africa (FAO),,2000,17422
Northern Africa (FAO),,2001,18872
Northern Africa (FAO),,2002,16647
Northern Africa (FAO),,2003,13187
Northern Africa (FAO),,2004,13552
Northern Africa (FAO),,2005,12925.95
Northern Africa (FAO),,2006,14346.25
Northern Africa (FAO),,2007,12001.74
Northern Africa (FAO),,2008,12297.95
Northern Africa (FAO),,2009,12759.79
Northern Africa (FAO),,2010,12739.13
Northern Africa (FAO),,2011,12742.47
Northern Africa (FAO),,2012,11495.71
Northern Africa (FAO),,2013,11982.69
Northern Africa (FAO),,2014,12793.65
Northern Africa (FAO),,2015,12560.97
Northern Africa (FAO),,2016,15609.48
Northern Africa (FAO),,2017,14794.37
Northern Africa (FAO),,2018,15266.7
Northern Africa (FAO),,2019,20057.46
Northern Africa (FAO),,2020,16130.53
Northern Africa (FAO),,2021,14176.61
Northern Africa (FAO),,2022,14862.88
Northern Africa (FAO),,2023,15912.5
Northern Africa (FAO),,2024,15893.1
Northern America (FAO),,1961,1030127
Northern America (FAO),,1962,1142091
Northern America (FAO),,1963,1154337
Northern America (FAO),,1964,1080187
Northern America (FAO),,1965,917802
Northern America (FAO),,1966,961240
Northern America (FAO),,1967,989283
Northern America (FAO),,1968,875052
Northern America (FAO),,1969,930198
Northern America (FAO),,1970,965387
Northern America (FAO),,1971,875362
Northern America (FAO),,1972,878118
Northern America (FAO),,1973,908715
Northern America (FAO),,1974,1020976
Northern America (FAO),,1975,1095924
Northern America (FAO),,1976,1050671
Northern America (FAO),,1977,972503
Northern America (FAO),,1978,1034052
Northern America (FAO),,1979,771278
Northern America (FAO),,1980,918068
Northern America (FAO),,1981,1048399
Northern America (FAO),,1982,974885
Northern America (FAO),,1983,759885
Northern America (FAO),,1984,873190
Northern America (FAO),,1985,782332
Northern America (FAO),,1986,595515
Northern America (FAO),,1987,600648
Northern America (FAO),,1988,679541
Northern America (FAO),,1989,695723
Northern America (FAO),,1990,800767
Northern America (FAO),,1991,833646
Northern America (FAO),,1992,846573
Northern America (FAO),,1993,809261
Northern America (FAO),,1994,788126
Northern America (FAO),,1995,650237
Northern America (FAO),,1996,759020
Northern America (FAO),,1997,886950
Northern America (FAO),,1998,744442
Northern America (FAO),,1999,656567
Northern America (FAO),,2000,530760
Northern America (FAO),,2001,508247
Northern America (FAO),,2002,449682
Northern America (FAO),,2003,410371
Northern America (FAO),,2004,442440
Northern America (FAO),,2005,335572
Northern America (FAO),,2006,373352.06
Northern America (FAO),,2007,401272
Northern America (FAO),,2008,402335.38
Northern America (FAO),,2009,410417.9
Northern America (FAO),,2010,360669.6
Northern America (FAO),,2011,304143.2
Northern America (FAO),,2012,366967.7
Northern America (FAO),,2013,356830.34
Northern America (FAO),,2014,425276.7
Northern America (FAO),,2015,353734.88
Northern America (FAO),,2016,313142.97
Northern America (FAO),,2017,349863.84
Northern America (FAO),,2018,269613.9
Northern America (FAO),,2019,240076.9
Northern America (FAO),,2020,196898.22
Northern America (FAO),,2021,234806.34
Northern America (FAO),,2022,226357.16
Northern America (FAO),,2023,222257.23
Northern America (FAO),,2024,175300.23
Northern Europe (FAO),,1961,95
Northern Europe (FAO),,1962,84
Northern Europe (FAO),,1963,115
Northern Europe (FAO),,1964,108
Northern Europe (FAO),,1965,0
Northern Europe (FAO),,1966,0
Northern Europe (FAO),,1967,0
Northern Europe (FAO),,1968,0
Northern Europe (FAO),,1969,0
Northern Europe (FAO),,1970,0
Northern Europe (FAO),,1971,0
Northern Europe (FAO),,1972,0
Northern Europe (FAO),,1973,0
Northern Europe (FAO),,1974,0
Northern Europe (FAO),,1975,0
Northern Europe (FAO),,1976,0
Northern Europe (FAO),,1977,0
Northern Europe (FAO),,1978,0
Northern Europe (FAO),,1979,0
Northern Europe (FAO),,1980,0
Northern Europe (FAO),,1981,0
Northern Europe (FAO),,1982,0
Northern Europe (FAO),,1983,0
Northern Europe (FAO),,1984,0
Northern Europe (FAO),,1985,0
Northern Europe (FAO),,1986,0
Northern Europe (FAO),,1987,0
Northern Europe (FAO),,1988,0
Northern Europe (FAO),,1989,0
Northern Europe (FAO),,1990,0
Northern Europe (FAO),,1991,0
Northern Europe (FAO),,1992,0
Northern Europe (FAO),,2018,0
Northern Europe (FAO),,2019,0
Northern Europe (FAO),,2020,0
Northern Europe (FAO),,2021,0
Northern Europe (FAO),,2022,0
Northern Europe (FAO),,2023,0
Northern Europe (FAO),,2024,0
Oceania,OWID_OCE,1961,18591
Oceania,OWID_OCE,1962,16081
Oceania,OWID_OCE,1963,18404
Oceania,OWID_OCE,1964,22231
Oceania,OWID_OCE,1965,17907
Oceania,OWID_OCE,1966,17691
Oceania,OWID_OCE,1967,17160
Oceania,OWID_OCE,1968,16139
Oceania,OWID_OCE,1969,21160
Oceania,OWID_OCE,1970,22737
Oceania,OWID_OCE,1971,23286
Oceania,OWID_OCE,1972,19913
Oceania,OWID_OCE,1973,20593
Oceania,OWID_OCE,1974,20217
Oceania,OWID_OCE,1975,19094
Oceania,OWID_OCE,1976,18993
Oceania,OWID_OCE,1977,19607
Oceania,OWID_OCE,1978,19115
Oceania,OWID_OCE,1979,19289
Oceania,OWID_OCE,1980,18994
Oceania,OWID_OCE,1981,17389
Oceania,OWID_OCE,1982,15419
Oceania,OWID_OCE,1983,15662
Oceania,OWID_OCE,1984,16645
Oceania,OWID_OCE,1985,15044
Oceania,OWID_OCE,1986,12416
Oceania,OWID_OCE,1987,14635
Oceania,OWID_OCE,1988,14530
Oceania,OWID_OCE,1989,12703
Oceania,OWID_OCE,1990,13594
Oceania,OWID_OCE,1991,13991
Oceania,OWID_OCE,1992,12833.87
Oceania,OWID_OCE,1993,12758
Oceania,OWID_OCE,1994,9355
Oceania,OWID_OCE,1995,7337.69
Oceania,OWID_OCE,1996,8992.83
Oceania,OWID_OCE,1997,9087.46
Oceania,OWID_OCE,1998,8851.52
Oceania,OWID_OCE,1999,7507.51
Oceania,OWID_OCE,2000,8300
Oceania,OWID_OCE,2001,9615.86
Oceania,OWID_OCE,2002,9467.28
Oceania,OWID_OCE,2003,7076.44
Oceania,OWID_OCE,2004,4237.85
Oceania,OWID_OCE,2005,4171.3
Oceania,OWID_OCE,2006,569.05
Oceania,OWID_OCE,2007,528
Oceania,OWID_OCE,2008,537.08997
Oceania,OWID_OCE,2009,736.78
Oceania,OWID_OCE,2010,769.15
Oceania,OWID_OCE,2011,793.19
Oceania,OWID_OCE,2012,782.75
Oceania,OWID_OCE,2013,810.64
Oceania,OWID_OCE,2014,781.62
Oceania,OWID_OCE,2015,789.33997
Oceania,OWID_OCE,2016,812.34
Oceania,OWID_OCE,2017,827.02
Oceania,OWID_OCE,2018,825.08997
Oceania,OWID_OCE,2019,781.31
Oceania,OWID_OCE,2020,749.18
Oceania,OWID_OCE,2021,689.42
Oceania,OWID_OCE,2022,674.8
Oceania,OWID_OCE,2023,596.26
Oceania,OWID_OCE,2024,626.55
Oceania (FAO),,1961,18591
Oceania (FAO),,1962,16081
Oceania (FAO),,1963,18404
Oceania (FAO),,1964,22231
Oceania (FAO),,1965,17907
Oceania (FAO),,1966,17691
Oceania (FAO),,1967,17160
Oceania (FAO),,1968,16139
Oceania (FAO),,1969,21160
Oceania (FAO),,1970,22737
Oceania (FAO),,1971,23286
Oceania (FAO),,1972,19913
Oceania (FAO),,1973,20593
Oceania (FAO),,1974,20217
Oceania (FAO),,1975,19094
Oceania (FAO),,1976,18993
Oceania (FAO),,1977,19607
Oceania (FAO),,1978,19115
Oceania (FAO),,1979,19289
Oceania (FAO),,1980,18994
Oceania (FAO),,1981,17389
Oceania (FAO),,1982,15419
Oceania (FAO),,1983,15662
Oceania (FAO),,1984,16645
Oceania (FAO),,1985,15044
Oceania (FAO),,1986,12416
Oceania (FAO),,1987,14635
Oceania (FAO),,1988,14530
Oceania (FAO),,1989,12703
Oceania (FAO),,1990,13594
Oceania (FAO),,1991,13991
Oceania (FAO),,1992,12833.87
Oceania (FAO),,1993,12758
Oceania (FAO),,1994,9355
Oceania (FAO),,1995,7337.69
Oceania (FAO),,1996,8992.83
Oceania (FAO),,1997,9087.46
Oceania (FAO),,1998,8851.52
Oceania (FAO),,1999,7507.51
Oceania (FAO),,2000,8300
Oceania (FAO),,2001,9615.86
Oceania (FAO),,2002,9467.28
Oceania (FAO),,2003,7076.44
Oceania (FAO),,2004,4237.85
Oceania (FAO),,2005,4171.3
Oceania (FAO),,2006,569.05
Oceania (FAO),,2007,528
Oceania (FAO),,2008,537.09
Oceania (FAO),,2009,736.78
Oceania (FAO),,2010,769.15
Oceania (FAO),,2011,793.19
Oceania (FAO),,2012,782.75
Oceania (FAO),,2013,810.64
Oceania (FAO),,2014,781.62
Oceania (FAO),,2015,789.33
Oceania (FAO),,2016,812.33
Oceania (FAO),,2017,827.02
Oceania (FAO),,2018,825.09
Oceania (FAO),,2019,781.31
Oceania (FAO),,2020,749.17
Oceania (FAO),,2021,689.41
Oceania (FAO),,2022,674.8
Oceania (FAO),,2023,596.26
Oceania (FAO),,2024,626.54
Oman,OMN,1961,0
Oman,OMN,1962,0
Oman,OMN,1963,0
Oman,OMN,1964,0
Oman,OMN,1965,0
Oman,OMN,1966,200
Oman,OMN,1967,250
Oman,OMN,1968,250
Oman,OMN,1969,300
Oman,OMN,1970,300
Oman,OMN,1971,300
Oman,OMN,1972,350
Oman,OMN,1973,350
Oman,OMN,1974,400
Oman,OMN,1975,400
Oman,OMN,1976,400
Oman,OMN,1977,400
Oman,OMN,1978,400
Oman,OMN,1979,400
Oman,OMN,1980,500
Oman,OMN,1981,500
Oman,OMN,1982,1000
Oman,OMN,1983,1000
Oman,OMN,1984,1924
Oman,OMN,1985,1800
Oman,OMN,1986,1950
Oman,OMN,1987,2100
Oman,OMN,1988,2100
Oman,OMN,1989,650
Oman,OMN,1990,2000
Oman,OMN,1991,1600
Oman,OMN,1992,1500
Oman,OMN,1993,1300
Oman,OMN,1994,1250
Oman,OMN,1995,1280
Oman,OMN,1996,1300
Oman,OMN,1997,1250
Oman,OMN,1998,1300
Oman,OMN,1999,1300
Oman,OMN,2000,1300
Oman,OMN,2001,1270
Oman,OMN,2002,1270
Oman,OMN,2003,1270
Oman,OMN,2004,1258.66
Oman,OMN,2005,1218.64
Oman,OMN,2006,1228.07
Oman,OMN,2007,1220.37
Oman,OMN,2008,1212.67
Oman,OMN,2009,1204.97
Oman,OMN,2010,1197.27
Oman,OMN,2011,1189.57
Oman,OMN,2012,1181.87
Oman,OMN,2013,1174.18
Oman,OMN,2014,1161
Oman,OMN,2015,1152
Oman,OMN,2016,1144
Oman,OMN,2017,1140
Oman,OMN,2018,1170
Oman,OMN,2019,1160
Oman,OMN,2020,1140
Oman,OMN,2021,1123.36
Oman,OMN,2022,1119.61
Oman,OMN,2023,1118.64
Oman,OMN,2024,1114.57
Pakistan,PAK,1961,60000
Pakistan,PAK,1962,70200
Pakistan,PAK,1963,71100
Pakistan,PAK,1964,75200
Pakistan,PAK,1965,82300
Pakistan,PAK,1966,110000
Pakistan,PAK,1967,140200
Pakistan,PAK,1968,130000
Pakistan,PAK,1969,125000
Pakistan,PAK,1970,115800
Pakistan,PAK,1971,112800
Pakistan,PAK,1972,86930
Pakistan,PAK,1973,62832
Pakistan,PAK,1974,65724
Pakistan,PAK,1975,76690
Pakistan,PAK,1976,58046
Pakistan,PAK,1977,72578
Pakistan,PAK,1978,74378
Pakistan,PAK,1979,68072
Pakistan,PAK,1980,77800
Pakistan,PAK,1981,67200
Pakistan,PAK,1982,69202
Pakistan,PAK,1983,64657
Pakistan,PAK,1984,79600
Pakistan,PAK,1985,87171
Pakistan,PAK,1986,78236
Pakistan,PAK,1987,69249
Pakistan,PAK,1988,69528
Pakistan,PAK,1989,73947
Pakistan,PAK,1990,68096
Pakistan,PAK,1991,75000
Pakistan,PAK,1992,97400
Pakistan,PAK,1993,101600
Pakistan,PAK,1994,100237
Pakistan,PAK,1995,80917
Pakistan,PAK,1996,79900
Pakistan,PAK,1997,91637
Pakistan,PAK,1998,98600
Pakistan,PAK,1999,108800
Pakistan,PAK,2000,107700
Pakistan,PAK,2001,85100
Pakistan,PAK,2002,94500
Pakistan,PAK,2003,88200
Pakistan,PAK,2004,86200
Pakistan,PAK,2005,100500
Pakistan,PAK,2006,112592
Pakistan,PAK,2007,103240
Pakistan,PAK,2008,107765
Pakistan,PAK,2009,108100
Pakistan,PAK,2010,119323
Pakistan,PAK,2011,102834
Pakistan,PAK,2012,97878
Pakistan,PAK,2013,108307
Pakistan,PAK,2014,129878
Pakistan,PAK,2015,120022
Pakistan,PAK,2016,115574
Pakistan,PAK,2017,100015
Pakistan,PAK,2018,106727
Pakistan,PAK,2019,104355
Pakistan,PAK,2020,132872
Pakistan,PAK,2021,168165
Pakistan,PAK,2022,133562
Pakistan,PAK,2023,151865
Pakistan,PAK,2024,184982
Palestine,PSE,1994,257
Palestine,PSE,1995,167
Palestine,PSE,1996,223
Palestine,PSE,1997,99
Palestine,PSE,1998,68
Palestine,PSE,1999,315
Palestine,PSE,2000,191
Palestine,PSE,2001,212
Palestine,PSE,2002,200
Palestine,PSE,2003,197
Palestine,PSE,2004,535
Palestine,PSE,2005,543
Palestine,PSE,2006,376
Palestine,PSE,2007,359
Palestine,PSE,2008,409
Palestine,PSE,2009,185
Palestine,PSE,2010,233.71
Palestine,PSE,2011,298.12
Palestine,PSE,2012,323.57
Palestine,PSE,2013,314.47
Palestine,PSE,2014,295.52
Palestine,PSE,2015,267.95
Palestine,PSE,2016,283.86
Palestine,PSE,2017,282.44
Palestine,PSE,2018,444.22
Palestine,PSE,2019,991.89
Palestine,PSE,2020,1947.07
Palestine,PSE,2021,3364
Palestine,PSE,2022,1405.92
Panama,PAN,1961,545
Panama,PAN,1962,668
Panama,PAN,1963,1179
Panama,PAN,1964,774
Panama,PAN,1965,767
Panama,PAN,1966,886
Panama,PAN,1967,908
Panama,PAN,1968,839
Panama,PAN,1969,806
Panama,PAN,1970,705
Panama,PAN,1971,856
Panama,PAN,1972,506
Panama,PAN,1973,674
Panama,PAN,1974,812
Panama,PAN,1975,1127
Panama,PAN,1976,1302
Panama,PAN,1977,1410
Panama,PAN,1978,1531
Panama,PAN,1979,1417
Panama,PAN,1980,1854
Panama,PAN,1981,1642
Panama,PAN,1982,1415
Panama,PAN,1983,1144
Panama,PAN,1984,1325
Panama,PAN,1985,1379
Panama,PAN,1986,1452
Panama,PAN,1987,1197
Panama,PAN,1988,1483
Panama,PAN,1989,1819
Panama,PAN,1990,1962
Panama,PAN,1991,2536
Panama,PAN,1992,2481
Panama,PAN,1993,2275
Panama,PAN,1994,2188
Panama,PAN,1995,1168
Panama,PAN,1996,2188
Panama,PAN,1997,2188
Panama,PAN,1998,2188
Panama,PAN,1999,1750
Panama,PAN,2000,1800
Panama,PAN,2001,2130
Panama,PAN,2002,2150
Panama,PAN,2003,2200
Panama,PAN,2004,2300
Panama,PAN,2005,2400
Panama,PAN,2006,2600
Panama,PAN,2007,2800
Panama,PAN,2008,2589.54
Panama,PAN,2009,2618.28
Panama,PAN,2010,2623.65
Panama,PAN,2011,2640.3
Panama,PAN,2012,2656.07
Panama,PAN,2013,2671.21
Panama,PAN,2014,2764.87
Panama,PAN,2015,2713.99
Panama,PAN,2016,2715.94
Panama,PAN,2017,2721.03
Panama,PAN,2018,2716.54
Panama,PAN,2019,2722.57
Panama,PAN,2020,2728.39
Panama,PAN,2021,2754.37
Panama,PAN,2022,2735.12
Panama,PAN,2023,2744.51
Panama,PAN,2024,2753.89
Paraguay,PRY,1961,8500
Paraguay,PRY,1962,16000
Paraguay,PRY,1963,25000
Paraguay,PRY,1964,12000
Paraguay,PRY,1965,18000
Paraguay,PRY,1966,8750
Paraguay,PRY,1967,13500
Paraguay,PRY,1968,22000
Paraguay,PRY,1969,24000
Paraguay,PRY,1970,18000
Paraguay,PRY,1971,17900
Paraguay,PRY,1972,23514
Paraguay,PRY,1973,26700
Paraguay,PRY,1974,32411
Paraguay,PRY,1975,28305
Paraguay,PRY,1976,38578
Paraguay,PRY,1977,41424
Paraguay,PRY,1978,26918
Paraguay,PRY,1979,25900
Paraguay,PRY,1980,20500
Paraguay,PRY,1981,11851
Paraguay,PRY,1982,14500
Paraguay,PRY,1983,18552
Paraguay,PRY,1984,22129
Paraguay,PRY,1985,24867
Paraguay,PRY,1986,17520
Paraguay,PRY,1987,14517
Paraguay,PRY,1988,6761
Paraguay,PRY,1989,3585
Paraguay,PRY,1990,7779
Paraguay,PRY,1991,8209
Paraguay,PRY,1992,8300
Paraguay,PRY,1993,8469
Paraguay,PRY,1994,8519
Paraguay,PRY,1995,6943
Paraguay,PRY,1996,7282
Paraguay,PRY,1997,8168
Paraguay,PRY,1998,8028
Paraguay,PRY,1999,6581
Paraguay,PRY,2000,4486
Paraguay,PRY,2001,12508
Paraguay,PRY,2002,9776
Paraguay,PRY,2003,13000
Paraguay,PRY,2004,16535
Paraguay,PRY,2005,15600
Paraguay,PRY,2006,15000
Paraguay,PRY,2007,15000
Paraguay,PRY,2008,3761
Paraguay,PRY,2009,5688
Paraguay,PRY,2010,6340
Paraguay,PRY,2011,6441
Paraguay,PRY,2012,4830
Paraguay,PRY,2013,5375
Paraguay,PRY,2014,5616
Paraguay,PRY,2015,5883
Paraguay,PRY,2016,5971
Paraguay,PRY,2017,6400
Paraguay,PRY,2018,6825
Paraguay,PRY,2019,7175
Paraguay,PRY,2020,7452
Paraguay,PRY,2021,7459
Paraguay,PRY,2022,1638
Paraguay,PRY,2023,2196
Paraguay,PRY,2024,2296
Peru,PER,1961,2450
Peru,PER,1962,2860
Peru,PER,1963,2860
Peru,PER,1964,2862
Peru,PER,1965,3269
Peru,PER,1966,6900
Peru,PER,1967,4800
Peru,PER,1968,5100
Peru,PER,1969,2537
Peru,PER,1970,2304
Peru,PER,1971,2389
Peru,PER,1972,4016
Peru,PER,1973,3736
Peru,PER,1974,5557
Peru,PER,1975,5060
Peru,PER,1976,5527
Peru,PER,1977,2794
Peru,PER,1978,2403
Peru,PER,1979,1776
Peru,PER,1980,2920
Peru,PER,1981,2912
Peru,PER,1982,2359
Peru,PER,1983,2430
Peru,PER,1984,4009
Peru,PER,1985,3100
Peru,PER,1986,3100
Peru,PER,1987,3100
Peru,PER,1988,3100
Peru,PER,1989,3100
Peru,PER,1990,3100
Peru,PER,1991,3100
Peru,PER,1992,3100
Peru,PER,1993,3100
Peru,PER,1994,5500
Peru,PER,1995,6000
Peru,PER,1996,10000
Peru,PER,1997,14294
Peru,PER,1998,12307
Peru,PER,1999,15561
Peru,PER,2000,12249
Peru,PER,2001,11436
Peru,PER,2002,9832
Peru,PER,2003,2466
Peru,PER,2004,1770
Peru,PER,2005,2230
Peru,PER,2006,1431
Peru,PER,2007,1285
Peru,PER,2008,762
Peru,PER,2009,1385
Peru,PER,2010,1404
Peru,PER,2011,1708
Peru,PER,2012,1312
Peru,PER,2013,1771
Peru,PER,2014,2220.93
Peru,PER,2015,1770
Peru,PER,2016,2077
Peru,PER,2017,2054
Peru,PER,2018,1938
Peru,PER,2019,2045
Peru,PER,2020,1747
Peru,PER,2021,2052
Peru,PER,2022,2059
Peru,PER,2023,2067
Peru,PER,2024,3278
Philippines,PHL,1961,60000
Philippines,PHL,1962,69700
Philippines,PHL,1963,67700
Philippines,PHL,1964,65041
Philippines,PHL,1965,45720
Philippines,PHL,1966,58122
Philippines,PHL,1967,51153
Philippines,PHL,1968,64853
Philippines,PHL,1969,56853
Philippines,PHL,1970,61206
Philippines,PHL,1971,55814
Philippines,PHL,1972,56300
Philippines,PHL,1973,64774
Philippines,PHL,1974,63375
Philippines,PHL,1975,57137
Philippines,PHL,1976,58840
Philippines,PHL,1977,50420
Philippines,PHL,1978,56737
Philippines,PHL,1979,51130
Philippines,PHL,1980,41985
Philippines,PHL,1981,77267
Philippines,PHL,1982,86146
Philippines,PHL,1983,86327
Philippines,PHL,1984,98056
Philippines,PHL,1985,74329
Philippines,PHL,1986,74159
Philippines,PHL,1987,82779
Philippines,PHL,1988,76353
Philippines,PHL,1989,79860
Philippines,PHL,1990,81723
Philippines,PHL,1991,85182
Philippines,PHL,1992,117899
Philippines,PHL,1993,104786
Philippines,PHL,1994,56900
Philippines,PHL,1995,63705
Philippines,PHL,1996,64964
Philippines,PHL,1997,65396
Philippines,PHL,1998,62190
Philippines,PHL,1999,51692
Philippines,PHL,2000,49529
Philippines,PHL,2001,48173
Philippines,PHL,2002,50174
Philippines,PHL,2003,52903
Philippines,PHL,2004,48308
Philippines,PHL,2005,45093
Philippines,PHL,2006,38368
Philippines,PHL,2007,34289
Philippines,PHL,2008,32466
Philippines,PHL,2009,36383
Philippines,PHL,2010,40530
Philippines,PHL,2011,44944
Philippines,PHL,2012,48075
Philippines,PHL,2013,53753
Philippines,PHL,2014,61417.53
Philippines,PHL,2015,56193.5
Philippines,PHL,2016,56456.73
Philippines,PHL,2017,51024.2
Philippines,PHL,2018,50381.07
Philippines,PHL,2019,51060.79
Philippines,PHL,2020,52434.82
Philippines,PHL,2021,50930.66
Philippines,PHL,2022,47730.39
Philippines,PHL,2023,53891
Philippines,PHL,2024,55345.86
Poland,POL,1961,46000
Poland,POL,1962,37000
Poland,POL,1963,73000
Poland,POL,1964,95000
Poland,POL,1965,52000
Poland,POL,1966,48000
Poland,POL,1967,78000
Poland,POL,1968,83000
Poland,POL,1969,91000
Poland,POL,1970,85000
Poland,POL,1971,70000
Poland,POL,1972,74989
Poland,POL,1973,78064
Poland,POL,1974,65000
Poland,POL,1975,102306
Poland,POL,1976,124880
Poland,POL,1977,87455
Poland,POL,1978,58949
Poland,POL,1979,74153
Poland,POL,1980,56259
Poland,POL,1981,95525
Poland,POL,1982,95912
Poland,POL,1983,99772
Poland,POL,1984,98253
Poland,POL,1985,111490
Poland,POL,1986,125213
Poland,POL,1987,113948
Poland,POL,1988,90409
Poland,POL,1989,56060
Poland,POL,1990,59000
Poland,POL,1991,57425
Poland,POL,1992,44949
Poland,POL,1993,36091
Poland,POL,1994,43076
Poland,POL,1995,39750
Poland,POL,1996,38241
Poland,POL,1997,32369
Poland,POL,1998,37673
Poland,POL,1999,43686
Poland,POL,2000,29545
Poland,POL,2001,23896
Poland,POL,2002,20728
Poland,POL,2003,21976
Poland,POL,2004,29065
Poland,POL,2005,33483
Poland,POL,2006,29503
Poland,POL,2007,39482
Poland,POL,2008,41153
Poland,POL,2009,39293
Poland,POL,2010,34782
Poland,POL,2011,34428
Poland,POL,2012,35338
Poland,POL,2013,30781
Poland,POL,2014,34893
Poland,POL,2015,27251
Poland,POL,2016,31201
Poland,POL,2017,32493
Poland,POL,2018,33190
Poland,POL,2019,28770
Poland,POL,2020,20420
Poland,POL,2021,20750
Poland,POL,2022,16610
Poland,POL,2023,17400
Poland,POL,2024,19200
Polynesia (FAO),,1961,2
Polynesia (FAO),,1962,2
Polynesia (FAO),,1963,1
Polynesia (FAO),,1964,11
Polynesia (FAO),,1965,22
Polynesia (FAO),,1966,33
Polynesia (FAO),,1967,44
Polynesia (FAO),,1968,55
Polynesia (FAO),,1969,67
Polynesia (FAO),,1970,80
Polynesia (FAO),,1971,90
Polynesia (FAO),,1972,102
Polynesia (FAO),,1973,115
Polynesia (FAO),,1974,130
Polynesia (FAO),,1975,145
Polynesia (FAO),,1976,150
Polynesia (FAO),,1977,150
Polynesia (FAO),,1978,150
Polynesia (FAO),,1979,150
Polynesia (FAO),,1980,150
Polynesia (FAO),,1981,150
Polynesia (FAO),,1982,150
Polynesia (FAO),,1983,150
Polynesia (FAO),,1984,150
Polynesia (FAO),,1985,150
Polynesia (FAO),,1986,150
Polynesia (FAO),,1987,150
Polynesia (FAO),,1988,150
Polynesia (FAO),,1989,150
Polynesia (FAO),,1990,145
Polynesia (FAO),,1991,140
Polynesia (FAO),,1992,123.87
Polynesia (FAO),,1993,135
Polynesia (FAO),,1994,140
Polynesia (FAO),,1995,139.69
Polynesia (FAO),,1996,139.83
Polynesia (FAO),,1997,139.46
Polynesia (FAO),,1998,139.52
Polynesia (FAO),,1999,139.51
Polynesia (FAO),,2000,140
Polynesia (FAO),,2001,140.86
Polynesia (FAO),,2002,144.28
Polynesia (FAO),,2003,145.44
Polynesia (FAO),,2004,146.85
Polynesia (FAO),,2005,148.3
Polynesia (FAO),,2006,149.05
Polynesia (FAO),,2007,160
Polynesia (FAO),,2008,178.09
Polynesia (FAO),,2009,187.78
Polynesia (FAO),,2010,207
Polynesia (FAO),,2011,207
Polynesia (FAO),,2012,210
Polynesia (FAO),,2013,210
Polynesia (FAO),,2014,213.43
Polynesia (FAO),,2015,236.82
Polynesia (FAO),,2016,246.7
Polynesia (FAO),,2017,255.6
Polynesia (FAO),,2018,246.37
Polynesia (FAO),,2019,252.15
Polynesia (FAO),,2020,255.02
Polynesia (FAO),,2021,251.18
Polynesia (FAO),,2022,252.78
Polynesia (FAO),,2023,252.99
Polynesia (FAO),,2024,252.32
Portugal,PRT,1961,10000
Portugal,PRT,1962,10000
Portugal,PRT,1963,11200
Portugal,PRT,1964,15000
Portugal,PRT,1965,18500
Portugal,PRT,1966,14140
Portugal,PRT,1967,22153
Portugal,PRT,1968,23243
Portugal,PRT,1969,11920
Portugal,PRT,1970,9516
Portugal,PRT,1971,9300
Portugal,PRT,1972,9200
Portugal,PRT,1973,7100
Portugal,PRT,1974,7700
Portugal,PRT,1975,8371
Portugal,PRT,1976,10900
Portugal,PRT,1977,12800
Portugal,PRT,1978,12511
Portugal,PRT,1979,8519
Portugal,PRT,1980,6906
Portugal,PRT,1981,6076
Portugal,PRT,1982,1759
Portugal,PRT,1983,2565
Portugal,PRT,1984,3451
Portugal,PRT,1985,3885
Portugal,PRT,1986,4277
Portugal,PRT,1987,3792
Portugal,PRT,1988,3852
Portugal,PRT,1989,4849
Portugal,PRT,1990,4911
Portugal,PRT,1991,5457
Portugal,PRT,1992,4335
Portugal,PRT,1993,2533
Portugal,PRT,1994,4699
Portugal,PRT,1995,4945
Portugal,PRT,1996,6206
Portugal,PRT,1997,5845
Portugal,PRT,1998,6879
Portugal,PRT,1999,5785
Portugal,PRT,2000,6135
Portugal,PRT,2001,5764
Portugal,PRT,2002,5602
Portugal,PRT,2003,5735
Portugal,PRT,2004,5357
Portugal,PRT,2005,4749
Portugal,PRT,2006,2298
Portugal,PRT,2007,1311
Portugal,PRT,2008,1358
Portugal,PRT,2009,2109
Portugal,PRT,2010,936
Portugal,PRT,2011,65
Portugal,PRT,2012,122
Portugal,PRT,2013,188
Portugal,PRT,2014,228
Portugal,PRT,2015,276
Portugal,PRT,2016,230.67
Portugal,PRT,2017,244.89
Portugal,PRT,2018,90
Portugal,PRT,2019,0
Portugal,PRT,2020,0
Portugal,PRT,2023,0
Puerto Rico,PRI,1961,12478
Puerto Rico,PRI,1962,13934
Puerto Rico,PRI,1963,15558
Puerto Rico,PRI,1964,14590
Puerto Rico,PRI,1965,17191
Puerto Rico,PRI,1966,7502
Puerto Rico,PRI,1967,5602
Puerto Rico,PRI,1968,5080
Puerto Rico,PRI,1969,3629
Puerto Rico,PRI,1970,2963
Puerto Rico,PRI,1971,2151
Puerto Rico,PRI,1972,3175
Puerto Rico,PRI,1973,2268
Puerto Rico,PRI,1974,3039
Puerto Rico,PRI,1975,1821
Puerto Rico,PRI,1976,2023
Puerto Rico,PRI,1977,1912
Puerto Rico,PRI,1978,1578
Puerto Rico,PRI,1979,1488
Puerto Rico,PRI,1980,949
Puerto Rico,PRI,1981,731
Puerto Rico,PRI,1982,227
Puerto Rico,PRI,1983,152
Puerto Rico,PRI,1984,436
Puerto Rico,PRI,1985,309
Puerto Rico,PRI,1986,196
Puerto Rico,PRI,1987,95
Puerto Rico,PRI,1988,68
Puerto Rico,PRI,1989,59
Puerto Rico,PRI,1990,10
Puerto Rico,PRI,1991,8
Puerto Rico,PRI,1992,5
Puerto Rico,PRI,1993,5
Puerto Rico,PRI,1994,3
Puerto Rico,PRI,1995,2
Puerto Rico,PRI,1996,2
Puerto Rico,PRI,1997,2
Puerto Rico,PRI,1998,2
Puerto Rico,PRI,1999,2
Puerto Rico,PRI,2000,2
Puerto Rico,PRI,2001,2
Puerto Rico,PRI,2002,2
Puerto Rico,PRI,2003,2
Puerto Rico,PRI,2004,2
Puerto Rico,PRI,2005,2
Puerto Rico,PRI,2006,2
Puerto Rico,PRI,2007,2
Puerto Rico,PRI,2008,1.98
Puerto Rico,PRI,2009,1.42
Puerto Rico,PRI,2010,1.46
Puerto Rico,PRI,2011,1.45
Puerto Rico,PRI,2012,1.43
Puerto Rico,PRI,2013,1.42
Puerto Rico,PRI,2014,1.35
Puerto Rico,PRI,2015,1.22
Puerto Rico,PRI,2016,1.13
Puerto Rico,PRI,2017,1.05
Puerto Rico,PRI,2018,0.97
Puerto Rico,PRI,2019,0.87
Puerto Rico,PRI,2020,0.82
Puerto Rico,PRI,2021,0.95
Puerto Rico,PRI,2022,0.96
Puerto Rico,PRI,2023,0.93
Puerto Rico,PRI,2024,0.92
Reunion,REU,1961,300
Reunion,REU,1962,125
Reunion,REU,1963,95
Reunion,REU,1964,25
Reunion,REU,1965,35
Reunion,REU,1966,13
Reunion,REU,1967,16
Reunion,REU,1968,26
Reunion,REU,1969,26
Reunion,REU,1970,50
Reunion,REU,1971,92
Reunion,REU,1972,110
Reunion,REU,1973,117
Reunion,REU,1974,136
Reunion,REU,1975,134
Reunion,REU,1976,149
Reunion,REU,1977,130
Reunion,REU,1978,123
Reunion,REU,1979,124
Reunion,REU,1980,144
Reunion,REU,1981,208
Reunion,REU,1982,230
Reunion,REU,1983,189
Reunion,REU,1984,197
Reunion,REU,1985,232
Reunion,REU,1986,230
Reunion,REU,1987,209
Reunion,REU,1988,192
Reunion,REU,1989,107
Reunion,REU,1990,108
Reunion,REU,1991,73
Reunion,REU,1992,22
Reunion,REU,1993,29
Reunion,REU,1994,8
Reunion,REU,1995,20
Reunion,REU,1996,21
Reunion,REU,1997,21
Reunion,REU,1998,21
Reunion,REU,1999,21
Reunion,REU,2000,20
Reunion,REU,2001,20
Reunion,REU,2002,20
Reunion,REU,2003,20
Reunion,REU,2004,20
Reunion,REU,2005,22
Reunion,REU,2006,22
Romania,ROU,1961,17800
Romania,ROU,1962,25600
Romania,ROU,1963,39900
Romania,ROU,1964,41700
Romania,ROU,1965,34486
Romania,ROU,1966,40200
Romania,ROU,1967,34600
Romania,ROU,1968,32533
Romania,ROU,1969,23755
Romania,ROU,1970,22516
Romania,ROU,1971,30400
Romania,ROU,1972,37900
Romania,ROU,1973,38000
Romania,ROU,1974,38900
Romania,ROU,1975,39800
Romania,ROU,1976,64000
Romania,ROU,1977,47000
Romania,ROU,1978,41000
Romania,ROU,1979,39200
Romania,ROU,1980,37300
Romania,ROU,1981,27900
Romania,ROU,1982,32900
Romania,ROU,1983,24700
Romania,ROU,1984,37100
Romania,ROU,1985,26100
Romania,ROU,1986,32100
Romania,ROU,1987,33100
Romania,ROU,1988,35800
Romania,ROU,1989,27500
Romania,ROU,1990,14200
Romania,ROU,1991,13919
Romania,ROU,1992,7574
Romania,ROU,1993,10503
Romania,ROU,1994,12993
Romania,ROU,1995,13358
Romania,ROU,1996,12092
Romania,ROU,1997,18119
Romania,ROU,1998,17536
Romania,ROU,1999,14754
Romania,ROU,2000,10869
Romania,ROU,2001,10088
Romania,ROU,2002,15979
Romania,ROU,2003,7862
Romania,ROU,2004,7471
Romania,ROU,2005,3682
Romania,ROU,2006,1686
Romania,ROU,2007,1128
Romania,ROU,2008,2366
Romania,ROU,2009,1566
Romania,ROU,2010,2971
Romania,ROU,2011,2562
Romania,ROU,2012,1341
Romania,ROU,2013,1357
Romania,ROU,2014,1405
Romania,ROU,2015,1079
Romania,ROU,2016,1656
Romania,ROU,2017,1219
Romania,ROU,2018,1260
Romania,ROU,2019,1210
Romania,ROU,2020,1150
Romania,ROU,2021,970
Romania,ROU,2022,190
Romania,ROU,2023,490
Romania,ROU,2024,430
Russia,RUS,1992,2020
Russia,RUS,1993,3500
Russia,RUS,1994,1930
Russia,RUS,1995,740
Russia,RUS,1996,580
Russia,RUS,1997,550
Russia,RUS,1998,520
Russia,RUS,1999,1530
Russia,RUS,2000,1440
Russia,RUS,2001,770
Russia,RUS,2002,260
Russia,RUS,2003,80
Russia,RUS,2004,140
Russia,RUS,2005,80
Russia,RUS,2006,10
Russia,RUS,2007,10
Russia,RUS,2008,3
Russia,RUS,2009,3
Russia,RUS,2010,3
Russia,RUS,2011,4
Russia,RUS,2012,5
Russia,RUS,2013,2
Russia,RUS,2014,0
Russia,RUS,2015,0
Russia,RUS,2016,3
Russia,RUS,2017,4
Russia,RUS,2018,6
Russia,RUS,2019,8.5
Russia,RUS,2020,90.6
Russia,RUS,2021,6.9
Russia,RUS,2022,2.2
Russia,RUS,2023,8.22
Russia,RUS,2024,13.9
Rwanda,RWA,1961,747
Rwanda,RWA,1962,880
Rwanda,RWA,1963,700
Rwanda,RWA,1964,700
Rwanda,RWA,1965,700
Rwanda,RWA,1966,680
Rwanda,RWA,1967,830
Rwanda,RWA,1968,800
Rwanda,RWA,1969,900
Rwanda,RWA,1970,800
Rwanda,RWA,1971,800
Rwanda,RWA,1972,800
Rwanda,RWA,1973,900
Rwanda,RWA,1974,1000
Rwanda,RWA,1975,1500
Rwanda,RWA,1976,1600
Rwanda,RWA,1977,1800
Rwanda,RWA,1978,2000
Rwanda,RWA,1979,2200
Rwanda,RWA,1980,2200
Rwanda,RWA,1981,2300
Rwanda,RWA,1982,2400
Rwanda,RWA,1983,2500
Rwanda,RWA,1984,2600
Rwanda,RWA,1985,3000
Rwanda,RWA,1986,3000
Rwanda,RWA,1987,3100
Rwanda,RWA,1988,3200
Rwanda,RWA,1989,3300
Rwanda,RWA,1990,3400
Rwanda,RWA,1991,3500
Rwanda,RWA,1992,3533.37
Rwanda,RWA,1993,3600
Rwanda,RWA,1994,3744.26
Rwanda,RWA,1995,3749.3
Rwanda,RWA,1996,3738.89
Rwanda,RWA,1997,3717.63
Rwanda,RWA,1998,3700
Rwanda,RWA,1999,3730.45
Rwanda,RWA,2000,3800
Rwanda,RWA,2001,3848.82
Rwanda,RWA,2002,3900
Rwanda,RWA,2003,3882.13
Rwanda,RWA,2004,3800
Rwanda,RWA,2005,3891.67
Rwanda,RWA,2006,4000
Rwanda,RWA,2007,4279.84
Rwanda,RWA,2008,4618.46
Rwanda,RWA,2009,4968.54
Rwanda,RWA,2010,5375.11
Rwanda,RWA,2011,5405.03
Rwanda,RWA,2012,5000
Rwanda,RWA,2013,4771.62
Rwanda,RWA,2014,4666.96
Rwanda,RWA,2015,5139.43
Rwanda,RWA,2016,4859.34
Rwanda,RWA,2017,4837.53
Rwanda,RWA,2018,4787.03
Rwanda,RWA,2019,4739.67
Rwanda,RWA,2020,4701.52
Rwanda,RWA,2021,4663.25
Rwanda,RWA,2022,4701.48
Rwanda,RWA,2023,4688.75
Rwanda,RWA,2024,4684.49
Saint Vincent and the Grenadines,VCT,1961,0
Saint Vincent and the Grenadines,VCT,1962,0
Saint Vincent and the Grenadines,VCT,1963,0
Saint Vincent and the Grenadines,VCT,1964,0
Saint Vincent and the Grenadines,VCT,1965,0
Saint Vincent and the Grenadines,VCT,1966,0
Saint Vincent and the Grenadines,VCT,1967,0
Saint Vincent and the Grenadines,VCT,1968,0
Saint Vincent and the Grenadines,VCT,1969,0
Saint Vincent and the Grenadines,VCT,1970,0
Saint Vincent and the Grenadines,VCT,1971,0
Saint Vincent and the Grenadines,VCT,1972,0
Saint Vincent and the Grenadines,VCT,1973,0
Saint Vincent and the Grenadines,VCT,1974,0
Saint Vincent and the Grenadines,VCT,1975,0
Saint Vincent and the Grenadines,VCT,1976,1
Saint Vincent and the Grenadines,VCT,1977,14
Saint Vincent and the Grenadines,VCT,1978,38
Saint Vincent and the Grenadines,VCT,1979,73
Saint Vincent and the Grenadines,VCT,1980,86
Saint Vincent and the Grenadines,VCT,1981,99
Saint Vincent and the Grenadines,VCT,1982,100
Saint Vincent and the Grenadines,VCT,1983,75
Saint Vincent and the Grenadines,VCT,1984,83
Saint Vincent and the Grenadines,VCT,1985,73
Saint Vincent and the Grenadines,VCT,1986,66
Saint Vincent and the Grenadines,VCT,1987,76
Saint Vincent and the Grenadines,VCT,1988,57
Saint Vincent and the Grenadines,VCT,1989,41
Saint Vincent and the Grenadines,VCT,1990,40
Saint Vincent and the Grenadines,VCT,1991,60
Saint Vincent and the Grenadines,VCT,1992,70
Saint Vincent and the Grenadines,VCT,1993,65
Saint Vincent and the Grenadines,VCT,1994,63.37
Saint Vincent and the Grenadines,VCT,1995,60
Saint Vincent and the Grenadines,VCT,1996,85
Saint Vincent and the Grenadines,VCT,1997,85
Saint Vincent and the Grenadines,VCT,1998,85
Saint Vincent and the Grenadines,VCT,1999,70
Saint Vincent and the Grenadines,VCT,2000,75
Saint Vincent and the Grenadines,VCT,2001,80
Saint Vincent and the Grenadines,VCT,2002,84
Saint Vincent and the Grenadines,VCT,2003,90
Saint Vincent and the Grenadines,VCT,2004,95
Saint Vincent and the Grenadines,VCT,2005,100
Saint Vincent and the Grenadines,VCT,2006,110
Saint Vincent and the Grenadines,VCT,2007,110
Saint Vincent and the Grenadines,VCT,2008,90
Saint Vincent and the Grenadines,VCT,2009,100
Saint Vincent and the Grenadines,VCT,2010,99.7
Saint Vincent and the Grenadines,VCT,2011,97.8
Saint Vincent and the Grenadines,VCT,2012,90
Saint Vincent and the Grenadines,VCT,2013,92.62
Saint Vincent and the Grenadines,VCT,2014,99.72
Saint Vincent and the Grenadines,VCT,2015,101.77
Saint Vincent and the Grenadines,VCT,2016,100.34
Saint Vincent and the Grenadines,VCT,2017,100.96
Saint Vincent and the Grenadines,VCT,2018,101.98
Saint Vincent and the Grenadines,VCT,2019,103.08
Saint Vincent and the Grenadines,VCT,2020,103.6
Saint Vincent and the Grenadines,VCT,2021,104.07
Saint Vincent and the Grenadines,VCT,2022,102.99
Saint Vincent and the Grenadines,VCT,2023,103.36
Saint Vincent and the Grenadines,VCT,2024,103.73
Samoa,WSM,1961,2
Samoa,WSM,1962,2
Samoa,WSM,1963,1
Samoa,WSM,1964,11
Samoa,WSM,1965,22
Samoa,WSM,1966,33
Samoa,WSM,1967,44
Samoa,WSM,1968,55
Samoa,WSM,1969,67
Samoa,WSM,1970,80
Samoa,WSM,1971,90
Samoa,WSM,1972,102
Samoa,WSM,1973,115
Samoa,WSM,1974,130
Samoa,WSM,1975,145
Samoa,WSM,1976,150
Samoa,WSM,1977,150
Samoa,WSM,1978,150
Samoa,WSM,1979,150
Samoa,WSM,1980,150
Samoa,WSM,1981,150
Samoa,WSM,1982,150
Samoa,WSM,1983,150
Samoa,WSM,1984,150
Samoa,WSM,1985,150
Samoa,WSM,1986,150
Samoa,WSM,1987,150
Samoa,WSM,1988,150
Samoa,WSM,1989,150
Samoa,WSM,1990,145
Samoa,WSM,1991,140
Samoa,WSM,1992,123.87
Samoa,WSM,1993,135
Samoa,WSM,1994,140
Samoa,WSM,1995,139.69
Samoa,WSM,1996,139.83
Samoa,WSM,1997,139.46
Samoa,WSM,1998,139.52
Samoa,WSM,1999,139.51
Samoa,WSM,2000,140
Samoa,WSM,2001,140.86
Samoa,WSM,2002,144.28
Samoa,WSM,2003,145.44
Samoa,WSM,2004,146.85
Samoa,WSM,2005,148.3
Samoa,WSM,2006,149.05
Samoa,WSM,2007,160
Samoa,WSM,2008,178.09
Samoa,WSM,2009,187.78
Samoa,WSM,2010,207
Samoa,WSM,2011,207
Samoa,WSM,2012,210
Samoa,WSM,2013,210
Samoa,WSM,2014,213.43
Samoa,WSM,2015,236.82
Samoa,WSM,2016,246.7
Samoa,WSM,2017,255.6
Samoa,WSM,2018,246.37
Samoa,WSM,2019,252.15
Samoa,WSM,2020,255.02
Samoa,WSM,2021,251.18
Samoa,WSM,2022,252.78
Samoa,WSM,2023,252.99
Samoa,WSM,2024,252.32
Senegal,SEN,1961,0
Senegal,SEN,1962,0
Senegal,SEN,1963,0
Senegal,SEN,1964,0
Senegal,SEN,1965,0
Senegal,SEN,1966,0
Senegal,SEN,1967,0
Senegal,SEN,1968,0
Senegal,SEN,1969,120
Senegal,SEN,1970,0
Senegal,SEN,1971,0
Senegal,SEN,1972,25
Senegal,SEN,1973,124
Senegal,SEN,1974,140
Senegal,SEN,1975,1
Senegal,SEN,1976,16
Senegal,SEN,1977,19
Senegal,SEN,1978,2
Senegal,SEN,1979,0
Senegal,SEN,1980,0
Senegal,SEN,1981,0
Senegal,SEN,1982,0
Senegal,SEN,1983,0
Senegal,SEN,1984,0
Senegal,SEN,1985,0
Senegal,SEN,1986,0
Senegal,SEN,1987,0
Senegal,SEN,1988,0
Senegal,SEN,1989,0
Senegal,SEN,1990,0
Senegal,SEN,1991,0
Senegal,SEN,1992,0
Serbia,SRB,2006,10808
Serbia,SRB,2007,11136
Serbia,SRB,2008,10839
Serbia,SRB,2009,9847
Serbia,SRB,2010,10440
Serbia,SRB,2011,10437
Serbia,SRB,2012,6842.33
Serbia,SRB,2013,7976.75
Serbia,SRB,2014,9340.96
Serbia,SRB,2015,8776
Serbia,SRB,2016,7810
Serbia,SRB,2017,7173
Serbia,SRB,2018,7169
Serbia,SRB,2019,7992
Serbia,SRB,2020,8923.64
Serbia,SRB,2021,10097
Serbia,SRB,2022,6601
Serbia,SRB,2023,7396.73
Serbia,SRB,2024,7005.43
Serbia and Montenegro,OWID_SRM,1992,11486
Serbia and Montenegro,OWID_SRM,1993,13399
Serbia and Montenegro,OWID_SRM,1994,14002
Serbia and Montenegro,OWID_SRM,1995,13482
Serbia and Montenegro,OWID_SRM,1996,11034
Serbia and Montenegro,OWID_SRM,1997,12148
Serbia and Montenegro,OWID_SRM,1998,12000
Serbia and Montenegro,OWID_SRM,1999,14500
Serbia and Montenegro,OWID_SRM,2000,11341
Serbia and Montenegro,OWID_SRM,2001,16586
Serbia and Montenegro,OWID_SRM,2002,18377
Serbia and Montenegro,OWID_SRM,2003,11898
Serbia and Montenegro,OWID_SRM,2004,13000
Serbia and Montenegro,OWID_SRM,2005,11752
Sierra Leone,SLE,1961,0
Sierra Leone,SLE,1962,0
Sierra Leone,SLE,1963,0
Sierra Leone,SLE,1964,0
Sierra Leone,SLE,1965,0
Sierra Leone,SLE,1966,0
Sierra Leone,SLE,1967,0
Sierra Leone,SLE,1968,0
Sierra Leone,SLE,1969,0
Sierra Leone,SLE,1970,0
Sierra Leone,SLE,1971,0
Sierra Leone,SLE,1972,0
Sierra Leone,SLE,1973,0
Sierra Leone,SLE,1974,0
Sierra Leone,SLE,1975,95
Sierra Leone,SLE,1976,307
Sierra Leone,SLE,1977,425
Sierra Leone,SLE,1978,725
Sierra Leone,SLE,1979,559
Sierra Leone,SLE,1980,500
Sierra Leone,SLE,1981,500
Sierra Leone,SLE,1982,500
Sierra Leone,SLE,1983,500
Sierra Leone,SLE,1984,500
Sierra Leone,SLE,1985,500
Sierra Leone,SLE,1986,600
Sierra Leone,SLE,1987,650
Sierra Leone,SLE,1988,650
Sierra Leone,SLE,1989,650
Sierra Leone,SLE,1990,650
Sierra Leone,SLE,1991,650
Sierra Leone,SLE,1992,657.59
Sierra Leone,SLE,1993,670
Sierra Leone,SLE,1994,700
Sierra Leone,SLE,1995,650
Sierra Leone,SLE,1996,436.59
Sierra Leone,SLE,1997,200
Sierra Leone,SLE,1998,99.74
Sierra Leone,SLE,1999,40
Sierra Leone,SLE,2000,20
Sierra Leone,SLE,2001,19.4
Sierra Leone,SLE,2002,21.91
Sierra Leone,SLE,2003,25
Sierra Leone,SLE,2004,27
Sierra Leone,SLE,2005,30
Sierra Leone,SLE,2006,32
Sierra Leone,SLE,2007,33
Sierra Leone,SLE,2008,34
Sierra Leone,SLE,2009,35
Sierra Leone,SLE,2010,37
Sierra Leone,SLE,2011,40
Sierra Leone,SLE,2012,45
Sierra Leone,SLE,2013,49.39
Sierra Leone,SLE,2014,53.42
Sierra Leone,SLE,2015,47.43
Sierra Leone,SLE,2016,50.08
Sierra Leone,SLE,2017,50.31
Sierra Leone,SLE,2018,49.19
Sierra Leone,SLE,2019,48.12
Sierra Leone,SLE,2020,47.06
Sierra Leone,SLE,2021,48.12
Sierra Leone,SLE,2022,47.77
Sierra Leone,SLE,2023,47.65
Sierra Leone,SLE,2024,47.85
Singapore,SGP,1961,505
Singapore,SGP,1962,425
Singapore,SGP,1963,354
Singapore,SGP,1964,382
Singapore,SGP,1965,498
Singapore,SGP,1966,468
Singapore,SGP,1967,398
Singapore,SGP,1968,508
Singapore,SGP,1969,342
Singapore,SGP,1970,490
Singapore,SGP,1971,500
Singapore,SGP,1972,317
Singapore,SGP,1973,417
Singapore,SGP,1974,376
Singapore,SGP,1975,311
Singapore,SGP,1976,407
Singapore,SGP,1977,576
Singapore,SGP,1978,596
Singapore,SGP,1979,478
Singapore,SGP,1980,402
Singapore,SGP,1981,133
Singapore,SGP,1982,88
Singapore,SGP,1983,34
Singapore,SGP,1984,10
Singapore,SGP,1985,16
Singapore,SGP,1986,10
Singapore,SGP,1987,12
Singapore,SGP,1988,10
Singapore,SGP,1989,10
Singapore,SGP,1990,13
Singapore,SGP,1991,12
Singapore,SGP,1992,10.71
Singapore,SGP,1993,10
Singapore,SGP,1994,5
Singapore,SGP,1995,5
Singapore,SGP,1996,2
Singapore,SGP,1997,0
Singapore,SGP,1998,0
Slovakia,SVK,1993,13400
Slovakia,SVK,1994,14000
Slovakia,SVK,1995,8700
Slovakia,SVK,1996,1106
Slovakia,SVK,1997,994
Slovakia,SVK,1998,1487
Slovakia,SVK,1999,1289
Slovakia,SVK,2000,1870
Slovakia,SVK,2001,1987
Slovakia,SVK,2002,2020
Slovakia,SVK,2003,1932
Slovakia,SVK,2004,1298
Slovakia,SVK,2005,1038
Slovakia,SVK,2006,668
Slovakia,SVK,2007,390
Slovakia,SVK,2008,1
Slovakia,SVK,2009,2
Slovakia,SVK,2010,1
Slovakia,SVK,2011,14
Slovakia,SVK,2012,15
Slovakia,SVK,2013,4
Slovakia,SVK,2014,3
Slovakia,SVK,2015,13
Slovakia,SVK,2016,5
Slovakia,SVK,2017,5
Slovakia,SVK,2018,0
Slovakia,SVK,2019,0
Slovakia,SVK,2020,0
Slovenia,SVN,2018,0
Slovenia,SVN,2019,0
Slovenia,SVN,2020,0
Slovenia,SVN,2021,0
Slovenia,SVN,2022,0
Slovenia,SVN,2023,0
Slovenia,SVN,2024,0
Small Island Developing States (FAO),,1961,93871
Small Island Developing States (FAO),,1962,92878
Small Island Developing States (FAO),,1963,98130
Small Island Developing States (FAO),,1964,90739
Small Island Developing States (FAO),,1965,74257
Small Island Developing States (FAO),,1966,83289
Small Island Developing States (FAO),,1967,75052
Small Island Developing States (FAO),,1968,71910
Small Island Developing States (FAO),,1969,64315
Small Island Developing States (FAO),,1970,60274
Small Island Developing States (FAO),,1971,53146
Small Island Developing States (FAO),,1972,72098
Small Island Developing States (FAO),,1973,92872
Small Island Developing States (FAO),,1974,84879
Small Island Developing States (FAO),,1975,82166
Small Island Developing States (FAO),,1976,102556
Small Island Developing States (FAO),,1977,83396
Small Island Developing States (FAO),,1978,100106
Small Island Developing States (FAO),,1979,81788
Small Island Developing States (FAO),,1980,50563
Small Island Developing States (FAO),,1981,99912
Small Island Developing States (FAO),,1982,83266
Small Island Developing States (FAO),,1983,67690
Small Island Developing States (FAO),,1984,77807
Small Island Developing States (FAO),,1985,80269
Small Island Developing States (FAO),,1986,76557
Small Island Developing States (FAO),,1987,72224
Small Island Developing States (FAO),,1988,72089
Small Island Developing States (FAO),,1989,76079
Small Island Developing States (FAO),,1990,60029
Small Island Developing States (FAO),,1991,58159.83
Small Island Developing States (FAO),,1992,49183.54
Small Island Developing States (FAO),,1993,43370.52
Small Island Developing States (FAO),,1994,35042.42
Small Island Developing States (FAO),,1995,50048.01
Small Island Developing States (FAO),,1996,59523.62
Small Island Developing States (FAO),,1997,61537.35
Small Island Developing States (FAO),,1998,84222.67
Small Island Developing States (FAO),,1999,51395.84
Small Island Developing States (FAO),,2000,39379.81
Small Island Developing States (FAO),,2001,40135.05
Small Island Developing States (FAO),,2002,42746.91
Small Island Developing States (FAO),,2003,36948.64
Small Island Developing States (FAO),,2004,43754.23
Small Island Developing States (FAO),,2005,39802.61
Small Island Developing States (FAO),,2006,43293.92
Small Island Developing States (FAO),,2007,42512
Small Island Developing States (FAO),,2008,34248.93
Small Island Developing States (FAO),,2009,40891.52
Small Island Developing States (FAO),,2010,32369.12
Small Island Developing States (FAO),,2011,34131.64
Small Island Developing States (FAO),,2012,32308.6
Small Island Developing States (FAO),,2013,36927.83
Small Island Developing States (FAO),,2014,32636.43
Small Island Developing States (FAO),,2015,41064.45
Small Island Developing States (FAO),,2016,32193.07
Small Island Developing States (FAO),,2017,45056.22
Small Island Developing States (FAO),,2018,42460.12
Small Island Developing States (FAO),,2019,37611.77
Small Island Developing States (FAO),,2020,42353.57
Small Island Developing States (FAO),,2021,35069.01
Small Island Developing States (FAO),,2022,33267.05
Small Island Developing States (FAO),,2023,27982.34
Small Island Developing States (FAO),,2024,30372.46
Solomon Islands,SLB,1961,50
Solomon Islands,SLB,1962,50
Solomon Islands,SLB,1963,55
Solomon Islands,SLB,1964,55
Solomon Islands,SLB,1965,60
Solomon Islands,SLB,1966,60
Solomon Islands,SLB,1967,65
Solomon Islands,SLB,1968,67
Solomon Islands,SLB,1969,70
Solomon Islands,SLB,1970,70
Solomon Islands,SLB,1971,70
Solomon Islands,SLB,1972,70
Solomon Islands,SLB,1973,70
Solomon Islands,SLB,1974,74
Solomon Islands,SLB,1975,76
Solomon Islands,SLB,1976,78
Solomon Islands,SLB,1977,80
Solomon Islands,SLB,1978,82
Solomon Islands,SLB,1979,84
Solomon Islands,SLB,1980,86
Solomon Islands,SLB,1981,88
Solomon Islands,SLB,1982,90
Solomon Islands,SLB,1983,90
Solomon Islands,SLB,1984,90
Solomon Islands,SLB,1985,92
Solomon Islands,SLB,1986,90
Solomon Islands,SLB,1987,90
Solomon Islands,SLB,1988,92
Solomon Islands,SLB,1989,92
Solomon Islands,SLB,1990,85
Solomon Islands,SLB,1991,85
Solomon Islands,SLB,1992,85
Solomon Islands,SLB,1993,85
Solomon Islands,SLB,1994,85
Solomon Islands,SLB,1995,85
Solomon Islands,SLB,1996,85
Solomon Islands,SLB,1997,85
Solomon Islands,SLB,1998,85
Solomon Islands,SLB,1999,85
Solomon Islands,SLB,2000,85
Solomon Islands,SLB,2001,85
Solomon Islands,SLB,2002,85
Solomon Islands,SLB,2003,85
Solomon Islands,SLB,2004,85
Solomon Islands,SLB,2005,85
Solomon Islands,SLB,2006,102
Solomon Islands,SLB,2007,102
Solomon Islands,SLB,2008,102
Solomon Islands,SLB,2009,110
Solomon Islands,SLB,2010,110.15
Solomon Islands,SLB,2011,106.19
Solomon Islands,SLB,2012,108.75
Solomon Islands,SLB,2013,110.64
Solomon Islands,SLB,2014,111.51
Solomon Islands,SLB,2015,111.66
Solomon Islands,SLB,2016,112.72
Solomon Islands,SLB,2017,113.58
Solomon Islands,SLB,2018,113.57
Solomon Islands,SLB,2019,113.25
Solomon Islands,SLB,2020,112.91
Solomon Islands,SLB,2021,114.24
Solomon Islands,SLB,2022,114.02
Solomon Islands,SLB,2023,114.27
Solomon Islands,SLB,2024,114.52
Somalia,SOM,1961,42
Somalia,SOM,1962,70
Somalia,SOM,1963,106
Somalia,SOM,1964,20
Somalia,SOM,1965,80
Somalia,SOM,1966,80
Somalia,SOM,1967,80
Somalia,SOM,1968,80
Somalia,SOM,1969,80
Somalia,SOM,1970,80
Somalia,SOM,1971,80
Somalia,SOM,1972,90
Somalia,SOM,1973,90
Somalia,SOM,1974,90
Somalia,SOM,1975,90
Somalia,SOM,1976,100
Somalia,SOM,1977,100
Somalia,SOM,1978,100
Somalia,SOM,1979,110
Somalia,SOM,1980,110
Somalia,SOM,1981,112
Somalia,SOM,1982,115
Somalia,SOM,1983,118
Somalia,SOM,1984,120
Somalia,SOM,1985,120
Somalia,SOM,1986,120
Somalia,SOM,1987,120
Somalia,SOM,1988,120
Somalia,SOM,1989,120
Somalia,SOM,1990,128
Somalia,SOM,1991,19.33
Somalia,SOM,1992,20
Somalia,SOM,1993,80
Somalia,SOM,1994,100
Somalia,SOM,1995,93.48
Somalia,SOM,1996,87.84
Somalia,SOM,1997,83.12
Somalia,SOM,1998,80
Somalia,SOM,1999,88.11
Somalia,SOM,2000,100
Somalia,SOM,2001,105.2
Somalia,SOM,2002,110
Somalia,SOM,2003,100
Somalia,SOM,2004,95.1
Somalia,SOM,2005,100.41
Somalia,SOM,2006,105.56
Somalia,SOM,2007,113.42
Somalia,SOM,2008,120.97
Somalia,SOM,2009,126.84
Somalia,SOM,2010,132.9
Somalia,SOM,2011,134.11
Somalia,SOM,2012,140
Somalia,SOM,2013,140
Somalia,SOM,2014,139.84
Somalia,SOM,2015,147.24
Somalia,SOM,2016,142.36
Somalia,SOM,2017,139.97
Somalia,SOM,2018,139.79
Somalia,SOM,2019,140.48
Somalia,SOM,2020,142.39
Somalia,SOM,2021,140.89
Somalia,SOM,2022,147.46
Somalia,SOM,2023,148.57
Somalia,SOM,2024,145.64
South Africa,ZAF,1961,26200
South Africa,ZAF,1962,24400
South Africa,ZAF,1963,28200
South Africa,ZAF,1964,31200
South Africa,ZAF,1965,27400
South Africa,ZAF,1966,22100
South Africa,ZAF,1967,27200
South Africa,ZAF,1968,38150
South Africa,ZAF,1969,37800
South Africa,ZAF,1970,34400
South Africa,ZAF,1971,32400
South Africa,ZAF,1972,31000
South Africa,ZAF,1973,29200
South Africa,ZAF,1974,33700
South Africa,ZAF,1975,27500
South Africa,ZAF,1976,32100
South Africa,ZAF,1977,40530
South Africa,ZAF,1978,43970
South Africa,ZAF,1979,47707
South Africa,ZAF,1980,34600
South Africa,ZAF,1981,27737
South Africa,ZAF,1982,34230
South Africa,ZAF,1983,38690
South Africa,ZAF,1984,35500
South Africa,ZAF,1985,37300
South Africa,ZAF,1986,32200
South Africa,ZAF,1987,27200
South Africa,ZAF,1988,29500
South Africa,ZAF,1989,36900
South Africa,ZAF,1990,27400
South Africa,ZAF,1991,30290
South Africa,ZAF,1992,34980
South Africa,ZAF,1993,30390
South Africa,ZAF,1994,19460
South Africa,ZAF,1995,20570
South Africa,ZAF,1996,21520
South Africa,ZAF,1997,26420
South Africa,ZAF,1998,31490
South Africa,ZAF,1999,30100
South Africa,ZAF,2000,29700
South Africa,ZAF,2001,33990
South Africa,ZAF,2002,33020
South Africa,ZAF,2003,37400
South Africa,ZAF,2004,25200
South Africa,ZAF,2005,23550
South Africa,ZAF,2006,14850
South Africa,ZAF,2007,12810
South Africa,ZAF,2008,9041
South Africa,ZAF,2009,9565
South Africa,ZAF,2010,12300
South Africa,ZAF,2011,15000
South Africa,ZAF,2012,17010
South Africa,ZAF,2013,15200
South Africa,ZAF,2014,12876
South Africa,ZAF,2015,14380
South Africa,ZAF,2016,14700
South Africa,ZAF,2017,14800
South Africa,ZAF,2018,15600
South Africa,ZAF,2019,15000
South Africa,ZAF,2020,15100
South Africa,ZAF,2021,11500
South Africa,ZAF,2022,10000
South Africa,ZAF,2023,9513.84
South Africa,ZAF,2024,11230.96
South America,OWID_SAM,1961,274889
South America,OWID_SAM,1962,309254
South America,OWID_SAM,1963,348042
South America,OWID_SAM,1964,333655
South America,OWID_SAM,1965,380510
South America,OWID_SAM,1966,350266
South America,OWID_SAM,1967,386287
South America,OWID_SAM,1968,413470
South America,OWID_SAM,1969,393297
South America,OWID_SAM,1970,396822
South America,OWID_SAM,1971,389725
South America,OWID_SAM,1972,422265
South America,OWID_SAM,1973,397027
South America,OWID_SAM,1974,499009
South America,OWID_SAM,1975,504297
South America,OWID_SAM,1976,534626
South America,OWID_SAM,1977,578185
South America,OWID_SAM,1978,574283
South America,OWID_SAM,1979,614722
South America,OWID_SAM,1980,569861
South America,OWID_SAM,1981,510661
South America,OWID_SAM,1982,582767
South America,OWID_SAM,1983,561142
South America,OWID_SAM,1984,583109
South America,OWID_SAM,1985,555450
South America,OWID_SAM,1986,531214
South America,OWID_SAM,1987,548522
South America,OWID_SAM,1988,578367
South America,OWID_SAM,1989,595068
South America,OWID_SAM,1990,591401
South America,OWID_SAM,1991,590064.8
South America,OWID_SAM,1992,762740.94
South America,OWID_SAM,1993,856751.1
South America,OWID_SAM,1994,680452
South America,OWID_SAM,1995,605957.1
South America,OWID_SAM,1996,653301.25
South America,OWID_SAM,1997,798382
South America,OWID_SAM,1998,703604.6
South America,OWID_SAM,1999,820610.44
South America,OWID_SAM,2000,766959
South America,OWID_SAM,2001,739455.5
South America,OWID_SAM,2002,873479.94
South America,OWID_SAM,2003,848987.44
South America,OWID_SAM,2004,1154885.5
South America,OWID_SAM,2005,1128760
South America,OWID_SAM,2006,1107193.5
South America,OWID_SAM,2007,1096534.8
South America,OWID_SAM,2008,1030803.25
South America,OWID_SAM,2009,1038615.1
South America,OWID_SAM,2010,963505.9
South America,OWID_SAM,2011,1136678
South America,OWID_SAM,2012,977666.8
South America,OWID_SAM,2013,1016829.4
South America,OWID_SAM,2014,1049012.6
South America,OWID_SAM,2015,1017126.25
South America,OWID_SAM,2016,810294.1
South America,OWID_SAM,2017,1023098.2
South America,OWID_SAM,2018,898109.7
South America,OWID_SAM,2019,914700.6
South America,OWID_SAM,2020,844702.8
South America,OWID_SAM,2021,878486.9
South America,OWID_SAM,2022,787265.1
South America,OWID_SAM,2023,807444.1
South America,OWID_SAM,2024,747607.7
South America (FAO),,1961,274889
South America (FAO),,1962,309254
South America (FAO),,1963,348042
South America (FAO),,1964,333655
South America (FAO),,1965,380510
South America (FAO),,1966,350266
South America (FAO),,1967,386287
South America (FAO),,1968,413470
South America (FAO),,1969,393297
South America (FAO),,1970,396822
South America (FAO),,1971,389725
South America (FAO),,1972,422265
South America (FAO),,1973,397027
South America (FAO),,1974,499009
South America (FAO),,1975,504297
South America (FAO),,1976,534626
South America (FAO),,1977,578185
South America (FAO),,1978,574283
South America (FAO),,1979,614722
South America (FAO),,1980,569861
South America (FAO),,1981,510661
South America (FAO),,1982,582767
South America (FAO),,1983,561142
South America (FAO),,1984,583109
South America (FAO),,1985,555450
South America (FAO),,1986,531214
South America (FAO),,1987,548522
South America (FAO),,1988,578367
South America (FAO),,1989,595068
South America (FAO),,1990,591401
South America (FAO),,1991,590064.8
South America (FAO),,1992,762740.94
South America (FAO),,1993,856751.1
South America (FAO),,1994,680452
South America (FAO),,1995,605957.1
South America (FAO),,1996,653301.25
South America (FAO),,1997,798382
South America (FAO),,1998,703604.6
South America (FAO),,1999,820610.44
South America (FAO),,2000,766959
South America (FAO),,2001,739455.5
South America (FAO),,2002,873479.94
South America (FAO),,2003,848987.44
South America (FAO),,2004,1154885.5
South America (FAO),,2005,1128760
South America (FAO),,2006,1107193.5
South America (FAO),,2007,1096534.8
South America (FAO),,2008,1030803.25
South America (FAO),,2009,1038615.1
South America (FAO),,2010,963505.9
South America (FAO),,2011,1136678
South America (FAO),,2012,977666.9
South America (FAO),,2013,1016829.4
South America (FAO),,2014,1049012.6
South America (FAO),,2015,1017126.25
South America (FAO),,2016,810294.1
South America (FAO),,2017,1023098.2
South America (FAO),,2018,898109.7
South America (FAO),,2019,914700.6
South America (FAO),,2020,844702.8
South America (FAO),,2021,878486.9
South America (FAO),,2022,787265.1
South America (FAO),,2023,807444.1
South America (FAO),,2024,747607.7
South Korea,KOR,1961,31530
South Korea,KOR,1962,35025
South Korea,KOR,1963,29008
South Korea,KOR,1964,49299
South Korea,KOR,1965,56053
South Korea,KOR,1966,71936
South Korea,KOR,1967,66000
South Korea,KOR,1968,69696
South Korea,KOR,1969,59195
South Korea,KOR,1970,56309
South Korea,KOR,1971,63364
South Korea,KOR,1972,115934
South Korea,KOR,1973,111596
South Korea,KOR,1974,95098
South Korea,KOR,1975,104233
South Korea,KOR,1976,111619
South Korea,KOR,1977,144533
South Korea,KOR,1978,134349
South Korea,KOR,1979,110626
South Korea,KOR,1980,92506
South Korea,KOR,1981,86997
South Korea,KOR,1982,115173
South Korea,KOR,1983,100677
South Korea,KOR,1984,94172
South Korea,KOR,1985,75679
South Korea,KOR,1986,82982
South Korea,KOR,1987,78039
South Korea,KOR,1988,72998
South Korea,KOR,1989,78422
South Korea,KOR,1990,70073
South Korea,KOR,1991,69696
South Korea,KOR,1992,79567
South Korea,KOR,1993,106493
South Korea,KOR,1994,98598
South Korea,KOR,1995,83862
South Korea,KOR,1996,61108
South Korea,KOR,1997,54388
South Korea,KOR,1998,55535
South Korea,KOR,1999,65443
South Korea,KOR,2000,68198
South Korea,KOR,2001,55587
South Korea,KOR,2002,47549
South Korea,KOR,2003,35666
South Korea,KOR,2004,36380
South Korea,KOR,2005,35000
South Korea,KOR,2006,34000
South Korea,KOR,2007,32000
South Korea,KOR,2008,33000
South Korea,KOR,2009,34000
South Korea,KOR,2010,33910.4
South Korea,KOR,2011,33935.53
South Korea,KOR,2012,33225.54
South Korea,KOR,2013,30658.21
South Korea,KOR,2014,27910.65
South Korea,KOR,2015,27834.11
South Korea,KOR,2016,28800.99
South Korea,KOR,2017,28801.35
South Korea,KOR,2018,28467.36
South Korea,KOR,2019,27322.03
South Korea,KOR,2020,28196.91
South Korea,KOR,2021,27995.44
South Korea,KOR,2022,27838.13
South Korea,KOR,2023,28010.16
South Korea,KOR,2024,27947.91
South-eastern Asia (FAO),,1961,237936
South-eastern Asia (FAO),,1962,251924
South-eastern Asia (FAO),,1963,271459
South-eastern Asia (FAO),,1964,233185
South-eastern Asia (FAO),,1965,246259
South-eastern Asia (FAO),,1966,291794
South-eastern Asia (FAO),,1967,280735
South-eastern Asia (FAO),,1968,314449
South-eastern Asia (FAO),,1969,335295
South-eastern Asia (FAO),,1970,322126
South-eastern Asia (FAO),,1971,257537
South-eastern Asia (FAO),,1972,339723
South-eastern Asia (FAO),,1973,289399
South-eastern Asia (FAO),,1974,286746
South-eastern Asia (FAO),,1975,306676
South-eastern Asia (FAO),,1976,327565
South-eastern Asia (FAO),,1977,350524
South-eastern Asia (FAO),,1978,333453
South-eastern Asia (FAO),,1979,356737
South-eastern Asia (FAO),,1980,319594
South-eastern Asia (FAO),,1981,363243
South-eastern Asia (FAO),,1982,383797
South-eastern Asia (FAO),,1983,398444
South-eastern Asia (FAO),,1984,419722
South-eastern Asia (FAO),,1985,457446
South-eastern Asia (FAO),,1986,396665
South-eastern Asia (FAO),,1987,398720
South-eastern Asia (FAO),,1988,362978
South-eastern Asia (FAO),,1989,335155
South-eastern Asia (FAO),,1990,421548
South-eastern Asia (FAO),,1991,450633
South-eastern Asia (FAO),,1992,452769.72
South-eastern Asia (FAO),,1993,442533
South-eastern Asia (FAO),,1994,349253
South-eastern Asia (FAO),,1995,371719
South-eastern Asia (FAO),,1996,397174
South-eastern Asia (FAO),,1997,401976
South-eastern Asia (FAO),,1998,400293
South-eastern Asia (FAO),,1999,392875
South-eastern Asia (FAO),,2000,450045
South-eastern Asia (FAO),,2001,443894
South-eastern Asia (FAO),,2002,430043
South-eastern Asia (FAO),,2003,443252
South-eastern Asia (FAO),,2004,398402
South-eastern Asia (FAO),,2005,393603
South-eastern Asia (FAO),,2006,365461
South-eastern Asia (FAO),,2007,352679
South-eastern Asia (FAO),,2008,376218
South-eastern Asia (FAO),,2009,448018.06
South-eastern Asia (FAO),,2010,453463.2
South-eastern Asia (FAO),,2011,501395.4
South-eastern Asia (FAO),,2012,540189.9
South-eastern Asia (FAO),,2013,529217.06
South-eastern Asia (FAO),,2014,494395.97
South-eastern Asia (FAO),,2015,456705.34
South-eastern Asia (FAO),,2016,393787.53
South-eastern Asia (FAO),,2017,412045.53
South-eastern Asia (FAO),,2018,439108.38
South-eastern Asia (FAO),,2019,490492.12
South-eastern Asia (FAO),,2020,486329.12
South-eastern Asia (FAO),,2021,462296.2
South-eastern Asia (FAO),,2022,434998.34
South-eastern Asia (FAO),,2023,515676.4
South-eastern Asia (FAO),,2024,581764.1
Southern Africa (FAO),,1961,26398
Southern Africa (FAO),,1962,24688
Southern Africa (FAO),,1963,28430
Southern Africa (FAO),,1964,31473
Southern Africa (FAO),,1965,27509
Southern Africa (FAO),,1966,22245
Southern Africa (FAO),,1967,27363
Southern Africa (FAO),,1968,38350
Southern Africa (FAO),,1969,38018
Southern Africa (FAO),,1970,34676
Southern Africa (FAO),,1971,32673
Southern Africa (FAO),,1972,31372
Southern Africa (FAO),,1973,29575
Southern Africa (FAO),,1974,33954
Southern Africa (FAO),,1975,27925
Southern Africa (FAO),,1976,32541
Southern Africa (FAO),,1977,40968
Southern Africa (FAO),,1978,44625
Southern Africa (FAO),,1979,47905
Southern Africa (FAO),,1980,34910
Southern Africa (FAO),,1981,27936
Southern Africa (FAO),,1982,34430
Southern Africa (FAO),,1983,38847
Southern Africa (FAO),,1984,35562
Southern Africa (FAO),,1985,37353
Southern Africa (FAO),,1986,32290
Southern Africa (FAO),,1987,27290
Southern Africa (FAO),,1988,29563
Southern Africa (FAO),,1989,36924
Southern Africa (FAO),,1990,27423
Southern Africa (FAO),,1991,30330
Southern Africa (FAO),,1992,35015.26
Southern Africa (FAO),,1993,30422.11
Southern Africa (FAO),,1994,19492.06
Southern Africa (FAO),,1995,20603
Southern Africa (FAO),,1996,21530
Southern Africa (FAO),,1997,26436
Southern Africa (FAO),,1998,31508
Southern Africa (FAO),,1999,30150
Southern Africa (FAO),,2000,29771
Southern Africa (FAO),,2001,34065
Southern Africa (FAO),,2002,33092.84
Southern Africa (FAO),,2003,37474.92
Southern Africa (FAO),,2004,25283.61
Southern Africa (FAO),,2005,23640.32
Southern Africa (FAO),,2006,14947.04
Southern Africa (FAO),,2007,12913.75
Southern Africa (FAO),,2008,9151.46
Southern Africa (FAO),,2009,9682.17
Southern Africa (FAO),,2010,12423.89
Southern Africa (FAO),,2011,15130.6
Southern Africa (FAO),,2012,17147.31
Southern Africa (FAO),,2013,15344.02
Southern Africa (FAO),,2014,13026.48
Southern Africa (FAO),,2015,14531.98
Southern Africa (FAO),,2016,14854.74
Southern Africa (FAO),,2017,14957.8
Southern Africa (FAO),,2018,15760.83
Southern Africa (FAO),,2019,15164.03
Southern Africa (FAO),,2020,15260.89
Southern Africa (FAO),,2021,11661.92
Southern Africa (FAO),,2022,10162.28
Southern Africa (FAO),,2023,9675.53
Southern Africa (FAO),,2024,11392.92
Southern Asia (FAO),,1961,419149
Southern Asia (FAO),,1962,467700
Southern Asia (FAO),,1963,462377
Southern Asia (FAO),,1964,492565
Southern Asia (FAO),,1965,494587
Southern Asia (FAO),,1966,463871
Southern Asia (FAO),,1967,566267
Southern Asia (FAO),,1968,570406
Southern Asia (FAO),,1969,558886
Southern Asia (FAO),,1970,526217
Southern Asia (FAO),,1971,557579
Southern Asia (FAO),,1972,582337
Southern Asia (FAO),,1973,506646
Southern Asia (FAO),,1974,596373
Southern Asia (FAO),,1975,505584
Southern Asia (FAO),,1976,483431
Southern Asia (FAO),,1977,581544
Southern Asia (FAO),,1978,645381
Southern Asia (FAO),,1979,602106
Southern Asia (FAO),,1980,603996
Southern Asia (FAO),,1981,643138
Southern Asia (FAO),,1982,686908
Southern Asia (FAO),,1983,738995
Southern Asia (FAO),,1984,664220
Southern Asia (FAO),,1985,672404
Southern Asia (FAO),,1986,613546
Southern Asia (FAO),,1987,613381
Southern Asia (FAO),,1988,516630
Southern Asia (FAO),,1989,637956
Southern Asia (FAO),,1990,694017
Southern Asia (FAO),,1991,701416
Southern Asia (FAO),,1992,753454
Southern Asia (FAO),,1993,772846
Southern Asia (FAO),,1994,730198.1
Southern Asia (FAO),,1995,716460.1
Southern Asia (FAO),,1996,688321.9
Southern Asia (FAO),,1997,786411.44
Southern Asia (FAO),,1998,818315.8
Southern Asia (FAO),,1999,906410
Southern Asia (FAO),,2000,693067.1
Southern Asia (FAO),,2001,490622.1
Southern Asia (FAO),,2002,717008.1
Southern Asia (FAO),,2003,644848.7
Southern Asia (FAO),,2004,695506.4
Southern Asia (FAO),,2005,717193
Southern Asia (FAO),,2006,729597.5
Southern Asia (FAO),,2007,681047.7
Southern Asia (FAO),,2008,661291.44
Southern Asia (FAO),,2009,786520.9
Southern Asia (FAO),,2010,885641.25
Southern Asia (FAO),,2011,1036203.6
Southern Asia (FAO),,2012,1029558
Southern Asia (FAO),,2013,979056.3
Southern Asia (FAO),,2014,959186
Southern Asia (FAO),,2015,983021.56
Southern Asia (FAO),,2016,980028
Southern Asia (FAO),,2017,966247.1
Southern Asia (FAO),,2018,969289.06
Southern Asia (FAO),,2019,1012111.56
Southern Asia (FAO),,2020,991268.75
Southern Asia (FAO),,2021,1021800.06
Southern Asia (FAO),,2022,983090.75
Southern Asia (FAO),,2023,996860.3
Southern Asia (FAO),,2024,1041059.4
Southern Europe (FAO),,1961,169031
Southern Europe (FAO),,1962,217368
Southern Europe (FAO),,1963,302616
Southern Europe (FAO),,1964,334830
Southern Europe (FAO),,1965,318653
Southern Europe (FAO),,1966,280569
Southern Europe (FAO),,1967,321740
Southern Europe (FAO),,1968,267138
Southern Europe (FAO),,1969,247916
Southern Europe (FAO),,1970,269758
Southern Europe (FAO),,1971,259605
Southern Europe (FAO),,1972,282680
Southern Europe (FAO),,1973,298784
Southern Europe (FAO),,1974,279243
Southern Europe (FAO),,1975,351099
Southern Europe (FAO),,1976,382731
Southern Europe (FAO),,1977,345946
Southern Europe (FAO),,1978,357070
Southern Europe (FAO),,1979,393829
Southern Europe (FAO),,1980,363588
Southern Europe (FAO),,1981,399146
Southern Europe (FAO),,1982,421847
Southern Europe (FAO),,1983,402083
Southern Europe (FAO),,1984,472929
Southern Europe (FAO),,1985,465961
Southern Europe (FAO),,1986,468984
Southern Europe (FAO),,1987,453819
Southern Europe (FAO),,1988,436902
Southern Europe (FAO),,1989,466563
Southern Europe (FAO),,1990,458446
Southern Europe (FAO),,1991,474852
Southern Europe (FAO),,1992,451976
Southern Europe (FAO),,1993,411919.7
Southern Europe (FAO),,1994,358004.78
Southern Europe (FAO),,1995,366494
Southern Europe (FAO),,1996,376545.06
Southern Europe (FAO),,1997,386666.56
Southern Europe (FAO),,1998,397297.88
Southern Europe (FAO),,1999,382429.75
Southern Europe (FAO),,2000,368725.62
Southern Europe (FAO),,2001,376533.44
Southern Europe (FAO),,2002,362106.28
Southern Europe (FAO),,2003,354905
Southern Europe (FAO),,2004,348560.16
Southern Europe (FAO),,2005,340677
Southern Europe (FAO),,2006,221908
Southern Europe (FAO),,2007,220272.39
Southern Europe (FAO),,2008,197621.2
Southern Europe (FAO),,2009,213185.27
Southern Europe (FAO),,2010,198493
Southern Europe (FAO),,2011,179397
Southern Europe (FAO),,2012,157624.62
Southern Europe (FAO),,2013,158610.16
Southern Europe (FAO),,2014,175372.56
Southern Europe (FAO),,2015,166028.31
Southern Europe (FAO),,2016,162568.19
Southern Europe (FAO),,2017,161862.39
Southern Europe (FAO),,2018,143251.88
Southern Europe (FAO),,2019,137336.9
Southern Europe (FAO),,2020,128565.81
Southern Europe (FAO),,2021,131231.95
Southern Europe (FAO),,2022,105790.58
Southern Europe (FAO),,2023,91207.46
Southern Europe (FAO),,2024,103293.12
Spain,ESP,1961,36660
Spain,ESP,1962,31536
Spain,ESP,1963,27239
Spain,ESP,1964,27800
Spain,ESP,1965,34300
Spain,ESP,1966,21500
Spain,ESP,1967,31200
Spain,ESP,1968,26400
Spain,ESP,1969,19500
Spain,ESP,1970,26100
Spain,ESP,1971,26600
Spain,ESP,1972,27100
Spain,ESP,1973,25700
Spain,ESP,1974,23400
Spain,ESP,1975,25900
Spain,ESP,1976,29100
Spain,ESP,1977,21600
Spain,ESP,1978,29900
Spain,ESP,1979,34927
Spain,ESP,1980,36800
Spain,ESP,1981,43500
Spain,ESP,1982,42200
Spain,ESP,1983,43150
Spain,ESP,1984,43218
Spain,ESP,1985,42200
Spain,ESP,1986,37700
Spain,ESP,1987,31900
Spain,ESP,1988,33700
Spain,ESP,1989,55100
Spain,ESP,1990,43178
Spain,ESP,1991,49138
Spain,ESP,1992,45052
Spain,ESP,1993,44800
Spain,ESP,1994,44032
Spain,ESP,1995,42915
Spain,ESP,1996,44396
Spain,ESP,1997,46085
Spain,ESP,1998,43658
Spain,ESP,1999,40395
Spain,ESP,2000,42908
Spain,ESP,2001,40710
Spain,ESP,2002,41525
Spain,ESP,2003,40192
Spain,ESP,2004,40596
Spain,ESP,2005,40251
Spain,ESP,2006,32563
Spain,ESP,2007,29248
Spain,ESP,2008,31127
Spain,ESP,2009,34827
Spain,ESP,2010,33410
Spain,ESP,2011,33692
Spain,ESP,2012,33200
Spain,ESP,2013,31330
Spain,ESP,2014,29140
Spain,ESP,2015,29534
Spain,ESP,2016,29238
Spain,ESP,2017,29679
Spain,ESP,2018,25980
Spain,ESP,2019,27770
Spain,ESP,2020,24530
Spain,ESP,2021,26020
Spain,ESP,2022,19940
Spain,ESP,2023,12380
Spain,ESP,2024,19410
Sri Lanka,LKA,1961,2966
Sri Lanka,LKA,1962,2700
Sri Lanka,LKA,1963,3500
Sri Lanka,LKA,1964,4300
Sri Lanka,LKA,1965,4600
Sri Lanka,LKA,1966,5216
Sri Lanka,LKA,1967,6804
Sri Lanka,LKA,1968,7607
Sri Lanka,LKA,1969,8100
Sri Lanka,LKA,1970,8600
Sri Lanka,LKA,1971,9000
Sri Lanka,LKA,1972,9000
Sri Lanka,LKA,1973,9200
Sri Lanka,LKA,1974,9200
Sri Lanka,LKA,1975,5633
Sri Lanka,LKA,1976,6579
Sri Lanka,LKA,1977,6500
Sri Lanka,LKA,1978,7500
Sri Lanka,LKA,1979,11000
Sri Lanka,LKA,1980,18602
Sri Lanka,LKA,1981,15200
Sri Lanka,LKA,1982,16670
Sri Lanka,LKA,1983,14500
Sri Lanka,LKA,1984,15300
Sri Lanka,LKA,1985,15300
Sri Lanka,LKA,1986,15086
Sri Lanka,LKA,1987,11989
Sri Lanka,LKA,1988,12880
Sri Lanka,LKA,1989,11000
Sri Lanka,LKA,1990,10335
Sri Lanka,LKA,1991,9120
Sri Lanka,LKA,1992,9252
Sri Lanka,LKA,1993,11696
Sri Lanka,LKA,1994,12241
Sri Lanka,LKA,1995,11383
Sri Lanka,LKA,1996,10720
Sri Lanka,LKA,1997,9990
Sri Lanka,LKA,1998,9044
Sri Lanka,LKA,1999,6010
Sri Lanka,LKA,2000,5400
Sri Lanka,LKA,2001,4520
Sri Lanka,LKA,2002,3820
Sri Lanka,LKA,2003,3810
Sri Lanka,LKA,2004,4390
Sri Lanka,LKA,2005,4210
Sri Lanka,LKA,2006,3710
Sri Lanka,LKA,2007,4150
Sri Lanka,LKA,2008,3770
Sri Lanka,LKA,2009,3810
Sri Lanka,LKA,2010,4200
Sri Lanka,LKA,2011,3470
Sri Lanka,LKA,2012,3620
Sri Lanka,LKA,2013,5040
Sri Lanka,LKA,2014,3322
Sri Lanka,LKA,2015,4733.22
Sri Lanka,LKA,2016,7024
Sri Lanka,LKA,2017,7105
Sri Lanka,LKA,2018,5903
Sri Lanka,LKA,2019,9480
Sri Lanka,LKA,2020,9224.5
Sri Lanka,LKA,2021,10284.7
Sri Lanka,LKA,2022,6612
Sri Lanka,LKA,2023,8623
Sri Lanka,LKA,2024,8514
Sweden,SWE,1961,95
Sweden,SWE,1962,84
Sweden,SWE,1963,115
Sweden,SWE,1964,108
Sweden,SWE,1965,0
Sweden,SWE,1966,0
Sweden,SWE,1967,0
Sweden,SWE,1968,0
Sweden,SWE,1969,0
Sweden,SWE,1970,0
Sweden,SWE,1971,0
Sweden,SWE,1972,0
Sweden,SWE,1973,0
Sweden,SWE,1974,0
Sweden,SWE,1975,0
Sweden,SWE,1976,0
Sweden,SWE,1977,0
Sweden,SWE,1978,0
Sweden,SWE,1979,0
Sweden,SWE,1980,0
Sweden,SWE,1981,0
Sweden,SWE,1982,0
Sweden,SWE,1983,0
Sweden,SWE,1984,0
Sweden,SWE,1985,0
Sweden,SWE,1986,0
Sweden,SWE,1987,0
Sweden,SWE,1988,0
Sweden,SWE,1989,0
Sweden,SWE,1990,0
Sweden,SWE,1991,0
Sweden,SWE,1992,0
Sweden,SWE,2018,0
Sweden,SWE,2019,0
Switzerland,CHE,1961,1783
Switzerland,CHE,1962,1866
Switzerland,CHE,1963,1749
Switzerland,CHE,1964,1923
Switzerland,CHE,1965,1561
Switzerland,CHE,1966,1781
Switzerland,CHE,1967,2089
Switzerland,CHE,1968,1881
Switzerland,CHE,1969,2000
Switzerland,CHE,1970,1955
Switzerland,CHE,1971,1789
Switzerland,CHE,1972,1852
Switzerland,CHE,1973,1711
Switzerland,CHE,1974,1805
Switzerland,CHE,1975,1568
Switzerland,CHE,1976,1982
Switzerland,CHE,1977,1166
Switzerland,CHE,1978,1455
Switzerland,CHE,1979,1777
Switzerland,CHE,1980,1261
Switzerland,CHE,1981,1746
Switzerland,CHE,1982,1554
Switzerland,CHE,1983,1700
Switzerland,CHE,1984,1759
Switzerland,CHE,1985,1496
Switzerland,CHE,1986,1747
Switzerland,CHE,1987,1305
Switzerland,CHE,1988,1530
Switzerland,CHE,1989,1571
Switzerland,CHE,1990,1106
Switzerland,CHE,1991,1365
Switzerland,CHE,1992,1173
Switzerland,CHE,1993,1437
Switzerland,CHE,1994,1318
Switzerland,CHE,1995,1594
Switzerland,CHE,1996,1659
Switzerland,CHE,1997,1040
Switzerland,CHE,1998,1506
Switzerland,CHE,1999,1103
Switzerland,CHE,2000,1182
Switzerland,CHE,2001,1343
Switzerland,CHE,2002,1462
Switzerland,CHE,2003,1584
Switzerland,CHE,2004,1320
Switzerland,CHE,2005,1527
Switzerland,CHE,2006,1176
Switzerland,CHE,2007,870
Switzerland,CHE,2008,1201
Switzerland,CHE,2009,953
Switzerland,CHE,2010,1183
Switzerland,CHE,2011,1238
Switzerland,CHE,2012,1071
Switzerland,CHE,2013,1051
Switzerland,CHE,2014,997
Switzerland,CHE,2015,1033
Switzerland,CHE,2016,1013
Switzerland,CHE,2017,985.28
Switzerland,CHE,2018,957.93
Switzerland,CHE,2019,890.15
Switzerland,CHE,2020,881.58
Switzerland,CHE,2021,847.13
Switzerland,CHE,2022,821.85
Switzerland,CHE,2023,818.65
Switzerland,CHE,2024,756.04
Syria,SYR,1961,7176
Syria,SYR,1962,6645
Syria,SYR,1963,700
Syria,SYR,1964,11320
Syria,SYR,1965,11979
Syria,SYR,1966,9747
Syria,SYR,1967,5996
Syria,SYR,1968,8406
Syria,SYR,1969,8851
Syria,SYR,1970,6674
Syria,SYR,1971,7450
Syria,SYR,1972,11594
Syria,SYR,1973,10939
Syria,SYR,1974,10124
Syria,SYR,1975,11995
Syria,SYR,1976,12031
Syria,SYR,1977,11541
Syria,SYR,1978,13091
Syria,SYR,1979,11623
Syria,SYR,1980,13758
Syria,SYR,1981,12499
Syria,SYR,1982,13695
Syria,SYR,1983,14400
Syria,SYR,1984,13300
Syria,SYR,1985,13900
Syria,SYR,1986,16603
Syria,SYR,1987,16800
Syria,SYR,1988,15400
Syria,SYR,1989,13000
Syria,SYR,1990,13100
Syria,SYR,1991,16200
Syria,SYR,1992,23575
Syria,SYR,1993,15000
Syria,SYR,1994,14300
Syria,SYR,1995,23361
Syria,SYR,1996,18100
Syria,SYR,1997,16800
Syria,SYR,1998,21700
Syria,SYR,1999,24700
Syria,SYR,2000,26112
Syria,SYR,2001,28802
Syria,SYR,2002,27700
Syria,SYR,2003,26209
Syria,SYR,2004,25942
Syria,SYR,2005,28870
Syria,SYR,2006,24900
Syria,SYR,2007,24066
Syria,SYR,2008,20580
Syria,SYR,2009,19881
Syria,SYR,2010,20150
Syria,SYR,2011,17059
Syria,SYR,2012,15620
Syria,SYR,2013,15817
Syria,SYR,2014,14731
Syria,SYR,2015,11921
Syria,SYR,2016,8286
Syria,SYR,2017,14089
Syria,SYR,2018,13993
Syria,SYR,2019,13293
Syria,SYR,2020,18678.96
Syria,SYR,2021,14186.6
Syria,SYR,2022,9808
Syria,SYR,2023,7792
Syria,SYR,2024,8430
Taiwan,TWN,1961,15854
Taiwan,TWN,1962,16077
Taiwan,TWN,1963,17413
Taiwan,TWN,1964,19379
Taiwan,TWN,1965,16301
Taiwan,TWN,1966,15054
Taiwan,TWN,1967,17735
Taiwan,TWN,1968,20644
Taiwan,TWN,1969,20509
Taiwan,TWN,1970,20800
Taiwan,TWN,1971,16808
Taiwan,TWN,1972,16417
Taiwan,TWN,1973,17883
Taiwan,TWN,1974,17713
Taiwan,TWN,1975,18109
Taiwan,TWN,1976,26433
Taiwan,TWN,1977,24695
Taiwan,TWN,1978,22129
Taiwan,TWN,1979,21476
Taiwan,TWN,1980,19747
Taiwan,TWN,1981,22718
Taiwan,TWN,1982,25570
Taiwan,TWN,1983,22722
Taiwan,TWN,1984,26491
Taiwan,TWN,1985,25358
Taiwan,TWN,1986,24322
Taiwan,TWN,1987,24005
Taiwan,TWN,1988,20206
Taiwan,TWN,1989,18484
Taiwan,TWN,1990,18528
Taiwan,TWN,1991,20686
Taiwan,TWN,1992,16393
Taiwan,TWN,1993,17428
Taiwan,TWN,1994,18526
Taiwan,TWN,1995,12685
Taiwan,TWN,1996,11230
Taiwan,TWN,1997,10283
Taiwan,TWN,1998,9972
Taiwan,TWN,1999,9295
Taiwan,TWN,2000,11510
Taiwan,TWN,2001,9215
Taiwan,TWN,2002,7578
Taiwan,TWN,2003,5243
Taiwan,TWN,2004,5490
Taiwan,TWN,2005,2743
Taiwan,TWN,2006,2193
Taiwan,TWN,2007,1672
Taiwan,TWN,2008,1725
Taiwan,TWN,2009,1928
Taiwan,TWN,2010,1928
Taiwan,TWN,2011,1737
Taiwan,TWN,2012,1642
Taiwan,TWN,2013,1700
Taiwan,TWN,2014,1650
Taiwan,TWN,2015,1604
Taiwan,TWN,2016,1371
Taiwan,TWN,2017,1335
Taiwan,TWN,2018,1436.67
Taiwan,TWN,2019,1380.89
Taiwan,TWN,2020,1384.19
Taiwan,TWN,2021,1400.58
Taiwan,TWN,2022,1388.55
Taiwan,TWN,2023,1391.11
Taiwan,TWN,2024,1393.41
Tajikistan,TJK,1992,9640
Tajikistan,TJK,1993,11500
Tajikistan,TJK,1994,9773
Tajikistan,TJK,1995,6300
Tajikistan,TJK,1996,2865
Tajikistan,TJK,1997,6371
Tajikistan,TJK,1998,10057
Tajikistan,TJK,1999,6873
Tajikistan,TJK,2000,7186
Tajikistan,TJK,2001,4059
Tajikistan,TJK,2002,4081
Tajikistan,TJK,2003,744
Tajikistan,TJK,2004,2675
Tajikistan,TJK,2005,1609
Tajikistan,TJK,2006,1301
Tajikistan,TJK,2007,516
Tajikistan,TJK,2008,189
Tajikistan,TJK,2009,235
Tajikistan,TJK,2010,497
Tajikistan,TJK,2011,704
Tajikistan,TJK,2012,897
Tajikistan,TJK,2013,1119
Tajikistan,TJK,2014,550
Tajikistan,TJK,2015,253
Tajikistan,TJK,2016,178.6
Tajikistan,TJK,2017,211.7
Tajikistan,TJK,2018,137.8
Tajikistan,TJK,2019,141.4
Tajikistan,TJK,2020,100
Tajikistan,TJK,2021,100
Tajikistan,TJK,2022,80
Tajikistan,TJK,2023,500
Tajikistan,TJK,2024,379.22
Tanzania,TZA,1961,2701
Tanzania,TZA,1962,1770
Tanzania,TZA,1963,2219
Tanzania,TZA,1964,3389
Tanzania,TZA,1965,5172
Tanzania,TZA,1966,5103
Tanzania,TZA,1967,7753
Tanzania,TZA,1968,11662
Tanzania,TZA,1969,11044
Tanzania,TZA,1970,11971
Tanzania,TZA,1971,14154
Tanzania,TZA,1972,13069
Tanzania,TZA,1973,13024
Tanzania,TZA,1974,18150
Tanzania,TZA,1975,14157
Tanzania,TZA,1976,18841
Tanzania,TZA,1977,18318
Tanzania,TZA,1978,17053
Tanzania,TZA,1979,17193
Tanzania,TZA,1980,16771
Tanzania,TZA,1981,17200
Tanzania,TZA,1982,13620
Tanzania,TZA,1983,11019
Tanzania,TZA,1984,13434
Tanzania,TZA,1985,12552
Tanzania,TZA,1986,16466
Tanzania,TZA,1987,12921
Tanzania,TZA,1988,11554
Tanzania,TZA,1989,11808
Tanzania,TZA,1990,16459
Tanzania,TZA,1991,23322
Tanzania,TZA,1992,23324
Tanzania,TZA,1993,24108
Tanzania,TZA,1994,25791
Tanzania,TZA,1995,22630
Tanzania,TZA,1996,28598
Tanzania,TZA,1997,35380
Tanzania,TZA,1998,50328
Tanzania,TZA,1999,37930
Tanzania,TZA,2000,26384
Tanzania,TZA,2001,24522
Tanzania,TZA,2002,27423
Tanzania,TZA,2003,28000
Tanzania,TZA,2004,34000
Tanzania,TZA,2005,47000
Tanzania,TZA,2006,52000
Tanzania,TZA,2007,50600
Tanzania,TZA,2008,50800
Tanzania,TZA,2009,58700
Tanzania,TZA,2010,60900
Tanzania,TZA,2011,130000
Tanzania,TZA,2012,120000
Tanzania,TZA,2013,86359
Tanzania,TZA,2014,80471.73
Tanzania,TZA,2015,100312.65
Tanzania,TZA,2016,60692
Tanzania,TZA,2017,58639
Tanzania,TZA,2018,50522
Tanzania,TZA,2019,70824
Tanzania,TZA,2020,37546
Tanzania,TZA,2021,58508
Tanzania,TZA,2022,70699
Tanzania,TZA,2023,122859
Tanzania,TZA,2024,117464
Thailand,THA,1961,29000
Thailand,THA,1962,29000
Thailand,THA,1963,30000
Thailand,THA,1964,30900
Thailand,THA,1965,35650
Thailand,THA,1966,88000
Thailand,THA,1967,78000
Thailand,THA,1968,85300
Thailand,THA,1969,90300
Thailand,THA,1970,93000
Thailand,THA,1971,49000
Thailand,THA,1972,51300
Thailand,THA,1973,45400
Thailand,THA,1974,56000
Thailand,THA,1975,62765
Thailand,THA,1976,67672
Thailand,THA,1977,76752
Thailand,THA,1978,83350
Thailand,THA,1979,73325
Thailand,THA,1980,84272
Thailand,THA,1981,75230
Thailand,THA,1982,86020
Thailand,THA,1983,93000
Thailand,THA,1984,90000
Thailand,THA,1985,90000
Thailand,THA,1986,85000
Thailand,THA,1987,67000
Thailand,THA,1988,54228
Thailand,THA,1989,60245
Thailand,THA,1990,69469
Thailand,THA,1991,85400
Thailand,THA,1992,93600
Thailand,THA,1993,93600
Thailand,THA,1994,50800
Thailand,THA,1995,48800
Thailand,THA,1996,59800
Thailand,THA,1997,72400
Thailand,THA,1998,74300
Thailand,THA,1999,79300
Thailand,THA,2000,60624
Thailand,THA,2001,74076
Thailand,THA,2002,77693
Thailand,THA,2003,75290
Thailand,THA,2004,68249
Thailand,THA,2005,71953
Thailand,THA,2006,65835
Thailand,THA,2007,58562
Thailand,THA,2008,61930
Thailand,THA,2009,62449
Thailand,THA,2010,59540
Thailand,THA,2011,67900
Thailand,THA,2012,68075.55
Thailand,THA,2013,71586
Thailand,THA,2014,79618
Thailand,THA,2015,61086
Thailand,THA,2016,70763.33
Thailand,THA,2017,68380.12
Thailand,THA,2018,66423.94
Thailand,THA,2019,66048.25
Thailand,THA,2020,66024.79
Thailand,THA,2021,66436.77
Thailand,THA,2022,66590.32
Thailand,THA,2023,66437.8
Thailand,THA,2024,66285.29
Togo,TGO,1961,2000
Togo,TGO,1962,2000
Togo,TGO,1963,2000
Togo,TGO,1964,2000
Togo,TGO,1965,2000
Togo,TGO,1966,2000
Togo,TGO,1967,2000
Togo,TGO,1968,2000
Togo,TGO,1969,2000
Togo,TGO,1970,2000
Togo,TGO,1971,2000
Togo,TGO,1972,2000
Togo,TGO,1973,2000
Togo,TGO,1974,2000
Togo,TGO,1975,2000
Togo,TGO,1976,2000
Togo,TGO,1977,2000
Togo,TGO,1978,2000
Togo,TGO,1979,2000
Togo,TGO,1980,2000
Togo,TGO,1981,2000
Togo,TGO,1982,2000
Togo,TGO,1983,2000
Togo,TGO,1984,2000
Togo,TGO,1985,2000
Togo,TGO,1986,2000
Togo,TGO,1987,2000
Togo,TGO,1988,2000
Togo,TGO,1989,2000
Togo,TGO,1990,2000
Togo,TGO,1991,2000
Togo,TGO,1992,1969.37
Togo,TGO,1993,1942.47
Togo,TGO,1994,1913.83
Togo,TGO,1995,1885.82
Togo,TGO,1996,1837.55
Togo,TGO,1997,1819.43
Togo,TGO,1998,1800
Togo,TGO,1999,1800
Togo,TGO,2000,1800
Togo,TGO,2001,1800
Togo,TGO,2002,1800
Togo,TGO,2003,1800
Togo,TGO,2004,1808.54
Togo,TGO,2005,1824.67
Togo,TGO,2006,1836.59
Togo,TGO,2007,1850
Togo,TGO,2008,1859.75
Togo,TGO,2009,1855.11
Togo,TGO,2010,1861.64
Togo,TGO,2011,1866.22
Togo,TGO,2012,1872.66
Togo,TGO,2013,1881.06
Togo,TGO,2014,1889.15
Togo,TGO,2015,1896.9
Togo,TGO,2016,1904.72
Togo,TGO,2017,1912.52
Togo,TGO,2018,1920.31
Togo,TGO,2019,1928.08
Togo,TGO,2020,1935.83
Togo,TGO,2021,1940.4
Togo,TGO,2022,1946.96
Togo,TGO,2023,1953.21
Togo,TGO,2024,1959.34
Trinidad and Tobago,TTO,1961,40
Trinidad and Tobago,TTO,1962,40
Trinidad and Tobago,TTO,1963,49
Trinidad and Tobago,TTO,1964,44
Trinidad and Tobago,TTO,1965,47
Trinidad and Tobago,TTO,1966,68
Trinidad and Tobago,TTO,1967,116
Trinidad and Tobago,TTO,1968,206
Trinidad and Tobago,TTO,1969,229
Trinidad and Tobago,TTO,1970,245
Trinidad and Tobago,TTO,1971,215
Trinidad and Tobago,TTO,1972,251
Trinidad and Tobago,TTO,1973,332
Trinidad and Tobago,TTO,1974,312
Trinidad and Tobago,TTO,1975,286
Trinidad and Tobago,TTO,1976,148
Trinidad and Tobago,TTO,1977,88
Trinidad and Tobago,TTO,1978,120
Trinidad and Tobago,TTO,1979,119
Trinidad and Tobago,TTO,1980,14
Trinidad and Tobago,TTO,1981,43
Trinidad and Tobago,TTO,1982,52
Trinidad and Tobago,TTO,1983,41
Trinidad and Tobago,TTO,1984,61
Trinidad and Tobago,TTO,1985,44
Trinidad and Tobago,TTO,1986,71
Trinidad and Tobago,TTO,1987,67
Trinidad and Tobago,TTO,1988,78
Trinidad and Tobago,TTO,1989,71
Trinidad and Tobago,TTO,1990,101
Trinidad and Tobago,TTO,1991,91
Trinidad and Tobago,TTO,1992,82
Trinidad and Tobago,TTO,1993,74
Trinidad and Tobago,TTO,1994,31
Trinidad and Tobago,TTO,1995,32
Trinidad and Tobago,TTO,1996,36
Trinidad and Tobago,TTO,1997,33
Trinidad and Tobago,TTO,1998,46.67
Trinidad and Tobago,TTO,1999,60
Trinidad and Tobago,TTO,2000,90
Trinidad and Tobago,TTO,2001,120
Trinidad and Tobago,TTO,2002,150
Trinidad and Tobago,TTO,2003,165
Trinidad and Tobago,TTO,2004,180
Trinidad and Tobago,TTO,2005,200
Trinidad and Tobago,TTO,2006,255
Trinidad and Tobago,TTO,2007,225
Trinidad and Tobago,TTO,2008,225
Trinidad and Tobago,TTO,2009,240
Trinidad and Tobago,TTO,2010,228.53
Trinidad and Tobago,TTO,2011,217.2
Trinidad and Tobago,TTO,2012,200
Trinidad and Tobago,TTO,2013,197.69
Trinidad and Tobago,TTO,2014,196.98
Trinidad and Tobago,TTO,2015,200.14
Trinidad and Tobago,TTO,2016,196.69
Trinidad and Tobago,TTO,2017,195.12
Trinidad and Tobago,TTO,2018,193.63
Trinidad and Tobago,TTO,2019,192.08
Trinidad and Tobago,TTO,2020,191.44
Trinidad and Tobago,TTO,2021,193.07
Trinidad and Tobago,TTO,2022,191.43
Trinidad and Tobago,TTO,2023,190.8
Trinidad and Tobago,TTO,2024,190.16
Tunisia,TUN,1961,978
Tunisia,TUN,1962,616
Tunisia,TUN,1963,928
Tunisia,TUN,1964,1560
Tunisia,TUN,1965,1752
Tunisia,TUN,1966,2180
Tunisia,TUN,1967,2330
Tunisia,TUN,1968,2750
Tunisia,TUN,1969,2680
Tunisia,TUN,1970,2610
Tunisia,TUN,1971,2038
Tunisia,TUN,1972,1490
Tunisia,TUN,1973,1668
Tunisia,TUN,1974,2160
Tunisia,TUN,1975,3280
Tunisia,TUN,1976,4246
Tunisia,TUN,1977,4400
Tunisia,TUN,1978,4700
Tunisia,TUN,1979,4400
Tunisia,TUN,1980,4100
Tunisia,TUN,1981,5860
Tunisia,TUN,1982,5500
Tunisia,TUN,1983,4400
Tunisia,TUN,1984,3350
Tunisia,TUN,1985,3950
Tunisia,TUN,1986,4500
Tunisia,TUN,1987,5400
Tunisia,TUN,1988,5000
Tunisia,TUN,1989,5500
Tunisia,TUN,1990,6800
Tunisia,TUN,1991,5800
Tunisia,TUN,1992,5210
Tunisia,TUN,1993,5200
Tunisia,TUN,1994,3580
Tunisia,TUN,1995,4000
Tunisia,TUN,1996,2700
Tunisia,TUN,1997,3300
Tunisia,TUN,1998,3800
Tunisia,TUN,1999,2800
Tunisia,TUN,2000,3436
Tunisia,TUN,2001,3121
Tunisia,TUN,2002,2800
Tunisia,TUN,2003,1978
Tunisia,TUN,2004,1985
Tunisia,TUN,2005,3048
Tunisia,TUN,2006,3970
Tunisia,TUN,2007,2582
Tunisia,TUN,2008,2546
Tunisia,TUN,2009,1600
Tunisia,TUN,2010,1600
Tunisia,TUN,2011,1360
Tunisia,TUN,2012,1100
Tunisia,TUN,2013,1400
Tunisia,TUN,2014,1444
Tunisia,TUN,2015,1241
Tunisia,TUN,2016,3178.59
Tunisia,TUN,2017,1954.53
Tunisia,TUN,2018,2124.71
Tunisia,TUN,2019,2419.28
Tunisia,TUN,2020,2100.97
Tunisia,TUN,2021,2214.98
Tunisia,TUN,2022,2245.08
Tunisia,TUN,2023,2187.01
Tunisia,TUN,2024,2215.69
Turkey,TUR,1961,101407
Turkey,TUR,1962,89793
Turkey,TUR,1963,132183
Turkey,TUR,1964,193668
Turkey,TUR,1965,132374
Turkey,TUR,1966,164197
Turkey,TUR,1967,189259
Turkey,TUR,1968,163038
Turkey,TUR,1969,146592
Turkey,TUR,1970,149861
Turkey,TUR,1971,173861
Turkey,TUR,1972,179799
Turkey,TUR,1973,149120
Turkey,TUR,1974,203487
Turkey,TUR,1975,199935
Turkey,TUR,1976,323963
Turkey,TUR,1977,247952
Turkey,TUR,1978,292563
Turkey,TUR,1979,216585
Turkey,TUR,1980,228349
Turkey,TUR,1981,168024
Turkey,TUR,1982,207735
Turkey,TUR,1983,233843
Turkey,TUR,1984,177529
Turkey,TUR,1985,170491
Turkey,TUR,1986,158480
Turkey,TUR,1987,184712
Turkey,TUR,1988,219063
Turkey,TUR,1989,269888
Turkey,TUR,1990,296008
Turkey,TUR,1991,240881
Turkey,TUR,1992,334276
Turkey,TUR,1993,338796
Turkey,TUR,1994,186954
Turkey,TUR,1995,204440
Turkey,TUR,1996,225216
Turkey,TUR,1997,286414
Turkey,TUR,1998,250556
Turkey,TUR,1999,243468
Turkey,TUR,2000,200280
Turkey,TUR,2001,144786
Turkey,TUR,2002,152856
Turkey,TUR,2003,112158
Turkey,TUR,2004,133913
Turkey,TUR,2005,135247
Turkey,TUR,2006,98137
Turkey,TUR,2007,74584
Turkey,TUR,2008,93403
Turkey,TUR,2009,81053
Turkey,TUR,2010,53018
Turkey,TUR,2011,45435
Turkey,TUR,2012,73285
Turkey,TUR,2013,93158
Turkey,TUR,2014,74696
Turkey,TUR,2015,67990
Turkey,TUR,2016,74238
Turkey,TUR,2017,93666
Turkey,TUR,2018,75276
Turkey,TUR,2019,68224
Turkey,TUR,2020,79081
Turkey,TUR,2021,71497
Turkey,TUR,2022,87725
Turkey,TUR,2023,85510
Turkey,TUR,2024,108000
Turkmenistan,TKM,1992,2200
Turkmenistan,TKM,1993,2500
Turkmenistan,TKM,1994,2200
Turkmenistan,TKM,1995,1317.36
Turkmenistan,TKM,1996,2500
Turkmenistan,TKM,1997,3220
Turkmenistan,TKM,1998,3220
Turkmenistan,TKM,1999,3220
Turkmenistan,TKM,2000,3220
Turkmenistan,TKM,2001,3220
Turkmenistan,TKM,2002,3000
Turkmenistan,TKM,2003,3000
Turkmenistan,TKM,2004,3000
Turkmenistan,TKM,2005,3100
Turkmenistan,TKM,2006,3500
Turkmenistan,TKM,2007,3100
Turkmenistan,TKM,2008,3000
Turkmenistan,TKM,2009,3000
Turkmenistan,TKM,2010,3068.77
Turkmenistan,TKM,2011,3185.24
Turkmenistan,TKM,2012,3144.78
Turkmenistan,TKM,2013,3160.62
Turkmenistan,TKM,2014,3207.68
Turkmenistan,TKM,2015,3249.47
Turkmenistan,TKM,2016,3281.2
Turkmenistan,TKM,2017,3299.19
Turkmenistan,TKM,2018,3313.64
Turkmenistan,TKM,2019,3322.45
Turkmenistan,TKM,2020,3334.31
Turkmenistan,TKM,2021,3346.98
Turkmenistan,TKM,2022,3313.18
Turkmenistan,TKM,2023,3323.34
Turkmenistan,TKM,2024,3333.51
USSR,OWID_USS,1961,134000
USSR,OWID_USS,1962,134000
USSR,OWID_USS,1963,156200
USSR,OWID_USS,1964,230900
USSR,OWID_USS,1965,219000
USSR,OWID_USS,1966,223000
USSR,OWID_USS,1967,255000
USSR,OWID_USS,1968,269000
USSR,OWID_USS,1969,241000
USSR,OWID_USS,1970,266000
USSR,OWID_USS,1971,262000
USSR,OWID_USS,1972,299000
USSR,OWID_USS,1973,313000
USSR,OWID_USS,1974,316000
USSR,OWID_USS,1975,300000
USSR,OWID_USS,1976,315000
USSR,OWID_USS,1977,309000
USSR,OWID_USS,1978,283000
USSR,OWID_USS,1979,290200
USSR,OWID_USS,1980,222500
USSR,OWID_USS,1981,231000
USSR,OWID_USS,1982,307000
USSR,OWID_USS,1983,385000
USSR,OWID_USS,1984,378000
USSR,OWID_USS,1985,381000
USSR,OWID_USS,1986,374000
USSR,OWID_USS,1987,303000
USSR,OWID_USS,1988,245400
USSR,OWID_USS,1989,233200
USSR,OWID_USS,1990,283214
USSR,OWID_USS,1991,217496
Uganda,UGA,1961,7217
Uganda,UGA,1962,5092
Uganda,UGA,1963,2936
Uganda,UGA,1964,3860
Uganda,UGA,1965,3450
Uganda,UGA,1966,2540
Uganda,UGA,1967,3963
Uganda,UGA,1968,4572
Uganda,UGA,1969,3523
Uganda,UGA,1970,3400
Uganda,UGA,1971,4400
Uganda,UGA,1972,5000
Uganda,UGA,1973,3900
Uganda,UGA,1974,3200
Uganda,UGA,1975,4000
Uganda,UGA,1976,3700
Uganda,UGA,1977,2500
Uganda,UGA,1978,1400
Uganda,UGA,1979,800
Uganda,UGA,1980,400
Uganda,UGA,1981,100
Uganda,UGA,1982,647
Uganda,UGA,1983,1650
Uganda,UGA,1984,1969
Uganda,UGA,1985,1613
Uganda,UGA,1986,949
Uganda,UGA,1987,1214
Uganda,UGA,1988,2639
Uganda,UGA,1989,3456
Uganda,UGA,1990,3322
Uganda,UGA,1991,5140
Uganda,UGA,1992,6686
Uganda,UGA,1993,5183
Uganda,UGA,1994,6548
Uganda,UGA,1995,6851
Uganda,UGA,1996,6349
Uganda,UGA,1997,8195
Uganda,UGA,1998,11333
Uganda,UGA,1999,20864
Uganda,UGA,2000,22837
Uganda,UGA,2001,22572
Uganda,UGA,2002,36310
Uganda,UGA,2003,34250
Uganda,UGA,2004,32520
Uganda,UGA,2005,31413
Uganda,UGA,2006,15793
Uganda,UGA,2007,26383
Uganda,UGA,2008,29040
Uganda,UGA,2009,18846
Uganda,UGA,2010,27138
Uganda,UGA,2011,28444
Uganda,UGA,2012,31000
Uganda,UGA,2013,31594.68
Uganda,UGA,2014,31574.96
Uganda,UGA,2015,31803.39
Uganda,UGA,2016,32618.84
Uganda,UGA,2017,31688.9
Uganda,UGA,2018,31216.16
Uganda,UGA,2019,31044.51
Uganda,UGA,2020,31037.12
Uganda,UGA,2021,31907.83
Uganda,UGA,2022,31937.74
Uganda,UGA,2023,31848.9
Uganda,UGA,2024,32091.75
Ukraine,UKR,1992,8991
Ukraine,UKR,1993,7140
Ukraine,UKR,1994,6000
Ukraine,UKR,1995,4100
Ukraine,UKR,1996,2460
Ukraine,UKR,1997,2790
Ukraine,UKR,1998,2500
Ukraine,UKR,1999,4000
Ukraine,UKR,2000,3000
Ukraine,UKR,2001,2200
Ukraine,UKR,2002,1600
Ukraine,UKR,2003,1450
Ukraine,UKR,2004,1100
Ukraine,UKR,2005,490
Ukraine,UKR,2006,340
Ukraine,UKR,2007,160
Ukraine,UKR,2008,160
Ukraine,UKR,2009,110
Ukraine,UKR,2010,310
Ukraine,UKR,2011,320
Ukraine,UKR,2012,100
Ukraine,UKR,2013,100
Ukraine,UKR,2014,50
Ukraine,UKR,2015,290
Ukraine,UKR,2016,940
Ukraine,UKR,2017,1430
Ukraine,UKR,2018,1290
Ukraine,UKR,2019,1690
Ukraine,UKR,2020,1950
Ukraine,UKR,2021,2290
Ukraine,UKR,2022,1580
Ukraine,UKR,2023,2220
Ukraine,UKR,2024,2250
United Arab Emirates,ARE,1961,0
United Arab Emirates,ARE,1962,0
United Arab Emirates,ARE,1963,0
United Arab Emirates,ARE,1964,0
United Arab Emirates,ARE,1965,0
United Arab Emirates,ARE,1966,1000
United Arab Emirates,ARE,1967,1000
United Arab Emirates,ARE,1968,1500
United Arab Emirates,ARE,1969,1800
United Arab Emirates,ARE,1970,2000
United Arab Emirates,ARE,1971,2500
United Arab Emirates,ARE,1972,2000
United Arab Emirates,ARE,1973,1800
United Arab Emirates,ARE,1974,1700
United Arab Emirates,ARE,1975,1600
United Arab Emirates,ARE,1976,1500
United Arab Emirates,ARE,1977,1344
United Arab Emirates,ARE,1978,1609
United Arab Emirates,ARE,1979,1445
United Arab Emirates,ARE,1980,1399
United Arab Emirates,ARE,1981,2192
United Arab Emirates,ARE,1982,1386
United Arab Emirates,ARE,1983,2301
United Arab Emirates,ARE,1984,971
United Arab Emirates,ARE,1985,672
United Arab Emirates,ARE,1986,600
United Arab Emirates,ARE,1987,546
United Arab Emirates,ARE,1988,537
United Arab Emirates,ARE,1989,707
United Arab Emirates,ARE,1990,835
United Arab Emirates,ARE,1991,793
United Arab Emirates,ARE,1992,614
United Arab Emirates,ARE,1993,600
United Arab Emirates,ARE,1994,592
United Arab Emirates,ARE,1995,553
United Arab Emirates,ARE,1996,613
United Arab Emirates,ARE,1997,611
United Arab Emirates,ARE,1998,535
United Arab Emirates,ARE,1999,678
United Arab Emirates,ARE,2000,660
United Arab Emirates,ARE,2001,634
United Arab Emirates,ARE,2002,637.82
United Arab Emirates,ARE,2003,644
United Arab Emirates,ARE,2004,608
United Arab Emirates,ARE,2005,487.65
United Arab Emirates,ARE,2006,300
United Arab Emirates,ARE,2007,330
United Arab Emirates,ARE,2008,338
United Arab Emirates,ARE,2009,411
United Arab Emirates,ARE,2010,464
United Arab Emirates,ARE,2011,284
United Arab Emirates,ARE,2012,249.67
United Arab Emirates,ARE,2013,310.47
United Arab Emirates,ARE,2014,329.58
United Arab Emirates,ARE,2015,305.69
United Arab Emirates,ARE,2016,315.25
United Arab Emirates,ARE,2017,308.81
United Arab Emirates,ARE,2018,220
United Arab Emirates,ARE,2019,200
United Arab Emirates,ARE,2020,320
United Arab Emirates,ARE,2021,349.76
United Arab Emirates,ARE,2022,244.32
United Arab Emirates,ARE,2023,238.03
United Arab Emirates,ARE,2024,229.29
United States,USA,1961,935000
United States,USA,1962,1050000
United States,USA,1963,1063100
United States,USA,1964,1010600
United States,USA,1965,841200
United States,USA,1966,855017
United States,USA,1967,892625
United States,USA,1968,775803
United States,USA,1969,817950
United States,USA,1970,864752
United States,USA,1971,773322
United States,USA,1972,793371
United States,USA,1973,792000
United States,USA,1974,904500
United States,USA,1975,989871
United States,USA,1976,969174
United States,USA,1977,868230
United States,USA,1978,918438
United States,USA,1979,692427
United States,USA,1980,810200
United States,USA,1981,936030
United States,USA,1982,904680
United States,USA,1983,648170
United States,USA,1984,783790
United States,USA,1985,685660
United States,USA,1986,528000
United States,USA,1987,539260
United States,USA,1988,621200
United States,USA,1989,620150
United States,USA,1990,737710
United States,USA,1991,754942
United States,USA,1992,780933
United States,USA,1993,731785
United States,USA,1994,717986
United States,USA,1995,576018
United States,USA,1996,688869
United States,USA,1997,810746
United States,USA,1998,671264
United States,USA,1999,586352
United States,USA,2000,477750
United States,USA,2001,449641
United States,USA,2002,395132
United States,USA,2003,364033
United States,USA,2004,400010
United States,USA,2005,292572
United States,USA,2006,330167
United States,USA,2007,357272
United States,USA,2008,363101
United States,USA,2009,373115
United States,USA,2010,325766
United States,USA,2011,271363
United States,USA,2012,336245
United States,USA,2013,328210
United States,USA,2014,397533
United States,USA,2015,326210
United States,USA,2016,285180
United States,USA,2017,322120
United States,USA,2018,241870
United States,USA,2019,212260
United States,USA,2020,169130
United States,USA,2021,207030
United States,USA,2022,198570
United States,USA,2023,194480
United States,USA,2024,147520
Upper-middle-income countries,OWID_UMC,1961,1305212
Upper-middle-income countries,OWID_UMC,1962,1388537
Upper-middle-income countries,OWID_UMC,1963,1594716
Upper-middle-income countries,OWID_UMC,1964,1766943
Upper-middle-income countries,OWID_UMC,1965,1756315
Upper-middle-income countries,OWID_UMC,1966,2014239
Upper-middle-income countries,OWID_UMC,1967,2140354
Upper-middle-income countries,OWID_UMC,1968,2167997
Upper-middle-income countries,OWID_UMC,1969,2070859
Upper-middle-income countries,OWID_UMC,1970,2102737
Upper-middle-income countries,OWID_UMC,1971,2051706
Upper-middle-income countries,OWID_UMC,1972,2274665
Upper-middle-income countries,OWID_UMC,1973,2310384
Upper-middle-income countries,OWID_UMC,1974,2516732
Upper-middle-income countries,OWID_UMC,1975,2479623
Upper-middle-income countries,OWID_UMC,1976,2697514
Upper-middle-income countries,OWID_UMC,1977,2638631
Upper-middle-income countries,OWID_UMC,1978,2963042
Upper-middle-income countries,OWID_UMC,1979,2648783
Upper-middle-income countries,OWID_UMC,1980,2470356
Upper-middle-income countries,OWID_UMC,1981,3022956
Upper-middle-income countries,OWID_UMC,1982,3925470
Upper-middle-income countries,OWID_UMC,1983,3181882
Upper-middle-income countries,OWID_UMC,1984,3565062
Upper-middle-income countries,OWID_UMC,1985,4229565
Upper-middle-income countries,OWID_UMC,1986,3418809
Upper-middle-income countries,OWID_UMC,1987,3581958
Upper-middle-income countries,OWID_UMC,1988,4329429
Upper-middle-income countries,OWID_UMC,1989,4453362
Upper-middle-income countries,OWID_UMC,1990,4344400
Upper-middle-income countries,OWID_UMC,1991,4637538
Upper-middle-income countries,OWID_UMC,1992,5258449
Upper-middle-income countries,OWID_UMC,1993,5314740.5
Upper-middle-income countries,OWID_UMC,1994,3595509
Upper-middle-income countries,OWID_UMC,1995,3601107.2
Upper-middle-income countries,OWID_UMC,1996,4634951
Upper-middle-income countries,OWID_UMC,1997,5889119.5
Upper-middle-income countries,OWID_UMC,1998,3940234.2
Upper-middle-income countries,OWID_UMC,1999,4098269.2
Upper-middle-income countries,OWID_UMC,2000,4121281.8
Upper-middle-income countries,OWID_UMC,2001,3831802
Upper-middle-income countries,OWID_UMC,2002,4051192.8
Upper-middle-income countries,OWID_UMC,2003,3782909.2
Upper-middle-income countries,OWID_UMC,2004,4194471.5
Upper-middle-income countries,OWID_UMC,2005,4435874.5
Upper-middle-income countries,OWID_UMC,2006,4425668
Upper-middle-income countries,OWID_UMC,2007,4015644.5
Upper-middle-income countries,OWID_UMC,2008,4403975
Upper-middle-income countries,OWID_UMC,2009,4657438.5
Upper-middle-income countries,OWID_UMC,2010,4471999
Upper-middle-income countries,OWID_UMC,2011,4882650.5
Upper-middle-income countries,OWID_UMC,2012,5047097.5
Upper-middle-income countries,OWID_UMC,2013,5088638
Upper-middle-income countries,OWID_UMC,2014,4668347
Upper-middle-income countries,OWID_UMC,2015,4285176.5
Upper-middle-income countries,OWID_UMC,2016,3913714
Upper-middle-income countries,OWID_UMC,2017,4027909.2
Upper-middle-income countries,OWID_UMC,2018,3744339.8
Upper-middle-income countries,OWID_UMC,2019,4197131
Upper-middle-income countries,OWID_UMC,2020,3654316.2
Upper-middle-income countries,OWID_UMC,2021,3653323.5
Upper-middle-income countries,OWID_UMC,2022,3602886.5
Upper-middle-income countries,OWID_UMC,2023,3806160
Upper-middle-income countries,OWID_UMC,2024,3809898.2
Uruguay,URY,1961,211
Uruguay,URY,1962,331
Uruguay,URY,1963,412
Uruguay,URY,1964,162
Uruguay,URY,1965,160
Uruguay,URY,1966,143
Uruguay,URY,1967,164
Uruguay,URY,1968,219
Uruguay,URY,1969,277
Uruguay,URY,1970,411
Uruguay,URY,1971,402
Uruguay,URY,1972,465
Uruguay,URY,1973,528
Uruguay,URY,1974,1021
Uruguay,URY,1975,794
Uruguay,URY,1976,1361
Uruguay,URY,1977,1427
Uruguay,URY,1978,1587
Uruguay,URY,1979,1361
Uruguay,URY,1980,1392
Uruguay,URY,1981,1278
Uruguay,URY,1982,1808
Uruguay,URY,1983,1725
Uruguay,URY,1984,1750
Uruguay,URY,1985,1990
Uruguay,URY,1986,1400
Uruguay,URY,1987,1400
Uruguay,URY,1988,1790
Uruguay,URY,1989,1900
Uruguay,URY,1990,1860
Uruguay,URY,1991,1965
Uruguay,URY,1992,2100
Uruguay,URY,1993,2400
Uruguay,URY,1994,2396.72
Uruguay,URY,1995,2500
Uruguay,URY,1996,2544.65
Uruguay,URY,1997,2600
Uruguay,URY,1998,2687.63
Uruguay,URY,1999,2757.44
Uruguay,URY,2000,2800
Uruguay,URY,2001,2900
Uruguay,URY,2002,2936.47
Uruguay,URY,2003,3000
Uruguay,URY,2004,2994.09
Uruguay,URY,2005,3000
Uruguay,URY,2006,3035.5
Uruguay,URY,2007,3064.72
Uruguay,URY,2008,3091.39
Uruguay,URY,2009,3114.72
Uruguay,URY,2010,3161.03
Uruguay,URY,2011,3160.51
Uruguay,URY,2012,3200
Uruguay,URY,2013,3100
Uruguay,URY,2014,3150
Uruguay,URY,2015,3207.25
Uruguay,URY,2016,3228.69
Uruguay,URY,2017,3237.87
Uruguay,URY,2018,3240.31
Uruguay,URY,2019,3239.26
Uruguay,URY,2020,3237.21
Uruguay,URY,2021,3304.85
Uruguay,URY,2022,3316.55
Uruguay,URY,2023,3333.39
Uruguay,URY,2024,3350.24
Uzbekistan,UZB,1992,8800
Uzbekistan,UZB,1993,8500
Uzbekistan,UZB,1994,11100
Uzbekistan,UZB,1995,17400
Uzbekistan,UZB,1996,11600
Uzbekistan,UZB,1997,30600
Uzbekistan,UZB,1998,33800
Uzbekistan,UZB,1999,24900
Uzbekistan,UZB,2000,24400
Uzbekistan,UZB,2001,23200
Uzbekistan,UZB,2002,11200
Uzbekistan,UZB,2003,10900
Uzbekistan,UZB,2004,15000
Uzbekistan,UZB,2005,10200
Uzbekistan,UZB,2006,7800
Uzbekistan,UZB,2007,12300
Uzbekistan,UZB,2008,11300
Uzbekistan,UZB,2009,11600
Uzbekistan,UZB,2010,10400
Uzbekistan,UZB,2011,8791
Uzbekistan,UZB,2012,8745
Uzbekistan,UZB,2013,15014
Uzbekistan,UZB,2014,15214
Uzbekistan,UZB,2015,7075
Uzbekistan,UZB,2016,5635
Uzbekistan,UZB,2017,5543
Uzbekistan,UZB,2018,5570
Uzbekistan,UZB,2019,6291
Uzbekistan,UZB,2020,5580
Uzbekistan,UZB,2021,3895
Uzbekistan,UZB,2022,2012.13
Uzbekistan,UZB,2023,2138.36
Uzbekistan,UZB,2024,1411.72
Venezuela,VEN,1961,10360
Venezuela,VEN,1962,8376
Venezuela,VEN,1963,8817
Venezuela,VEN,1964,8352
Venezuela,VEN,1965,9046
Venezuela,VEN,1966,9749
Venezuela,VEN,1967,9737
Venezuela,VEN,1968,11425
Venezuela,VEN,1969,9501
Venezuela,VEN,1970,11912
Venezuela,VEN,1971,13755
Venezuela,VEN,1972,12537
Venezuela,VEN,1973,13433
Venezuela,VEN,1974,14347
Venezuela,VEN,1975,15771
Venezuela,VEN,1976,15299
Venezuela,VEN,1977,15294
Venezuela,VEN,1978,15486
Venezuela,VEN,1979,21675
Venezuela,VEN,1980,13131
Venezuela,VEN,1981,16637
Venezuela,VEN,1982,16270
Venezuela,VEN,1983,14969
Venezuela,VEN,1984,14807
Venezuela,VEN,1985,15457
Venezuela,VEN,1986,16715
Venezuela,VEN,1987,16247
Venezuela,VEN,1988,15301
Venezuela,VEN,1989,14908
Venezuela,VEN,1990,14550
Venezuela,VEN,1991,14000
Venezuela,VEN,1992,14263
Venezuela,VEN,1993,16631
Venezuela,VEN,1994,15577
Venezuela,VEN,1995,14751
Venezuela,VEN,1996,14412
Venezuela,VEN,1997,13866
Venezuela,VEN,1998,12334
Venezuela,VEN,1999,10034
Venezuela,VEN,2000,8755
Venezuela,VEN,2001,6464
Venezuela,VEN,2002,6504
Venezuela,VEN,2003,7239
Venezuela,VEN,2004,3677
Venezuela,VEN,2005,3714
Venezuela,VEN,2006,5035
Venezuela,VEN,2007,5082
Venezuela,VEN,2008,5000
Venezuela,VEN,2009,4762.79
Venezuela,VEN,2010,4374
Venezuela,VEN,2011,3923.77
Venezuela,VEN,2012,3892
Venezuela,VEN,2013,4386
Venezuela,VEN,2014,5047
Venezuela,VEN,2015,3627
Venezuela,VEN,2016,1692.14
Venezuela,VEN,2017,2630
Venezuela,VEN,2018,1902
Venezuela,VEN,2019,3766
Venezuela,VEN,2020,3111
Venezuela,VEN,2021,2748
Venezuela,VEN,2022,3065
Venezuela,VEN,2023,3080
Venezuela,VEN,2024,2952.46
Vietnam,VNM,1961,13800
Vietnam,VNM,1962,12000
Vietnam,VNM,1963,11000
Vietnam,VNM,1964,11800
Vietnam,VNM,1965,13200
Vietnam,VNM,1966,11900
Vietnam,VNM,1967,11900
Vietnam,VNM,1968,11600
Vietnam,VNM,1969,11800
Vietnam,VNM,1970,14500
Vietnam,VNM,1971,15000
Vietnam,VNM,1972,12400
Vietnam,VNM,1973,14000
Vietnam,VNM,1974,15000
Vietnam,VNM,1975,11400
Vietnam,VNM,1976,15570
Vietnam,VNM,1977,17400
Vietnam,VNM,1978,25160
Vietnam,VNM,1979,15290
Vietnam,VNM,1980,25530
Vietnam,VNM,1981,20310
Vietnam,VNM,1982,21200
Vietnam,VNM,1983,24850
Vietnam,VNM,1984,32970
Vietnam,VNM,1985,38400
Vietnam,VNM,1986,33400
Vietnam,VNM,1987,33430
Vietnam,VNM,1988,35560
Vietnam,VNM,1989,23900
Vietnam,VNM,1990,21827
Vietnam,VNM,1991,36200
Vietnam,VNM,1992,27300
Vietnam,VNM,1993,20300
Vietnam,VNM,1994,21700
Vietnam,VNM,1995,27700
Vietnam,VNM,1996,23500
Vietnam,VNM,1997,27200
Vietnam,VNM,1998,33426
Vietnam,VNM,1999,35600
Vietnam,VNM,2000,27100
Vietnam,VNM,2001,32000
Vietnam,VNM,2002,33200
Vietnam,VNM,2003,31800
Vietnam,VNM,2004,23400
Vietnam,VNM,2005,25900
Vietnam,VNM,2006,41900
Vietnam,VNM,2007,31900
Vietnam,VNM,2008,28800
Vietnam,VNM,2009,40062.05
Vietnam,VNM,2010,56530.18
Vietnam,VNM,2011,49395.41
Vietnam,VNM,2012,47407.35
Vietnam,VNM,2013,50604.2
Vietnam,VNM,2014,49246
Vietnam,VNM,2015,37767
Vietnam,VNM,2016,29214.66
Vietnam,VNM,2017,32064.55
Vietnam,VNM,2018,31440.24
Vietnam,VNM,2019,29986.05
Vietnam,VNM,2020,29238.08
Vietnam,VNM,2021,30826.49
Vietnam,VNM,2022,34871.65
Vietnam,VNM,2023,38693.9
Vietnam,VNM,2024,48313
Western Africa (FAO),,1961,21208
Western Africa (FAO),,1962,21814
Western Africa (FAO),,1963,15554
Western Africa (FAO),,1964,21759
Western Africa (FAO),,1965,23897
Western Africa (FAO),,1966,19366
Western Africa (FAO),,1967,19680
Western Africa (FAO),,1968,21012
Western Africa (FAO),,1969,18977
Western Africa (FAO),,1970,19828
Western Africa (FAO),,1971,26999
Western Africa (FAO),,1972,23249
Western Africa (FAO),,1973,23313
Western Africa (FAO),,1974,24328
Western Africa (FAO),,1975,28371
Western Africa (FAO),,1976,23312
Western Africa (FAO),,1977,18246
Western Africa (FAO),,1978,20515
Western Africa (FAO),,1979,21353
Western Africa (FAO),,1980,21839
Western Africa (FAO),,1981,20015
Western Africa (FAO),,1982,13639
Western Africa (FAO),,1983,12747
Western Africa (FAO),,1984,20308
Western Africa (FAO),,1985,21932
Western Africa (FAO),,1986,19727
Western Africa (FAO),,1987,18633
Western Africa (FAO),,1988,20912
Western Africa (FAO),,1989,20885
Western Africa (FAO),,1990,23208
Western Africa (FAO),,1991,26851.55
Western Africa (FAO),,1992,29492.96
Western Africa (FAO),,1993,29939.91
Western Africa (FAO),,1994,30414.72
Western Africa (FAO),,1995,30838.16
Western Africa (FAO),,1996,33358.7
Western Africa (FAO),,1997,37591.33
Western Africa (FAO),,1998,43614.92
Western Africa (FAO),,1999,42769.46
Western Africa (FAO),,2000,43130.59
Western Africa (FAO),,2001,37947.3
Western Africa (FAO),,2002,38439.56
Western Africa (FAO),,2003,37983.93
Western Africa (FAO),,2004,33900.72
Western Africa (FAO),,2005,35075.99
Western Africa (FAO),,2006,34568.35
Western Africa (FAO),,2007,30448.9
Western Africa (FAO),,2008,32514.39
Western Africa (FAO),,2009,31943.23
Western Africa (FAO),,2010,30065.36
Western Africa (FAO),,2011,27987.7
Western Africa (FAO),,2012,25320.46
Western Africa (FAO),,2013,24703.12
Western Africa (FAO),,2014,23881.11
Western Africa (FAO),,2015,22465.31
Western Africa (FAO),,2016,24856.57
Western Africa (FAO),,2017,25718.69
Western Africa (FAO),,2018,24554.59
Western Africa (FAO),,2019,25358.95
Western Africa (FAO),,2020,23967.68
Western Africa (FAO),,2021,23990.06
Western Africa (FAO),,2022,24420.3
Western Africa (FAO),,2023,24187.32
Western Africa (FAO),,2024,24181.15
Western Asia (FAO),,1961,131714
Western Asia (FAO),,1962,117087
Western Asia (FAO),,1963,146585
Western Asia (FAO),,1964,231808
Western Asia (FAO),,1965,169958
Western Asia (FAO),,1966,195194
Western Asia (FAO),,1967,224866
Western Asia (FAO),,1968,203519
Western Asia (FAO),,1969,183018
Western Asia (FAO),,1970,188755
Western Asia (FAO),,1971,218838
Western Asia (FAO),,1972,223118
Western Asia (FAO),,1973,191167
Western Asia (FAO),,1974,247395
Western Asia (FAO),,1975,230536
Western Asia (FAO),,1976,359539
Western Asia (FAO),,1977,282098
Western Asia (FAO),,1978,330376
Western Asia (FAO),,1979,253817
Western Asia (FAO),,1980,270334
Western Asia (FAO),,1981,210623
Western Asia (FAO),,1982,251853
Western Asia (FAO),,1983,283162
Western Asia (FAO),,1984,219883
Western Asia (FAO),,1985,216348
Western Asia (FAO),,1986,201629
Western Asia (FAO),,1987,225690
Western Asia (FAO),,1988,252563
Western Asia (FAO),,1989,297585
Western Asia (FAO),,1990,328204
Western Asia (FAO),,1991,270460
Western Asia (FAO),,1992,434162
Western Asia (FAO),,1993,423411
Western Asia (FAO),,1994,243096
Western Asia (FAO),,1995,266872
Western Asia (FAO),,1996,282374.72
Western Asia (FAO),,1997,347787.28
Western Asia (FAO),,1998,320346.88
Western Asia (FAO),,1999,309864.44
Western Asia (FAO),,2000,279941.03
Western Asia (FAO),,2001,221660.78
Western Asia (FAO),,2002,219310.5
Western Asia (FAO),,2003,172384.6
Western Asia (FAO),,2004,202486.16
Western Asia (FAO),,2005,204430.7
Western Asia (FAO),,2006,161711.06
Western Asia (FAO),,2007,137213.08
Western Asia (FAO),,2008,154440.31
Western Asia (FAO),,2009,140673.8
Western Asia (FAO),,2010,115705.98
Western Asia (FAO),,2011,105556.31
Western Asia (FAO),,2012,133808.45
Western Asia (FAO),,2013,152478.02
Western Asia (FAO),,2014,131028.47
Western Asia (FAO),,2015,119685.38
Western Asia (FAO),,2016,121619.58
Western Asia (FAO),,2017,147926.8
Western Asia (FAO),,2018,130626.76
Western Asia (FAO),,2019,132702.88
Western Asia (FAO),,2020,150652.58
Western Asia (FAO),,2021,150771.53
Western Asia (FAO),,2022,152234.19
Western Asia (FAO),,2023,148491.02
Western Asia (FAO),,2024,172661.94
Western Europe (FAO),,1961,52514
Western Europe (FAO),,1962,59718
Western Europe (FAO),,1963,64168
Western Europe (FAO),,1964,66074
Western Europe (FAO),,1965,68267
Western Europe (FAO),,1966,66566
Western Europe (FAO),,1967,66196
Western Europe (FAO),,1968,70360
Western Europe (FAO),,1969,62672
Western Europe (FAO),,1970,64952
Western Europe (FAO),,1971,61522
Western Europe (FAO),,1972,70112
Western Europe (FAO),,1973,72313
Western Europe (FAO),,1974,68837
Western Europe (FAO),,1975,68968
Western Europe (FAO),,1976,81500
Western Europe (FAO),,1977,63093
Western Europe (FAO),,1978,69501
Western Europe (FAO),,1979,68567
Western Europe (FAO),,1980,59370
Western Europe (FAO),,1981,57941
Western Europe (FAO),,1982,58678
Western Europe (FAO),,1983,51362
Western Europe (FAO),,1984,52090
Western Europe (FAO),,1985,53369
Western Europe (FAO),,1986,55438
Western Europe (FAO),,1987,52080
Western Europe (FAO),,1988,48866
Western Europe (FAO),,1989,44562
Western Europe (FAO),,1990,41089
Western Europe (FAO),,1991,35445.8
Western Europe (FAO),,1992,35044.9
Western Europe (FAO),,1993,36412.1
Western Europe (FAO),,1994,36413.5
Western Europe (FAO),,1995,32233.7
Western Europe (FAO),,1996,34404.7
Western Europe (FAO),,1997,29554.5
Western Europe (FAO),,1998,28598.15
Western Europe (FAO),,1999,30016.8
Western Europe (FAO),,2000,31407.76
Western Europe (FAO),,2001,32896.3
Western Europe (FAO),,2002,28289.02
Western Europe (FAO),,2003,27238.2
Western Europe (FAO),,2004,22510.3
Western Europe (FAO),,2005,23271.7
Western Europe (FAO),,2006,29084
Western Europe (FAO),,2007,24973
Western Europe (FAO),,2008,26051.4
Western Europe (FAO),,2009,26631.85
Western Europe (FAO),,2010,25942
Western Europe (FAO),,2011,20386.75
Western Europe (FAO),,2012,18764.45
Western Europe (FAO),,2013,15823.31
Western Europe (FAO),,2014,17990.07
Western Europe (FAO),,2015,17672.24
Western Europe (FAO),,2016,16260.14
Western Europe (FAO),,2017,15335.7
Western Europe (FAO),,2018,8003.93
Western Europe (FAO),,2019,6210.15
Western Europe (FAO),,2020,4411.58
Western Europe (FAO),,2021,4167.13
Western Europe (FAO),,2022,3991.85
Western Europe (FAO),,2023,3738.65
Western Europe (FAO),,2024,3406.04
World,OWID_WRL,1961,3573808
World,OWID_WRL,1962,3935801
World,OWID_WRL,1963,4265306
World,OWID_WRL,1964,4660800
World,OWID_WRL,1965,4355623
World,OWID_WRL,1966,4591419
World,OWID_WRL,1967,4891492
World,OWID_WRL,1968,4766039
World,OWID_WRL,1969,4675231
World,OWID_WRL,1970,4663162
World,OWID_WRL,1971,4567445
World,OWID_WRL,1972,4934516
World,OWID_WRL,1973,4949305
World,OWID_WRL,1974,5299450
World,OWID_WRL,1975,5418545
World,OWID_WRL,1976,5732960
World,OWID_WRL,1977,5582681
World,OWID_WRL,1978,5987651
World,OWID_WRL,1979,5434050
World,OWID_WRL,1980,5258279
World,OWID_WRL,1981,5981452
World,OWID_WRL,1982,6948540
World,OWID_WRL,1983,5987773
World,OWID_WRL,1984,6554436
World,OWID_WRL,1985,7049173
World,OWID_WRL,1986,6007970
World,OWID_WRL,1987,6177934
World,OWID_WRL,1988,6839739
World,OWID_WRL,1989,7065383
World,OWID_WRL,1990,7137622
World,OWID_WRL,1991,7555160.5
World,OWID_WRL,1992,8327260
World,OWID_WRL,1993,8339436.5
World,OWID_WRL,1994,6450899.5
World,OWID_WRL,1995,6269765.5
World,OWID_WRL,1996,7393369
World,OWID_WRL,1997,8944146
World,OWID_WRL,1998,6879321.5
World,OWID_WRL,1999,6970718
World,OWID_WRL,2000,6686404
World,OWID_WRL,2001,6105199
World,OWID_WRL,2002,6409544
World,OWID_WRL,2003,5998454.5
World,OWID_WRL,2004,6558236.5
World,OWID_WRL,2005,6721292
World,OWID_WRL,2006,6512703.5
World,OWID_WRL,2007,6144243
World,OWID_WRL,2008,6569510.5
World,OWID_WRL,2009,7094659.5
World,OWID_WRL,2010,6910099.5
World,OWID_WRL,2011,7446554
World,OWID_WRL,2012,7492114.5
World,OWID_WRL,2013,7507170.5
World,OWID_WRL,2014,7212129
World,OWID_WRL,2015,6713315.5
World,OWID_WRL,2016,6239058
World,OWID_WRL,2017,6267515
World,OWID_WRL,2018,6046181
World,OWID_WRL,2019,6499319
World,OWID_WRL,2020,5802149
World,OWID_WRL,2021,5842988
World,OWID_WRL,2022,5695629.5
World,OWID_WRL,2023,5993407
World,OWID_WRL,2024,6048230
Yemen,YEM,1961,3150
Yemen,YEM,1962,3150
Yemen,YEM,1963,3200
Yemen,YEM,1964,3200
Yemen,YEM,1965,3260
Yemen,YEM,1966,3372
Yemen,YEM,1967,3372
Yemen,YEM,1968,3372
Yemen,YEM,1969,3422
Yemen,YEM,1970,3422
Yemen,YEM,1971,4372
Yemen,YEM,1972,6372
Yemen,YEM,1973,6422
Yemen,YEM,1974,6372
Yemen,YEM,1975,6270
Yemen,YEM,1976,7159
Yemen,YEM,1977,7714
Yemen,YEM,1978,5233
Yemen,YEM,1979,7134
Yemen,YEM,1980,7616
Yemen,YEM,1981,7075
Yemen,YEM,1982,7502
Yemen,YEM,1983,6397
Yemen,YEM,1984,4975
Yemen,YEM,1985,5104
Yemen,YEM,1986,5140
Yemen,YEM,1987,5312
Yemen,YEM,1988,6449
Yemen,YEM,1989,4396
Yemen,YEM,1990,6779
Yemen,YEM,1991,6975
Yemen,YEM,1992,8749
Yemen,YEM,1993,8221
Yemen,YEM,1994,7170
Yemen,YEM,1995,8069
Yemen,YEM,1996,8574
Yemen,YEM,1997,10229
Yemen,YEM,1998,11469
Yemen,YEM,1999,11081
Yemen,YEM,2000,11613
Yemen,YEM,2001,12122
Yemen,YEM,2002,11767
Yemen,YEM,2003,11861
Yemen,YEM,2004,17001
Yemen,YEM,2005,17694
Yemen,YEM,2006,20200
Yemen,YEM,2007,21412
Yemen,YEM,2008,22054
Yemen,YEM,2009,22577
Yemen,YEM,2010,23178
Yemen,YEM,2011,22138
Yemen,YEM,2012,23251
Yemen,YEM,2013,23089
Yemen,YEM,2014,22277
Yemen,YEM,2015,19604
Yemen,YEM,2016,19084
Yemen,YEM,2017,18905
Yemen,YEM,2018,19131
Yemen,YEM,2019,28598
Yemen,YEM,2020,28598
Yemen,YEM,2021,39650
Yemen,YEM,2022,32782
Yemen,YEM,2023,31724
Yemen,YEM,2024,31682.04
Yugoslavia,OWID_YGS,1961,20000
Yugoslavia,OWID_YGS,1962,29800
Yugoslavia,OWID_YGS,1963,54000
Yugoslavia,OWID_YGS,1964,65800
Yugoslavia,OWID_YGS,1965,53600
Yugoslavia,OWID_YGS,1966,54100
Yugoslavia,OWID_YGS,1967,54300
Yugoslavia,OWID_YGS,1968,43800
Yugoslavia,OWID_YGS,1969,46800
Yugoslavia,OWID_YGS,1970,48700
Yugoslavia,OWID_YGS,1971,43600
Yugoslavia,OWID_YGS,1972,62436
Yugoslavia,OWID_YGS,1973,65493
Yugoslavia,OWID_YGS,1974,58808
Yugoslavia,OWID_YGS,1975,70290
Yugoslavia,OWID_YGS,1976,79414
Yugoslavia,OWID_YGS,1977,69100
Yugoslavia,OWID_YGS,1978,62000
Yugoslavia,OWID_YGS,1979,66900
Yugoslavia,OWID_YGS,1980,59000
Yugoslavia,OWID_YGS,1981,70000
Yugoslavia,OWID_YGS,1982,77000
Yugoslavia,OWID_YGS,1983,67000
Yugoslavia,OWID_YGS,1984,77000
Yugoslavia,OWID_YGS,1985,82786
Yugoslavia,OWID_YGS,1986,96307
Yugoslavia,OWID_YGS,1987,76000
Yugoslavia,OWID_YGS,1988,52000
Yugoslavia,OWID_YGS,1989,57296
Yugoslavia,OWID_YGS,1990,45721
Yugoslavia,OWID_YGS,1991,58061
Zambia,ZMB,1961,7273
Zambia,ZMB,1962,7941
Zambia,ZMB,1963,8020
Zambia,ZMB,1964,11784
Zambia,ZMB,1965,9119
Zambia,ZMB,1966,7367
Zambia,ZMB,1967,5353
Zambia,ZMB,1968,6679
Zambia,ZMB,1969,5338
Zambia,ZMB,1970,5050
Zambia,ZMB,1971,6297
Zambia,ZMB,1972,5917
Zambia,ZMB,1973,6693
Zambia,ZMB,1974,6631
Zambia,ZMB,1975,6978
Zambia,ZMB,1976,6474
Zambia,ZMB,1977,5900
Zambia,ZMB,1978,3964
Zambia,ZMB,1979,4971
Zambia,ZMB,1980,4681
Zambia,ZMB,1981,2984
Zambia,ZMB,1982,2573
Zambia,ZMB,1983,2874
Zambia,ZMB,1984,3121
Zambia,ZMB,1985,2673
Zambia,ZMB,1986,3899
Zambia,ZMB,1987,3551
Zambia,ZMB,1988,4350
Zambia,ZMB,1989,3600
Zambia,ZMB,1990,4400
Zambia,ZMB,1991,5500
Zambia,ZMB,1992,2308
Zambia,ZMB,1993,6652
Zambia,ZMB,1994,6098
Zambia,ZMB,1995,3800
Zambia,ZMB,1996,3842
Zambia,ZMB,1997,3026
Zambia,ZMB,1998,3053
Zambia,ZMB,1999,8599
Zambia,ZMB,2000,9533
Zambia,ZMB,2001,11616
Zambia,ZMB,2002,13982
Zambia,ZMB,2003,20035
Zambia,ZMB,2004,37311
Zambia,ZMB,2005,58211
Zambia,ZMB,2006,22427
Zambia,ZMB,2007,17462.85
Zambia,ZMB,2008,21664
Zambia,ZMB,2009,27245.29
Zambia,ZMB,2010,31880
Zambia,ZMB,2011,38286.6
Zambia,ZMB,2012,31244.15
Zambia,ZMB,2013,29768.81
Zambia,ZMB,2014,35546.22
Zambia,ZMB,2015,26894
Zambia,ZMB,2016,19017
Zambia,ZMB,2017,20495.67
Zambia,ZMB,2018,24894
Zambia,ZMB,2019,15814.44
Zambia,ZMB,2020,53937.27
Zambia,ZMB,2021,34599.01
Zambia,ZMB,2022,23144.42
Zambia,ZMB,2023,32449.32
Zambia,ZMB,2024,20768.03
Zimbabwe,ZWE,1961,99890
Zimbabwe,ZWE,1962,97944
Zimbabwe,ZWE,1963,82523
Zimbabwe,ZWE,1964,148038
Zimbabwe,ZWE,1965,113936
Zimbabwe,ZWE,1966,112871
Zimbabwe,ZWE,1967,84312
Zimbabwe,ZWE,1968,54077
Zimbabwe,ZWE,1969,112107
Zimbabwe,ZWE,1970,54518
Zimbabwe,ZWE,1971,65181
Zimbabwe,ZWE,1972,66224
Zimbabwe,ZWE,1973,73818
Zimbabwe,ZWE,1974,75418
Zimbabwe,ZWE,1975,86695
Zimbabwe,ZWE,1976,112715
Zimbabwe,ZWE,1977,85072
Zimbabwe,ZWE,1978,85117
Zimbabwe,ZWE,1979,114464
Zimbabwe,ZWE,1980,125038
Zimbabwe,ZWE,1981,71812
Zimbabwe,ZWE,1982,90602
Zimbabwe,ZWE,1983,98956
Zimbabwe,ZWE,1984,124872
Zimbabwe,ZWE,1985,107957
Zimbabwe,ZWE,1986,116456
Zimbabwe,ZWE,1987,121320
Zimbabwe,ZWE,1988,114736
Zimbabwe,ZWE,1989,130361
Zimbabwe,ZWE,1990,130394
Zimbabwe,ZWE,1991,178595
Zimbabwe,ZWE,1992,211394
Zimbabwe,ZWE,1993,204790
Zimbabwe,ZWE,1994,177039
Zimbabwe,ZWE,1995,178652
Zimbabwe,ZWE,1996,177884
Zimbabwe,ZWE,1997,171191
Zimbabwe,ZWE,1998,197222
Zimbabwe,ZWE,1999,175282
Zimbabwe,ZWE,2000,190242
Zimbabwe,ZWE,2001,159853
Zimbabwe,ZWE,2002,113635
Zimbabwe,ZWE,2003,93514
Zimbabwe,ZWE,2004,78312
Zimbabwe,ZWE,2005,83230
Zimbabwe,ZWE,2006,44451
Zimbabwe,ZWE,2007,104303
Zimbabwe,ZWE,2008,109376.03
Zimbabwe,ZWE,2009,126106.64
Zimbabwe,ZWE,2010,109737
Zimbabwe,ZWE,2011,125056
Zimbabwe,ZWE,2012,139179.16
Zimbabwe,ZWE,2013,147068.06
Zimbabwe,ZWE,2014,184003.36
Zimbabwe,ZWE,2015,171083.17
Zimbabwe,ZWE,2016,168974
Zimbabwe,ZWE,2017,110816
Zimbabwe,ZWE,2018,239906
Zimbabwe,ZWE,2019,184584
Zimbabwe,ZWE,2020,203488
Zimbabwe,ZWE,2021,162370
Zimbabwe,ZWE,2022,183090.7
Zimbabwe,ZWE,2023,194828.2
Zimbabwe,ZWE,2024,236815