archivo_origen,fecha,anio,mes,concepto,monto_ars
019_Ejecución mensual del presupuesto del FET - Ejerci.pdf,2026-01-01,2026,ene,Recaudación (1= 2 + 3),36890037084.05
019_Ejecución mensual del presupuesto del FET - Ejerci.pdf,2026-02-01,2026,feb,Recaudación (1= 2 + 3),31327754179.97
019_Ejecución mensual del presupuesto del FET - Ejerci.pdf,2026-03-01,2026,mar,Recaudación (1= 2 + 3),31698871659.94
019_Ejecución mensual del presupuesto del FET - Ejerci.pdf,2026-04-01,2026,abr,Recaudación (1= 2 + 3),34698489162.84
019_Ejecución mensual del presupuesto del FET - Ejerci.pdf,2026-05-01,2026,may,Recaudación (1= 2 + 3),29991927604.69
019_Ejecución mensual del presupuesto del FET - Ejerci.pdf,2026-06-01,2026,jun,Recaudación (1= 2 + 3),29056739180.07
019_Ejecución mensual del presupuesto del FET - Ejerci.pdf,2026-07-01,2026,jul,Recaudación (1= 2 + 3),33246371994.22
019_Ejecución mensual del presupuesto del FET - Ejerci.pdf,2026-08-01,2026,ago,Recaudación (1= 2 + 3),0.0
019_Ejecución mensual del presupuesto del FET - Ejerci.pdf,2026-09-01,2026,sep,Recaudación (1= 2 + 3),0.0
019_Ejecución mensual del presupuesto del FET - Ejerci.pdf,2026-10-01,2026,oct,Recaudación (1= 2 + 3),0.0
019_Ejecución mensual del presupuesto del FET - Ejerci.pdf,2026-11-01,2026,nov,Recaudación (1= 2 + 3),0.0
019_Ejecución mensual del presupuesto del FET - Ejerci.pdf,2026-12-01,2026,dic,Recaudación (1= 2 + 3),0.0
019_Ejecución mensual del presupuesto del FET - Ejerci.pdf,2026-01-01,2026,ene,Total Imputado (Precio),0.0
019_Ejecución mensual del presupuesto del FET - Ejerci.pdf,2026-02-01,2026,feb,Total Imputado (Precio),0.0
019_Ejecución mensual del presupuesto del FET - Ejerci.pdf,2026-03-01,2026,mar,Total Imputado (Precio),0.0
019_Ejecución mensual del presupuesto del FET - Ejerci.pdf,2026-04-01,2026,abr,Total Imputado (Precio),15628862920.46
019_Ejecución mensual del presupuesto del FET - Ejerci.pdf,2026-05-01,2026,may,Total Imputado (Precio),9055087021.58
019_Ejecución mensual del presupuesto del FET - Ejerci.pdf,2026-06-01,2026,jun,Total Imputado (Precio),9059698779.01
019_Ejecución mensual del presupuesto del FET - Ejerci.pdf,2026-07-01,2026,jul,Total Imputado (Precio),15782385707.63
019_Ejecución mensual del presupuesto del FET - Ejerci.pdf,2026-08-01,2026,ago,Total Imputado (Precio),71918613.0
019_Ejecución mensual del presupuesto del FET - Ejerci.pdf,2026-09-01,2026,sep,Total Imputado (Precio),0.0
019_Ejecución mensual del presupuesto del FET - Ejerci.pdf,2026-10-01,2026,oct,Total Imputado (Precio),0.0
019_Ejecución mensual del presupuesto del FET - Ejerci.pdf,2026-11-01,2026,nov,Total Imputado (Precio),0.0
019_Ejecución mensual del presupuesto del FET - Ejerci.pdf,2026-12-01,2026,dic,Total Imputado (Precio),0.0
019_Ejecución mensual del presupuesto del FET - Ejerci.pdf,2026-01-01,2026,ene,Retribución al Productor Tabacalero 2026 (Precio),0.0
019_Ejecución mensual del presupuesto del FET - Ejerci.pdf,2026-02-01,2026,feb,Retribución al Productor Tabacalero 2026 (Precio),0.0
019_Ejecución mensual del presupuesto del FET - Ejerci.pdf,2026-03-01,2026,mar,Retribución al Productor Tabacalero 2026 (Precio),0.0
019_Ejecución mensual del presupuesto del FET - Ejerci.pdf,2026-04-01,2026,abr,Retribución al Productor Tabacalero 2026 (Precio),15628862920.46
019_Ejecución mensual del presupuesto del FET - Ejerci.pdf,2026-05-01,2026,may,Retribución al Productor Tabacalero 2026 (Precio),9055087021.58
019_Ejecución mensual del presupuesto del FET - Ejerci.pdf,2026-06-01,2026,jun,Retribución al Productor Tabacalero 2026 (Precio),9059698779.01
019_Ejecución mensual del presupuesto del FET - Ejerci.pdf,2026-07-01,2026,jul,Retribución al Productor Tabacalero 2026 (Precio),15782385707.63
019_Ejecución mensual del presupuesto del FET - Ejerci.pdf,2026-08-01,2026,ago,Retribución al Productor Tabacalero 2026 (Precio),71918613.0
019_Ejecución mensual del presupuesto del FET - Ejerci.pdf,2026-09-01,2026,sep,Retribución al Productor Tabacalero 2026 (Precio),0.0
019_Ejecución mensual del presupuesto del FET - Ejerci.pdf,2026-10-01,2026,oct,Retribución al Productor Tabacalero 2026 (Precio),0.0
019_Ejecución mensual del presupuesto del FET - Ejerci.pdf,2026-11-01,2026,nov,Retribución al Productor Tabacalero 2026 (Precio),0.0
019_Ejecución mensual del presupuesto del FET - Ejerci.pdf,2026-12-01,2026,dic,Retribución al Productor Tabacalero 2026 (Precio),0.0
019_Ejecución mensual del presupuesto del FET - Ejerci.pdf,2026-01-01,2026,ene,Planes Excedente del 80% + Planes 20% (*) (5),11120447837.58
019_Ejecución mensual del presupuesto del FET - Ejerci.pdf,2026-02-01,2026,feb,Planes Excedente del 80% + Planes 20% (*) (5),7666223195.01
019_Ejecución mensual del presupuesto del FET - Ejerci.pdf,2026-03-01,2026,mar,Planes Excedente del 80% + Planes 20% (*) (5),9656586711.52
019_Ejecución mensual del presupuesto del FET - Ejerci.pdf,2026-04-01,2026,abr,Planes Excedente del 80% + Planes 20% (*) (5),14621005959.52
019_Ejecución mensual del presupuesto del FET - Ejerci.pdf,2026-05-01,2026,may,Planes Excedente del 80% + Planes 20% (*) (5),988707300.82
019_Ejecución mensual del presupuesto del FET - Ejerci.pdf,2026-06-01,2026,jun,Planes Excedente del 80% + Planes 20% (*) (5),3314933802.78
019_Ejecución mensual del presupuesto del FET - Ejerci.pdf,2026-07-01,2026,jul,Planes Excedente del 80% + Planes 20% (*) (5),6621246933.92
019_Ejecución mensual del presupuesto del FET - Ejerci.pdf,2026-08-01,2026,ago,Planes Excedente del 80% + Planes 20% (*) (5),0.0
019_Ejecución mensual del presupuesto del FET - Ejerci.pdf,2026-09-01,2026,sep,Planes Excedente del 80% + Planes 20% (*) (5),0.0
019_Ejecución mensual del presupuesto del FET - Ejerci.pdf,2026-10-01,2026,oct,Planes Excedente del 80% + Planes 20% (*) (5),0.0
019_Ejecución mensual del presupuesto del FET - Ejerci.pdf,2026-11-01,2026,nov,Planes Excedente del 80% + Planes 20% (*) (5),0.0
019_Ejecución mensual del presupuesto del FET - Ejerci.pdf,2026-12-01,2026,dic,Planes Excedente del 80% + Planes 20% (*) (5),0.0
019_Ejecución mensual del presupuesto del FET - Ejerci.pdf,2026-01-01,2026,ene,Sueldos FET (por Convenio) (6),0.0
019_Ejecución mensual del presupuesto del FET - Ejerci.pdf,2026-02-01,2026,feb,Sueldos FET (por Convenio) (6),0.0
019_Ejecución mensual del presupuesto del FET - Ejerci.pdf,2026-03-01,2026,mar,Sueldos FET (por Convenio) (6),0.0
019_Ejecución mensual del presupuesto del FET - Ejerci.pdf,2026-04-01,2026,abr,Sueldos FET (por Convenio) (6),0.0
019_Ejecución mensual del presupuesto del FET - Ejerci.pdf,2026-05-01,2026,may,Sueldos FET (por Convenio) (6),0.0
019_Ejecución mensual del presupuesto del FET - Ejerci.pdf,2026-06-01,2026,jun,Sueldos FET (por Convenio) (6),0.0
019_Ejecución mensual del presupuesto del FET - Ejerci.pdf,2026-07-01,2026,jul,Sueldos FET (por Convenio) (6),0.0
019_Ejecución mensual del presupuesto del FET - Ejerci.pdf,2026-08-01,2026,ago,Sueldos FET (por Convenio) (6),0.0
019_Ejecución mensual del presupuesto del FET - Ejerci.pdf,2026-09-01,2026,sep,Sueldos FET (por Convenio) (6),0.0
019_Ejecución mensual del presupuesto del FET - Ejerci.pdf,2026-10-01,2026,oct,Sueldos FET (por Convenio) (6),0.0
019_Ejecución mensual del presupuesto del FET - Ejerci.pdf,2026-11-01,2026,nov,Sueldos FET (por Convenio) (6),0.0
019_Ejecución mensual del presupuesto del FET - Ejerci.pdf,2026-12-01,2026,dic,Sueldos FET (por Convenio) (6),0.0
019_Ejecución mensual del presupuesto del FET - Ejerci.pdf,2026-01-01,2026,ene,Ley 19.800 Art. 27 b) (3%) (7),0.0
019_Ejecución mensual del presupuesto del FET - Ejerci.pdf,2026-02-01,2026,feb,Ley 19.800 Art. 27 b) (3%) (7),0.0
019_Ejecución mensual del presupuesto del FET - Ejerci.pdf,2026-03-01,2026,mar,Ley 19.800 Art. 27 b) (3%) (7),0.0
019_Ejecución mensual del presupuesto del FET - Ejerci.pdf,2026-04-01,2026,abr,Ley 19.800 Art. 27 b) (3%) (7),0.0
019_Ejecución mensual del presupuesto del FET - Ejerci.pdf,2026-05-01,2026,may,Ley 19.800 Art. 27 b) (3%) (7),0.0
019_Ejecución mensual del presupuesto del FET - Ejerci.pdf,2026-06-01,2026,jun,Ley 19.800 Art. 27 b) (3%) (7),0.0
019_Ejecución mensual del presupuesto del FET - Ejerci.pdf,2026-07-01,2026,jul,Ley 19.800 Art. 27 b) (3%) (7),0.0
019_Ejecución mensual del presupuesto del FET - Ejerci.pdf,2026-08-01,2026,ago,Ley 19.800 Art. 27 b) (3%) (7),0.0
019_Ejecución mensual del presupuesto del FET - Ejerci.pdf,2026-09-01,2026,sep,Ley 19.800 Art. 27 b) (3%) (7),0.0
019_Ejecución mensual del presupuesto del FET - Ejerci.pdf,2026-10-01,2026,oct,Ley 19.800 Art. 27 b) (3%) (7),0.0
019_Ejecución mensual del presupuesto del FET - Ejerci.pdf,2026-11-01,2026,nov,Ley 19.800 Art. 27 b) (3%) (7),0.0
019_Ejecución mensual del presupuesto del FET - Ejerci.pdf,2026-12-01,2026,dic,Ley 19.800 Art. 27 b) (3%) (7),0.0
019_Ejecución mensual del presupuesto del FET - Ejerci.pdf,2026-01-01,2026,ene,Transferencias Automaticas 80% 2026,28476442040.84
019_Ejecución mensual del presupuesto del FET - Ejerci.pdf,2026-02-01,2026,feb,Transferencias Automaticas 80% 2026,0.0
019_Ejecución mensual del presupuesto del FET - Ejerci.pdf,2026-03-01,2026,mar,Transferencias Automaticas 80% 2026,48857133900.9
019_Ejecución mensual del presupuesto del FET - Ejerci.pdf,2026-04-01,2026,abr,Transferencias Automaticas 80% 2026,26843622267.99
019_Ejecución mensual del presupuesto del FET - Ejerci.pdf,2026-05-01,2026,may,Transferencias Automaticas 80% 2026,0.0
019_Ejecución mensual del presupuesto del FET - Ejerci.pdf,2026-06-01,2026,jun,Transferencias Automaticas 80% 2026,23199384451.46
019_Ejecución mensual del presupuesto del FET - Ejerci.pdf,2026-07-01,2026,jul,Transferencias Automaticas 80% 2026,48127782315.87
019_Ejecución mensual del presupuesto del FET - Ejerci.pdf,2026-08-01,2026,ago,Transferencias Automaticas 80% 2026,0.0
019_Ejecución mensual del presupuesto del FET - Ejerci.pdf,2026-09-01,2026,sep,Transferencias Automaticas 80% 2026,0.0
019_Ejecución mensual del presupuesto del FET - Ejerci.pdf,2026-10-01,2026,oct,Transferencias Automaticas 80% 2026,0.0
019_Ejecución mensual del presupuesto del FET - Ejerci.pdf,2026-11-01,2026,nov,Transferencias Automaticas 80% 2026,0.0
019_Ejecución mensual del presupuesto del FET - Ejerci.pdf,2026-12-01,2026,dic,Transferencias Automaticas 80% 2026,0.0
019_Ejecución mensual del presupuesto del FET - Ejerci.pdf,2026-01-01,2026,ene,Imputado por las Provincias,0.0
019_Ejecución mensual del presupuesto del FET - Ejerci.pdf,2026-02-01,2026,feb,Imputado por las Provincias,4195835550.51
019_Ejecución mensual del presupuesto del FET - Ejerci.pdf,2026-03-01,2026,mar,Imputado por las Provincias,4877871903.23
019_Ejecución mensual del presupuesto del FET - Ejerci.pdf,2026-04-01,2026,abr,Imputado por las Provincias,30036535187.25
019_Ejecución mensual del presupuesto del FET - Ejerci.pdf,2026-05-01,2026,may,Imputado por las Provincias,9065796350.62
019_Ejecución mensual del presupuesto del FET - Ejerci.pdf,2026-06-01,2026,jun,Imputado por las Provincias,12047368947.29
019_Ejecución mensual del presupuesto del FET - Ejerci.pdf,2026-07-01,2026,jul,Imputado por las Provincias,15819192224.13
019_Ejecución mensual del presupuesto del FET - Ejerci.pdf,2026-08-01,2026,ago,Imputado por las Provincias,71918613.0
019_Ejecución mensual del presupuesto del FET - Ejerci.pdf,2026-09-01,2026,sep,Imputado por las Provincias,0.0
019_Ejecución mensual del presupuesto del FET - Ejerci.pdf,2026-10-01,2026,oct,Imputado por las Provincias,0.0
019_Ejecución mensual del presupuesto del FET - Ejerci.pdf,2026-11-01,2026,nov,Imputado por las Provincias,0.0
019_Ejecución mensual del presupuesto del FET - Ejerci.pdf,2026-12-01,2026,dic,Imputado por las Provincias,0.0
020_109900_EjecuciC3B3n mensual del presupuesto del FE.pdf,2026-01-01,2026,ene,Recaudación (1= 2 + 3),36890037084.05
020_109900_EjecuciC3B3n mensual del presupuesto del FE.pdf,2026-02-01,2026,feb,Recaudación (1= 2 + 3),31327754179.97
020_109900_EjecuciC3B3n mensual del presupuesto del FE.pdf,2026-03-01,2026,mar,Recaudación (1= 2 + 3),31698871659.94
020_109900_EjecuciC3B3n mensual del presupuesto del FE.pdf,2026-04-01,2026,abr,Recaudación (1= 2 + 3),34698489162.84
020_109900_EjecuciC3B3n mensual del presupuesto del FE.pdf,2026-05-01,2026,may,Recaudación (1= 2 + 3),29991927604.69
020_109900_EjecuciC3B3n mensual del presupuesto del FE.pdf,2026-06-01,2026,jun,Recaudación (1= 2 + 3),29056739180.07
020_109900_EjecuciC3B3n mensual del presupuesto del FE.pdf,2026-07-01,2026,jul,Recaudación (1= 2 + 3),33246371994.22
020_109900_EjecuciC3B3n mensual del presupuesto del FE.pdf,2026-08-01,2026,ago,Recaudación (1= 2 + 3),0.0
020_109900_EjecuciC3B3n mensual del presupuesto del FE.pdf,2026-09-01,2026,sep,Recaudación (1= 2 + 3),0.0
020_109900_EjecuciC3B3n mensual del presupuesto del FE.pdf,2026-10-01,2026,oct,Recaudación (1= 2 + 3),0.0
020_109900_EjecuciC3B3n mensual del presupuesto del FE.pdf,2026-11-01,2026,nov,Recaudación (1= 2 + 3),0.0
020_109900_EjecuciC3B3n mensual del presupuesto del FE.pdf,2026-12-01,2026,dic,Recaudación (1= 2 + 3),0.0
020_109900_EjecuciC3B3n mensual del presupuesto del FE.pdf,2026-01-01,2026,ene,Total Imputado (Precio),0.0
020_109900_EjecuciC3B3n mensual del presupuesto del FE.pdf,2026-02-01,2026,feb,Total Imputado (Precio),0.0
020_109900_EjecuciC3B3n mensual del presupuesto del FE.pdf,2026-03-01,2026,mar,Total Imputado (Precio),0.0
020_109900_EjecuciC3B3n mensual del presupuesto del FE.pdf,2026-04-01,2026,abr,Total Imputado (Precio),15628862920.46
020_109900_EjecuciC3B3n mensual del presupuesto del FE.pdf,2026-05-01,2026,may,Total Imputado (Precio),9055087021.58
020_109900_EjecuciC3B3n mensual del presupuesto del FE.pdf,2026-06-01,2026,jun,Total Imputado (Precio),9059698779.01
020_109900_EjecuciC3B3n mensual del presupuesto del FE.pdf,2026-07-01,2026,jul,Total Imputado (Precio),15782385707.63
020_109900_EjecuciC3B3n mensual del presupuesto del FE.pdf,2026-08-01,2026,ago,Total Imputado (Precio),71918613.0
020_109900_EjecuciC3B3n mensual del presupuesto del FE.pdf,2026-09-01,2026,sep,Total Imputado (Precio),0.0
020_109900_EjecuciC3B3n mensual del presupuesto del FE.pdf,2026-10-01,2026,oct,Total Imputado (Precio),0.0
020_109900_EjecuciC3B3n mensual del presupuesto del FE.pdf,2026-11-01,2026,nov,Total Imputado (Precio),0.0
020_109900_EjecuciC3B3n mensual del presupuesto del FE.pdf,2026-12-01,2026,dic,Total Imputado (Precio),0.0
020_109900_EjecuciC3B3n mensual del presupuesto del FE.pdf,2026-01-01,2026,ene,Retribución al Productor Tabacalero 2026 (Precio),0.0
020_109900_EjecuciC3B3n mensual del presupuesto del FE.pdf,2026-02-01,2026,feb,Retribución al Productor Tabacalero 2026 (Precio),0.0
020_109900_EjecuciC3B3n mensual del presupuesto del FE.pdf,2026-03-01,2026,mar,Retribución al Productor Tabacalero 2026 (Precio),0.0
020_109900_EjecuciC3B3n mensual del presupuesto del FE.pdf,2026-04-01,2026,abr,Retribución al Productor Tabacalero 2026 (Precio),15628862920.46
020_109900_EjecuciC3B3n mensual del presupuesto del FE.pdf,2026-05-01,2026,may,Retribución al Productor Tabacalero 2026 (Precio),9055087021.58
020_109900_EjecuciC3B3n mensual del presupuesto del FE.pdf,2026-06-01,2026,jun,Retribución al Productor Tabacalero 2026 (Precio),9059698779.01
020_109900_EjecuciC3B3n mensual del presupuesto del FE.pdf,2026-07-01,2026,jul,Retribución al Productor Tabacalero 2026 (Precio),15782385707.63
020_109900_EjecuciC3B3n mensual del presupuesto del FE.pdf,2026-08-01,2026,ago,Retribución al Productor Tabacalero 2026 (Precio),71918613.0
020_109900_EjecuciC3B3n mensual del presupuesto del FE.pdf,2026-09-01,2026,sep,Retribución al Productor Tabacalero 2026 (Precio),0.0
020_109900_EjecuciC3B3n mensual del presupuesto del FE.pdf,2026-10-01,2026,oct,Retribución al Productor Tabacalero 2026 (Precio),0.0
020_109900_EjecuciC3B3n mensual del presupuesto del FE.pdf,2026-11-01,2026,nov,Retribución al Productor Tabacalero 2026 (Precio),0.0
020_109900_EjecuciC3B3n mensual del presupuesto del FE.pdf,2026-12-01,2026,dic,Retribución al Productor Tabacalero 2026 (Precio),0.0
020_109900_EjecuciC3B3n mensual del presupuesto del FE.pdf,2026-01-01,2026,ene,Planes Excedente del 80% + Planes 20% (*) (5),11120447837.58
020_109900_EjecuciC3B3n mensual del presupuesto del FE.pdf,2026-02-01,2026,feb,Planes Excedente del 80% + Planes 20% (*) (5),7666223195.01
020_109900_EjecuciC3B3n mensual del presupuesto del FE.pdf,2026-03-01,2026,mar,Planes Excedente del 80% + Planes 20% (*) (5),9656586711.52
020_109900_EjecuciC3B3n mensual del presupuesto del FE.pdf,2026-04-01,2026,abr,Planes Excedente del 80% + Planes 20% (*) (5),14621005959.52
020_109900_EjecuciC3B3n mensual del presupuesto del FE.pdf,2026-05-01,2026,may,Planes Excedente del 80% + Planes 20% (*) (5),988707300.82
020_109900_EjecuciC3B3n mensual del presupuesto del FE.pdf,2026-06-01,2026,jun,Planes Excedente del 80% + Planes 20% (*) (5),3314933802.78
020_109900_EjecuciC3B3n mensual del presupuesto del FE.pdf,2026-07-01,2026,jul,Planes Excedente del 80% + Planes 20% (*) (5),6621246933.92
020_109900_EjecuciC3B3n mensual del presupuesto del FE.pdf,2026-08-01,2026,ago,Planes Excedente del 80% + Planes 20% (*) (5),0.0
020_109900_EjecuciC3B3n mensual del presupuesto del FE.pdf,2026-09-01,2026,sep,Planes Excedente del 80% + Planes 20% (*) (5),0.0
020_109900_EjecuciC3B3n mensual del presupuesto del FE.pdf,2026-10-01,2026,oct,Planes Excedente del 80% + Planes 20% (*) (5),0.0
020_109900_EjecuciC3B3n mensual del presupuesto del FE.pdf,2026-11-01,2026,nov,Planes Excedente del 80% + Planes 20% (*) (5),0.0
020_109900_EjecuciC3B3n mensual del presupuesto del FE.pdf,2026-12-01,2026,dic,Planes Excedente del 80% + Planes 20% (*) (5),0.0
020_109900_EjecuciC3B3n mensual del presupuesto del FE.pdf,2026-01-01,2026,ene,Sueldos FET (por Convenio) (6),0.0
020_109900_EjecuciC3B3n mensual del presupuesto del FE.pdf,2026-02-01,2026,feb,Sueldos FET (por Convenio) (6),0.0
020_109900_EjecuciC3B3n mensual del presupuesto del FE.pdf,2026-03-01,2026,mar,Sueldos FET (por Convenio) (6),0.0
020_109900_EjecuciC3B3n mensual del presupuesto del FE.pdf,2026-04-01,2026,abr,Sueldos FET (por Convenio) (6),0.0
020_109900_EjecuciC3B3n mensual del presupuesto del FE.pdf,2026-05-01,2026,may,Sueldos FET (por Convenio) (6),0.0
020_109900_EjecuciC3B3n mensual del presupuesto del FE.pdf,2026-06-01,2026,jun,Sueldos FET (por Convenio) (6),0.0
020_109900_EjecuciC3B3n mensual del presupuesto del FE.pdf,2026-07-01,2026,jul,Sueldos FET (por Convenio) (6),0.0
020_109900_EjecuciC3B3n mensual del presupuesto del FE.pdf,2026-08-01,2026,ago,Sueldos FET (por Convenio) (6),0.0
020_109900_EjecuciC3B3n mensual del presupuesto del FE.pdf,2026-09-01,2026,sep,Sueldos FET (por Convenio) (6),0.0
020_109900_EjecuciC3B3n mensual del presupuesto del FE.pdf,2026-10-01,2026,oct,Sueldos FET (por Convenio) (6),0.0
020_109900_EjecuciC3B3n mensual del presupuesto del FE.pdf,2026-11-01,2026,nov,Sueldos FET (por Convenio) (6),0.0
020_109900_EjecuciC3B3n mensual del presupuesto del FE.pdf,2026-12-01,2026,dic,Sueldos FET (por Convenio) (6),0.0
020_109900_EjecuciC3B3n mensual del presupuesto del FE.pdf,2026-01-01,2026,ene,Ley 19.800 Art. 27 b) (3%) (7),0.0
020_109900_EjecuciC3B3n mensual del presupuesto del FE.pdf,2026-02-01,2026,feb,Ley 19.800 Art. 27 b) (3%) (7),0.0
020_109900_EjecuciC3B3n mensual del presupuesto del FE.pdf,2026-03-01,2026,mar,Ley 19.800 Art. 27 b) (3%) (7),0.0
020_109900_EjecuciC3B3n mensual del presupuesto del FE.pdf,2026-04-01,2026,abr,Ley 19.800 Art. 27 b) (3%) (7),0.0
020_109900_EjecuciC3B3n mensual del presupuesto del FE.pdf,2026-05-01,2026,may,Ley 19.800 Art. 27 b) (3%) (7),0.0
020_109900_EjecuciC3B3n mensual del presupuesto del FE.pdf,2026-06-01,2026,jun,Ley 19.800 Art. 27 b) (3%) (7),0.0
020_109900_EjecuciC3B3n mensual del presupuesto del FE.pdf,2026-07-01,2026,jul,Ley 19.800 Art. 27 b) (3%) (7),0.0
020_109900_EjecuciC3B3n mensual del presupuesto del FE.pdf,2026-08-01,2026,ago,Ley 19.800 Art. 27 b) (3%) (7),0.0
020_109900_EjecuciC3B3n mensual del presupuesto del FE.pdf,2026-09-01,2026,sep,Ley 19.800 Art. 27 b) (3%) (7),0.0
020_109900_EjecuciC3B3n mensual del presupuesto del FE.pdf,2026-10-01,2026,oct,Ley 19.800 Art. 27 b) (3%) (7),0.0
020_109900_EjecuciC3B3n mensual del presupuesto del FE.pdf,2026-11-01,2026,nov,Ley 19.800 Art. 27 b) (3%) (7),0.0
020_109900_EjecuciC3B3n mensual del presupuesto del FE.pdf,2026-12-01,2026,dic,Ley 19.800 Art. 27 b) (3%) (7),0.0
020_109900_EjecuciC3B3n mensual del presupuesto del FE.pdf,2026-01-01,2026,ene,Transferencias Automaticas 80% 2026,28476442040.84
020_109900_EjecuciC3B3n mensual del presupuesto del FE.pdf,2026-02-01,2026,feb,Transferencias Automaticas 80% 2026,0.0
020_109900_EjecuciC3B3n mensual del presupuesto del FE.pdf,2026-03-01,2026,mar,Transferencias Automaticas 80% 2026,48857133900.9
020_109900_EjecuciC3B3n mensual del presupuesto del FE.pdf,2026-04-01,2026,abr,Transferencias Automaticas 80% 2026,26843622267.99
020_109900_EjecuciC3B3n mensual del presupuesto del FE.pdf,2026-05-01,2026,may,Transferencias Automaticas 80% 2026,0.0
020_109900_EjecuciC3B3n mensual del presupuesto del FE.pdf,2026-06-01,2026,jun,Transferencias Automaticas 80% 2026,23199384451.46
020_109900_EjecuciC3B3n mensual del presupuesto del FE.pdf,2026-07-01,2026,jul,Transferencias Automaticas 80% 2026,48127782315.87
020_109900_EjecuciC3B3n mensual del presupuesto del FE.pdf,2026-08-01,2026,ago,Transferencias Automaticas 80% 2026,0.0
020_109900_EjecuciC3B3n mensual del presupuesto del FE.pdf,2026-09-01,2026,sep,Transferencias Automaticas 80% 2026,0.0
020_109900_EjecuciC3B3n mensual del presupuesto del FE.pdf,2026-10-01,2026,oct,Transferencias Automaticas 80% 2026,0.0
020_109900_EjecuciC3B3n mensual del presupuesto del FE.pdf,2026-11-01,2026,nov,Transferencias Automaticas 80% 2026,0.0
020_109900_EjecuciC3B3n mensual del presupuesto del FE.pdf,2026-12-01,2026,dic,Transferencias Automaticas 80% 2026,0.0
020_109900_EjecuciC3B3n mensual del presupuesto del FE.pdf,2026-01-01,2026,ene,Imputado por las Provincias,0.0
020_109900_EjecuciC3B3n mensual del presupuesto del FE.pdf,2026-02-01,2026,feb,Imputado por las Provincias,4195835550.51
020_109900_EjecuciC3B3n mensual del presupuesto del FE.pdf,2026-03-01,2026,mar,Imputado por las Provincias,4877871903.23
020_109900_EjecuciC3B3n mensual del presupuesto del FE.pdf,2026-04-01,2026,abr,Imputado por las Provincias,30036535187.25
020_109900_EjecuciC3B3n mensual del presupuesto del FE.pdf,2026-05-01,2026,may,Imputado por las Provincias,9065796350.62
020_109900_EjecuciC3B3n mensual del presupuesto del FE.pdf,2026-06-01,2026,jun,Imputado por las Provincias,12047368947.29
020_109900_EjecuciC3B3n mensual del presupuesto del FE.pdf,2026-07-01,2026,jul,Imputado por las Provincias,15819192224.13
020_109900_EjecuciC3B3n mensual del presupuesto del FE.pdf,2026-08-01,2026,ago,Imputado por las Provincias,71918613.0
020_109900_EjecuciC3B3n mensual del presupuesto del FE.pdf,2026-09-01,2026,sep,Imputado por las Provincias,0.0
020_109900_EjecuciC3B3n mensual del presupuesto del FE.pdf,2026-10-01,2026,oct,Imputado por las Provincias,0.0
020_109900_EjecuciC3B3n mensual del presupuesto del FE.pdf,2026-11-01,2026,nov,Imputado por las Provincias,0.0
020_109900_EjecuciC3B3n mensual del presupuesto del FE.pdf,2026-12-01,2026,dic,Imputado por las Provincias,0.0
021_Ejecución mensual del presupuesto del FET - Ejerci.pdf,2025-01-01,2025,ene,Recaudación (1= 2 + 3),24495250040.23
021_Ejecución mensual del presupuesto del FET - Ejerci.pdf,2025-02-01,2025,feb,Recaudación (1= 2 + 3),25751881262.12
021_Ejecución mensual del presupuesto del FET - Ejerci.pdf,2025-03-01,2025,mar,Recaudación (1= 2 + 3),25221199191.82
021_Ejecución mensual del presupuesto del FET - Ejerci.pdf,2025-04-01,2025,abr,Recaudación (1= 2 + 3),25632180769.98
021_Ejecución mensual del presupuesto del FET - Ejerci.pdf,2025-05-01,2025,may,Recaudación (1= 2 + 3),24319594076.1
021_Ejecución mensual del presupuesto del FET - Ejerci.pdf,2025-06-01,2025,jun,Recaudación (1= 2 + 3),24201580243.76
021_Ejecución mensual del presupuesto del FET - Ejerci.pdf,2025-07-01,2025,jul,Recaudación (1= 2 + 3),24119830918.72
021_Ejecución mensual del presupuesto del FET - Ejerci.pdf,2025-08-01,2025,ago,Recaudación (1= 2 + 3),28542407600.58
021_Ejecución mensual del presupuesto del FET - Ejerci.pdf,2025-09-01,2025,sep,Recaudación (1= 2 + 3),26138697120.24
021_Ejecución mensual del presupuesto del FET - Ejerci.pdf,2025-10-01,2025,oct,Recaudación (1= 2 + 3),27479179853.4
021_Ejecución mensual del presupuesto del FET - Ejerci.pdf,2025-11-01,2025,nov,Recaudación (1= 2 + 3),33049306663.29
021_Ejecución mensual del presupuesto del FET - Ejerci.pdf,2025-12-01,2025,dic,Recaudación (1= 2 + 3),27191633717.43
021_Ejecución mensual del presupuesto del FET - Ejerci.pdf,2025-01-01,2025,ene,Recaudación Provincias (2),23591895964.26
021_Ejecución mensual del presupuesto del FET - Ejerci.pdf,2025-02-01,2025,feb,Recaudación Provincias (2),24900120420.6
021_Ejecución mensual del presupuesto del FET - Ejerci.pdf,2025-03-01,2025,mar,Recaudación Provincias (2),24375962828.9
021_Ejecución mensual del presupuesto del FET - Ejerci.pdf,2025-04-01,2025,abr,Recaudación Provincias (2),24786461997.74
021_Ejecución mensual del presupuesto del FET - Ejerci.pdf,2025-05-01,2025,may,Recaudación Provincias (2),23493388759.53
021_Ejecución mensual del presupuesto del FET - Ejerci.pdf,2025-06-01,2025,jun,Recaudación Provincias (2),23386877848.1
021_Ejecución mensual del presupuesto del FET - Ejerci.pdf,2025-07-01,2025,jul,Recaudación Provincias (2),23301879282.6
021_Ejecución mensual del presupuesto del FET - Ejerci.pdf,2025-08-01,2025,ago,Recaudación Provincias (2),27601023238.67
021_Ejecución mensual del presupuesto del FET - Ejerci.pdf,2025-09-01,2025,sep,Recaudación Provincias (2),25285010405.04
021_Ejecución mensual del presupuesto del FET - Ejerci.pdf,2025-10-01,2025,oct,Recaudación Provincias (2),26549519999.76
021_Ejecución mensual del presupuesto del FET - Ejerci.pdf,2025-11-01,2025,nov,Recaudación Provincias (2),31914845650.57
021_Ejecución mensual del presupuesto del FET - Ejerci.pdf,2025-12-01,2025,dic,Recaudación Provincias (2),26274888451.73
021_Ejecución mensual del presupuesto del FET - Ejerci.pdf,2025-01-01,2025,ene,Obra Social (3),903354075.97
021_Ejecución mensual del presupuesto del FET - Ejerci.pdf,2025-02-01,2025,feb,Obra Social (3),845236362.92
021_Ejecución mensual del presupuesto del FET - Ejerci.pdf,2025-03-01,2025,mar,Obra Social (3),845718772.24
021_Ejecución mensual del presupuesto del FET - Ejerci.pdf,2025-04-01,2025,abr,Obra Social (3),826205316.57
021_Ejecución mensual del presupuesto del FET - Ejerci.pdf,2025-05-01,2025,may,Obra Social (3),814702395.66
021_Ejecución mensual del presupuesto del FET - Ejerci.pdf,2025-06-01,2025,jun,Obra Social (3),817951636.12
021_Ejecución mensual del presupuesto del FET - Ejerci.pdf,2025-07-01,2025,jul,Obra Social (3),941384361.91
021_Ejecución mensual del presupuesto del FET - Ejerci.pdf,2025-08-01,2025,ago,Obra Social (3),853686715.2
021_Ejecución mensual del presupuesto del FET - Ejerci.pdf,2025-09-01,2025,sep,Obra Social (3),929659853.64
021_Ejecución mensual del presupuesto del FET - Ejerci.pdf,2025-10-01,2025,oct,Obra Social (3),1134461012.72
021_Ejecución mensual del presupuesto del FET - Ejerci.pdf,2025-11-01,2025,nov,Obra Social (3),916745265.7
021_Ejecución mensual del presupuesto del FET - Ejerci.pdf,2025-12-01,2025,dic,Obra Social (3),10680866610.17
021_Ejecución mensual del presupuesto del FET - Ejerci.pdf,2025-01-01,2025,ene,Total Imputado (Precio),0.0
021_Ejecución mensual del presupuesto del FET - Ejerci.pdf,2025-02-01,2025,feb,Total Imputado (Precio),0.0
021_Ejecución mensual del presupuesto del FET - Ejerci.pdf,2025-03-01,2025,mar,Total Imputado (Precio),0.0
021_Ejecución mensual del presupuesto del FET - Ejerci.pdf,2025-04-01,2025,abr,Total Imputado (Precio),11650320344.65
021_Ejecución mensual del presupuesto del FET - Ejerci.pdf,2025-05-01,2025,may,Total Imputado (Precio),4936332046.07
021_Ejecución mensual del presupuesto del FET - Ejerci.pdf,2025-06-01,2025,jun,Total Imputado (Precio),11275712907.36
021_Ejecución mensual del presupuesto del FET - Ejerci.pdf,2025-07-01,2025,jul,Total Imputado (Precio),12127160637.53
021_Ejecución mensual del presupuesto del FET - Ejerci.pdf,2025-08-01,2025,ago,Total Imputado (Precio),23301712246.9
021_Ejecución mensual del presupuesto del FET - Ejerci.pdf,2025-09-01,2025,sep,Total Imputado (Precio),12128512301.98
021_Ejecución mensual del presupuesto del FET - Ejerci.pdf,2025-10-01,2025,oct,Total Imputado (Precio),60510804.2
021_Ejecución mensual del presupuesto del FET - Ejerci.pdf,2025-11-01,2025,nov,Total Imputado (Precio),0.0
021_Ejecución mensual del presupuesto del FET - Ejerci.pdf,2025-12-01,2025,dic,Total Imputado (Precio),3993281248.73
021_Ejecución mensual del presupuesto del FET - Ejerci.pdf,2025-01-01,2025,ene,Retribución al Productor Tabacalero 2025 (Precio),0.0
021_Ejecución mensual del presupuesto del FET - Ejerci.pdf,2025-02-01,2025,feb,Retribución al Productor Tabacalero 2025 (Precio),0.0
021_Ejecución mensual del presupuesto del FET - Ejerci.pdf,2025-03-01,2025,mar,Retribución al Productor Tabacalero 2025 (Precio),0.0
021_Ejecución mensual del presupuesto del FET - Ejerci.pdf,2025-04-01,2025,abr,Retribución al Productor Tabacalero 2025 (Precio),11650320344.65
021_Ejecución mensual del presupuesto del FET - Ejerci.pdf,2025-05-01,2025,may,Retribución al Productor Tabacalero 2025 (Precio),4936332046.07
021_Ejecución mensual del presupuesto del FET - Ejerci.pdf,2025-06-01,2025,jun,Retribución al Productor Tabacalero 2025 (Precio),11275712907.36
021_Ejecución mensual del presupuesto del FET - Ejerci.pdf,2025-07-01,2025,jul,Retribución al Productor Tabacalero 2025 (Precio),12127160637.53
021_Ejecución mensual del presupuesto del FET - Ejerci.pdf,2025-08-01,2025,ago,Retribución al Productor Tabacalero 2025 (Precio),23301712246.9
021_Ejecución mensual del presupuesto del FET - Ejerci.pdf,2025-09-01,2025,sep,Retribución al Productor Tabacalero 2025 (Precio),12128512301.98
021_Ejecución mensual del presupuesto del FET - Ejerci.pdf,2025-10-01,2025,oct,Retribución al Productor Tabacalero 2025 (Precio),60510804.2
021_Ejecución mensual del presupuesto del FET - Ejerci.pdf,2025-11-01,2025,nov,Retribución al Productor Tabacalero 2025 (Precio),0.0
021_Ejecución mensual del presupuesto del FET - Ejerci.pdf,2025-12-01,2025,dic,Retribución al Productor Tabacalero 2025 (Precio),3993281248.73
021_Ejecución mensual del presupuesto del FET - Ejerci.pdf,2025-01-01,2025,ene,Ejecución POAS  (4) = (5 + 6 + 7),200000000.0
021_Ejecución mensual del presupuesto del FET - Ejerci.pdf,2025-02-01,2025,feb,Ejecución POAS  (4) = (5 + 6 + 7),0.0
021_Ejecución mensual del presupuesto del FET - Ejerci.pdf,2025-03-01,2025,mar,Ejecución POAS  (4) = (5 + 6 + 7),214379026.17
021_Ejecución mensual del presupuesto del FET - Ejerci.pdf,2025-04-01,2025,abr,Ejecución POAS  (4) = (5 + 6 + 7),220000000.0
021_Ejecución mensual del presupuesto del FET - Ejerci.pdf,2025-05-01,2025,may,Ejecución POAS  (4) = (5 + 6 + 7),7371524364.39
021_Ejecución mensual del presupuesto del FET - Ejerci.pdf,2025-06-01,2025,jun,Ejecución POAS  (4) = (5 + 6 + 7),9003613314.08
021_Ejecución mensual del presupuesto del FET - Ejerci.pdf,2025-07-01,2025,jul,Ejecución POAS  (4) = (5 + 6 + 7),10145261771.2
021_Ejecución mensual del presupuesto del FET - Ejerci.pdf,2025-08-01,2025,ago,Ejecución POAS  (4) = (5 + 6 + 7),27922776518.23
021_Ejecución mensual del presupuesto del FET - Ejerci.pdf,2025-09-01,2025,sep,Ejecución POAS  (4) = (5 + 6 + 7),14471098367.55
021_Ejecución mensual del presupuesto del FET - Ejerci.pdf,2025-10-01,2025,oct,Ejecución POAS  (4) = (5 + 6 + 7),21793119735.43
021_Ejecución mensual del presupuesto del FET - Ejerci.pdf,2025-11-01,2025,nov,Ejecución POAS  (4) = (5 + 6 + 7),14770965016.86
021_Ejecución mensual del presupuesto del FET - Ejerci.pdf,2025-12-01,2025,dic,Ejecución POAS  (4) = (5 + 6 + 7),3860810077.46
021_Ejecución mensual del presupuesto del FET - Ejerci.pdf,2025-01-01,2025,ene,Planes Excedente del 80% + Planes 20% (*) (5),0.0
021_Ejecución mensual del presupuesto del FET - Ejerci.pdf,2025-02-01,2025,feb,Planes Excedente del 80% + Planes 20% (*) (5),0.0
021_Ejecución mensual del presupuesto del FET - Ejerci.pdf,2025-03-01,2025,mar,Planes Excedente del 80% + Planes 20% (*) (5),214379026.17
021_Ejecución mensual del presupuesto del FET - Ejerci.pdf,2025-04-01,2025,abr,Planes Excedente del 80% + Planes 20% (*) (5),220000000.0
021_Ejecución mensual del presupuesto del FET - Ejerci.pdf,2025-05-01,2025,may,Planes Excedente del 80% + Planes 20% (*) (5),7371524364.39
021_Ejecución mensual del presupuesto del FET - Ejerci.pdf,2025-06-01,2025,jun,Planes Excedente del 80% + Planes 20% (*) (5),9003613314.08
021_Ejecución mensual del presupuesto del FET - Ejerci.pdf,2025-07-01,2025,jul,Planes Excedente del 80% + Planes 20% (*) (5),10145261771.2
021_Ejecución mensual del presupuesto del FET - Ejerci.pdf,2025-08-01,2025,ago,Planes Excedente del 80% + Planes 20% (*) (5),27922776518.23
021_Ejecución mensual del presupuesto del FET - Ejerci.pdf,2025-09-01,2025,sep,Planes Excedente del 80% + Planes 20% (*) (5),14471098367.55
021_Ejecución mensual del presupuesto del FET - Ejerci.pdf,2025-10-01,2025,oct,Planes Excedente del 80% + Planes 20% (*) (5),21793119735.43
021_Ejecución mensual del presupuesto del FET - Ejerci.pdf,2025-11-01,2025,nov,Planes Excedente del 80% + Planes 20% (*) (5),14770965016.86
021_Ejecución mensual del presupuesto del FET - Ejerci.pdf,2025-12-01,2025,dic,Planes Excedente del 80% + Planes 20% (*) (5),3860810077.46
021_Ejecución mensual del presupuesto del FET - Ejerci.pdf,2025-01-01,2025,ene,Ley 19.800 Art. 27 b) (3%) (7),200000000.0
021_Ejecución mensual del presupuesto del FET - Ejerci.pdf,2025-02-01,2025,feb,Ley 19.800 Art. 27 b) (3%) (7),0.0
021_Ejecución mensual del presupuesto del FET - Ejerci.pdf,2025-03-01,2025,mar,Ley 19.800 Art. 27 b) (3%) (7),0.0
021_Ejecución mensual del presupuesto del FET - Ejerci.pdf,2025-04-01,2025,abr,Ley 19.800 Art. 27 b) (3%) (7),0.0
021_Ejecución mensual del presupuesto del FET - Ejerci.pdf,2025-05-01,2025,may,Ley 19.800 Art. 27 b) (3%) (7),0.0
021_Ejecución mensual del presupuesto del FET - Ejerci.pdf,2025-06-01,2025,jun,Ley 19.800 Art. 27 b) (3%) (7),0.0
021_Ejecución mensual del presupuesto del FET - Ejerci.pdf,2025-07-01,2025,jul,Ley 19.800 Art. 27 b) (3%) (7),0.0
021_Ejecución mensual del presupuesto del FET - Ejerci.pdf,2025-08-01,2025,ago,Ley 19.800 Art. 27 b) (3%) (7),0.0
021_Ejecución mensual del presupuesto del FET - Ejerci.pdf,2025-09-01,2025,sep,Ley 19.800 Art. 27 b) (3%) (7),0.0
021_Ejecución mensual del presupuesto del FET - Ejerci.pdf,2025-10-01,2025,oct,Ley 19.800 Art. 27 b) (3%) (7),0.0
021_Ejecución mensual del presupuesto del FET - Ejerci.pdf,2025-11-01,2025,nov,Ley 19.800 Art. 27 b) (3%) (7),0.0
021_Ejecución mensual del presupuesto del FET - Ejerci.pdf,2025-12-01,2025,dic,Ley 19.800 Art. 27 b) (3%) (7),0.0
021_Ejecución mensual del presupuesto del FET - Ejerci.pdf,2025-01-01,2025,ene,Remanente POAS 2024,17805233.76
021_Ejecución mensual del presupuesto del FET - Ejerci.pdf,2025-02-01,2025,feb,Remanente POAS 2024,10707011357.29
021_Ejecución mensual del presupuesto del FET - Ejerci.pdf,2025-03-01,2025,mar,Remanente POAS 2024,387159304.0
021_Ejecución mensual del presupuesto del FET - Ejerci.pdf,2025-04-01,2025,abr,Remanente POAS 2024,318789642.07
021_Ejecución mensual del presupuesto del FET - Ejerci.pdf,2025-05-01,2025,may,Remanente POAS 2024,5262014845.32
021_Ejecución mensual del presupuesto del FET - Ejerci.pdf,2025-06-01,2025,jun,Remanente POAS 2024,645287623.85
021_Ejecución mensual del presupuesto del FET - Ejerci.pdf,2025-07-01,2025,jul,Remanente POAS 2024,0.0
021_Ejecución mensual del presupuesto del FET - Ejerci.pdf,2025-08-01,2025,ago,Remanente POAS 2024,21000000.0
021_Ejecución mensual del presupuesto del FET - Ejerci.pdf,2025-09-01,2025,sep,Remanente POAS 2024,0.0
021_Ejecución mensual del presupuesto del FET - Ejerci.pdf,2025-10-01,2025,oct,Remanente POAS 2024,0.0
021_Ejecución mensual del presupuesto del FET - Ejerci.pdf,2025-11-01,2025,nov,Remanente POAS 2024,0.0
021_Ejecución mensual del presupuesto del FET - Ejerci.pdf,2025-12-01,2025,dic,Remanente POAS 2024,0.0
021_Ejecución mensual del presupuesto del FET - Ejerci.pdf,2025-01-01,2025,ene,Transferencias Automaticas 80% 2025,18873516771.41
021_Ejecución mensual del presupuesto del FET - Ejerci.pdf,2025-02-01,2025,feb,Transferencias Automaticas 80% 2025,0.0
021_Ejecución mensual del presupuesto del FET - Ejerci.pdf,2025-03-01,2025,mar,Transferencias Automaticas 80% 2025,19920096336.48
021_Ejecución mensual del presupuesto del FET - Ejerci.pdf,2025-04-01,2025,abr,Transferencias Automaticas 80% 2025,19500770263.11
021_Ejecución mensual del presupuesto del FET - Ejerci.pdf,2025-05-01,2025,may,Transferencias Automaticas 80% 2025,19829169598.19
021_Ejecución mensual del presupuesto del FET - Ejerci.pdf,2025-06-01,2025,jun,Transferencias Automaticas 80% 2025,18794711007.63
021_Ejecución mensual del presupuesto del FET - Ejerci.pdf,2025-07-01,2025,jul,Transferencias Automaticas 80% 2025,37351005704.56
021_Ejecución mensual del presupuesto del FET - Ejerci.pdf,2025-08-01,2025,ago,Transferencias Automaticas 80% 2025,22080818590.94
021_Ejecución mensual del presupuesto del FET - Ejerci.pdf,2025-09-01,2025,sep,Transferencias Automaticas 80% 2025,20228008324.03
021_Ejecución mensual del presupuesto del FET - Ejerci.pdf,2025-10-01,2025,oct,Transferencias Automaticas 80% 2025,21239615999.81
021_Ejecución mensual del presupuesto del FET - Ejerci.pdf,2025-11-01,2025,nov,Transferencias Automaticas 80% 2025,0.0
021_Ejecución mensual del presupuesto del FET - Ejerci.pdf,2025-12-01,2025,dic,Transferencias Automaticas 80% 2025,46481564549.18
021_Ejecución mensual del presupuesto del FET - Ejerci.pdf,2025-01-01,2025,ene,Imputado por las Provincias,0.0
021_Ejecución mensual del presupuesto del FET - Ejerci.pdf,2025-02-01,2025,feb,Imputado por las Provincias,5600205921.99
021_Ejecución mensual del presupuesto del FET - Ejerci.pdf,2025-03-01,2025,mar,Imputado por las Provincias,214379026.17
021_Ejecución mensual del presupuesto del FET - Ejerci.pdf,2025-04-01,2025,abr,Imputado por las Provincias,11650320344.65
021_Ejecución mensual del presupuesto del FET - Ejerci.pdf,2025-05-01,2025,may,Imputado por las Provincias,14632450962.5
021_Ejecución mensual del presupuesto del FET - Ejerci.pdf,2025-06-01,2025,jun,Imputado por las Provincias,19220785791.91
021_Ejecución mensual del presupuesto del FET - Ejerci.pdf,2025-07-01,2025,jul,Imputado por las Provincias,18740600247.75
021_Ejecución mensual del presupuesto del FET - Ejerci.pdf,2025-08-01,2025,ago,Imputado por las Provincias,48542089015.13
021_Ejecución mensual del presupuesto del FET - Ejerci.pdf,2025-09-01,2025,sep,Imputado por las Provincias,16043471268.4
021_Ejecución mensual del presupuesto del FET - Ejerci.pdf,2025-10-01,2025,oct,Imputado por las Provincias,8443524676.98
021_Ejecución mensual del presupuesto del FET - Ejerci.pdf,2025-11-01,2025,nov,Imputado por las Provincias,12466434992.51
021_Ejecución mensual del presupuesto del FET - Ejerci.pdf,2025-12-01,2025,dic,Imputado por las Provincias,4358187756.76
021_Ejecución mensual del presupuesto del FET - Ejerci.pdf,2025-01-01,2025,ene,Obras Social Ejecución Real,903354075.97
021_Ejecución mensual del presupuesto del FET - Ejerci.pdf,2025-02-01,2025,feb,Obras Social Ejecución Real,851760841.52
021_Ejecución mensual del presupuesto del FET - Ejerci.pdf,2025-03-01,2025,mar,Obras Social Ejecución Real,845236362.92
021_Ejecución mensual del presupuesto del FET - Ejerci.pdf,2025-04-01,2025,abr,Obras Social Ejecución Real,826205316.57
021_Ejecución mensual del presupuesto del FET - Ejerci.pdf,2025-05-01,2025,may,Obras Social Ejecución Real,814702395.66
021_Ejecución mensual del presupuesto del FET - Ejerci.pdf,2025-06-01,2025,jun,Obras Social Ejecución Real,817951636.12
021_Ejecución mensual del presupuesto del FET - Ejerci.pdf,2025-07-01,2025,jul,Obras Social Ejecución Real,941384361.91
021_Ejecución mensual del presupuesto del FET - Ejerci.pdf,2025-08-01,2025,ago,Obras Social Ejecución Real,853686715.2
021_Ejecución mensual del presupuesto del FET - Ejerci.pdf,2025-09-01,2025,sep,Obras Social Ejecución Real,929659853.64
021_Ejecución mensual del presupuesto del FET - Ejerci.pdf,2025-10-01,2025,oct,Obras Social Ejecución Real,1134461012.71
021_Ejecución mensual del presupuesto del FET - Ejerci.pdf,2025-11-01,2025,nov,Obras Social Ejecución Real,916745265.7
021_Ejecución mensual del presupuesto del FET - Ejerci.pdf,2025-12-01,2025,dic,Obras Social Ejecución Real,10680866610.17
022_109700_EjecuciC3B3n mensual del presupuesto del FE.pdf,2025-01-01,2025,ene,Recaudación (1= 2 + 3),24495250040.23
022_109700_EjecuciC3B3n mensual del presupuesto del FE.pdf,2025-02-01,2025,feb,Recaudación (1= 2 + 3),25751881262.12
022_109700_EjecuciC3B3n mensual del presupuesto del FE.pdf,2025-03-01,2025,mar,Recaudación (1= 2 + 3),25221199191.82
022_109700_EjecuciC3B3n mensual del presupuesto del FE.pdf,2025-04-01,2025,abr,Recaudación (1= 2 + 3),25632180769.98
022_109700_EjecuciC3B3n mensual del presupuesto del FE.pdf,2025-05-01,2025,may,Recaudación (1= 2 + 3),24319594076.1
022_109700_EjecuciC3B3n mensual del presupuesto del FE.pdf,2025-06-01,2025,jun,Recaudación (1= 2 + 3),24201580243.76
022_109700_EjecuciC3B3n mensual del presupuesto del FE.pdf,2025-07-01,2025,jul,Recaudación (1= 2 + 3),24119830918.72
022_109700_EjecuciC3B3n mensual del presupuesto del FE.pdf,2025-08-01,2025,ago,Recaudación (1= 2 + 3),28542407600.58
022_109700_EjecuciC3B3n mensual del presupuesto del FE.pdf,2025-09-01,2025,sep,Recaudación (1= 2 + 3),26138697120.24
022_109700_EjecuciC3B3n mensual del presupuesto del FE.pdf,2025-10-01,2025,oct,Recaudación (1= 2 + 3),27479179853.4
022_109700_EjecuciC3B3n mensual del presupuesto del FE.pdf,2025-11-01,2025,nov,Recaudación (1= 2 + 3),33049306663.29
022_109700_EjecuciC3B3n mensual del presupuesto del FE.pdf,2025-12-01,2025,dic,Recaudación (1= 2 + 3),27191633717.43
022_109700_EjecuciC3B3n mensual del presupuesto del FE.pdf,2025-01-01,2025,ene,Recaudación Provincias (2),23591895964.26
022_109700_EjecuciC3B3n mensual del presupuesto del FE.pdf,2025-02-01,2025,feb,Recaudación Provincias (2),24900120420.6
022_109700_EjecuciC3B3n mensual del presupuesto del FE.pdf,2025-03-01,2025,mar,Recaudación Provincias (2),24375962828.9
022_109700_EjecuciC3B3n mensual del presupuesto del FE.pdf,2025-04-01,2025,abr,Recaudación Provincias (2),24786461997.74
022_109700_EjecuciC3B3n mensual del presupuesto del FE.pdf,2025-05-01,2025,may,Recaudación Provincias (2),23493388759.53
022_109700_EjecuciC3B3n mensual del presupuesto del FE.pdf,2025-06-01,2025,jun,Recaudación Provincias (2),23386877848.1
022_109700_EjecuciC3B3n mensual del presupuesto del FE.pdf,2025-07-01,2025,jul,Recaudación Provincias (2),23301879282.6
022_109700_EjecuciC3B3n mensual del presupuesto del FE.pdf,2025-08-01,2025,ago,Recaudación Provincias (2),27601023238.67
022_109700_EjecuciC3B3n mensual del presupuesto del FE.pdf,2025-09-01,2025,sep,Recaudación Provincias (2),25285010405.04
022_109700_EjecuciC3B3n mensual del presupuesto del FE.pdf,2025-10-01,2025,oct,Recaudación Provincias (2),26549519999.76
022_109700_EjecuciC3B3n mensual del presupuesto del FE.pdf,2025-11-01,2025,nov,Recaudación Provincias (2),31914845650.57
022_109700_EjecuciC3B3n mensual del presupuesto del FE.pdf,2025-12-01,2025,dic,Recaudación Provincias (2),26274888451.73
022_109700_EjecuciC3B3n mensual del presupuesto del FE.pdf,2025-01-01,2025,ene,Obra Social (3),903354075.97
022_109700_EjecuciC3B3n mensual del presupuesto del FE.pdf,2025-02-01,2025,feb,Obra Social (3),845236362.92
022_109700_EjecuciC3B3n mensual del presupuesto del FE.pdf,2025-03-01,2025,mar,Obra Social (3),845718772.24
022_109700_EjecuciC3B3n mensual del presupuesto del FE.pdf,2025-04-01,2025,abr,Obra Social (3),826205316.57
022_109700_EjecuciC3B3n mensual del presupuesto del FE.pdf,2025-05-01,2025,may,Obra Social (3),814702395.66
022_109700_EjecuciC3B3n mensual del presupuesto del FE.pdf,2025-06-01,2025,jun,Obra Social (3),817951636.12
022_109700_EjecuciC3B3n mensual del presupuesto del FE.pdf,2025-07-01,2025,jul,Obra Social (3),941384361.91
022_109700_EjecuciC3B3n mensual del presupuesto del FE.pdf,2025-08-01,2025,ago,Obra Social (3),853686715.2
022_109700_EjecuciC3B3n mensual del presupuesto del FE.pdf,2025-09-01,2025,sep,Obra Social (3),929659853.64
022_109700_EjecuciC3B3n mensual del presupuesto del FE.pdf,2025-10-01,2025,oct,Obra Social (3),1134461012.72
022_109700_EjecuciC3B3n mensual del presupuesto del FE.pdf,2025-11-01,2025,nov,Obra Social (3),916745265.7
022_109700_EjecuciC3B3n mensual del presupuesto del FE.pdf,2025-12-01,2025,dic,Obra Social (3),10680866610.17
022_109700_EjecuciC3B3n mensual del presupuesto del FE.pdf,2025-01-01,2025,ene,Total Imputado (Precio),0.0
022_109700_EjecuciC3B3n mensual del presupuesto del FE.pdf,2025-02-01,2025,feb,Total Imputado (Precio),0.0
022_109700_EjecuciC3B3n mensual del presupuesto del FE.pdf,2025-03-01,2025,mar,Total Imputado (Precio),0.0
022_109700_EjecuciC3B3n mensual del presupuesto del FE.pdf,2025-04-01,2025,abr,Total Imputado (Precio),11650320344.65
022_109700_EjecuciC3B3n mensual del presupuesto del FE.pdf,2025-05-01,2025,may,Total Imputado (Precio),4936332046.07
022_109700_EjecuciC3B3n mensual del presupuesto del FE.pdf,2025-06-01,2025,jun,Total Imputado (Precio),11275712907.36
022_109700_EjecuciC3B3n mensual del presupuesto del FE.pdf,2025-07-01,2025,jul,Total Imputado (Precio),12127160637.53
022_109700_EjecuciC3B3n mensual del presupuesto del FE.pdf,2025-08-01,2025,ago,Total Imputado (Precio),23301712246.9
022_109700_EjecuciC3B3n mensual del presupuesto del FE.pdf,2025-09-01,2025,sep,Total Imputado (Precio),12128512301.98
022_109700_EjecuciC3B3n mensual del presupuesto del FE.pdf,2025-10-01,2025,oct,Total Imputado (Precio),60510804.2
022_109700_EjecuciC3B3n mensual del presupuesto del FE.pdf,2025-11-01,2025,nov,Total Imputado (Precio),0.0
022_109700_EjecuciC3B3n mensual del presupuesto del FE.pdf,2025-12-01,2025,dic,Total Imputado (Precio),3993281248.73
022_109700_EjecuciC3B3n mensual del presupuesto del FE.pdf,2025-01-01,2025,ene,Retribución al Productor Tabacalero 2025 (Precio),0.0
022_109700_EjecuciC3B3n mensual del presupuesto del FE.pdf,2025-02-01,2025,feb,Retribución al Productor Tabacalero 2025 (Precio),0.0
022_109700_EjecuciC3B3n mensual del presupuesto del FE.pdf,2025-03-01,2025,mar,Retribución al Productor Tabacalero 2025 (Precio),0.0
022_109700_EjecuciC3B3n mensual del presupuesto del FE.pdf,2025-04-01,2025,abr,Retribución al Productor Tabacalero 2025 (Precio),11650320344.65
022_109700_EjecuciC3B3n mensual del presupuesto del FE.pdf,2025-05-01,2025,may,Retribución al Productor Tabacalero 2025 (Precio),4936332046.07
022_109700_EjecuciC3B3n mensual del presupuesto del FE.pdf,2025-06-01,2025,jun,Retribución al Productor Tabacalero 2025 (Precio),11275712907.36
022_109700_EjecuciC3B3n mensual del presupuesto del FE.pdf,2025-07-01,2025,jul,Retribución al Productor Tabacalero 2025 (Precio),12127160637.53
022_109700_EjecuciC3B3n mensual del presupuesto del FE.pdf,2025-08-01,2025,ago,Retribución al Productor Tabacalero 2025 (Precio),23301712246.9
022_109700_EjecuciC3B3n mensual del presupuesto del FE.pdf,2025-09-01,2025,sep,Retribución al Productor Tabacalero 2025 (Precio),12128512301.98
022_109700_EjecuciC3B3n mensual del presupuesto del FE.pdf,2025-10-01,2025,oct,Retribución al Productor Tabacalero 2025 (Precio),60510804.2
022_109700_EjecuciC3B3n mensual del presupuesto del FE.pdf,2025-11-01,2025,nov,Retribución al Productor Tabacalero 2025 (Precio),0.0
022_109700_EjecuciC3B3n mensual del presupuesto del FE.pdf,2025-12-01,2025,dic,Retribución al Productor Tabacalero 2025 (Precio),3993281248.73
022_109700_EjecuciC3B3n mensual del presupuesto del FE.pdf,2025-01-01,2025,ene,Ejecución POAS  (4) = (5 + 6 + 7),200000000.0
022_109700_EjecuciC3B3n mensual del presupuesto del FE.pdf,2025-02-01,2025,feb,Ejecución POAS  (4) = (5 + 6 + 7),0.0
022_109700_EjecuciC3B3n mensual del presupuesto del FE.pdf,2025-03-01,2025,mar,Ejecución POAS  (4) = (5 + 6 + 7),214379026.17
022_109700_EjecuciC3B3n mensual del presupuesto del FE.pdf,2025-04-01,2025,abr,Ejecución POAS  (4) = (5 + 6 + 7),220000000.0
022_109700_EjecuciC3B3n mensual del presupuesto del FE.pdf,2025-05-01,2025,may,Ejecución POAS  (4) = (5 + 6 + 7),7371524364.39
022_109700_EjecuciC3B3n mensual del presupuesto del FE.pdf,2025-06-01,2025,jun,Ejecución POAS  (4) = (5 + 6 + 7),9003613314.08
022_109700_EjecuciC3B3n mensual del presupuesto del FE.pdf,2025-07-01,2025,jul,Ejecución POAS  (4) = (5 + 6 + 7),10145261771.2
022_109700_EjecuciC3B3n mensual del presupuesto del FE.pdf,2025-08-01,2025,ago,Ejecución POAS  (4) = (5 + 6 + 7),27922776518.23
022_109700_EjecuciC3B3n mensual del presupuesto del FE.pdf,2025-09-01,2025,sep,Ejecución POAS  (4) = (5 + 6 + 7),14471098367.55
022_109700_EjecuciC3B3n mensual del presupuesto del FE.pdf,2025-10-01,2025,oct,Ejecución POAS  (4) = (5 + 6 + 7),21793119735.43
022_109700_EjecuciC3B3n mensual del presupuesto del FE.pdf,2025-11-01,2025,nov,Ejecución POAS  (4) = (5 + 6 + 7),14770965016.86
022_109700_EjecuciC3B3n mensual del presupuesto del FE.pdf,2025-12-01,2025,dic,Ejecución POAS  (4) = (5 + 6 + 7),3860810077.46
022_109700_EjecuciC3B3n mensual del presupuesto del FE.pdf,2025-01-01,2025,ene,Planes Excedente del 80% + Planes 20% (*) (5),0.0
022_109700_EjecuciC3B3n mensual del presupuesto del FE.pdf,2025-02-01,2025,feb,Planes Excedente del 80% + Planes 20% (*) (5),0.0
022_109700_EjecuciC3B3n mensual del presupuesto del FE.pdf,2025-03-01,2025,mar,Planes Excedente del 80% + Planes 20% (*) (5),214379026.17
022_109700_EjecuciC3B3n mensual del presupuesto del FE.pdf,2025-04-01,2025,abr,Planes Excedente del 80% + Planes 20% (*) (5),220000000.0
022_109700_EjecuciC3B3n mensual del presupuesto del FE.pdf,2025-05-01,2025,may,Planes Excedente del 80% + Planes 20% (*) (5),7371524364.39
022_109700_EjecuciC3B3n mensual del presupuesto del FE.pdf,2025-06-01,2025,jun,Planes Excedente del 80% + Planes 20% (*) (5),9003613314.08
022_109700_EjecuciC3B3n mensual del presupuesto del FE.pdf,2025-07-01,2025,jul,Planes Excedente del 80% + Planes 20% (*) (5),10145261771.2
022_109700_EjecuciC3B3n mensual del presupuesto del FE.pdf,2025-08-01,2025,ago,Planes Excedente del 80% + Planes 20% (*) (5),27922776518.23
022_109700_EjecuciC3B3n mensual del presupuesto del FE.pdf,2025-09-01,2025,sep,Planes Excedente del 80% + Planes 20% (*) (5),14471098367.55
022_109700_EjecuciC3B3n mensual del presupuesto del FE.pdf,2025-10-01,2025,oct,Planes Excedente del 80% + Planes 20% (*) (5),21793119735.43
022_109700_EjecuciC3B3n mensual del presupuesto del FE.pdf,2025-11-01,2025,nov,Planes Excedente del 80% + Planes 20% (*) (5),14770965016.86
022_109700_EjecuciC3B3n mensual del presupuesto del FE.pdf,2025-12-01,2025,dic,Planes Excedente del 80% + Planes 20% (*) (5),3860810077.46
022_109700_EjecuciC3B3n mensual del presupuesto del FE.pdf,2025-01-01,2025,ene,Ley 19.800 Art. 27 b) (3%) (7),200000000.0
022_109700_EjecuciC3B3n mensual del presupuesto del FE.pdf,2025-02-01,2025,feb,Ley 19.800 Art. 27 b) (3%) (7),0.0
022_109700_EjecuciC3B3n mensual del presupuesto del FE.pdf,2025-03-01,2025,mar,Ley 19.800 Art. 27 b) (3%) (7),0.0
022_109700_EjecuciC3B3n mensual del presupuesto del FE.pdf,2025-04-01,2025,abr,Ley 19.800 Art. 27 b) (3%) (7),0.0
022_109700_EjecuciC3B3n mensual del presupuesto del FE.pdf,2025-05-01,2025,may,Ley 19.800 Art. 27 b) (3%) (7),0.0
022_109700_EjecuciC3B3n mensual del presupuesto del FE.pdf,2025-06-01,2025,jun,Ley 19.800 Art. 27 b) (3%) (7),0.0
022_109700_EjecuciC3B3n mensual del presupuesto del FE.pdf,2025-07-01,2025,jul,Ley 19.800 Art. 27 b) (3%) (7),0.0
022_109700_EjecuciC3B3n mensual del presupuesto del FE.pdf,2025-08-01,2025,ago,Ley 19.800 Art. 27 b) (3%) (7),0.0
022_109700_EjecuciC3B3n mensual del presupuesto del FE.pdf,2025-09-01,2025,sep,Ley 19.800 Art. 27 b) (3%) (7),0.0
022_109700_EjecuciC3B3n mensual del presupuesto del FE.pdf,2025-10-01,2025,oct,Ley 19.800 Art. 27 b) (3%) (7),0.0
022_109700_EjecuciC3B3n mensual del presupuesto del FE.pdf,2025-11-01,2025,nov,Ley 19.800 Art. 27 b) (3%) (7),0.0
022_109700_EjecuciC3B3n mensual del presupuesto del FE.pdf,2025-12-01,2025,dic,Ley 19.800 Art. 27 b) (3%) (7),0.0
022_109700_EjecuciC3B3n mensual del presupuesto del FE.pdf,2025-01-01,2025,ene,Remanente POAS 2024,17805233.76
022_109700_EjecuciC3B3n mensual del presupuesto del FE.pdf,2025-02-01,2025,feb,Remanente POAS 2024,10707011357.29
022_109700_EjecuciC3B3n mensual del presupuesto del FE.pdf,2025-03-01,2025,mar,Remanente POAS 2024,387159304.0
022_109700_EjecuciC3B3n mensual del presupuesto del FE.pdf,2025-04-01,2025,abr,Remanente POAS 2024,318789642.07
022_109700_EjecuciC3B3n mensual del presupuesto del FE.pdf,2025-05-01,2025,may,Remanente POAS 2024,5262014845.32
022_109700_EjecuciC3B3n mensual del presupuesto del FE.pdf,2025-06-01,2025,jun,Remanente POAS 2024,645287623.85
022_109700_EjecuciC3B3n mensual del presupuesto del FE.pdf,2025-07-01,2025,jul,Remanente POAS 2024,0.0
022_109700_EjecuciC3B3n mensual del presupuesto del FE.pdf,2025-08-01,2025,ago,Remanente POAS 2024,21000000.0
022_109700_EjecuciC3B3n mensual del presupuesto del FE.pdf,2025-09-01,2025,sep,Remanente POAS 2024,0.0
022_109700_EjecuciC3B3n mensual del presupuesto del FE.pdf,2025-10-01,2025,oct,Remanente POAS 2024,0.0
022_109700_EjecuciC3B3n mensual del presupuesto del FE.pdf,2025-11-01,2025,nov,Remanente POAS 2024,0.0
022_109700_EjecuciC3B3n mensual del presupuesto del FE.pdf,2025-12-01,2025,dic,Remanente POAS 2024,0.0
022_109700_EjecuciC3B3n mensual del presupuesto del FE.pdf,2025-01-01,2025,ene,Transferencias Automaticas 80% 2025,18873516771.41
022_109700_EjecuciC3B3n mensual del presupuesto del FE.pdf,2025-02-01,2025,feb,Transferencias Automaticas 80% 2025,0.0
022_109700_EjecuciC3B3n mensual del presupuesto del FE.pdf,2025-03-01,2025,mar,Transferencias Automaticas 80% 2025,19920096336.48
022_109700_EjecuciC3B3n mensual del presupuesto del FE.pdf,2025-04-01,2025,abr,Transferencias Automaticas 80% 2025,19500770263.11
022_109700_EjecuciC3B3n mensual del presupuesto del FE.pdf,2025-05-01,2025,may,Transferencias Automaticas 80% 2025,19829169598.19
022_109700_EjecuciC3B3n mensual del presupuesto del FE.pdf,2025-06-01,2025,jun,Transferencias Automaticas 80% 2025,18794711007.63
022_109700_EjecuciC3B3n mensual del presupuesto del FE.pdf,2025-07-01,2025,jul,Transferencias Automaticas 80% 2025,37351005704.56
022_109700_EjecuciC3B3n mensual del presupuesto del FE.pdf,2025-08-01,2025,ago,Transferencias Automaticas 80% 2025,22080818590.94
022_109700_EjecuciC3B3n mensual del presupuesto del FE.pdf,2025-09-01,2025,sep,Transferencias Automaticas 80% 2025,20228008324.03
022_109700_EjecuciC3B3n mensual del presupuesto del FE.pdf,2025-10-01,2025,oct,Transferencias Automaticas 80% 2025,21239615999.81
022_109700_EjecuciC3B3n mensual del presupuesto del FE.pdf,2025-11-01,2025,nov,Transferencias Automaticas 80% 2025,0.0
022_109700_EjecuciC3B3n mensual del presupuesto del FE.pdf,2025-12-01,2025,dic,Transferencias Automaticas 80% 2025,46481564549.18
022_109700_EjecuciC3B3n mensual del presupuesto del FE.pdf,2025-01-01,2025,ene,Imputado por las Provincias,0.0
022_109700_EjecuciC3B3n mensual del presupuesto del FE.pdf,2025-02-01,2025,feb,Imputado por las Provincias,5600205921.99
022_109700_EjecuciC3B3n mensual del presupuesto del FE.pdf,2025-03-01,2025,mar,Imputado por las Provincias,214379026.17
022_109700_EjecuciC3B3n mensual del presupuesto del FE.pdf,2025-04-01,2025,abr,Imputado por las Provincias,11650320344.65
022_109700_EjecuciC3B3n mensual del presupuesto del FE.pdf,2025-05-01,2025,may,Imputado por las Provincias,14632450962.5
022_109700_EjecuciC3B3n mensual del presupuesto del FE.pdf,2025-06-01,2025,jun,Imputado por las Provincias,19220785791.91
022_109700_EjecuciC3B3n mensual del presupuesto del FE.pdf,2025-07-01,2025,jul,Imputado por las Provincias,18740600247.75
022_109700_EjecuciC3B3n mensual del presupuesto del FE.pdf,2025-08-01,2025,ago,Imputado por las Provincias,48542089015.13
022_109700_EjecuciC3B3n mensual del presupuesto del FE.pdf,2025-09-01,2025,sep,Imputado por las Provincias,16043471268.4
022_109700_EjecuciC3B3n mensual del presupuesto del FE.pdf,2025-10-01,2025,oct,Imputado por las Provincias,8443524676.98
022_109700_EjecuciC3B3n mensual del presupuesto del FE.pdf,2025-11-01,2025,nov,Imputado por las Provincias,12466434992.51
022_109700_EjecuciC3B3n mensual del presupuesto del FE.pdf,2025-12-01,2025,dic,Imputado por las Provincias,4358187756.76
022_109700_EjecuciC3B3n mensual del presupuesto del FE.pdf,2025-01-01,2025,ene,Obras Social Ejecución Real,903354075.97
022_109700_EjecuciC3B3n mensual del presupuesto del FE.pdf,2025-02-01,2025,feb,Obras Social Ejecución Real,851760841.52
022_109700_EjecuciC3B3n mensual del presupuesto del FE.pdf,2025-03-01,2025,mar,Obras Social Ejecución Real,845236362.92
022_109700_EjecuciC3B3n mensual del presupuesto del FE.pdf,2025-04-01,2025,abr,Obras Social Ejecución Real,826205316.57
022_109700_EjecuciC3B3n mensual del presupuesto del FE.pdf,2025-05-01,2025,may,Obras Social Ejecución Real,814702395.66
022_109700_EjecuciC3B3n mensual del presupuesto del FE.pdf,2025-06-01,2025,jun,Obras Social Ejecución Real,817951636.12
022_109700_EjecuciC3B3n mensual del presupuesto del FE.pdf,2025-07-01,2025,jul,Obras Social Ejecución Real,941384361.91
022_109700_EjecuciC3B3n mensual del presupuesto del FE.pdf,2025-08-01,2025,ago,Obras Social Ejecución Real,853686715.2
022_109700_EjecuciC3B3n mensual del presupuesto del FE.pdf,2025-09-01,2025,sep,Obras Social Ejecución Real,929659853.64
022_109700_EjecuciC3B3n mensual del presupuesto del FE.pdf,2025-10-01,2025,oct,Obras Social Ejecución Real,1134461012.71
022_109700_EjecuciC3B3n mensual del presupuesto del FE.pdf,2025-11-01,2025,nov,Obras Social Ejecución Real,916745265.7
022_109700_EjecuciC3B3n mensual del presupuesto del FE.pdf,2025-12-01,2025,dic,Obras Social Ejecución Real,10680866610.17
023_Ejecución mensual del presupuesto del FET - Ejerci.pdf,2024-01-01,2024,ene,Recaudación (1= 2 + 3),7478247170.71
023_Ejecución mensual del presupuesto del FET - Ejerci.pdf,2024-02-01,2024,feb,Recaudación (1= 2 + 3),12219029045.04
023_Ejecución mensual del presupuesto del FET - Ejerci.pdf,2024-03-01,2024,mar,Recaudación (1= 2 + 3),11681639007.13
023_Ejecución mensual del presupuesto del FET - Ejerci.pdf,2024-04-01,2024,abr,Recaudación (1= 2 + 3),13669361089.58
023_Ejecución mensual del presupuesto del FET - Ejerci.pdf,2024-05-01,2024,may,Recaudación (1= 2 + 3),14614886160.95
023_Ejecución mensual del presupuesto del FET - Ejerci.pdf,2024-06-01,2024,jun,Recaudación (1= 2 + 3),15133011360.95
023_Ejecución mensual del presupuesto del FET - Ejerci.pdf,2024-07-01,2024,jul,Recaudación (1= 2 + 3),13646683272.87
023_Ejecución mensual del presupuesto del FET - Ejerci.pdf,2024-08-01,2024,ago,Recaudación (1= 2 + 3),18154486266.82
023_Ejecución mensual del presupuesto del FET - Ejerci.pdf,2024-09-01,2024,sep,Recaudación (1= 2 + 3),20598755286.48
023_Ejecución mensual del presupuesto del FET - Ejerci.pdf,2024-10-01,2024,oct,Recaudación (1= 2 + 3),19731750955.66
023_Ejecución mensual del presupuesto del FET - Ejerci.pdf,2024-11-01,2024,nov,Recaudación (1= 2 + 3),21781854910.13
023_Ejecución mensual del presupuesto del FET - Ejerci.pdf,2024-12-01,2024,dic,Recaudación (1= 2 + 3),21378572758.48
023_Ejecución mensual del presupuesto del FET - Ejerci.pdf,2024-01-01,2024,ene,Recaudación Provincias (2),7191053673.55
023_Ejecución mensual del presupuesto del FET - Ejerci.pdf,2024-02-01,2024,feb,Recaudación Provincias (2),11766008320.36
023_Ejecución mensual del presupuesto del FET - Ejerci.pdf,2024-03-01,2024,mar,Recaudación Provincias (2),11229543428.35
023_Ejecución mensual del presupuesto del FET - Ejerci.pdf,2024-04-01,2024,abr,Recaudación Provincias (2),13121130877.23
023_Ejecución mensual del presupuesto del FET - Ejerci.pdf,2024-05-01,2024,may,Recaudación Provincias (2),14028789326.39
023_Ejecución mensual del presupuesto del FET - Ejerci.pdf,2024-06-01,2024,jun,Recaudación Provincias (2),14515273925.52
023_Ejecución mensual del presupuesto del FET - Ejerci.pdf,2024-07-01,2024,jul,Recaudación Provincias (2),13079194559.16
023_Ejecución mensual del presupuesto del FET - Ejerci.pdf,2024-08-01,2024,ago,Recaudación Provincias (2),17524216273.09
023_Ejecución mensual del presupuesto del FET - Ejerci.pdf,2024-09-01,2024,sep,Recaudación Provincias (2),19863115272.68
023_Ejecución mensual del presupuesto del FET - Ejerci.pdf,2024-10-01,2024,oct,Recaudación Provincias (2),19024799764.89
023_Ejecución mensual del presupuesto del FET - Ejerci.pdf,2024-11-01,2024,nov,Recaudación Provincias (2),21002071361.1
023_Ejecución mensual del presupuesto del FET - Ejerci.pdf,2024-12-01,2024,dic,Recaudación Provincias (2),20613518417.94
023_Ejecución mensual del presupuesto del FET - Ejerci.pdf,2024-01-01,2024,ene,Obra Social (3),287193497.16
023_Ejecución mensual del presupuesto del FET - Ejerci.pdf,2024-02-01,2024,feb,Obra Social (3),452095578.78
023_Ejecución mensual del presupuesto del FET - Ejerci.pdf,2024-03-01,2024,mar,Obra Social (3),548230212.35
023_Ejecución mensual del presupuesto del FET - Ejerci.pdf,2024-04-01,2024,abr,Obra Social (3),586096834.56
023_Ejecución mensual del presupuesto del FET - Ejerci.pdf,2024-05-01,2024,may,Obra Social (3),617737435.42
023_Ejecución mensual del presupuesto del FET - Ejerci.pdf,2024-06-01,2024,jun,Obra Social (3),567488713.71
023_Ejecución mensual del presupuesto del FET - Ejerci.pdf,2024-07-01,2024,jul,Obra Social (3),630269993.73
023_Ejecución mensual del presupuesto del FET - Ejerci.pdf,2024-08-01,2024,ago,Obra Social (3),735640013.8
023_Ejecución mensual del presupuesto del FET - Ejerci.pdf,2024-09-01,2024,sep,Obra Social (3),706951190.77
023_Ejecución mensual del presupuesto del FET - Ejerci.pdf,2024-10-01,2024,oct,Obra Social (3),779783549.03
023_Ejecución mensual del presupuesto del FET - Ejerci.pdf,2024-11-01,2024,nov,Obra Social (3),765054340.54
023_Ejecución mensual del presupuesto del FET - Ejerci.pdf,2024-12-01,2024,dic,Obra Social (3),7129562084.53
023_Ejecución mensual del presupuesto del FET - Ejerci.pdf,2024-01-01,2024,ene,Total Imputado (Precio),0.0
023_Ejecución mensual del presupuesto del FET - Ejerci.pdf,2024-02-01,2024,feb,Total Imputado (Precio),0.0
023_Ejecución mensual del presupuesto del FET - Ejerci.pdf,2024-03-01,2024,mar,Total Imputado (Precio),0.0
023_Ejecución mensual del presupuesto del FET - Ejerci.pdf,2024-04-01,2024,abr,Total Imputado (Precio),0.0
023_Ejecución mensual del presupuesto del FET - Ejerci.pdf,2024-05-01,2024,may,Total Imputado (Precio),7511163621.14
023_Ejecución mensual del presupuesto del FET - Ejerci.pdf,2024-06-01,2024,jun,Total Imputado (Precio),3856213658.44
023_Ejecución mensual del presupuesto del FET - Ejerci.pdf,2024-07-01,2024,jul,Total Imputado (Precio),1034378458.46
023_Ejecución mensual del presupuesto del FET - Ejerci.pdf,2024-08-01,2024,ago,Total Imputado (Precio),10974086831.12
023_Ejecución mensual del presupuesto del FET - Ejerci.pdf,2024-09-01,2024,sep,Total Imputado (Precio),12072357814.91
023_Ejecución mensual del presupuesto del FET - Ejerci.pdf,2024-10-01,2024,oct,Total Imputado (Precio),18093207940.42
023_Ejecución mensual del presupuesto del FET - Ejerci.pdf,2024-11-01,2024,nov,Total Imputado (Precio),3914803893.38
023_Ejecución mensual del presupuesto del FET - Ejerci.pdf,2024-12-01,2024,dic,Total Imputado (Precio),6225159416.5
023_Ejecución mensual del presupuesto del FET - Ejerci.pdf,2024-01-01,2024,ene,Retribución al Productor Tabacalero 2024 (Precio),0.0
023_Ejecución mensual del presupuesto del FET - Ejerci.pdf,2024-02-01,2024,feb,Retribución al Productor Tabacalero 2024 (Precio),0.0
023_Ejecución mensual del presupuesto del FET - Ejerci.pdf,2024-03-01,2024,mar,Retribución al Productor Tabacalero 2024 (Precio),0.0
023_Ejecución mensual del presupuesto del FET - Ejerci.pdf,2024-04-01,2024,abr,Retribución al Productor Tabacalero 2024 (Precio),0.0
023_Ejecución mensual del presupuesto del FET - Ejerci.pdf,2024-05-01,2024,may,Retribución al Productor Tabacalero 2024 (Precio),7511163621.14
023_Ejecución mensual del presupuesto del FET - Ejerci.pdf,2024-06-01,2024,jun,Retribución al Productor Tabacalero 2024 (Precio),3856213658.44
023_Ejecución mensual del presupuesto del FET - Ejerci.pdf,2024-07-01,2024,jul,Retribución al Productor Tabacalero 2024 (Precio),1034378458.46
023_Ejecución mensual del presupuesto del FET - Ejerci.pdf,2024-08-01,2024,ago,Retribución al Productor Tabacalero 2024 (Precio),10974086831.12
023_Ejecución mensual del presupuesto del FET - Ejerci.pdf,2024-09-01,2024,sep,Retribución al Productor Tabacalero 2024 (Precio),12072357814.91
023_Ejecución mensual del presupuesto del FET - Ejerci.pdf,2024-10-01,2024,oct,Retribución al Productor Tabacalero 2024 (Precio),18093207940.42
023_Ejecución mensual del presupuesto del FET - Ejerci.pdf,2024-11-01,2024,nov,Retribución al Productor Tabacalero 2024 (Precio),3914803893.38
023_Ejecución mensual del presupuesto del FET - Ejerci.pdf,2024-12-01,2024,dic,Retribución al Productor Tabacalero 2024 (Precio),6225159416.5
023_Ejecución mensual del presupuesto del FET - Ejerci.pdf,2024-01-01,2024,ene,Ejecución POAS  (4) = (5 + 6 + 7),2193873948.01
023_Ejecución mensual del presupuesto del FET - Ejerci.pdf,2024-02-01,2024,feb,Ejecución POAS  (4) = (5 + 6 + 7),0.0
023_Ejecución mensual del presupuesto del FET - Ejerci.pdf,2024-03-01,2024,mar,Ejecución POAS  (4) = (5 + 6 + 7),0.0
023_Ejecución mensual del presupuesto del FET - Ejerci.pdf,2024-04-01,2024,abr,Ejecución POAS  (4) = (5 + 6 + 7),6682963959.27
023_Ejecución mensual del presupuesto del FET - Ejerci.pdf,2024-05-01,2024,may,Ejecución POAS  (4) = (5 + 6 + 7),1516143008.99
023_Ejecución mensual del presupuesto del FET - Ejerci.pdf,2024-06-01,2024,jun,Ejecución POAS  (4) = (5 + 6 + 7),1135967953.0
023_Ejecución mensual del presupuesto del FET - Ejerci.pdf,2024-07-01,2024,jul,Ejecución POAS  (4) = (5 + 6 + 7),2251598603.36
023_Ejecución mensual del presupuesto del FET - Ejerci.pdf,2024-08-01,2024,ago,Ejecución POAS  (4) = (5 + 6 + 7),1712294808.2
023_Ejecución mensual del presupuesto del FET - Ejerci.pdf,2024-09-01,2024,sep,Ejecución POAS  (4) = (5 + 6 + 7),5909319869.61
023_Ejecución mensual del presupuesto del FET - Ejerci.pdf,2024-10-01,2024,oct,Ejecución POAS  (4) = (5 + 6 + 7),11466389832.15
023_Ejecución mensual del presupuesto del FET - Ejerci.pdf,2024-11-01,2024,nov,Ejecución POAS  (4) = (5 + 6 + 7),34355800965.02
023_Ejecución mensual del presupuesto del FET - Ejerci.pdf,2024-12-01,2024,dic,Ejecución POAS  (4) = (5 + 6 + 7),15575228843.31
023_Ejecución mensual del presupuesto del FET - Ejerci.pdf,2024-01-01,2024,ene,Planes Excedente del 80% + Planes 20% (*) (5),2193873948.01
023_Ejecución mensual del presupuesto del FET - Ejerci.pdf,2024-02-01,2024,feb,Planes Excedente del 80% + Planes 20% (*) (5),0.0
023_Ejecución mensual del presupuesto del FET - Ejerci.pdf,2024-03-01,2024,mar,Planes Excedente del 80% + Planes 20% (*) (5),0.0
023_Ejecución mensual del presupuesto del FET - Ejerci.pdf,2024-04-01,2024,abr,Planes Excedente del 80% + Planes 20% (*) (5),6282963959.27
023_Ejecución mensual del presupuesto del FET - Ejerci.pdf,2024-05-01,2024,may,Planes Excedente del 80% + Planes 20% (*) (5),1516143008.99
023_Ejecución mensual del presupuesto del FET - Ejerci.pdf,2024-06-01,2024,jun,Planes Excedente del 80% + Planes 20% (*) (5),1135967953.0
023_Ejecución mensual del presupuesto del FET - Ejerci.pdf,2024-07-01,2024,jul,Planes Excedente del 80% + Planes 20% (*) (5),2251598603.36
023_Ejecución mensual del presupuesto del FET - Ejerci.pdf,2024-08-01,2024,ago,Planes Excedente del 80% + Planes 20% (*) (5),1712294808.2
023_Ejecución mensual del presupuesto del FET - Ejerci.pdf,2024-09-01,2024,sep,Planes Excedente del 80% + Planes 20% (*) (5),5909319869.61
023_Ejecución mensual del presupuesto del FET - Ejerci.pdf,2024-10-01,2024,oct,Planes Excedente del 80% + Planes 20% (*) (5),11466389832.15
023_Ejecución mensual del presupuesto del FET - Ejerci.pdf,2024-11-01,2024,nov,Planes Excedente del 80% + Planes 20% (*) (5),34355800965.02
023_Ejecución mensual del presupuesto del FET - Ejerci.pdf,2024-12-01,2024,dic,Planes Excedente del 80% + Planes 20% (*) (5),14775228843.31
023_Ejecución mensual del presupuesto del FET - Ejerci.pdf,2024-01-01,2024,ene,Sueldos FET (por Convenio) (6),0.0
023_Ejecución mensual del presupuesto del FET - Ejerci.pdf,2024-02-01,2024,feb,Sueldos FET (por Convenio) (6),0.0
023_Ejecución mensual del presupuesto del FET - Ejerci.pdf,2024-03-01,2024,mar,Sueldos FET (por Convenio) (6),0.0
023_Ejecución mensual del presupuesto del FET - Ejerci.pdf,2024-04-01,2024,abr,Sueldos FET (por Convenio) (6),0.0
023_Ejecución mensual del presupuesto del FET - Ejerci.pdf,2024-05-01,2024,may,Sueldos FET (por Convenio) (6),0.0
023_Ejecución mensual del presupuesto del FET - Ejerci.pdf,2024-06-01,2024,jun,Sueldos FET (por Convenio) (6),0.0
023_Ejecución mensual del presupuesto del FET - Ejerci.pdf,2024-07-01,2024,jul,Sueldos FET (por Convenio) (6),0.0
023_Ejecución mensual del presupuesto del FET - Ejerci.pdf,2024-08-01,2024,ago,Sueldos FET (por Convenio) (6),0.0
023_Ejecución mensual del presupuesto del FET - Ejerci.pdf,2024-09-01,2024,sep,Sueldos FET (por Convenio) (6),0.0
023_Ejecución mensual del presupuesto del FET - Ejerci.pdf,2024-10-01,2024,oct,Sueldos FET (por Convenio) (6),0.0
023_Ejecución mensual del presupuesto del FET - Ejerci.pdf,2024-11-01,2024,nov,Sueldos FET (por Convenio) (6),0.0
023_Ejecución mensual del presupuesto del FET - Ejerci.pdf,2024-12-01,2024,dic,Sueldos FET (por Convenio) (6),0.0
023_Ejecución mensual del presupuesto del FET - Ejerci.pdf,2024-01-01,2024,ene,Ley 19.800 Art. 27 b) (3%) (7),0.0
023_Ejecución mensual del presupuesto del FET - Ejerci.pdf,2024-02-01,2024,feb,Ley 19.800 Art. 27 b) (3%) (7),0.0
023_Ejecución mensual del presupuesto del FET - Ejerci.pdf,2024-03-01,2024,mar,Ley 19.800 Art. 27 b) (3%) (7),0.0
023_Ejecución mensual del presupuesto del FET - Ejerci.pdf,2024-04-01,2024,abr,Ley 19.800 Art. 27 b) (3%) (7),400000000.0
023_Ejecución mensual del presupuesto del FET - Ejerci.pdf,2024-05-01,2024,may,Ley 19.800 Art. 27 b) (3%) (7),0.0
023_Ejecución mensual del presupuesto del FET - Ejerci.pdf,2024-06-01,2024,jun,Ley 19.800 Art. 27 b) (3%) (7),0.0
023_Ejecución mensual del presupuesto del FET - Ejerci.pdf,2024-07-01,2024,jul,Ley 19.800 Art. 27 b) (3%) (7),0.0
023_Ejecución mensual del presupuesto del FET - Ejerci.pdf,2024-08-01,2024,ago,Ley 19.800 Art. 27 b) (3%) (7),0.0
023_Ejecución mensual del presupuesto del FET - Ejerci.pdf,2024-09-01,2024,sep,Ley 19.800 Art. 27 b) (3%) (7),0.0
023_Ejecución mensual del presupuesto del FET - Ejerci.pdf,2024-10-01,2024,oct,Ley 19.800 Art. 27 b) (3%) (7),0.0
023_Ejecución mensual del presupuesto del FET - Ejerci.pdf,2024-11-01,2024,nov,Ley 19.800 Art. 27 b) (3%) (7),0.0
023_Ejecución mensual del presupuesto del FET - Ejerci.pdf,2024-12-01,2024,dic,Ley 19.800 Art. 27 b) (3%) (7),800000000.0
023_Ejecución mensual del presupuesto del FET - Ejerci.pdf,2024-01-01,2024,ene,Transferencias Automaticas 80% 2024,0.0
023_Ejecución mensual del presupuesto del FET - Ejerci.pdf,2024-02-01,2024,feb,Transferencias Automaticas 80% 2024,5434245123.36
023_Ejecución mensual del presupuesto del FET - Ejerci.pdf,2024-03-01,2024,mar,Transferencias Automaticas 80% 2024,18702105268.09
023_Ejecución mensual del presupuesto del FET - Ejerci.pdf,2024-04-01,2024,abr,Transferencias Automaticas 80% 2024,10517991208.1
023_Ejecución mensual del presupuesto del FET - Ejerci.pdf,2024-05-01,2024,may,Transferencias Automaticas 80% 2024,11223055811.28
023_Ejecución mensual del presupuesto del FET - Ejerci.pdf,2024-06-01,2024,jun,Transferencias Automaticas 80% 2024,0.0
023_Ejecución mensual del presupuesto del FET - Ejerci.pdf,2024-07-01,2024,jul,Transferencias Automaticas 80% 2024,22075597511.23
023_Ejecución mensual del presupuesto del FET - Ejerci.pdf,2024-08-01,2024,ago,Transferencias Automaticas 80% 2024,0.0
023_Ejecución mensual del presupuesto del FET - Ejerci.pdf,2024-09-01,2024,sep,Transferencias Automaticas 80% 2024,29909865236.61
023_Ejecución mensual del presupuesto del FET - Ejerci.pdf,2024-10-01,2024,oct,Transferencias Automaticas 80% 2024,15219839811.91
023_Ejecución mensual del presupuesto del FET - Ejerci.pdf,2024-11-01,2024,nov,Transferencias Automaticas 80% 2024,0.0
023_Ejecución mensual del presupuesto del FET - Ejerci.pdf,2024-12-01,2024,dic,Transferencias Automaticas 80% 2024,16490814734.35
023_Ejecución mensual del presupuesto del FET - Ejerci.pdf,2024-01-01,2024,ene,Imputado por las Provincias,2193873948.01
023_Ejecución mensual del presupuesto del FET - Ejerci.pdf,2024-02-01,2024,feb,Imputado por las Provincias,0.0
023_Ejecución mensual del presupuesto del FET - Ejerci.pdf,2024-03-01,2024,mar,Imputado por las Provincias,0.0
023_Ejecución mensual del presupuesto del FET - Ejerci.pdf,2024-04-01,2024,abr,Imputado por las Provincias,6282963959.27
023_Ejecución mensual del presupuesto del FET - Ejerci.pdf,2024-05-01,2024,may,Imputado por las Provincias,8460268008.57
023_Ejecución mensual del presupuesto del FET - Ejerci.pdf,2024-06-01,2024,jun,Imputado por las Provincias,3856213658.44
023_Ejecución mensual del presupuesto del FET - Ejerci.pdf,2024-07-01,2024,jul,Imputado por las Provincias,1034378458.46
023_Ejecución mensual del presupuesto del FET - Ejerci.pdf,2024-08-01,2024,ago,Imputado por las Provincias,15407774306.89
023_Ejecución mensual del presupuesto del FET - Ejerci.pdf,2024-09-01,2024,sep,Imputado por las Provincias,14066220968.44
023_Ejecución mensual del presupuesto del FET - Ejerci.pdf,2024-10-01,2024,oct,Imputado por las Provincias,21000528678.48
023_Ejecución mensual del presupuesto del FET - Ejerci.pdf,2024-11-01,2024,nov,Imputado por las Provincias,32328670810.19
023_Ejecución mensual del presupuesto del FET - Ejerci.pdf,2024-12-01,2024,dic,Imputado por las Provincias,12238495674.19
024_109600_EjecuciC3B3n mensual del presupuesto del FE.pdf,2024-01-01,2024,ene,Recaudación (1= 2 + 3),7478247170.71
024_109600_EjecuciC3B3n mensual del presupuesto del FE.pdf,2024-02-01,2024,feb,Recaudación (1= 2 + 3),12219029045.04
024_109600_EjecuciC3B3n mensual del presupuesto del FE.pdf,2024-03-01,2024,mar,Recaudación (1= 2 + 3),11681639007.13
024_109600_EjecuciC3B3n mensual del presupuesto del FE.pdf,2024-04-01,2024,abr,Recaudación (1= 2 + 3),13669361089.58
024_109600_EjecuciC3B3n mensual del presupuesto del FE.pdf,2024-05-01,2024,may,Recaudación (1= 2 + 3),14614886160.95
024_109600_EjecuciC3B3n mensual del presupuesto del FE.pdf,2024-06-01,2024,jun,Recaudación (1= 2 + 3),15133011360.95
024_109600_EjecuciC3B3n mensual del presupuesto del FE.pdf,2024-07-01,2024,jul,Recaudación (1= 2 + 3),13646683272.87
024_109600_EjecuciC3B3n mensual del presupuesto del FE.pdf,2024-08-01,2024,ago,Recaudación (1= 2 + 3),18154486266.82
024_109600_EjecuciC3B3n mensual del presupuesto del FE.pdf,2024-09-01,2024,sep,Recaudación (1= 2 + 3),20598755286.48
024_109600_EjecuciC3B3n mensual del presupuesto del FE.pdf,2024-10-01,2024,oct,Recaudación (1= 2 + 3),19731750955.66
024_109600_EjecuciC3B3n mensual del presupuesto del FE.pdf,2024-11-01,2024,nov,Recaudación (1= 2 + 3),21781854910.13
024_109600_EjecuciC3B3n mensual del presupuesto del FE.pdf,2024-12-01,2024,dic,Recaudación (1= 2 + 3),21378572758.48
024_109600_EjecuciC3B3n mensual del presupuesto del FE.pdf,2024-01-01,2024,ene,Recaudación Provincias (2),7191053673.55
024_109600_EjecuciC3B3n mensual del presupuesto del FE.pdf,2024-02-01,2024,feb,Recaudación Provincias (2),11766008320.36
024_109600_EjecuciC3B3n mensual del presupuesto del FE.pdf,2024-03-01,2024,mar,Recaudación Provincias (2),11229543428.35
024_109600_EjecuciC3B3n mensual del presupuesto del FE.pdf,2024-04-01,2024,abr,Recaudación Provincias (2),13121130877.23
024_109600_EjecuciC3B3n mensual del presupuesto del FE.pdf,2024-05-01,2024,may,Recaudación Provincias (2),14028789326.39
024_109600_EjecuciC3B3n mensual del presupuesto del FE.pdf,2024-06-01,2024,jun,Recaudación Provincias (2),14515273925.52
024_109600_EjecuciC3B3n mensual del presupuesto del FE.pdf,2024-07-01,2024,jul,Recaudación Provincias (2),13079194559.16
024_109600_EjecuciC3B3n mensual del presupuesto del FE.pdf,2024-08-01,2024,ago,Recaudación Provincias (2),17524216273.09
024_109600_EjecuciC3B3n mensual del presupuesto del FE.pdf,2024-09-01,2024,sep,Recaudación Provincias (2),19863115272.68
024_109600_EjecuciC3B3n mensual del presupuesto del FE.pdf,2024-10-01,2024,oct,Recaudación Provincias (2),19024799764.89
024_109600_EjecuciC3B3n mensual del presupuesto del FE.pdf,2024-11-01,2024,nov,Recaudación Provincias (2),21002071361.1
024_109600_EjecuciC3B3n mensual del presupuesto del FE.pdf,2024-12-01,2024,dic,Recaudación Provincias (2),20613518417.94
024_109600_EjecuciC3B3n mensual del presupuesto del FE.pdf,2024-01-01,2024,ene,Obra Social (3),287193497.16
024_109600_EjecuciC3B3n mensual del presupuesto del FE.pdf,2024-02-01,2024,feb,Obra Social (3),452095578.78
024_109600_EjecuciC3B3n mensual del presupuesto del FE.pdf,2024-03-01,2024,mar,Obra Social (3),548230212.35
024_109600_EjecuciC3B3n mensual del presupuesto del FE.pdf,2024-04-01,2024,abr,Obra Social (3),586096834.56
024_109600_EjecuciC3B3n mensual del presupuesto del FE.pdf,2024-05-01,2024,may,Obra Social (3),617737435.42
024_109600_EjecuciC3B3n mensual del presupuesto del FE.pdf,2024-06-01,2024,jun,Obra Social (3),567488713.71
024_109600_EjecuciC3B3n mensual del presupuesto del FE.pdf,2024-07-01,2024,jul,Obra Social (3),630269993.73
024_109600_EjecuciC3B3n mensual del presupuesto del FE.pdf,2024-08-01,2024,ago,Obra Social (3),735640013.8
024_109600_EjecuciC3B3n mensual del presupuesto del FE.pdf,2024-09-01,2024,sep,Obra Social (3),706951190.77
024_109600_EjecuciC3B3n mensual del presupuesto del FE.pdf,2024-10-01,2024,oct,Obra Social (3),779783549.03
024_109600_EjecuciC3B3n mensual del presupuesto del FE.pdf,2024-11-01,2024,nov,Obra Social (3),765054340.54
024_109600_EjecuciC3B3n mensual del presupuesto del FE.pdf,2024-12-01,2024,dic,Obra Social (3),7129562084.53
024_109600_EjecuciC3B3n mensual del presupuesto del FE.pdf,2024-01-01,2024,ene,Total Imputado (Precio),0.0
024_109600_EjecuciC3B3n mensual del presupuesto del FE.pdf,2024-02-01,2024,feb,Total Imputado (Precio),0.0
024_109600_EjecuciC3B3n mensual del presupuesto del FE.pdf,2024-03-01,2024,mar,Total Imputado (Precio),0.0
024_109600_EjecuciC3B3n mensual del presupuesto del FE.pdf,2024-04-01,2024,abr,Total Imputado (Precio),0.0
024_109600_EjecuciC3B3n mensual del presupuesto del FE.pdf,2024-05-01,2024,may,Total Imputado (Precio),7511163621.14
024_109600_EjecuciC3B3n mensual del presupuesto del FE.pdf,2024-06-01,2024,jun,Total Imputado (Precio),3856213658.44
024_109600_EjecuciC3B3n mensual del presupuesto del FE.pdf,2024-07-01,2024,jul,Total Imputado (Precio),1034378458.46
024_109600_EjecuciC3B3n mensual del presupuesto del FE.pdf,2024-08-01,2024,ago,Total Imputado (Precio),10974086831.12
024_109600_EjecuciC3B3n mensual del presupuesto del FE.pdf,2024-09-01,2024,sep,Total Imputado (Precio),12072357814.91
024_109600_EjecuciC3B3n mensual del presupuesto del FE.pdf,2024-10-01,2024,oct,Total Imputado (Precio),18093207940.42
024_109600_EjecuciC3B3n mensual del presupuesto del FE.pdf,2024-11-01,2024,nov,Total Imputado (Precio),3914803893.38
024_109600_EjecuciC3B3n mensual del presupuesto del FE.pdf,2024-12-01,2024,dic,Total Imputado (Precio),6225159416.5
024_109600_EjecuciC3B3n mensual del presupuesto del FE.pdf,2024-01-01,2024,ene,Retribución al Productor Tabacalero 2024 (Precio),0.0
024_109600_EjecuciC3B3n mensual del presupuesto del FE.pdf,2024-02-01,2024,feb,Retribución al Productor Tabacalero 2024 (Precio),0.0
024_109600_EjecuciC3B3n mensual del presupuesto del FE.pdf,2024-03-01,2024,mar,Retribución al Productor Tabacalero 2024 (Precio),0.0
024_109600_EjecuciC3B3n mensual del presupuesto del FE.pdf,2024-04-01,2024,abr,Retribución al Productor Tabacalero 2024 (Precio),0.0
024_109600_EjecuciC3B3n mensual del presupuesto del FE.pdf,2024-05-01,2024,may,Retribución al Productor Tabacalero 2024 (Precio),7511163621.14
024_109600_EjecuciC3B3n mensual del presupuesto del FE.pdf,2024-06-01,2024,jun,Retribución al Productor Tabacalero 2024 (Precio),3856213658.44
024_109600_EjecuciC3B3n mensual del presupuesto del FE.pdf,2024-07-01,2024,jul,Retribución al Productor Tabacalero 2024 (Precio),1034378458.46
024_109600_EjecuciC3B3n mensual del presupuesto del FE.pdf,2024-08-01,2024,ago,Retribución al Productor Tabacalero 2024 (Precio),10974086831.12
024_109600_EjecuciC3B3n mensual del presupuesto del FE.pdf,2024-09-01,2024,sep,Retribución al Productor Tabacalero 2024 (Precio),12072357814.91
024_109600_EjecuciC3B3n mensual del presupuesto del FE.pdf,2024-10-01,2024,oct,Retribución al Productor Tabacalero 2024 (Precio),18093207940.42
024_109600_EjecuciC3B3n mensual del presupuesto del FE.pdf,2024-11-01,2024,nov,Retribución al Productor Tabacalero 2024 (Precio),3914803893.38
024_109600_EjecuciC3B3n mensual del presupuesto del FE.pdf,2024-12-01,2024,dic,Retribución al Productor Tabacalero 2024 (Precio),6225159416.5
024_109600_EjecuciC3B3n mensual del presupuesto del FE.pdf,2024-01-01,2024,ene,Ejecución POAS  (4) = (5 + 6 + 7),2193873948.01
024_109600_EjecuciC3B3n mensual del presupuesto del FE.pdf,2024-02-01,2024,feb,Ejecución POAS  (4) = (5 + 6 + 7),0.0
024_109600_EjecuciC3B3n mensual del presupuesto del FE.pdf,2024-03-01,2024,mar,Ejecución POAS  (4) = (5 + 6 + 7),0.0
024_109600_EjecuciC3B3n mensual del presupuesto del FE.pdf,2024-04-01,2024,abr,Ejecución POAS  (4) = (5 + 6 + 7),6682963959.27
024_109600_EjecuciC3B3n mensual del presupuesto del FE.pdf,2024-05-01,2024,may,Ejecución POAS  (4) = (5 + 6 + 7),1516143008.99
024_109600_EjecuciC3B3n mensual del presupuesto del FE.pdf,2024-06-01,2024,jun,Ejecución POAS  (4) = (5 + 6 + 7),1135967953.0
024_109600_EjecuciC3B3n mensual del presupuesto del FE.pdf,2024-07-01,2024,jul,Ejecución POAS  (4) = (5 + 6 + 7),2251598603.36
024_109600_EjecuciC3B3n mensual del presupuesto del FE.pdf,2024-08-01,2024,ago,Ejecución POAS  (4) = (5 + 6 + 7),1712294808.2
024_109600_EjecuciC3B3n mensual del presupuesto del FE.pdf,2024-09-01,2024,sep,Ejecución POAS  (4) = (5 + 6 + 7),5909319869.61
024_109600_EjecuciC3B3n mensual del presupuesto del FE.pdf,2024-10-01,2024,oct,Ejecución POAS  (4) = (5 + 6 + 7),11466389832.15
024_109600_EjecuciC3B3n mensual del presupuesto del FE.pdf,2024-11-01,2024,nov,Ejecución POAS  (4) = (5 + 6 + 7),34355800965.02
024_109600_EjecuciC3B3n mensual del presupuesto del FE.pdf,2024-12-01,2024,dic,Ejecución POAS  (4) = (5 + 6 + 7),15575228843.31
024_109600_EjecuciC3B3n mensual del presupuesto del FE.pdf,2024-01-01,2024,ene,Planes Excedente del 80% + Planes 20% (*) (5),2193873948.01
024_109600_EjecuciC3B3n mensual del presupuesto del FE.pdf,2024-02-01,2024,feb,Planes Excedente del 80% + Planes 20% (*) (5),0.0
024_109600_EjecuciC3B3n mensual del presupuesto del FE.pdf,2024-03-01,2024,mar,Planes Excedente del 80% + Planes 20% (*) (5),0.0
024_109600_EjecuciC3B3n mensual del presupuesto del FE.pdf,2024-04-01,2024,abr,Planes Excedente del 80% + Planes 20% (*) (5),6282963959.27
024_109600_EjecuciC3B3n mensual del presupuesto del FE.pdf,2024-05-01,2024,may,Planes Excedente del 80% + Planes 20% (*) (5),1516143008.99
024_109600_EjecuciC3B3n mensual del presupuesto del FE.pdf,2024-06-01,2024,jun,Planes Excedente del 80% + Planes 20% (*) (5),1135967953.0
024_109600_EjecuciC3B3n mensual del presupuesto del FE.pdf,2024-07-01,2024,jul,Planes Excedente del 80% + Planes 20% (*) (5),2251598603.36
024_109600_EjecuciC3B3n mensual del presupuesto del FE.pdf,2024-08-01,2024,ago,Planes Excedente del 80% + Planes 20% (*) (5),1712294808.2
024_109600_EjecuciC3B3n mensual del presupuesto del FE.pdf,2024-09-01,2024,sep,Planes Excedente del 80% + Planes 20% (*) (5),5909319869.61
024_109600_EjecuciC3B3n mensual del presupuesto del FE.pdf,2024-10-01,2024,oct,Planes Excedente del 80% + Planes 20% (*) (5),11466389832.15
024_109600_EjecuciC3B3n mensual del presupuesto del FE.pdf,2024-11-01,2024,nov,Planes Excedente del 80% + Planes 20% (*) (5),34355800965.02
024_109600_EjecuciC3B3n mensual del presupuesto del FE.pdf,2024-12-01,2024,dic,Planes Excedente del 80% + Planes 20% (*) (5),14775228843.31
024_109600_EjecuciC3B3n mensual del presupuesto del FE.pdf,2024-01-01,2024,ene,Sueldos FET (por Convenio) (6),0.0
024_109600_EjecuciC3B3n mensual del presupuesto del FE.pdf,2024-02-01,2024,feb,Sueldos FET (por Convenio) (6),0.0
024_109600_EjecuciC3B3n mensual del presupuesto del FE.pdf,2024-03-01,2024,mar,Sueldos FET (por Convenio) (6),0.0
024_109600_EjecuciC3B3n mensual del presupuesto del FE.pdf,2024-04-01,2024,abr,Sueldos FET (por Convenio) (6),0.0
024_109600_EjecuciC3B3n mensual del presupuesto del FE.pdf,2024-05-01,2024,may,Sueldos FET (por Convenio) (6),0.0
024_109600_EjecuciC3B3n mensual del presupuesto del FE.pdf,2024-06-01,2024,jun,Sueldos FET (por Convenio) (6),0.0
024_109600_EjecuciC3B3n mensual del presupuesto del FE.pdf,2024-07-01,2024,jul,Sueldos FET (por Convenio) (6),0.0
024_109600_EjecuciC3B3n mensual del presupuesto del FE.pdf,2024-08-01,2024,ago,Sueldos FET (por Convenio) (6),0.0
024_109600_EjecuciC3B3n mensual del presupuesto del FE.pdf,2024-09-01,2024,sep,Sueldos FET (por Convenio) (6),0.0
024_109600_EjecuciC3B3n mensual del presupuesto del FE.pdf,2024-10-01,2024,oct,Sueldos FET (por Convenio) (6),0.0
024_109600_EjecuciC3B3n mensual del presupuesto del FE.pdf,2024-11-01,2024,nov,Sueldos FET (por Convenio) (6),0.0
024_109600_EjecuciC3B3n mensual del presupuesto del FE.pdf,2024-12-01,2024,dic,Sueldos FET (por Convenio) (6),0.0
024_109600_EjecuciC3B3n mensual del presupuesto del FE.pdf,2024-01-01,2024,ene,Ley 19.800 Art. 27 b) (3%) (7),0.0
024_109600_EjecuciC3B3n mensual del presupuesto del FE.pdf,2024-02-01,2024,feb,Ley 19.800 Art. 27 b) (3%) (7),0.0
024_109600_EjecuciC3B3n mensual del presupuesto del FE.pdf,2024-03-01,2024,mar,Ley 19.800 Art. 27 b) (3%) (7),0.0
024_109600_EjecuciC3B3n mensual del presupuesto del FE.pdf,2024-04-01,2024,abr,Ley 19.800 Art. 27 b) (3%) (7),400000000.0
024_109600_EjecuciC3B3n mensual del presupuesto del FE.pdf,2024-05-01,2024,may,Ley 19.800 Art. 27 b) (3%) (7),0.0
024_109600_EjecuciC3B3n mensual del presupuesto del FE.pdf,2024-06-01,2024,jun,Ley 19.800 Art. 27 b) (3%) (7),0.0
024_109600_EjecuciC3B3n mensual del presupuesto del FE.pdf,2024-07-01,2024,jul,Ley 19.800 Art. 27 b) (3%) (7),0.0
024_109600_EjecuciC3B3n mensual del presupuesto del FE.pdf,2024-08-01,2024,ago,Ley 19.800 Art. 27 b) (3%) (7),0.0
024_109600_EjecuciC3B3n mensual del presupuesto del FE.pdf,2024-09-01,2024,sep,Ley 19.800 Art. 27 b) (3%) (7),0.0
024_109600_EjecuciC3B3n mensual del presupuesto del FE.pdf,2024-10-01,2024,oct,Ley 19.800 Art. 27 b) (3%) (7),0.0
024_109600_EjecuciC3B3n mensual del presupuesto del FE.pdf,2024-11-01,2024,nov,Ley 19.800 Art. 27 b) (3%) (7),0.0
024_109600_EjecuciC3B3n mensual del presupuesto del FE.pdf,2024-12-01,2024,dic,Ley 19.800 Art. 27 b) (3%) (7),800000000.0
024_109600_EjecuciC3B3n mensual del presupuesto del FE.pdf,2024-01-01,2024,ene,Transferencias Automaticas 80% 2024,0.0
024_109600_EjecuciC3B3n mensual del presupuesto del FE.pdf,2024-02-01,2024,feb,Transferencias Automaticas 80% 2024,5434245123.36
024_109600_EjecuciC3B3n mensual del presupuesto del FE.pdf,2024-03-01,2024,mar,Transferencias Automaticas 80% 2024,18702105268.09
024_109600_EjecuciC3B3n mensual del presupuesto del FE.pdf,2024-04-01,2024,abr,Transferencias Automaticas 80% 2024,10517991208.1
024_109600_EjecuciC3B3n mensual del presupuesto del FE.pdf,2024-05-01,2024,may,Transferencias Automaticas 80% 2024,11223055811.28
024_109600_EjecuciC3B3n mensual del presupuesto del FE.pdf,2024-06-01,2024,jun,Transferencias Automaticas 80% 2024,0.0
024_109600_EjecuciC3B3n mensual del presupuesto del FE.pdf,2024-07-01,2024,jul,Transferencias Automaticas 80% 2024,22075597511.23
024_109600_EjecuciC3B3n mensual del presupuesto del FE.pdf,2024-08-01,2024,ago,Transferencias Automaticas 80% 2024,0.0
024_109600_EjecuciC3B3n mensual del presupuesto del FE.pdf,2024-09-01,2024,sep,Transferencias Automaticas 80% 2024,29909865236.61
024_109600_EjecuciC3B3n mensual del presupuesto del FE.pdf,2024-10-01,2024,oct,Transferencias Automaticas 80% 2024,15219839811.91
024_109600_EjecuciC3B3n mensual del presupuesto del FE.pdf,2024-11-01,2024,nov,Transferencias Automaticas 80% 2024,0.0
024_109600_EjecuciC3B3n mensual del presupuesto del FE.pdf,2024-12-01,2024,dic,Transferencias Automaticas 80% 2024,16490814734.35
024_109600_EjecuciC3B3n mensual del presupuesto del FE.pdf,2024-01-01,2024,ene,Imputado por las Provincias,2193873948.01
024_109600_EjecuciC3B3n mensual del presupuesto del FE.pdf,2024-02-01,2024,feb,Imputado por las Provincias,0.0
024_109600_EjecuciC3B3n mensual del presupuesto del FE.pdf,2024-03-01,2024,mar,Imputado por las Provincias,0.0
024_109600_EjecuciC3B3n mensual del presupuesto del FE.pdf,2024-04-01,2024,abr,Imputado por las Provincias,6282963959.27
024_109600_EjecuciC3B3n mensual del presupuesto del FE.pdf,2024-05-01,2024,may,Imputado por las Provincias,8460268008.57
024_109600_EjecuciC3B3n mensual del presupuesto del FE.pdf,2024-06-01,2024,jun,Imputado por las Provincias,3856213658.44
024_109600_EjecuciC3B3n mensual del presupuesto del FE.pdf,2024-07-01,2024,jul,Imputado por las Provincias,1034378458.46
024_109600_EjecuciC3B3n mensual del presupuesto del FE.pdf,2024-08-01,2024,ago,Imputado por las Provincias,15407774306.89
024_109600_EjecuciC3B3n mensual del presupuesto del FE.pdf,2024-09-01,2024,sep,Imputado por las Provincias,14066220968.44
024_109600_EjecuciC3B3n mensual del presupuesto del FE.pdf,2024-10-01,2024,oct,Imputado por las Provincias,21000528678.48
024_109600_EjecuciC3B3n mensual del presupuesto del FE.pdf,2024-11-01,2024,nov,Imputado por las Provincias,32328670810.19
024_109600_EjecuciC3B3n mensual del presupuesto del FE.pdf,2024-12-01,2024,dic,Imputado por las Provincias,12238495674.19
025_Ejecución mensual del presupuesto del FET - Ejerci.pdf,2023-01-01,2023,ene,Recaudación (1= 2 + 3),3880053373.54
025_Ejecución mensual del presupuesto del FET - Ejerci.pdf,2023-02-01,2023,feb,Recaudación (1= 2 + 3),3979020463.26
025_Ejecución mensual del presupuesto del FET - Ejerci.pdf,2023-03-01,2023,mar,Recaudación (1= 2 + 3),4631232396.05
025_Ejecución mensual del presupuesto del FET - Ejerci.pdf,2023-04-01,2023,abr,Recaudación (1= 2 + 3),4898199607.6
025_Ejecución mensual del presupuesto del FET - Ejerci.pdf,2023-05-01,2023,may,Recaudación (1= 2 + 3),5053530028.39
025_Ejecución mensual del presupuesto del FET - Ejerci.pdf,2023-06-01,2023,jun,Recaudación (1= 2 + 3),4659815679.88
025_Ejecución mensual del presupuesto del FET - Ejerci.pdf,2023-07-01,2023,jul,Recaudación (1= 2 + 3),4797199520.27
025_Ejecución mensual del presupuesto del FET - Ejerci.pdf,2023-08-01,2023,ago,Recaudación (1= 2 + 3),5174921028.32
025_Ejecución mensual del presupuesto del FET - Ejerci.pdf,2023-09-01,2023,sep,Recaudación (1= 2 + 3),6664602562.67
025_Ejecución mensual del presupuesto del FET - Ejerci.pdf,2023-10-01,2023,oct,Recaudación (1= 2 + 3),5421512309.08
025_Ejecución mensual del presupuesto del FET - Ejerci.pdf,2023-11-01,2023,nov,Recaudación (1= 2 + 3),7122146742.71
025_Ejecución mensual del presupuesto del FET - Ejerci.pdf,2023-12-01,2023,dic,Recaudación (1= 2 + 3),8725841543.51
025_Ejecución mensual del presupuesto del FET - Ejerci.pdf,2023-01-01,2023,ene,Recaudación Provincias (2),3737359302.48
025_Ejecución mensual del presupuesto del FET - Ejerci.pdf,2023-02-01,2023,feb,Recaudación Provincias (2),3837825908.89
025_Ejecución mensual del presupuesto del FET - Ejerci.pdf,2023-03-01,2023,mar,Recaudación Provincias (2),4469970077.6
025_Ejecución mensual del presupuesto del FET - Ejerci.pdf,2023-04-01,2023,abr,Recaudación Provincias (2),4722982309.33
025_Ejecución mensual del presupuesto del FET - Ejerci.pdf,2023-05-01,2023,may,Recaudación Provincias (2),4872015599.53
025_Ejecución mensual del presupuesto del FET - Ejerci.pdf,2023-06-01,2023,jun,Recaudación Provincias (2),4497185391.68
025_Ejecución mensual del presupuesto del FET - Ejerci.pdf,2023-07-01,2023,jul,Recaudación Provincias (2),4612789523.97
025_Ejecución mensual del presupuesto del FET - Ejerci.pdf,2023-08-01,2023,ago,Recaudación Provincias (2),5003641971.61
025_Ejecución mensual del presupuesto del FET - Ejerci.pdf,2023-09-01,2023,sep,Recaudación Provincias (2),6432702188.55
025_Ejecución mensual del presupuesto del FET - Ejerci.pdf,2023-10-01,2023,oct,Recaudación Provincias (2),5220883735.18
025_Ejecución mensual del presupuesto del FET - Ejerci.pdf,2023-11-01,2023,nov,Recaudación Provincias (2),6857177435.67
025_Ejecución mensual del presupuesto del FET - Ejerci.pdf,2023-12-01,2023,dic,Recaudación Provincias (2),8393360161.47
025_Ejecución mensual del presupuesto del FET - Ejerci.pdf,2023-01-01,2023,ene,Obra Social (3),142694071.06
025_Ejecución mensual del presupuesto del FET - Ejerci.pdf,2023-02-01,2023,feb,Obra Social (3),161262318.45
025_Ejecución mensual del presupuesto del FET - Ejerci.pdf,2023-03-01,2023,mar,Obra Social (3),175217298.27
025_Ejecución mensual del presupuesto del FET - Ejerci.pdf,2023-04-01,2023,abr,Obra Social (3),181514428.86
025_Ejecución mensual del presupuesto del FET - Ejerci.pdf,2023-05-01,2023,may,Obra Social (3),162630288.2
025_Ejecución mensual del presupuesto del FET - Ejerci.pdf,2023-06-01,2023,jun,Obra Social (3),184409996.3
025_Ejecución mensual del presupuesto del FET - Ejerci.pdf,2023-07-01,2023,jul,Obra Social (3),171279056.71
025_Ejecución mensual del presupuesto del FET - Ejerci.pdf,2023-08-01,2023,ago,Obra Social (3),231900374.12
025_Ejecución mensual del presupuesto del FET - Ejerci.pdf,2023-09-01,2023,sep,Obra Social (3),200628573.9
025_Ejecución mensual del presupuesto del FET - Ejerci.pdf,2023-10-01,2023,oct,Obra Social (3),264969307.04
025_Ejecución mensual del presupuesto del FET - Ejerci.pdf,2023-11-01,2023,nov,Obra Social (3),332481382.04
025_Ejecución mensual del presupuesto del FET - Ejerci.pdf,2023-12-01,2023,dic,Obra Social (3),2350181649.32
025_Ejecución mensual del presupuesto del FET - Ejerci.pdf,2023-01-01,2023,ene,Total Transferido ( Precio),0.0
025_Ejecución mensual del presupuesto del FET - Ejerci.pdf,2023-02-01,2023,feb,Total Transferido ( Precio),0.0
025_Ejecución mensual del presupuesto del FET - Ejerci.pdf,2023-03-01,2023,mar,Total Transferido ( Precio),367494801.74
025_Ejecución mensual del presupuesto del FET - Ejerci.pdf,2023-04-01,2023,abr,Total Transferido ( Precio),529769309.93
025_Ejecución mensual del presupuesto del FET - Ejerci.pdf,2023-05-01,2023,may,Total Transferido ( Precio),2230443543.51
025_Ejecución mensual del presupuesto del FET - Ejerci.pdf,2023-06-01,2023,jun,Total Transferido ( Precio),1386596859.58
025_Ejecución mensual del presupuesto del FET - Ejerci.pdf,2023-07-01,2023,jul,Total Transferido ( Precio),886725349.95
025_Ejecución mensual del presupuesto del FET - Ejerci.pdf,2023-08-01,2023,ago,Total Transferido ( Precio),4548631495.4
025_Ejecución mensual del presupuesto del FET - Ejerci.pdf,2023-09-01,2023,sep,Total Transferido ( Precio),2331436935.41
025_Ejecución mensual del presupuesto del FET - Ejerci.pdf,2023-10-01,2023,oct,Total Transferido ( Precio),1515148773.27
025_Ejecución mensual del presupuesto del FET - Ejerci.pdf,2023-11-01,2023,nov,Total Transferido ( Precio),1787283113.57
025_Ejecución mensual del presupuesto del FET - Ejerci.pdf,2023-12-01,2023,dic,Total Transferido ( Precio),4501976644.08
025_Ejecución mensual del presupuesto del FET - Ejerci.pdf,2023-01-01,2023,ene,Retribución al Productor Tabacalero 2023 (Precio),0.0
025_Ejecución mensual del presupuesto del FET - Ejerci.pdf,2023-02-01,2023,feb,Retribución al Productor Tabacalero 2023 (Precio),0.0
025_Ejecución mensual del presupuesto del FET - Ejerci.pdf,2023-03-01,2023,mar,Retribución al Productor Tabacalero 2023 (Precio),367494801.74
025_Ejecución mensual del presupuesto del FET - Ejerci.pdf,2023-04-01,2023,abr,Retribución al Productor Tabacalero 2023 (Precio),529769309.93
025_Ejecución mensual del presupuesto del FET - Ejerci.pdf,2023-05-01,2023,may,Retribución al Productor Tabacalero 2023 (Precio),2230443543.51
025_Ejecución mensual del presupuesto del FET - Ejerci.pdf,2023-06-01,2023,jun,Retribución al Productor Tabacalero 2023 (Precio),1386596859.58
025_Ejecución mensual del presupuesto del FET - Ejerci.pdf,2023-07-01,2023,jul,Retribución al Productor Tabacalero 2023 (Precio),886725349.95
025_Ejecución mensual del presupuesto del FET - Ejerci.pdf,2023-08-01,2023,ago,Retribución al Productor Tabacalero 2023 (Precio),4548631495.4
025_Ejecución mensual del presupuesto del FET - Ejerci.pdf,2023-09-01,2023,sep,Retribución al Productor Tabacalero 2023 (Precio),2331436935.41
025_Ejecución mensual del presupuesto del FET - Ejerci.pdf,2023-10-01,2023,oct,Retribución al Productor Tabacalero 2023 (Precio),1515148773.27
025_Ejecución mensual del presupuesto del FET - Ejerci.pdf,2023-11-01,2023,nov,Retribución al Productor Tabacalero 2023 (Precio),1787283113.57
025_Ejecución mensual del presupuesto del FET - Ejerci.pdf,2023-12-01,2023,dic,Retribución al Productor Tabacalero 2023 (Precio),4501976644.08
025_Ejecución mensual del presupuesto del FET - Ejerci.pdf,2023-01-01,2023,ene,Planes Excedente del 80% + Planes 20% (*) (5),1385101162.67
025_Ejecución mensual del presupuesto del FET - Ejerci.pdf,2023-02-01,2023,feb,Planes Excedente del 80% + Planes 20% (*) (5),2005510380.94
025_Ejecución mensual del presupuesto del FET - Ejerci.pdf,2023-03-01,2023,mar,Planes Excedente del 80% + Planes 20% (*) (5),3365095184.55
025_Ejecución mensual del presupuesto del FET - Ejerci.pdf,2023-04-01,2023,abr,Planes Excedente del 80% + Planes 20% (*) (5),2311169217.65
025_Ejecución mensual del presupuesto del FET - Ejerci.pdf,2023-05-01,2023,may,Planes Excedente del 80% + Planes 20% (*) (5),2743377904.41
025_Ejecución mensual del presupuesto del FET - Ejerci.pdf,2023-06-01,2023,jun,Planes Excedente del 80% + Planes 20% (*) (5),2559034251.51
025_Ejecución mensual del presupuesto del FET - Ejerci.pdf,2023-07-01,2023,jul,Planes Excedente del 80% + Planes 20% (*) (5),1558783311.13
025_Ejecución mensual del presupuesto del FET - Ejerci.pdf,2023-08-01,2023,ago,Planes Excedente del 80% + Planes 20% (*) (5),2879659953.66
025_Ejecución mensual del presupuesto del FET - Ejerci.pdf,2023-09-01,2023,sep,Planes Excedente del 80% + Planes 20% (*) (5),2129190155.99
025_Ejecución mensual del presupuesto del FET - Ejerci.pdf,2023-10-01,2023,oct,Planes Excedente del 80% + Planes 20% (*) (5),1631331112.0
025_Ejecución mensual del presupuesto del FET - Ejerci.pdf,2023-11-01,2023,nov,Planes Excedente del 80% + Planes 20% (*) (5),4272010077.91
025_Ejecución mensual del presupuesto del FET - Ejerci.pdf,2023-12-01,2023,dic,Planes Excedente del 80% + Planes 20% (*) (5),8745798561.61
025_Ejecución mensual del presupuesto del FET - Ejerci.pdf,2023-01-01,2023,ene,Sueldos FET (por Convenio) (6),0.0
025_Ejecución mensual del presupuesto del FET - Ejerci.pdf,2023-02-01,2023,feb,Sueldos FET (por Convenio) (6),0.0
025_Ejecución mensual del presupuesto del FET - Ejerci.pdf,2023-03-01,2023,mar,Sueldos FET (por Convenio) (6),0.0
025_Ejecución mensual del presupuesto del FET - Ejerci.pdf,2023-04-01,2023,abr,Sueldos FET (por Convenio) (6),0.0
025_Ejecución mensual del presupuesto del FET - Ejerci.pdf,2023-05-01,2023,may,Sueldos FET (por Convenio) (6),0.0
025_Ejecución mensual del presupuesto del FET - Ejerci.pdf,2023-06-01,2023,jun,Sueldos FET (por Convenio) (6),0.0
025_Ejecución mensual del presupuesto del FET - Ejerci.pdf,2023-07-01,2023,jul,Sueldos FET (por Convenio) (6),0.0
025_Ejecución mensual del presupuesto del FET - Ejerci.pdf,2023-08-01,2023,ago,Sueldos FET (por Convenio) (6),0.0
025_Ejecución mensual del presupuesto del FET - Ejerci.pdf,2023-09-01,2023,sep,Sueldos FET (por Convenio) (6),0.0
025_Ejecución mensual del presupuesto del FET - Ejerci.pdf,2023-10-01,2023,oct,Sueldos FET (por Convenio) (6),0.0
025_Ejecución mensual del presupuesto del FET - Ejerci.pdf,2023-11-01,2023,nov,Sueldos FET (por Convenio) (6),0.0
025_Ejecución mensual del presupuesto del FET - Ejerci.pdf,2023-12-01,2023,dic,Sueldos FET (por Convenio) (6),0.0
025_Ejecución mensual del presupuesto del FET - Ejerci.pdf,2023-01-01,2023,ene,Ley 19.800 Art. 27 b) (3%) (7),0.0
025_Ejecución mensual del presupuesto del FET - Ejerci.pdf,2023-02-01,2023,feb,Ley 19.800 Art. 27 b) (3%) (7),200000000.0
025_Ejecución mensual del presupuesto del FET - Ejerci.pdf,2023-03-01,2023,mar,Ley 19.800 Art. 27 b) (3%) (7),0.0
025_Ejecución mensual del presupuesto del FET - Ejerci.pdf,2023-04-01,2023,abr,Ley 19.800 Art. 27 b) (3%) (7),0.0
025_Ejecución mensual del presupuesto del FET - Ejerci.pdf,2023-05-01,2023,may,Ley 19.800 Art. 27 b) (3%) (7),0.0
025_Ejecución mensual del presupuesto del FET - Ejerci.pdf,2023-06-01,2023,jun,Ley 19.800 Art. 27 b) (3%) (7),0.0
025_Ejecución mensual del presupuesto del FET - Ejerci.pdf,2023-07-01,2023,jul,Ley 19.800 Art. 27 b) (3%) (7),0.0
025_Ejecución mensual del presupuesto del FET - Ejerci.pdf,2023-08-01,2023,ago,Ley 19.800 Art. 27 b) (3%) (7),50000000.0
025_Ejecución mensual del presupuesto del FET - Ejerci.pdf,2023-09-01,2023,sep,Ley 19.800 Art. 27 b) (3%) (7),0.0
025_Ejecución mensual del presupuesto del FET - Ejerci.pdf,2023-10-01,2023,oct,Ley 19.800 Art. 27 b) (3%) (7),0.0
025_Ejecución mensual del presupuesto del FET - Ejerci.pdf,2023-11-01,2023,nov,Ley 19.800 Art. 27 b) (3%) (7),0.0
025_Ejecución mensual del presupuesto del FET - Ejerci.pdf,2023-12-01,2023,dic,Ley 19.800 Art. 27 b) (3%) (7),0.0
025_Ejecución mensual del presupuesto del FET - Ejerci.pdf,2023-01-01,2023,ene,Imputado por las Provincias,894390536.98
025_Ejecución mensual del presupuesto del FET - Ejerci.pdf,2023-02-01,2023,feb,Imputado por las Provincias,1620741700.58
025_Ejecución mensual del presupuesto del FET - Ejerci.pdf,2023-03-01,2023,mar,Imputado por las Provincias,2915325475.96
025_Ejecución mensual del presupuesto del FET - Ejerci.pdf,2023-04-01,2023,abr,Imputado por las Provincias,3493257496.7
025_Ejecución mensual del presupuesto del FET - Ejerci.pdf,2023-05-01,2023,may,Imputado por las Provincias,3939697911.2
025_Ejecución mensual del presupuesto del FET - Ejerci.pdf,2023-06-01,2023,jun,Imputado por las Provincias,2890643997.87
025_Ejecución mensual del presupuesto del FET - Ejerci.pdf,2023-07-01,2023,jul,Imputado por las Provincias,2038226798.32
025_Ejecución mensual del presupuesto del FET - Ejerci.pdf,2023-08-01,2023,ago,Imputado por las Provincias,6820197318.06
025_Ejecución mensual del presupuesto del FET - Ejerci.pdf,2023-09-01,2023,sep,Imputado por las Provincias,2881695612.14
025_Ejecución mensual del presupuesto del FET - Ejerci.pdf,2023-10-01,2023,oct,Imputado por las Provincias,2116593401.27
025_Ejecución mensual del presupuesto del FET - Ejerci.pdf,2023-11-01,2023,nov,Imputado por las Provincias,3660381178.22
025_Ejecución mensual del presupuesto del FET - Ejerci.pdf,2023-12-01,2023,dic,Imputado por las Provincias,13247775205.69
026_109500_EjecuciC3B3n mensual del presupuesto del FE.pdf,2023-01-01,2023,ene,Recaudación (1= 2 + 3),3880053373.54
026_109500_EjecuciC3B3n mensual del presupuesto del FE.pdf,2023-02-01,2023,feb,Recaudación (1= 2 + 3),3979020463.26
026_109500_EjecuciC3B3n mensual del presupuesto del FE.pdf,2023-03-01,2023,mar,Recaudación (1= 2 + 3),4631232396.05
026_109500_EjecuciC3B3n mensual del presupuesto del FE.pdf,2023-04-01,2023,abr,Recaudación (1= 2 + 3),4898199607.6
026_109500_EjecuciC3B3n mensual del presupuesto del FE.pdf,2023-05-01,2023,may,Recaudación (1= 2 + 3),5053530028.39
026_109500_EjecuciC3B3n mensual del presupuesto del FE.pdf,2023-06-01,2023,jun,Recaudación (1= 2 + 3),4659815679.88
026_109500_EjecuciC3B3n mensual del presupuesto del FE.pdf,2023-07-01,2023,jul,Recaudación (1= 2 + 3),4797199520.27
026_109500_EjecuciC3B3n mensual del presupuesto del FE.pdf,2023-08-01,2023,ago,Recaudación (1= 2 + 3),5174921028.32
026_109500_EjecuciC3B3n mensual del presupuesto del FE.pdf,2023-09-01,2023,sep,Recaudación (1= 2 + 3),6664602562.67
026_109500_EjecuciC3B3n mensual del presupuesto del FE.pdf,2023-10-01,2023,oct,Recaudación (1= 2 + 3),5421512309.08
026_109500_EjecuciC3B3n mensual del presupuesto del FE.pdf,2023-11-01,2023,nov,Recaudación (1= 2 + 3),7122146742.71
026_109500_EjecuciC3B3n mensual del presupuesto del FE.pdf,2023-12-01,2023,dic,Recaudación (1= 2 + 3),8725841543.51
026_109500_EjecuciC3B3n mensual del presupuesto del FE.pdf,2023-01-01,2023,ene,Recaudación Provincias (2),3737359302.48
026_109500_EjecuciC3B3n mensual del presupuesto del FE.pdf,2023-02-01,2023,feb,Recaudación Provincias (2),3837825908.89
026_109500_EjecuciC3B3n mensual del presupuesto del FE.pdf,2023-03-01,2023,mar,Recaudación Provincias (2),4469970077.6
026_109500_EjecuciC3B3n mensual del presupuesto del FE.pdf,2023-04-01,2023,abr,Recaudación Provincias (2),4722982309.33
026_109500_EjecuciC3B3n mensual del presupuesto del FE.pdf,2023-05-01,2023,may,Recaudación Provincias (2),4872015599.53
026_109500_EjecuciC3B3n mensual del presupuesto del FE.pdf,2023-06-01,2023,jun,Recaudación Provincias (2),4497185391.68
026_109500_EjecuciC3B3n mensual del presupuesto del FE.pdf,2023-07-01,2023,jul,Recaudación Provincias (2),4612789523.97
026_109500_EjecuciC3B3n mensual del presupuesto del FE.pdf,2023-08-01,2023,ago,Recaudación Provincias (2),5003641971.61
026_109500_EjecuciC3B3n mensual del presupuesto del FE.pdf,2023-09-01,2023,sep,Recaudación Provincias (2),6432702188.55
026_109500_EjecuciC3B3n mensual del presupuesto del FE.pdf,2023-10-01,2023,oct,Recaudación Provincias (2),5220883735.18
026_109500_EjecuciC3B3n mensual del presupuesto del FE.pdf,2023-11-01,2023,nov,Recaudación Provincias (2),6857177435.67
026_109500_EjecuciC3B3n mensual del presupuesto del FE.pdf,2023-12-01,2023,dic,Recaudación Provincias (2),8393360161.47
026_109500_EjecuciC3B3n mensual del presupuesto del FE.pdf,2023-01-01,2023,ene,Obra Social (3),142694071.06
026_109500_EjecuciC3B3n mensual del presupuesto del FE.pdf,2023-02-01,2023,feb,Obra Social (3),161262318.45
026_109500_EjecuciC3B3n mensual del presupuesto del FE.pdf,2023-03-01,2023,mar,Obra Social (3),175217298.27
026_109500_EjecuciC3B3n mensual del presupuesto del FE.pdf,2023-04-01,2023,abr,Obra Social (3),181514428.86
026_109500_EjecuciC3B3n mensual del presupuesto del FE.pdf,2023-05-01,2023,may,Obra Social (3),162630288.2
026_109500_EjecuciC3B3n mensual del presupuesto del FE.pdf,2023-06-01,2023,jun,Obra Social (3),184409996.3
026_109500_EjecuciC3B3n mensual del presupuesto del FE.pdf,2023-07-01,2023,jul,Obra Social (3),171279056.71
026_109500_EjecuciC3B3n mensual del presupuesto del FE.pdf,2023-08-01,2023,ago,Obra Social (3),231900374.12
026_109500_EjecuciC3B3n mensual del presupuesto del FE.pdf,2023-09-01,2023,sep,Obra Social (3),200628573.9
026_109500_EjecuciC3B3n mensual del presupuesto del FE.pdf,2023-10-01,2023,oct,Obra Social (3),264969307.04
026_109500_EjecuciC3B3n mensual del presupuesto del FE.pdf,2023-11-01,2023,nov,Obra Social (3),332481382.04
026_109500_EjecuciC3B3n mensual del presupuesto del FE.pdf,2023-12-01,2023,dic,Obra Social (3),2350181649.32
026_109500_EjecuciC3B3n mensual del presupuesto del FE.pdf,2023-01-01,2023,ene,Total Transferido ( Precio),0.0
026_109500_EjecuciC3B3n mensual del presupuesto del FE.pdf,2023-02-01,2023,feb,Total Transferido ( Precio),0.0
026_109500_EjecuciC3B3n mensual del presupuesto del FE.pdf,2023-03-01,2023,mar,Total Transferido ( Precio),367494801.74
026_109500_EjecuciC3B3n mensual del presupuesto del FE.pdf,2023-04-01,2023,abr,Total Transferido ( Precio),529769309.93
026_109500_EjecuciC3B3n mensual del presupuesto del FE.pdf,2023-05-01,2023,may,Total Transferido ( Precio),2230443543.51
026_109500_EjecuciC3B3n mensual del presupuesto del FE.pdf,2023-06-01,2023,jun,Total Transferido ( Precio),1386596859.58
026_109500_EjecuciC3B3n mensual del presupuesto del FE.pdf,2023-07-01,2023,jul,Total Transferido ( Precio),886725349.95
026_109500_EjecuciC3B3n mensual del presupuesto del FE.pdf,2023-08-01,2023,ago,Total Transferido ( Precio),4548631495.4
026_109500_EjecuciC3B3n mensual del presupuesto del FE.pdf,2023-09-01,2023,sep,Total Transferido ( Precio),2331436935.41
026_109500_EjecuciC3B3n mensual del presupuesto del FE.pdf,2023-10-01,2023,oct,Total Transferido ( Precio),1515148773.27
026_109500_EjecuciC3B3n mensual del presupuesto del FE.pdf,2023-11-01,2023,nov,Total Transferido ( Precio),1787283113.57
026_109500_EjecuciC3B3n mensual del presupuesto del FE.pdf,2023-12-01,2023,dic,Total Transferido ( Precio),4501976644.08
026_109500_EjecuciC3B3n mensual del presupuesto del FE.pdf,2023-01-01,2023,ene,Retribución al Productor Tabacalero 2023 (Precio),0.0
026_109500_EjecuciC3B3n mensual del presupuesto del FE.pdf,2023-02-01,2023,feb,Retribución al Productor Tabacalero 2023 (Precio),0.0
026_109500_EjecuciC3B3n mensual del presupuesto del FE.pdf,2023-03-01,2023,mar,Retribución al Productor Tabacalero 2023 (Precio),367494801.74
026_109500_EjecuciC3B3n mensual del presupuesto del FE.pdf,2023-04-01,2023,abr,Retribución al Productor Tabacalero 2023 (Precio),529769309.93
026_109500_EjecuciC3B3n mensual del presupuesto del FE.pdf,2023-05-01,2023,may,Retribución al Productor Tabacalero 2023 (Precio),2230443543.51
026_109500_EjecuciC3B3n mensual del presupuesto del FE.pdf,2023-06-01,2023,jun,Retribución al Productor Tabacalero 2023 (Precio),1386596859.58
026_109500_EjecuciC3B3n mensual del presupuesto del FE.pdf,2023-07-01,2023,jul,Retribución al Productor Tabacalero 2023 (Precio),886725349.95
026_109500_EjecuciC3B3n mensual del presupuesto del FE.pdf,2023-08-01,2023,ago,Retribución al Productor Tabacalero 2023 (Precio),4548631495.4
026_109500_EjecuciC3B3n mensual del presupuesto del FE.pdf,2023-09-01,2023,sep,Retribución al Productor Tabacalero 2023 (Precio),2331436935.41
026_109500_EjecuciC3B3n mensual del presupuesto del FE.pdf,2023-10-01,2023,oct,Retribución al Productor Tabacalero 2023 (Precio),1515148773.27
026_109500_EjecuciC3B3n mensual del presupuesto del FE.pdf,2023-11-01,2023,nov,Retribución al Productor Tabacalero 2023 (Precio),1787283113.57
026_109500_EjecuciC3B3n mensual del presupuesto del FE.pdf,2023-12-01,2023,dic,Retribución al Productor Tabacalero 2023 (Precio),4501976644.08
026_109500_EjecuciC3B3n mensual del presupuesto del FE.pdf,2023-01-01,2023,ene,Planes Excedente del 80% + Planes 20% (*) (5),1385101162.67
026_109500_EjecuciC3B3n mensual del presupuesto del FE.pdf,2023-02-01,2023,feb,Planes Excedente del 80% + Planes 20% (*) (5),2005510380.94
026_109500_EjecuciC3B3n mensual del presupuesto del FE.pdf,2023-03-01,2023,mar,Planes Excedente del 80% + Planes 20% (*) (5),3365095184.55
026_109500_EjecuciC3B3n mensual del presupuesto del FE.pdf,2023-04-01,2023,abr,Planes Excedente del 80% + Planes 20% (*) (5),2311169217.65
026_109500_EjecuciC3B3n mensual del presupuesto del FE.pdf,2023-05-01,2023,may,Planes Excedente del 80% + Planes 20% (*) (5),2743377904.41
026_109500_EjecuciC3B3n mensual del presupuesto del FE.pdf,2023-06-01,2023,jun,Planes Excedente del 80% + Planes 20% (*) (5),2559034251.51
026_109500_EjecuciC3B3n mensual del presupuesto del FE.pdf,2023-07-01,2023,jul,Planes Excedente del 80% + Planes 20% (*) (5),1558783311.13
026_109500_EjecuciC3B3n mensual del presupuesto del FE.pdf,2023-08-01,2023,ago,Planes Excedente del 80% + Planes 20% (*) (5),2879659953.66
026_109500_EjecuciC3B3n mensual del presupuesto del FE.pdf,2023-09-01,2023,sep,Planes Excedente del 80% + Planes 20% (*) (5),2129190155.99
026_109500_EjecuciC3B3n mensual del presupuesto del FE.pdf,2023-10-01,2023,oct,Planes Excedente del 80% + Planes 20% (*) (5),1631331112.0
026_109500_EjecuciC3B3n mensual del presupuesto del FE.pdf,2023-11-01,2023,nov,Planes Excedente del 80% + Planes 20% (*) (5),4272010077.91
026_109500_EjecuciC3B3n mensual del presupuesto del FE.pdf,2023-12-01,2023,dic,Planes Excedente del 80% + Planes 20% (*) (5),8745798561.61
026_109500_EjecuciC3B3n mensual del presupuesto del FE.pdf,2023-01-01,2023,ene,Sueldos FET (por Convenio) (6),0.0
026_109500_EjecuciC3B3n mensual del presupuesto del FE.pdf,2023-02-01,2023,feb,Sueldos FET (por Convenio) (6),0.0
026_109500_EjecuciC3B3n mensual del presupuesto del FE.pdf,2023-03-01,2023,mar,Sueldos FET (por Convenio) (6),0.0
026_109500_EjecuciC3B3n mensual del presupuesto del FE.pdf,2023-04-01,2023,abr,Sueldos FET (por Convenio) (6),0.0
026_109500_EjecuciC3B3n mensual del presupuesto del FE.pdf,2023-05-01,2023,may,Sueldos FET (por Convenio) (6),0.0
026_109500_EjecuciC3B3n mensual del presupuesto del FE.pdf,2023-06-01,2023,jun,Sueldos FET (por Convenio) (6),0.0
026_109500_EjecuciC3B3n mensual del presupuesto del FE.pdf,2023-07-01,2023,jul,Sueldos FET (por Convenio) (6),0.0
026_109500_EjecuciC3B3n mensual del presupuesto del FE.pdf,2023-08-01,2023,ago,Sueldos FET (por Convenio) (6),0.0
026_109500_EjecuciC3B3n mensual del presupuesto del FE.pdf,2023-09-01,2023,sep,Sueldos FET (por Convenio) (6),0.0
026_109500_EjecuciC3B3n mensual del presupuesto del FE.pdf,2023-10-01,2023,oct,Sueldos FET (por Convenio) (6),0.0
026_109500_EjecuciC3B3n mensual del presupuesto del FE.pdf,2023-11-01,2023,nov,Sueldos FET (por Convenio) (6),0.0
026_109500_EjecuciC3B3n mensual del presupuesto del FE.pdf,2023-12-01,2023,dic,Sueldos FET (por Convenio) (6),0.0
026_109500_EjecuciC3B3n mensual del presupuesto del FE.pdf,2023-01-01,2023,ene,Ley 19.800 Art. 27 b) (3%) (7),0.0
026_109500_EjecuciC3B3n mensual del presupuesto del FE.pdf,2023-02-01,2023,feb,Ley 19.800 Art. 27 b) (3%) (7),200000000.0
026_109500_EjecuciC3B3n mensual del presupuesto del FE.pdf,2023-03-01,2023,mar,Ley 19.800 Art. 27 b) (3%) (7),0.0
026_109500_EjecuciC3B3n mensual del presupuesto del FE.pdf,2023-04-01,2023,abr,Ley 19.800 Art. 27 b) (3%) (7),0.0
026_109500_EjecuciC3B3n mensual del presupuesto del FE.pdf,2023-05-01,2023,may,Ley 19.800 Art. 27 b) (3%) (7),0.0
026_109500_EjecuciC3B3n mensual del presupuesto del FE.pdf,2023-06-01,2023,jun,Ley 19.800 Art. 27 b) (3%) (7),0.0
026_109500_EjecuciC3B3n mensual del presupuesto del FE.pdf,2023-07-01,2023,jul,Ley 19.800 Art. 27 b) (3%) (7),0.0
026_109500_EjecuciC3B3n mensual del presupuesto del FE.pdf,2023-08-01,2023,ago,Ley 19.800 Art. 27 b) (3%) (7),50000000.0
026_109500_EjecuciC3B3n mensual del presupuesto del FE.pdf,2023-09-01,2023,sep,Ley 19.800 Art. 27 b) (3%) (7),0.0
026_109500_EjecuciC3B3n mensual del presupuesto del FE.pdf,2023-10-01,2023,oct,Ley 19.800 Art. 27 b) (3%) (7),0.0
026_109500_EjecuciC3B3n mensual del presupuesto del FE.pdf,2023-11-01,2023,nov,Ley 19.800 Art. 27 b) (3%) (7),0.0
026_109500_EjecuciC3B3n mensual del presupuesto del FE.pdf,2023-12-01,2023,dic,Ley 19.800 Art. 27 b) (3%) (7),0.0
026_109500_EjecuciC3B3n mensual del presupuesto del FE.pdf,2023-01-01,2023,ene,Imputado por las Provincias,894390536.98
026_109500_EjecuciC3B3n mensual del presupuesto del FE.pdf,2023-02-01,2023,feb,Imputado por las Provincias,1620741700.58
026_109500_EjecuciC3B3n mensual del presupuesto del FE.pdf,2023-03-01,2023,mar,Imputado por las Provincias,2915325475.96
026_109500_EjecuciC3B3n mensual del presupuesto del FE.pdf,2023-04-01,2023,abr,Imputado por las Provincias,3493257496.7
026_109500_EjecuciC3B3n mensual del presupuesto del FE.pdf,2023-05-01,2023,may,Imputado por las Provincias,3939697911.2
026_109500_EjecuciC3B3n mensual del presupuesto del FE.pdf,2023-06-01,2023,jun,Imputado por las Provincias,2890643997.87
026_109500_EjecuciC3B3n mensual del presupuesto del FE.pdf,2023-07-01,2023,jul,Imputado por las Provincias,2038226798.32
026_109500_EjecuciC3B3n mensual del presupuesto del FE.pdf,2023-08-01,2023,ago,Imputado por las Provincias,6820197318.06
026_109500_EjecuciC3B3n mensual del presupuesto del FE.pdf,2023-09-01,2023,sep,Imputado por las Provincias,2881695612.14
026_109500_EjecuciC3B3n mensual del presupuesto del FE.pdf,2023-10-01,2023,oct,Imputado por las Provincias,2116593401.27
026_109500_EjecuciC3B3n mensual del presupuesto del FE.pdf,2023-11-01,2023,nov,Imputado por las Provincias,3660381178.22
026_109500_EjecuciC3B3n mensual del presupuesto del FE.pdf,2023-12-01,2023,dic,Imputado por las Provincias,13247775205.69
027_Ejecución mensual del presupuesto del FET - Ejerci.pdf,2022-01-01,2022,ene,Recaudación (1= 2 + 3),2565618852.55
027_Ejecución mensual del presupuesto del FET - Ejerci.pdf,2022-02-01,2022,feb,Recaudación (1= 2 + 3),2448498085.84
027_Ejecución mensual del presupuesto del FET - Ejerci.pdf,2022-03-01,2022,mar,Recaudación (1= 2 + 3),2533465077.86
027_Ejecución mensual del presupuesto del FET - Ejerci.pdf,2022-04-01,2022,abr,Recaudación (1= 2 + 3),2385165476.65
027_Ejecución mensual del presupuesto del FET - Ejerci.pdf,2022-05-01,2022,may,Recaudación (1= 2 + 3),2524390144.43
027_Ejecución mensual del presupuesto del FET - Ejerci.pdf,2022-06-01,2022,jun,Recaudación (1= 2 + 3),2987663752.33
027_Ejecución mensual del presupuesto del FET - Ejerci.pdf,2022-07-01,2022,jul,Recaudación (1= 2 + 3),2247871758.68
027_Ejecución mensual del presupuesto del FET - Ejerci.pdf,2022-08-01,2022,ago,Recaudación (1= 2 + 3),3185382112.07
027_Ejecución mensual del presupuesto del FET - Ejerci.pdf,2022-09-01,2022,sep,Recaudación (1= 2 + 3),3400459568.59
027_Ejecución mensual del presupuesto del FET - Ejerci.pdf,2022-10-01,2022,oct,Recaudación (1= 2 + 3),3185226670.39
027_Ejecución mensual del presupuesto del FET - Ejerci.pdf,2022-11-01,2022,nov,Recaudación (1= 2 + 3),3429598767.82
027_Ejecución mensual del presupuesto del FET - Ejerci.pdf,2022-12-01,2022,dic,Recaudación (1= 2 + 3),3806025576.54
027_Ejecución mensual del presupuesto del FET - Ejerci.pdf,2022-01-01,2022,ene,Recaudación Provincias (2),2478676481.22
027_Ejecución mensual del presupuesto del FET - Ejerci.pdf,2022-02-01,2022,feb,Recaudación Provincias (2),2371888031.89
027_Ejecución mensual del presupuesto del FET - Ejerci.pdf,2022-03-01,2022,mar,Recaudación Provincias (2),2450665684.09
027_Ejecución mensual del presupuesto del FET - Ejerci.pdf,2022-04-01,2022,abr,Recaudación Provincias (2),2303490449.93
027_Ejecución mensual del presupuesto del FET - Ejerci.pdf,2022-05-01,2022,may,Recaudación Provincias (2),2441833652.64
027_Ejecución mensual del presupuesto del FET - Ejerci.pdf,2022-06-01,2022,jun,Recaudación Provincias (2),2888158433.44
027_Ejecución mensual del presupuesto del FET - Ejerci.pdf,2022-07-01,2022,jul,Recaudación Provincias (2),2170687831.79
027_Ejecución mensual del presupuesto del FET - Ejerci.pdf,2022-08-01,2022,ago,Recaudación Provincias (2),3081997575.64
027_Ejecución mensual del presupuesto del FET - Ejerci.pdf,2022-09-01,2022,sep,Recaudación Provincias (2),3288390547.84
027_Ejecución mensual del presupuesto del FET - Ejerci.pdf,2022-10-01,2022,oct,Recaudación Provincias (2),3074473945.07
027_Ejecución mensual del presupuesto del FET - Ejerci.pdf,2022-11-01,2022,nov,Recaudación Provincias (2),3311995087.83
027_Ejecución mensual del presupuesto del FET - Ejerci.pdf,2022-12-01,2022,dic,Recaudación Provincias (2),3673146666.14
027_Ejecución mensual del presupuesto del FET - Ejerci.pdf,2022-01-01,2022,ene,Obra Social (3),86942371.33
027_Ejecución mensual del presupuesto del FET - Ejerci.pdf,2022-02-01,2022,feb,Obra Social (3),82799393.77
027_Ejecución mensual del presupuesto del FET - Ejerci.pdf,2022-03-01,2022,mar,Obra Social (3),81675026.72
027_Ejecución mensual del presupuesto del FET - Ejerci.pdf,2022-04-01,2022,abr,Obra Social (3),82556491.79
027_Ejecución mensual del presupuesto del FET - Ejerci.pdf,2022-05-01,2022,may,Obra Social (3),99505318.89
027_Ejecución mensual del presupuesto del FET - Ejerci.pdf,2022-06-01,2022,jun,Obra Social (3),77183926.89
027_Ejecución mensual del presupuesto del FET - Ejerci.pdf,2022-07-01,2022,jul,Obra Social (3),103384536.43
027_Ejecución mensual del presupuesto del FET - Ejerci.pdf,2022-08-01,2022,ago,Obra Social (3),112069020.75
027_Ejecución mensual del presupuesto del FET - Ejerci.pdf,2022-09-01,2022,sep,Obra Social (3),110752725.32
027_Ejecución mensual del presupuesto del FET - Ejerci.pdf,2022-10-01,2022,oct,Obra Social (3),117603679.99
027_Ejecución mensual del presupuesto del FET - Ejerci.pdf,2022-11-01,2022,nov,Obra Social (3),132878910.4
027_Ejecución mensual del presupuesto del FET - Ejerci.pdf,2022-12-01,2022,dic,Obra Social (3),1163961456.23
027_Ejecución mensual del presupuesto del FET - Ejerci.pdf,2022-01-01,2022,ene,Total Transferido ( Precio),0.0
027_Ejecución mensual del presupuesto del FET - Ejerci.pdf,2022-02-01,2022,feb,Total Transferido ( Precio),0.0
027_Ejecución mensual del presupuesto del FET - Ejerci.pdf,2022-03-01,2022,mar,Total Transferido ( Precio),0.0
027_Ejecución mensual del presupuesto del FET - Ejerci.pdf,2022-04-01,2022,abr,Total Transferido ( Precio),1128431377.38
027_Ejecución mensual del presupuesto del FET - Ejerci.pdf,2022-05-01,2022,may,Total Transferido ( Precio),845582209.91
027_Ejecución mensual del presupuesto del FET - Ejerci.pdf,2022-06-01,2022,jun,Total Transferido ( Precio),64689727.39
027_Ejecución mensual del presupuesto del FET - Ejerci.pdf,2022-07-01,2022,jul,Total Transferido ( Precio),1354123441.42
027_Ejecución mensual del presupuesto del FET - Ejerci.pdf,2022-08-01,2022,ago,Total Transferido ( Precio),122266245.62
027_Ejecución mensual del presupuesto del FET - Ejerci.pdf,2022-09-01,2022,sep,Total Transferido ( Precio),1984433786.81
027_Ejecución mensual del presupuesto del FET - Ejerci.pdf,2022-10-01,2022,oct,Total Transferido ( Precio),1228538275.05
027_Ejecución mensual del presupuesto del FET - Ejerci.pdf,2022-11-01,2022,nov,Total Transferido ( Precio),1256090083.67
027_Ejecución mensual del presupuesto del FET - Ejerci.pdf,2022-12-01,2022,dic,Total Transferido ( Precio),3298167304.95
027_Ejecución mensual del presupuesto del FET - Ejerci.pdf,2022-01-01,2022,ene,Retribución al Productor Tabacalero 2022 (Precio),0.0
027_Ejecución mensual del presupuesto del FET - Ejerci.pdf,2022-02-01,2022,feb,Retribución al Productor Tabacalero 2022 (Precio),0.0
027_Ejecución mensual del presupuesto del FET - Ejerci.pdf,2022-03-01,2022,mar,Retribución al Productor Tabacalero 2022 (Precio),0.0
027_Ejecución mensual del presupuesto del FET - Ejerci.pdf,2022-04-01,2022,abr,Retribución al Productor Tabacalero 2022 (Precio),1128431377.38
027_Ejecución mensual del presupuesto del FET - Ejerci.pdf,2022-05-01,2022,may,Retribución al Productor Tabacalero 2022 (Precio),845582209.91
027_Ejecución mensual del presupuesto del FET - Ejerci.pdf,2022-06-01,2022,jun,Retribución al Productor Tabacalero 2022 (Precio),64689727.39
027_Ejecución mensual del presupuesto del FET - Ejerci.pdf,2022-07-01,2022,jul,Retribución al Productor Tabacalero 2022 (Precio),1354123441.42
027_Ejecución mensual del presupuesto del FET - Ejerci.pdf,2022-08-01,2022,ago,Retribución al Productor Tabacalero 2022 (Precio),122266245.62
027_Ejecución mensual del presupuesto del FET - Ejerci.pdf,2022-09-01,2022,sep,Retribución al Productor Tabacalero 2022 (Precio),1984433786.81
027_Ejecución mensual del presupuesto del FET - Ejerci.pdf,2022-10-01,2022,oct,Retribución al Productor Tabacalero 2022 (Precio),1228538275.05
027_Ejecución mensual del presupuesto del FET - Ejerci.pdf,2022-11-01,2022,nov,Retribución al Productor Tabacalero 2022 (Precio),1256090083.67
027_Ejecución mensual del presupuesto del FET - Ejerci.pdf,2022-12-01,2022,dic,Retribución al Productor Tabacalero 2022 (Precio),3298167304.95
027_Ejecución mensual del presupuesto del FET - Ejerci.pdf,2022-01-01,2022,ene,Planes Excedente del 80% + Planes 20% (*) (5),0.0
027_Ejecución mensual del presupuesto del FET - Ejerci.pdf,2022-02-01,2022,feb,Planes Excedente del 80% + Planes 20% (*) (5),545522159.4
027_Ejecución mensual del presupuesto del FET - Ejerci.pdf,2022-03-01,2022,mar,Planes Excedente del 80% + Planes 20% (*) (5),1737954628.3
027_Ejecución mensual del presupuesto del FET - Ejerci.pdf,2022-04-01,2022,abr,Planes Excedente del 80% + Planes 20% (*) (5),1001377029.51
027_Ejecución mensual del presupuesto del FET - Ejerci.pdf,2022-05-01,2022,may,Planes Excedente del 80% + Planes 20% (*) (5),597831032.22
027_Ejecución mensual del presupuesto del FET - Ejerci.pdf,2022-06-01,2022,jun,Planes Excedente del 80% + Planes 20% (*) (5),1045963068.59
027_Ejecución mensual del presupuesto del FET - Ejerci.pdf,2022-07-01,2022,jul,Planes Excedente del 80% + Planes 20% (*) (5),1962478047.24
027_Ejecución mensual del presupuesto del FET - Ejerci.pdf,2022-08-01,2022,ago,Planes Excedente del 80% + Planes 20% (*) (5),416552226.0
027_Ejecución mensual del presupuesto del FET - Ejerci.pdf,2022-09-01,2022,sep,Planes Excedente del 80% + Planes 20% (*) (5),4773942149.7
027_Ejecución mensual del presupuesto del FET - Ejerci.pdf,2022-10-01,2022,oct,Planes Excedente del 80% + Planes 20% (*) (5),3293672794.67
027_Ejecución mensual del presupuesto del FET - Ejerci.pdf,2022-11-01,2022,nov,Planes Excedente del 80% + Planes 20% (*) (5),1736909899.1
027_Ejecución mensual del presupuesto del FET - Ejerci.pdf,2022-12-01,2022,dic,Planes Excedente del 80% + Planes 20% (*) (5),4661097086.32
027_Ejecución mensual del presupuesto del FET - Ejerci.pdf,2022-01-01,2022,ene,Sueldos FET (por Convenio) (6),0.0
027_Ejecución mensual del presupuesto del FET - Ejerci.pdf,2022-02-01,2022,feb,Sueldos FET (por Convenio) (6),0.0
027_Ejecución mensual del presupuesto del FET - Ejerci.pdf,2022-03-01,2022,mar,Sueldos FET (por Convenio) (6),0.0
027_Ejecución mensual del presupuesto del FET - Ejerci.pdf,2022-04-01,2022,abr,Sueldos FET (por Convenio) (6),0.0
027_Ejecución mensual del presupuesto del FET - Ejerci.pdf,2022-05-01,2022,may,Sueldos FET (por Convenio) (6),0.0
027_Ejecución mensual del presupuesto del FET - Ejerci.pdf,2022-06-01,2022,jun,Sueldos FET (por Convenio) (6),0.0
027_Ejecución mensual del presupuesto del FET - Ejerci.pdf,2022-07-01,2022,jul,Sueldos FET (por Convenio) (6),0.0
027_Ejecución mensual del presupuesto del FET - Ejerci.pdf,2022-08-01,2022,ago,Sueldos FET (por Convenio) (6),0.0
027_Ejecución mensual del presupuesto del FET - Ejerci.pdf,2022-09-01,2022,sep,Sueldos FET (por Convenio) (6),0.0
027_Ejecución mensual del presupuesto del FET - Ejerci.pdf,2022-10-01,2022,oct,Sueldos FET (por Convenio) (6),0.0
027_Ejecución mensual del presupuesto del FET - Ejerci.pdf,2022-11-01,2022,nov,Sueldos FET (por Convenio) (6),0.0
027_Ejecución mensual del presupuesto del FET - Ejerci.pdf,2022-12-01,2022,dic,Sueldos FET (por Convenio) (6),0.0
027_Ejecución mensual del presupuesto del FET - Ejerci.pdf,2022-01-01,2022,ene,Ley 19.800 Art. 27 b) (3%) (7),0.0
027_Ejecución mensual del presupuesto del FET - Ejerci.pdf,2022-02-01,2022,feb,Ley 19.800 Art. 27 b) (3%) (7),0.0
027_Ejecución mensual del presupuesto del FET - Ejerci.pdf,2022-03-01,2022,mar,Ley 19.800 Art. 27 b) (3%) (7),0.0
027_Ejecución mensual del presupuesto del FET - Ejerci.pdf,2022-04-01,2022,abr,Ley 19.800 Art. 27 b) (3%) (7),0.0
027_Ejecución mensual del presupuesto del FET - Ejerci.pdf,2022-05-01,2022,may,Ley 19.800 Art. 27 b) (3%) (7),0.0
027_Ejecución mensual del presupuesto del FET - Ejerci.pdf,2022-06-01,2022,jun,Ley 19.800 Art. 27 b) (3%) (7),0.0
027_Ejecución mensual del presupuesto del FET - Ejerci.pdf,2022-07-01,2022,jul,Ley 19.800 Art. 27 b) (3%) (7),0.0
027_Ejecución mensual del presupuesto del FET - Ejerci.pdf,2022-08-01,2022,ago,Ley 19.800 Art. 27 b) (3%) (7),150000000.0
027_Ejecución mensual del presupuesto del FET - Ejerci.pdf,2022-09-01,2022,sep,Ley 19.800 Art. 27 b) (3%) (7),0.0
027_Ejecución mensual del presupuesto del FET - Ejerci.pdf,2022-10-01,2022,oct,Ley 19.800 Art. 27 b) (3%) (7),0.0
027_Ejecución mensual del presupuesto del FET - Ejerci.pdf,2022-11-01,2022,nov,Ley 19.800 Art. 27 b) (3%) (7),0.0
027_Ejecución mensual del presupuesto del FET - Ejerci.pdf,2022-12-01,2022,dic,Ley 19.800 Art. 27 b) (3%) (7),0.0
027_Ejecución mensual del presupuesto del FET - Ejerci.pdf,2022-01-01,2022,ene,Transferencias Automaticas 80%,0.0
027_Ejecución mensual del presupuesto del FET - Ejerci.pdf,2022-02-01,2022,feb,Transferencias Automaticas 80%,2034586197.26
027_Ejecución mensual del presupuesto del FET - Ejerci.pdf,2022-03-01,2022,mar,Transferencias Automaticas 80%,1842460853.46
027_Ejecución mensual del presupuesto del FET - Ejerci.pdf,2022-04-01,2022,abr,Transferencias Automaticas 80%,3875433669.07
027_Ejecución mensual del presupuesto del FET - Ejerci.pdf,2022-05-01,2022,may,Transferencias Automaticas 80%,1921064209.25
027_Ejecución mensual del presupuesto del FET - Ejerci.pdf,2022-06-01,2022,jun,Transferencias Automaticas 80%,2220906376.99
027_Ejecución mensual del presupuesto del FET - Ejerci.pdf,2022-07-01,2022,jul,Transferencias Automaticas 80%,1842949119.54
027_Ejecución mensual del presupuesto del FET - Ejerci.pdf,2022-08-01,2022,ago,Transferencias Automaticas 80%,5011531932.35
027_Ejecución mensual del presupuesto del FET - Ejerci.pdf,2022-09-01,2022,sep,Transferencias Automaticas 80%,2560516389.15
027_Ejecución mensual del presupuesto del FET - Ejerci.pdf,2022-10-01,2022,oct,Transferencias Automaticas 80%,2643781739.22
027_Ejecución mensual del presupuesto del FET - Ejerci.pdf,2022-11-01,2022,nov,Transferencias Automaticas 80%,2942791377.74
027_Ejecución mensual del presupuesto del FET - Ejerci.pdf,2022-12-01,2022,dic,Transferencias Automaticas 80%,26896021864.03
027_Ejecución mensual del presupuesto del FET - Ejerci.pdf,2022-01-01,2022,ene,Imputado por las Provincias,0.0
027_Ejecución mensual del presupuesto del FET - Ejerci.pdf,2022-02-01,2022,feb,Imputado por las Provincias,240366847.24
027_Ejecución mensual del presupuesto del FET - Ejerci.pdf,2022-03-01,2022,mar,Imputado por las Provincias,1548351663.79
027_Ejecución mensual del presupuesto del FET - Ejerci.pdf,2022-04-01,2022,abr,Imputado por las Provincias,1571126987.73
027_Ejecución mensual del presupuesto del FET - Ejerci.pdf,2022-05-01,2022,may,Imputado por las Provincias,1436191110.11
027_Ejecución mensual del presupuesto del FET - Ejerci.pdf,2022-06-01,2022,jun,Imputado por las Provincias,796715822.39
027_Ejecución mensual del presupuesto del FET - Ejerci.pdf,2022-07-01,2022,jul,Imputado por las Provincias,2213631155.79
027_Ejecución mensual del presupuesto del FET - Ejerci.pdf,2022-08-01,2022,ago,Imputado por las Provincias,122266245.62
027_Ejecución mensual del presupuesto del FET - Ejerci.pdf,2022-09-01,2022,sep,Imputado por las Provincias,5909629037.58
027_Ejecución mensual del presupuesto del FET - Ejerci.pdf,2022-10-01,2022,oct,Imputado por las Provincias,3185914793.44
027_Ejecución mensual del presupuesto del FET - Ejerci.pdf,2022-11-01,2022,nov,Imputado por las Provincias,2802477685.82
027_Ejecución mensual del presupuesto del FET - Ejerci.pdf,2022-12-01,2022,dic,Imputado por las Provincias,6806305874.46
028_109400_EjecuciC3B3n mensual del presupuesto del FE.pdf,2022-01-01,2022,ene,Recaudación (1= 2 + 3),2565618852.55
028_109400_EjecuciC3B3n mensual del presupuesto del FE.pdf,2022-02-01,2022,feb,Recaudación (1= 2 + 3),2448498085.84
028_109400_EjecuciC3B3n mensual del presupuesto del FE.pdf,2022-03-01,2022,mar,Recaudación (1= 2 + 3),2533465077.86
028_109400_EjecuciC3B3n mensual del presupuesto del FE.pdf,2022-04-01,2022,abr,Recaudación (1= 2 + 3),2385165476.65
028_109400_EjecuciC3B3n mensual del presupuesto del FE.pdf,2022-05-01,2022,may,Recaudación (1= 2 + 3),2524390144.43
028_109400_EjecuciC3B3n mensual del presupuesto del FE.pdf,2022-06-01,2022,jun,Recaudación (1= 2 + 3),2987663752.33
028_109400_EjecuciC3B3n mensual del presupuesto del FE.pdf,2022-07-01,2022,jul,Recaudación (1= 2 + 3),2247871758.68
028_109400_EjecuciC3B3n mensual del presupuesto del FE.pdf,2022-08-01,2022,ago,Recaudación (1= 2 + 3),3185382112.07
028_109400_EjecuciC3B3n mensual del presupuesto del FE.pdf,2022-09-01,2022,sep,Recaudación (1= 2 + 3),3400459568.59
028_109400_EjecuciC3B3n mensual del presupuesto del FE.pdf,2022-10-01,2022,oct,Recaudación (1= 2 + 3),3185226670.39
028_109400_EjecuciC3B3n mensual del presupuesto del FE.pdf,2022-11-01,2022,nov,Recaudación (1= 2 + 3),3429598767.82
028_109400_EjecuciC3B3n mensual del presupuesto del FE.pdf,2022-12-01,2022,dic,Recaudación (1= 2 + 3),3806025576.54
028_109400_EjecuciC3B3n mensual del presupuesto del FE.pdf,2022-01-01,2022,ene,Recaudación Provincias (2),2478676481.22
028_109400_EjecuciC3B3n mensual del presupuesto del FE.pdf,2022-02-01,2022,feb,Recaudación Provincias (2),2371888031.89
028_109400_EjecuciC3B3n mensual del presupuesto del FE.pdf,2022-03-01,2022,mar,Recaudación Provincias (2),2450665684.09
028_109400_EjecuciC3B3n mensual del presupuesto del FE.pdf,2022-04-01,2022,abr,Recaudación Provincias (2),2303490449.93
028_109400_EjecuciC3B3n mensual del presupuesto del FE.pdf,2022-05-01,2022,may,Recaudación Provincias (2),2441833652.64
028_109400_EjecuciC3B3n mensual del presupuesto del FE.pdf,2022-06-01,2022,jun,Recaudación Provincias (2),2888158433.44
028_109400_EjecuciC3B3n mensual del presupuesto del FE.pdf,2022-07-01,2022,jul,Recaudación Provincias (2),2170687831.79
028_109400_EjecuciC3B3n mensual del presupuesto del FE.pdf,2022-08-01,2022,ago,Recaudación Provincias (2),3081997575.64
028_109400_EjecuciC3B3n mensual del presupuesto del FE.pdf,2022-09-01,2022,sep,Recaudación Provincias (2),3288390547.84
028_109400_EjecuciC3B3n mensual del presupuesto del FE.pdf,2022-10-01,2022,oct,Recaudación Provincias (2),3074473945.07
028_109400_EjecuciC3B3n mensual del presupuesto del FE.pdf,2022-11-01,2022,nov,Recaudación Provincias (2),3311995087.83
028_109400_EjecuciC3B3n mensual del presupuesto del FE.pdf,2022-12-01,2022,dic,Recaudación Provincias (2),3673146666.14
028_109400_EjecuciC3B3n mensual del presupuesto del FE.pdf,2022-01-01,2022,ene,Obra Social (3),86942371.33
028_109400_EjecuciC3B3n mensual del presupuesto del FE.pdf,2022-02-01,2022,feb,Obra Social (3),82799393.77
028_109400_EjecuciC3B3n mensual del presupuesto del FE.pdf,2022-03-01,2022,mar,Obra Social (3),81675026.72
028_109400_EjecuciC3B3n mensual del presupuesto del FE.pdf,2022-04-01,2022,abr,Obra Social (3),82556491.79
028_109400_EjecuciC3B3n mensual del presupuesto del FE.pdf,2022-05-01,2022,may,Obra Social (3),99505318.89
028_109400_EjecuciC3B3n mensual del presupuesto del FE.pdf,2022-06-01,2022,jun,Obra Social (3),77183926.89
028_109400_EjecuciC3B3n mensual del presupuesto del FE.pdf,2022-07-01,2022,jul,Obra Social (3),103384536.43
028_109400_EjecuciC3B3n mensual del presupuesto del FE.pdf,2022-08-01,2022,ago,Obra Social (3),112069020.75
028_109400_EjecuciC3B3n mensual del presupuesto del FE.pdf,2022-09-01,2022,sep,Obra Social (3),110752725.32
028_109400_EjecuciC3B3n mensual del presupuesto del FE.pdf,2022-10-01,2022,oct,Obra Social (3),117603679.99
028_109400_EjecuciC3B3n mensual del presupuesto del FE.pdf,2022-11-01,2022,nov,Obra Social (3),132878910.4
028_109400_EjecuciC3B3n mensual del presupuesto del FE.pdf,2022-12-01,2022,dic,Obra Social (3),1163961456.23
028_109400_EjecuciC3B3n mensual del presupuesto del FE.pdf,2022-01-01,2022,ene,Total Transferido ( Precio),0.0
028_109400_EjecuciC3B3n mensual del presupuesto del FE.pdf,2022-02-01,2022,feb,Total Transferido ( Precio),0.0
028_109400_EjecuciC3B3n mensual del presupuesto del FE.pdf,2022-03-01,2022,mar,Total Transferido ( Precio),0.0
028_109400_EjecuciC3B3n mensual del presupuesto del FE.pdf,2022-04-01,2022,abr,Total Transferido ( Precio),1128431377.38
028_109400_EjecuciC3B3n mensual del presupuesto del FE.pdf,2022-05-01,2022,may,Total Transferido ( Precio),845582209.91
028_109400_EjecuciC3B3n mensual del presupuesto del FE.pdf,2022-06-01,2022,jun,Total Transferido ( Precio),64689727.39
028_109400_EjecuciC3B3n mensual del presupuesto del FE.pdf,2022-07-01,2022,jul,Total Transferido ( Precio),1354123441.42
028_109400_EjecuciC3B3n mensual del presupuesto del FE.pdf,2022-08-01,2022,ago,Total Transferido ( Precio),122266245.62
028_109400_EjecuciC3B3n mensual del presupuesto del FE.pdf,2022-09-01,2022,sep,Total Transferido ( Precio),1984433786.81
028_109400_EjecuciC3B3n mensual del presupuesto del FE.pdf,2022-10-01,2022,oct,Total Transferido ( Precio),1228538275.05
028_109400_EjecuciC3B3n mensual del presupuesto del FE.pdf,2022-11-01,2022,nov,Total Transferido ( Precio),1256090083.67
028_109400_EjecuciC3B3n mensual del presupuesto del FE.pdf,2022-12-01,2022,dic,Total Transferido ( Precio),3298167304.95
028_109400_EjecuciC3B3n mensual del presupuesto del FE.pdf,2022-01-01,2022,ene,Retribución al Productor Tabacalero 2022 (Precio),0.0
028_109400_EjecuciC3B3n mensual del presupuesto del FE.pdf,2022-02-01,2022,feb,Retribución al Productor Tabacalero 2022 (Precio),0.0
028_109400_EjecuciC3B3n mensual del presupuesto del FE.pdf,2022-03-01,2022,mar,Retribución al Productor Tabacalero 2022 (Precio),0.0
028_109400_EjecuciC3B3n mensual del presupuesto del FE.pdf,2022-04-01,2022,abr,Retribución al Productor Tabacalero 2022 (Precio),1128431377.38
028_109400_EjecuciC3B3n mensual del presupuesto del FE.pdf,2022-05-01,2022,may,Retribución al Productor Tabacalero 2022 (Precio),845582209.91
028_109400_EjecuciC3B3n mensual del presupuesto del FE.pdf,2022-06-01,2022,jun,Retribución al Productor Tabacalero 2022 (Precio),64689727.39
028_109400_EjecuciC3B3n mensual del presupuesto del FE.pdf,2022-07-01,2022,jul,Retribución al Productor Tabacalero 2022 (Precio),1354123441.42
028_109400_EjecuciC3B3n mensual del presupuesto del FE.pdf,2022-08-01,2022,ago,Retribución al Productor Tabacalero 2022 (Precio),122266245.62
028_109400_EjecuciC3B3n mensual del presupuesto del FE.pdf,2022-09-01,2022,sep,Retribución al Productor Tabacalero 2022 (Precio),1984433786.81
028_109400_EjecuciC3B3n mensual del presupuesto del FE.pdf,2022-10-01,2022,oct,Retribución al Productor Tabacalero 2022 (Precio),1228538275.05
028_109400_EjecuciC3B3n mensual del presupuesto del FE.pdf,2022-11-01,2022,nov,Retribución al Productor Tabacalero 2022 (Precio),1256090083.67
028_109400_EjecuciC3B3n mensual del presupuesto del FE.pdf,2022-12-01,2022,dic,Retribución al Productor Tabacalero 2022 (Precio),3298167304.95
028_109400_EjecuciC3B3n mensual del presupuesto del FE.pdf,2022-01-01,2022,ene,Planes Excedente del 80% + Planes 20% (*) (5),0.0
028_109400_EjecuciC3B3n mensual del presupuesto del FE.pdf,2022-02-01,2022,feb,Planes Excedente del 80% + Planes 20% (*) (5),545522159.4
028_109400_EjecuciC3B3n mensual del presupuesto del FE.pdf,2022-03-01,2022,mar,Planes Excedente del 80% + Planes 20% (*) (5),1737954628.3
028_109400_EjecuciC3B3n mensual del presupuesto del FE.pdf,2022-04-01,2022,abr,Planes Excedente del 80% + Planes 20% (*) (5),1001377029.51
028_109400_EjecuciC3B3n mensual del presupuesto del FE.pdf,2022-05-01,2022,may,Planes Excedente del 80% + Planes 20% (*) (5),597831032.22
028_109400_EjecuciC3B3n mensual del presupuesto del FE.pdf,2022-06-01,2022,jun,Planes Excedente del 80% + Planes 20% (*) (5),1045963068.59
028_109400_EjecuciC3B3n mensual del presupuesto del FE.pdf,2022-07-01,2022,jul,Planes Excedente del 80% + Planes 20% (*) (5),1962478047.24
028_109400_EjecuciC3B3n mensual del presupuesto del FE.pdf,2022-08-01,2022,ago,Planes Excedente del 80% + Planes 20% (*) (5),416552226.0
028_109400_EjecuciC3B3n mensual del presupuesto del FE.pdf,2022-09-01,2022,sep,Planes Excedente del 80% + Planes 20% (*) (5),4773942149.7
028_109400_EjecuciC3B3n mensual del presupuesto del FE.pdf,2022-10-01,2022,oct,Planes Excedente del 80% + Planes 20% (*) (5),3293672794.67
028_109400_EjecuciC3B3n mensual del presupuesto del FE.pdf,2022-11-01,2022,nov,Planes Excedente del 80% + Planes 20% (*) (5),1736909899.1
028_109400_EjecuciC3B3n mensual del presupuesto del FE.pdf,2022-12-01,2022,dic,Planes Excedente del 80% + Planes 20% (*) (5),4661097086.32
028_109400_EjecuciC3B3n mensual del presupuesto del FE.pdf,2022-01-01,2022,ene,Sueldos FET (por Convenio) (6),0.0
028_109400_EjecuciC3B3n mensual del presupuesto del FE.pdf,2022-02-01,2022,feb,Sueldos FET (por Convenio) (6),0.0
028_109400_EjecuciC3B3n mensual del presupuesto del FE.pdf,2022-03-01,2022,mar,Sueldos FET (por Convenio) (6),0.0
028_109400_EjecuciC3B3n mensual del presupuesto del FE.pdf,2022-04-01,2022,abr,Sueldos FET (por Convenio) (6),0.0
028_109400_EjecuciC3B3n mensual del presupuesto del FE.pdf,2022-05-01,2022,may,Sueldos FET (por Convenio) (6),0.0
028_109400_EjecuciC3B3n mensual del presupuesto del FE.pdf,2022-06-01,2022,jun,Sueldos FET (por Convenio) (6),0.0
028_109400_EjecuciC3B3n mensual del presupuesto del FE.pdf,2022-07-01,2022,jul,Sueldos FET (por Convenio) (6),0.0
028_109400_EjecuciC3B3n mensual del presupuesto del FE.pdf,2022-08-01,2022,ago,Sueldos FET (por Convenio) (6),0.0
028_109400_EjecuciC3B3n mensual del presupuesto del FE.pdf,2022-09-01,2022,sep,Sueldos FET (por Convenio) (6),0.0
028_109400_EjecuciC3B3n mensual del presupuesto del FE.pdf,2022-10-01,2022,oct,Sueldos FET (por Convenio) (6),0.0
028_109400_EjecuciC3B3n mensual del presupuesto del FE.pdf,2022-11-01,2022,nov,Sueldos FET (por Convenio) (6),0.0
028_109400_EjecuciC3B3n mensual del presupuesto del FE.pdf,2022-12-01,2022,dic,Sueldos FET (por Convenio) (6),0.0
028_109400_EjecuciC3B3n mensual del presupuesto del FE.pdf,2022-01-01,2022,ene,Ley 19.800 Art. 27 b) (3%) (7),0.0
028_109400_EjecuciC3B3n mensual del presupuesto del FE.pdf,2022-02-01,2022,feb,Ley 19.800 Art. 27 b) (3%) (7),0.0
028_109400_EjecuciC3B3n mensual del presupuesto del FE.pdf,2022-03-01,2022,mar,Ley 19.800 Art. 27 b) (3%) (7),0.0
028_109400_EjecuciC3B3n mensual del presupuesto del FE.pdf,2022-04-01,2022,abr,Ley 19.800 Art. 27 b) (3%) (7),0.0
028_109400_EjecuciC3B3n mensual del presupuesto del FE.pdf,2022-05-01,2022,may,Ley 19.800 Art. 27 b) (3%) (7),0.0
028_109400_EjecuciC3B3n mensual del presupuesto del FE.pdf,2022-06-01,2022,jun,Ley 19.800 Art. 27 b) (3%) (7),0.0
028_109400_EjecuciC3B3n mensual del presupuesto del FE.pdf,2022-07-01,2022,jul,Ley 19.800 Art. 27 b) (3%) (7),0.0
028_109400_EjecuciC3B3n mensual del presupuesto del FE.pdf,2022-08-01,2022,ago,Ley 19.800 Art. 27 b) (3%) (7),150000000.0
028_109400_EjecuciC3B3n mensual del presupuesto del FE.pdf,2022-09-01,2022,sep,Ley 19.800 Art. 27 b) (3%) (7),0.0
028_109400_EjecuciC3B3n mensual del presupuesto del FE.pdf,2022-10-01,2022,oct,Ley 19.800 Art. 27 b) (3%) (7),0.0
028_109400_EjecuciC3B3n mensual del presupuesto del FE.pdf,2022-11-01,2022,nov,Ley 19.800 Art. 27 b) (3%) (7),0.0
028_109400_EjecuciC3B3n mensual del presupuesto del FE.pdf,2022-12-01,2022,dic,Ley 19.800 Art. 27 b) (3%) (7),0.0
028_109400_EjecuciC3B3n mensual del presupuesto del FE.pdf,2022-01-01,2022,ene,Transferencias Automaticas 80%,0.0
028_109400_EjecuciC3B3n mensual del presupuesto del FE.pdf,2022-02-01,2022,feb,Transferencias Automaticas 80%,2034586197.26
028_109400_EjecuciC3B3n mensual del presupuesto del FE.pdf,2022-03-01,2022,mar,Transferencias Automaticas 80%,1842460853.46
028_109400_EjecuciC3B3n mensual del presupuesto del FE.pdf,2022-04-01,2022,abr,Transferencias Automaticas 80%,3875433669.07
028_109400_EjecuciC3B3n mensual del presupuesto del FE.pdf,2022-05-01,2022,may,Transferencias Automaticas 80%,1921064209.25
028_109400_EjecuciC3B3n mensual del presupuesto del FE.pdf,2022-06-01,2022,jun,Transferencias Automaticas 80%,2220906376.99
028_109400_EjecuciC3B3n mensual del presupuesto del FE.pdf,2022-07-01,2022,jul,Transferencias Automaticas 80%,1842949119.54
028_109400_EjecuciC3B3n mensual del presupuesto del FE.pdf,2022-08-01,2022,ago,Transferencias Automaticas 80%,5011531932.35
028_109400_EjecuciC3B3n mensual del presupuesto del FE.pdf,2022-09-01,2022,sep,Transferencias Automaticas 80%,2560516389.15
028_109400_EjecuciC3B3n mensual del presupuesto del FE.pdf,2022-10-01,2022,oct,Transferencias Automaticas 80%,2643781739.22
028_109400_EjecuciC3B3n mensual del presupuesto del FE.pdf,2022-11-01,2022,nov,Transferencias Automaticas 80%,2942791377.74
028_109400_EjecuciC3B3n mensual del presupuesto del FE.pdf,2022-12-01,2022,dic,Transferencias Automaticas 80%,26896021864.03
028_109400_EjecuciC3B3n mensual del presupuesto del FE.pdf,2022-01-01,2022,ene,Imputado por las Provincias,0.0
028_109400_EjecuciC3B3n mensual del presupuesto del FE.pdf,2022-02-01,2022,feb,Imputado por las Provincias,240366847.24
028_109400_EjecuciC3B3n mensual del presupuesto del FE.pdf,2022-03-01,2022,mar,Imputado por las Provincias,1548351663.79
028_109400_EjecuciC3B3n mensual del presupuesto del FE.pdf,2022-04-01,2022,abr,Imputado por las Provincias,1571126987.73
028_109400_EjecuciC3B3n mensual del presupuesto del FE.pdf,2022-05-01,2022,may,Imputado por las Provincias,1436191110.11
028_109400_EjecuciC3B3n mensual del presupuesto del FE.pdf,2022-06-01,2022,jun,Imputado por las Provincias,796715822.39
028_109400_EjecuciC3B3n mensual del presupuesto del FE.pdf,2022-07-01,2022,jul,Imputado por las Provincias,2213631155.79
028_109400_EjecuciC3B3n mensual del presupuesto del FE.pdf,2022-08-01,2022,ago,Imputado por las Provincias,122266245.62
028_109400_EjecuciC3B3n mensual del presupuesto del FE.pdf,2022-09-01,2022,sep,Imputado por las Provincias,5909629037.58
028_109400_EjecuciC3B3n mensual del presupuesto del FE.pdf,2022-10-01,2022,oct,Imputado por las Provincias,3185914793.44
028_109400_EjecuciC3B3n mensual del presupuesto del FE.pdf,2022-11-01,2022,nov,Imputado por las Provincias,2802477685.82
028_109400_EjecuciC3B3n mensual del presupuesto del FE.pdf,2022-12-01,2022,dic,Imputado por las Provincias,6806305874.46
029_Ejecución mensual del presupuesto del FET - Ejerci.pdf,2021-01-01,2021,ene,ACTUALIZADO AL: 24/10/2024,1784910895.83
029_Ejecución mensual del presupuesto del FET - Ejerci.pdf,2021-02-01,2021,feb,ACTUALIZADO AL: 24/10/2024,1725514600.57
029_Ejecución mensual del presupuesto del FET - Ejerci.pdf,2021-03-01,2021,mar,ACTUALIZADO AL: 24/10/2024,59396295.26
029_Ejecución mensual del presupuesto del FET - Ejerci.pdf,2021-04-01,2021,abr,ACTUALIZADO AL: 24/10/2024,0.0
029_Ejecución mensual del presupuesto del FET - Ejerci.pdf,2021-05-01,2021,may,ACTUALIZADO AL: 24/10/2024,0.0
029_Ejecución mensual del presupuesto del FET - Ejerci.pdf,2021-06-01,2021,jun,ACTUALIZADO AL: 24/10/2024,488466698.07
029_Ejecución mensual del presupuesto del FET - Ejerci.pdf,2021-07-01,2021,jul,ACTUALIZADO AL: 24/10/2024,328003982.92
029_Ejecución mensual del presupuesto del FET - Ejerci.pdf,2021-08-01,2021,ago,ACTUALIZADO AL: 24/10/2024,240275271.63
029_Ejecución mensual del presupuesto del FET - Ejerci.pdf,2021-09-01,2021,sep,ACTUALIZADO AL: 24/10/2024,248087763.08
029_Ejecución mensual del presupuesto del FET - Ejerci.pdf,2021-10-01,2021,oct,ACTUALIZADO AL: 24/10/2024,139081859.79
029_Ejecución mensual del presupuesto del FET - Ejerci.pdf,2021-11-01,2021,nov,ACTUALIZADO AL: 24/10/2024,270430952.01
029_Ejecución mensual del presupuesto del FET - Ejerci.pdf,2021-12-01,2021,dic,ACTUALIZADO AL: 24/10/2024,337272191.82
029_Ejecución mensual del presupuesto del FET - Ejerci.pdf,2021-01-01,2021,ene,Recaudación (1= 2 + 3),1900459745.39
029_Ejecución mensual del presupuesto del FET - Ejerci.pdf,2021-02-01,2021,feb,Recaudación (1= 2 + 3),1992752784.06
029_Ejecución mensual del presupuesto del FET - Ejerci.pdf,2021-03-01,2021,mar,Recaudación (1= 2 + 3),2104737683.59
029_Ejecución mensual del presupuesto del FET - Ejerci.pdf,2021-04-01,2021,abr,Recaudación (1= 2 + 3),1939144950.01
029_Ejecución mensual del presupuesto del FET - Ejerci.pdf,2021-05-01,2021,may,Recaudación (1= 2 + 3),1930689109.36
029_Ejecución mensual del presupuesto del FET - Ejerci.pdf,2021-06-01,2021,jun,Recaudación (1= 2 + 3),1566261792.17
029_Ejecución mensual del presupuesto del FET - Ejerci.pdf,2021-07-01,2021,jul,Recaudación (1= 2 + 3),2046750445.97
029_Ejecución mensual del presupuesto del FET - Ejerci.pdf,2021-08-01,2021,ago,Recaudación (1= 2 + 3),2299037176.11
029_Ejecución mensual del presupuesto del FET - Ejerci.pdf,2021-09-01,2021,sep,Recaudación (1= 2 + 3),2019928464.76
029_Ejecución mensual del presupuesto del FET - Ejerci.pdf,2021-10-01,2021,oct,Recaudación (1= 2 + 3),2363407045.31
029_Ejecución mensual del presupuesto del FET - Ejerci.pdf,2021-11-01,2021,nov,Recaudación (1= 2 + 3),2699259110.17
029_Ejecución mensual del presupuesto del FET - Ejerci.pdf,2021-12-01,2021,dic,Recaudación (1= 2 + 3),24647339202.73
029_Ejecución mensual del presupuesto del FET - Ejerci.pdf,2021-01-01,2021,ene,Recaudación Provincias (2),1836893040.55
029_Ejecución mensual del presupuesto del FET - Ejerci.pdf,2021-02-01,2021,feb,Recaudación Provincias (2),1924545354.51
029_Ejecución mensual del presupuesto del FET - Ejerci.pdf,2021-03-01,2021,mar,Recaudación Provincias (2),2035496560.28
029_Ejecución mensual del presupuesto del FET - Ejerci.pdf,2021-04-01,2021,abr,Recaudación Provincias (2),1871525741.91
029_Ejecución mensual del presupuesto del FET - Ejerci.pdf,2021-05-01,2021,may,Recaudación Provincias (2),1866955763.37
029_Ejecución mensual del presupuesto del FET - Ejerci.pdf,2021-06-01,2021,jun,Recaudación Provincias (2),1513206672.35
029_Ejecución mensual del presupuesto del FET - Ejerci.pdf,2021-07-01,2021,jul,Recaudación Provincias (2),1977992292.92
029_Ejecución mensual del presupuesto del FET - Ejerci.pdf,2021-08-01,2021,ago,Recaudación Provincias (2),2226116287.32
029_Ejecución mensual del presupuesto del FET - Ejerci.pdf,2021-09-01,2021,sep,Recaudación Provincias (2),1954392669.0
029_Ejecución mensual del presupuesto del FET - Ejerci.pdf,2021-10-01,2021,oct,Recaudación Provincias (2),2285593110.17
029_Ejecución mensual del presupuesto del FET - Ejerci.pdf,2021-11-01,2021,nov,Recaudación Provincias (2),2610601261.61
029_Ejecución mensual del presupuesto del FET - Ejerci.pdf,2021-12-01,2021,dic,Recaudación Provincias (2),23828833354.56
029_Ejecución mensual del presupuesto del FET - Ejerci.pdf,2021-01-01,2021,ene,Obra Social (3),63566704.84
029_Ejecución mensual del presupuesto del FET - Ejerci.pdf,2021-02-01,2021,feb,Obra Social (3),68207429.55
029_Ejecución mensual del presupuesto del FET - Ejerci.pdf,2021-03-01,2021,mar,Obra Social (3),69241123.31
029_Ejecución mensual del presupuesto del FET - Ejerci.pdf,2021-04-01,2021,abr,Obra Social (3),67619208.1
029_Ejecución mensual del presupuesto del FET - Ejerci.pdf,2021-05-01,2021,may,Obra Social (3),63733345.99
029_Ejecución mensual del presupuesto del FET - Ejerci.pdf,2021-06-01,2021,jun,Obra Social (3),53055119.82
029_Ejecución mensual del presupuesto del FET - Ejerci.pdf,2021-07-01,2021,jul,Obra Social (3),68758153.05
029_Ejecución mensual del presupuesto del FET - Ejerci.pdf,2021-08-01,2021,ago,Obra Social (3),72920888.79
029_Ejecución mensual del presupuesto del FET - Ejerci.pdf,2021-09-01,2021,sep,Obra Social (3),65535795.76
029_Ejecución mensual del presupuesto del FET - Ejerci.pdf,2021-10-01,2021,oct,Obra Social (3),77813935.14
029_Ejecución mensual del presupuesto del FET - Ejerci.pdf,2021-11-01,2021,nov,Obra Social (3),88657848.56
029_Ejecución mensual del presupuesto del FET - Ejerci.pdf,2021-12-01,2021,dic,Obra Social (3),818505848.17
029_Ejecución mensual del presupuesto del FET - Ejerci.pdf,2021-01-01,2021,ene,Total Transferido ( Precio),171300000.0
029_Ejecución mensual del presupuesto del FET - Ejerci.pdf,2021-02-01,2021,feb,Total Transferido ( Precio),3982607.13
029_Ejecución mensual del presupuesto del FET - Ejerci.pdf,2021-03-01,2021,mar,Total Transferido ( Precio),488466698.07
029_Ejecución mensual del presupuesto del FET - Ejerci.pdf,2021-04-01,2021,abr,Total Transferido ( Precio),328003982.92
029_Ejecución mensual del presupuesto del FET - Ejerci.pdf,2021-05-01,2021,may,Total Transferido ( Precio),347179825.58
029_Ejecución mensual del presupuesto del FET - Ejerci.pdf,2021-06-01,2021,jun,Total Transferido ( Precio),457712878.5
029_Ejecución mensual del presupuesto del FET - Ejerci.pdf,2021-07-01,2021,jul,Total Transferido ( Precio),139081859.79
029_Ejecución mensual del presupuesto del FET - Ejerci.pdf,2021-08-01,2021,ago,Total Transferido ( Precio),270430952.01
029_Ejecución mensual del presupuesto del FET - Ejerci.pdf,2021-09-01,2021,sep,Total Transferido ( Precio),337272191.82
029_Ejecución mensual del presupuesto del FET - Ejerci.pdf,2021-10-01,2021,oct,Total Transferido ( Precio),663368152.32
029_Ejecución mensual del presupuesto del FET - Ejerci.pdf,2021-11-01,2021,nov,Total Transferido ( Precio),2513857687.84
029_Ejecución mensual del presupuesto del FET - Ejerci.pdf,2021-12-01,2021,dic,Total Transferido ( Precio),2681009760.43
029_Ejecución mensual del presupuesto del FET - Ejerci.pdf,2021-01-01,2021,ene,Retribución al Productor Tabacalero 2020 (Precio) (*),171300000.0
029_Ejecución mensual del presupuesto del FET - Ejerci.pdf,2021-02-01,2021,feb,Retribución al Productor Tabacalero 2020 (Precio) (*),3982607.13
029_Ejecución mensual del presupuesto del FET - Ejerci.pdf,2021-03-01,2021,mar,Retribución al Productor Tabacalero 2020 (Precio) (*),0.0
029_Ejecución mensual del presupuesto del FET - Ejerci.pdf,2021-04-01,2021,abr,Retribución al Productor Tabacalero 2020 (Precio) (*),0.0
029_Ejecución mensual del presupuesto del FET - Ejerci.pdf,2021-05-01,2021,may,Retribución al Productor Tabacalero 2020 (Precio) (*),106904553.95
029_Ejecución mensual del presupuesto del FET - Ejerci.pdf,2021-06-01,2021,jun,Retribución al Productor Tabacalero 2020 (Precio) (*),209625115.42
029_Ejecución mensual del presupuesto del FET - Ejerci.pdf,2021-07-01,2021,jul,Retribución al Productor Tabacalero 2020 (Precio) (*),0.0
029_Ejecución mensual del presupuesto del FET - Ejerci.pdf,2021-08-01,2021,ago,Retribución al Productor Tabacalero 2020 (Precio) (*),0.0
029_Ejecución mensual del presupuesto del FET - Ejerci.pdf,2021-09-01,2021,sep,Retribución al Productor Tabacalero 2020 (Precio) (*),0.0
029_Ejecución mensual del presupuesto del FET - Ejerci.pdf,2021-10-01,2021,oct,Retribución al Productor Tabacalero 2020 (Precio) (*),0.0
029_Ejecución mensual del presupuesto del FET - Ejerci.pdf,2021-11-01,2021,nov,Retribución al Productor Tabacalero 2020 (Precio) (*),0.0
029_Ejecución mensual del presupuesto del FET - Ejerci.pdf,2021-12-01,2021,dic,Retribución al Productor Tabacalero 2020 (Precio) (*),0.0
029_Ejecución mensual del presupuesto del FET - Ejerci.pdf,2021-01-01,2021,ene,Ejecución POAS  (4) = (5 + 6 + 7),701962743.58
029_Ejecución mensual del presupuesto del FET - Ejerci.pdf,2021-02-01,2021,feb,Ejecución POAS  (4) = (5 + 6 + 7),443709312.47
029_Ejecución mensual del presupuesto del FET - Ejerci.pdf,2021-03-01,2021,mar,Ejecución POAS  (4) = (5 + 6 + 7),722693194.19
029_Ejecución mensual del presupuesto del FET - Ejerci.pdf,2021-04-01,2021,abr,Ejecución POAS  (4) = (5 + 6 + 7),653375050.13
029_Ejecución mensual del presupuesto del FET - Ejerci.pdf,2021-05-01,2021,may,Ejecución POAS  (4) = (5 + 6 + 7),1033847509.02
029_Ejecución mensual del presupuesto del FET - Ejerci.pdf,2021-06-01,2021,jun,Ejecución POAS  (4) = (5 + 6 + 7),919784680.02
029_Ejecución mensual del presupuesto del FET - Ejerci.pdf,2021-07-01,2021,jul,Ejecución POAS  (4) = (5 + 6 + 7),1350337364.81
029_Ejecución mensual del presupuesto del FET - Ejerci.pdf,2021-08-01,2021,ago,Ejecución POAS  (4) = (5 + 6 + 7),897012388.41
029_Ejecución mensual del presupuesto del FET - Ejerci.pdf,2021-09-01,2021,sep,Ejecución POAS  (4) = (5 + 6 + 7),1145672003.49
029_Ejecución mensual del presupuesto del FET - Ejerci.pdf,2021-10-01,2021,oct,Ejecución POAS  (4) = (5 + 6 + 7),1724547468.28
029_Ejecución mensual del presupuesto del FET - Ejerci.pdf,2021-11-01,2021,nov,Ejecución POAS  (4) = (5 + 6 + 7),2536467967.61
029_Ejecución mensual del presupuesto del FET - Ejerci.pdf,2021-12-01,2021,dic,Ejecución POAS  (4) = (5 + 6 + 7),3923604693.68
029_Ejecución mensual del presupuesto del FET - Ejerci.pdf,2021-01-01,2021,ene,Planes Excedente del 80% + Planes 20% (**) (5),701962743.58
029_Ejecución mensual del presupuesto del FET - Ejerci.pdf,2021-02-01,2021,feb,Planes Excedente del 80% + Planes 20% (**) (5),443709312.47
029_Ejecución mensual del presupuesto del FET - Ejerci.pdf,2021-03-01,2021,mar,Planes Excedente del 80% + Planes 20% (**) (5),722693194.19
029_Ejecución mensual del presupuesto del FET - Ejerci.pdf,2021-04-01,2021,abr,Planes Excedente del 80% + Planes 20% (**) (5),603375050.13
029_Ejecución mensual del presupuesto del FET - Ejerci.pdf,2021-05-01,2021,may,Planes Excedente del 80% + Planes 20% (**) (5),1033847509.02
029_Ejecución mensual del presupuesto del FET - Ejerci.pdf,2021-06-01,2021,jun,Planes Excedente del 80% + Planes 20% (**) (5),919784680.02
029_Ejecución mensual del presupuesto del FET - Ejerci.pdf,2021-07-01,2021,jul,Planes Excedente del 80% + Planes 20% (**) (5),1350337364.81
029_Ejecución mensual del presupuesto del FET - Ejerci.pdf,2021-08-01,2021,ago,Planes Excedente del 80% + Planes 20% (**) (5),897012388.41
029_Ejecución mensual del presupuesto del FET - Ejerci.pdf,2021-09-01,2021,sep,Planes Excedente del 80% + Planes 20% (**) (5),1145672003.49
029_Ejecución mensual del presupuesto del FET - Ejerci.pdf,2021-10-01,2021,oct,Planes Excedente del 80% + Planes 20% (**) (5),1724547468.28
029_Ejecución mensual del presupuesto del FET - Ejerci.pdf,2021-11-01,2021,nov,Planes Excedente del 80% + Planes 20% (**) (5),2536467967.61
029_Ejecución mensual del presupuesto del FET - Ejerci.pdf,2021-12-01,2021,dic,Planes Excedente del 80% + Planes 20% (**) (5),3881604693.68
029_Ejecución mensual del presupuesto del FET - Ejerci.pdf,2021-01-01,2021,ene,Sueldos FET (por Convenio) (6),0.0
029_Ejecución mensual del presupuesto del FET - Ejerci.pdf,2021-02-01,2021,feb,Sueldos FET (por Convenio) (6),0.0
029_Ejecución mensual del presupuesto del FET - Ejerci.pdf,2021-03-01,2021,mar,Sueldos FET (por Convenio) (6),0.0
029_Ejecución mensual del presupuesto del FET - Ejerci.pdf,2021-04-01,2021,abr,Sueldos FET (por Convenio) (6),0.0
029_Ejecución mensual del presupuesto del FET - Ejerci.pdf,2021-05-01,2021,may,Sueldos FET (por Convenio) (6),0.0
029_Ejecución mensual del presupuesto del FET - Ejerci.pdf,2021-06-01,2021,jun,Sueldos FET (por Convenio) (6),0.0
029_Ejecución mensual del presupuesto del FET - Ejerci.pdf,2021-07-01,2021,jul,Sueldos FET (por Convenio) (6),0.0
029_Ejecución mensual del presupuesto del FET - Ejerci.pdf,2021-08-01,2021,ago,Sueldos FET (por Convenio) (6),0.0
029_Ejecución mensual del presupuesto del FET - Ejerci.pdf,2021-09-01,2021,sep,Sueldos FET (por Convenio) (6),0.0
029_Ejecución mensual del presupuesto del FET - Ejerci.pdf,2021-10-01,2021,oct,Sueldos FET (por Convenio) (6),0.0
029_Ejecución mensual del presupuesto del FET - Ejerci.pdf,2021-11-01,2021,nov,Sueldos FET (por Convenio) (6),0.0
029_Ejecución mensual del presupuesto del FET - Ejerci.pdf,2021-12-01,2021,dic,Sueldos FET (por Convenio) (6),0.0
029_Ejecución mensual del presupuesto del FET - Ejerci.pdf,2021-01-01,2021,ene,Ley 19.800 Art. 27 b) (3%) (7),0.0
029_Ejecución mensual del presupuesto del FET - Ejerci.pdf,2021-02-01,2021,feb,Ley 19.800 Art. 27 b) (3%) (7),0.0
029_Ejecución mensual del presupuesto del FET - Ejerci.pdf,2021-03-01,2021,mar,Ley 19.800 Art. 27 b) (3%) (7),0.0
029_Ejecución mensual del presupuesto del FET - Ejerci.pdf,2021-04-01,2021,abr,Ley 19.800 Art. 27 b) (3%) (7),50000000.0
029_Ejecución mensual del presupuesto del FET - Ejerci.pdf,2021-05-01,2021,may,Ley 19.800 Art. 27 b) (3%) (7),0.0
029_Ejecución mensual del presupuesto del FET - Ejerci.pdf,2021-06-01,2021,jun,Ley 19.800 Art. 27 b) (3%) (7),0.0
029_Ejecución mensual del presupuesto del FET - Ejerci.pdf,2021-07-01,2021,jul,Ley 19.800 Art. 27 b) (3%) (7),0.0
029_Ejecución mensual del presupuesto del FET - Ejerci.pdf,2021-08-01,2021,ago,Ley 19.800 Art. 27 b) (3%) (7),0.0
029_Ejecución mensual del presupuesto del FET - Ejerci.pdf,2021-09-01,2021,sep,Ley 19.800 Art. 27 b) (3%) (7),0.0
029_Ejecución mensual del presupuesto del FET - Ejerci.pdf,2021-10-01,2021,oct,Ley 19.800 Art. 27 b) (3%) (7),0.0
029_Ejecución mensual del presupuesto del FET - Ejerci.pdf,2021-11-01,2021,nov,Ley 19.800 Art. 27 b) (3%) (7),0.0
029_Ejecución mensual del presupuesto del FET - Ejerci.pdf,2021-12-01,2021,dic,Ley 19.800 Art. 27 b) (3%) (7),42000000.0
029_Ejecución mensual del presupuesto del FET - Ejerci.pdf,2021-01-01,2021,ene,Remanente POAS 2020,685045014.71
029_Ejecución mensual del presupuesto del FET - Ejerci.pdf,2021-02-01,2021,feb,Remanente POAS 2020,416968858.8
029_Ejecución mensual del presupuesto del FET - Ejerci.pdf,2021-03-01,2021,mar,Remanente POAS 2020,389460583.07
029_Ejecución mensual del presupuesto del FET - Ejerci.pdf,2021-04-01,2021,abr,Remanente POAS 2020,426509417.28
029_Ejecución mensual del presupuesto del FET - Ejerci.pdf,2021-05-01,2021,may,Remanente POAS 2020,768356950.79
029_Ejecución mensual del presupuesto del FET - Ejerci.pdf,2021-06-01,2021,jun,Remanente POAS 2020,665110075.23
029_Ejecución mensual del presupuesto del FET - Ejerci.pdf,2021-07-01,2021,jul,Remanente POAS 2020,750578425.76
029_Ejecución mensual del presupuesto del FET - Ejerci.pdf,2021-08-01,2021,ago,Remanente POAS 2020,242578444.36
029_Ejecución mensual del presupuesto del FET - Ejerci.pdf,2021-09-01,2021,sep,Remanente POAS 2020,178658319.68
029_Ejecución mensual del presupuesto del FET - Ejerci.pdf,2021-10-01,2021,oct,Remanente POAS 2020,2650000.0
029_Ejecución mensual del presupuesto del FET - Ejerci.pdf,2021-11-01,2021,nov,Remanente POAS 2020,753180395.5
029_Ejecución mensual del presupuesto del FET - Ejerci.pdf,2021-12-01,2021,dic,Remanente POAS 2020,473700106.45
029_Ejecución mensual del presupuesto del FET - Ejerci.pdf,2021-01-01,2021,ene,Transferencias Automaticas 80%,0.0
029_Ejecución mensual del presupuesto del FET - Ejerci.pdf,2021-02-01,2021,feb,Transferencias Automaticas 80%,0.0
029_Ejecución mensual del presupuesto del FET - Ejerci.pdf,2021-03-01,2021,mar,Transferencias Automaticas 80%,1380411680.45
029_Ejecución mensual del presupuesto del FET - Ejerci.pdf,2021-04-01,2021,abr,Transferencias Automaticas 80%,3168033531.83
029_Ejecución mensual del presupuesto del FET - Ejerci.pdf,2021-05-01,2021,may,Transferencias Automaticas 80%,0.0
029_Ejecución mensual del presupuesto del FET - Ejerci.pdf,2021-06-01,2021,jun,Transferencias Automaticas 80%,1497220593.53
029_Ejecución mensual del presupuesto del FET - Ejerci.pdf,2021-07-01,2021,jul,Transferencias Automaticas 80%,1493564610.7
029_Ejecución mensual del presupuesto del FET - Ejerci.pdf,2021-08-01,2021,ago,Transferencias Automaticas 80%,1210565337.88
029_Ejecución mensual del presupuesto del FET - Ejerci.pdf,2021-09-01,2021,sep,Transferencias Automaticas 80%,3363092639.78
029_Ejecución mensual del presupuesto del FET - Ejerci.pdf,2021-10-01,2021,oct,Transferencias Automaticas 80%,0.0
029_Ejecución mensual del presupuesto del FET - Ejerci.pdf,2021-11-01,2021,nov,Transferencias Automaticas 80%,3308225024.42
029_Ejecución mensual del presupuesto del FET - Ejerci.pdf,2021-12-01,2021,dic,Transferencias Automaticas 80%,2077032672.41
029_Ejecución mensual del presupuesto del FET - Ejerci.pdf,2021-01-01,2021,ene,Imputado por las Provincias,0.0
029_Ejecución mensual del presupuesto del FET - Ejerci.pdf,2021-02-01,2021,feb,Imputado por las Provincias,0.0
029_Ejecución mensual del presupuesto del FET - Ejerci.pdf,2021-03-01,2021,mar,Imputado por las Provincias,1101386994.19
029_Ejecución mensual del presupuesto del FET - Ejerci.pdf,2021-04-01,2021,abr,Imputado por las Provincias,755973183.49
029_Ejecución mensual del presupuesto del FET - Ejerci.pdf,2021-05-01,2021,may,Imputado por las Provincias,611696857.0
029_Ejecución mensual del presupuesto del FET - Ejerci.pdf,2021-06-01,2021,jun,Imputado por las Provincias,1004678772.25
029_Ejecución mensual del presupuesto del FET - Ejerci.pdf,2021-07-01,2021,jul,Imputado por las Provincias,1373231579.45
029_Ejecución mensual del presupuesto del FET - Ejerci.pdf,2021-08-01,2021,ago,Imputado por las Provincias,539404405.93
029_Ejecución mensual del presupuesto del FET - Ejerci.pdf,2021-09-01,2021,sep,Imputado por las Provincias,1028572382.65
029_Ejecución mensual del presupuesto del FET - Ejerci.pdf,2021-10-01,2021,oct,Imputado por las Provincias,1317337992.03
029_Ejecución mensual del presupuesto del FET - Ejerci.pdf,2021-11-01,2021,nov,Imputado por las Provincias,4318176246.19
029_Ejecución mensual del presupuesto del FET - Ejerci.pdf,2021-12-01,2021,dic,Imputado por las Provincias,5393064258.35
030_109300_EjecuciC3B3n mensual del presupuesto del FE.pdf,2021-01-01,2021,ene,ACTUALIZADO AL: 24/10/2024,1784910895.83
030_109300_EjecuciC3B3n mensual del presupuesto del FE.pdf,2021-02-01,2021,feb,ACTUALIZADO AL: 24/10/2024,1725514600.57
030_109300_EjecuciC3B3n mensual del presupuesto del FE.pdf,2021-03-01,2021,mar,ACTUALIZADO AL: 24/10/2024,59396295.26
030_109300_EjecuciC3B3n mensual del presupuesto del FE.pdf,2021-04-01,2021,abr,ACTUALIZADO AL: 24/10/2024,0.0
030_109300_EjecuciC3B3n mensual del presupuesto del FE.pdf,2021-05-01,2021,may,ACTUALIZADO AL: 24/10/2024,0.0
030_109300_EjecuciC3B3n mensual del presupuesto del FE.pdf,2021-06-01,2021,jun,ACTUALIZADO AL: 24/10/2024,488466698.07
030_109300_EjecuciC3B3n mensual del presupuesto del FE.pdf,2021-07-01,2021,jul,ACTUALIZADO AL: 24/10/2024,328003982.92
030_109300_EjecuciC3B3n mensual del presupuesto del FE.pdf,2021-08-01,2021,ago,ACTUALIZADO AL: 24/10/2024,240275271.63
030_109300_EjecuciC3B3n mensual del presupuesto del FE.pdf,2021-09-01,2021,sep,ACTUALIZADO AL: 24/10/2024,248087763.08
030_109300_EjecuciC3B3n mensual del presupuesto del FE.pdf,2021-10-01,2021,oct,ACTUALIZADO AL: 24/10/2024,139081859.79
030_109300_EjecuciC3B3n mensual del presupuesto del FE.pdf,2021-11-01,2021,nov,ACTUALIZADO AL: 24/10/2024,270430952.01
030_109300_EjecuciC3B3n mensual del presupuesto del FE.pdf,2021-12-01,2021,dic,ACTUALIZADO AL: 24/10/2024,337272191.82
030_109300_EjecuciC3B3n mensual del presupuesto del FE.pdf,2021-01-01,2021,ene,Recaudación (1= 2 + 3),1900459745.39
030_109300_EjecuciC3B3n mensual del presupuesto del FE.pdf,2021-02-01,2021,feb,Recaudación (1= 2 + 3),1992752784.06
030_109300_EjecuciC3B3n mensual del presupuesto del FE.pdf,2021-03-01,2021,mar,Recaudación (1= 2 + 3),2104737683.59
030_109300_EjecuciC3B3n mensual del presupuesto del FE.pdf,2021-04-01,2021,abr,Recaudación (1= 2 + 3),1939144950.01
030_109300_EjecuciC3B3n mensual del presupuesto del FE.pdf,2021-05-01,2021,may,Recaudación (1= 2 + 3),1930689109.36
030_109300_EjecuciC3B3n mensual del presupuesto del FE.pdf,2021-06-01,2021,jun,Recaudación (1= 2 + 3),1566261792.17
030_109300_EjecuciC3B3n mensual del presupuesto del FE.pdf,2021-07-01,2021,jul,Recaudación (1= 2 + 3),2046750445.97
030_109300_EjecuciC3B3n mensual del presupuesto del FE.pdf,2021-08-01,2021,ago,Recaudación (1= 2 + 3),2299037176.11
030_109300_EjecuciC3B3n mensual del presupuesto del FE.pdf,2021-09-01,2021,sep,Recaudación (1= 2 + 3),2019928464.76
030_109300_EjecuciC3B3n mensual del presupuesto del FE.pdf,2021-10-01,2021,oct,Recaudación (1= 2 + 3),2363407045.31
030_109300_EjecuciC3B3n mensual del presupuesto del FE.pdf,2021-11-01,2021,nov,Recaudación (1= 2 + 3),2699259110.17
030_109300_EjecuciC3B3n mensual del presupuesto del FE.pdf,2021-12-01,2021,dic,Recaudación (1= 2 + 3),24647339202.73
030_109300_EjecuciC3B3n mensual del presupuesto del FE.pdf,2021-01-01,2021,ene,Recaudación Provincias (2),1836893040.55
030_109300_EjecuciC3B3n mensual del presupuesto del FE.pdf,2021-02-01,2021,feb,Recaudación Provincias (2),1924545354.51
030_109300_EjecuciC3B3n mensual del presupuesto del FE.pdf,2021-03-01,2021,mar,Recaudación Provincias (2),2035496560.28
030_109300_EjecuciC3B3n mensual del presupuesto del FE.pdf,2021-04-01,2021,abr,Recaudación Provincias (2),1871525741.91
030_109300_EjecuciC3B3n mensual del presupuesto del FE.pdf,2021-05-01,2021,may,Recaudación Provincias (2),1866955763.37
030_109300_EjecuciC3B3n mensual del presupuesto del FE.pdf,2021-06-01,2021,jun,Recaudación Provincias (2),1513206672.35
030_109300_EjecuciC3B3n mensual del presupuesto del FE.pdf,2021-07-01,2021,jul,Recaudación Provincias (2),1977992292.92
030_109300_EjecuciC3B3n mensual del presupuesto del FE.pdf,2021-08-01,2021,ago,Recaudación Provincias (2),2226116287.32
030_109300_EjecuciC3B3n mensual del presupuesto del FE.pdf,2021-09-01,2021,sep,Recaudación Provincias (2),1954392669.0
030_109300_EjecuciC3B3n mensual del presupuesto del FE.pdf,2021-10-01,2021,oct,Recaudación Provincias (2),2285593110.17
030_109300_EjecuciC3B3n mensual del presupuesto del FE.pdf,2021-11-01,2021,nov,Recaudación Provincias (2),2610601261.61
030_109300_EjecuciC3B3n mensual del presupuesto del FE.pdf,2021-12-01,2021,dic,Recaudación Provincias (2),23828833354.56
030_109300_EjecuciC3B3n mensual del presupuesto del FE.pdf,2021-01-01,2021,ene,Obra Social (3),63566704.84
030_109300_EjecuciC3B3n mensual del presupuesto del FE.pdf,2021-02-01,2021,feb,Obra Social (3),68207429.55
030_109300_EjecuciC3B3n mensual del presupuesto del FE.pdf,2021-03-01,2021,mar,Obra Social (3),69241123.31
030_109300_EjecuciC3B3n mensual del presupuesto del FE.pdf,2021-04-01,2021,abr,Obra Social (3),67619208.1
030_109300_EjecuciC3B3n mensual del presupuesto del FE.pdf,2021-05-01,2021,may,Obra Social (3),63733345.99
030_109300_EjecuciC3B3n mensual del presupuesto del FE.pdf,2021-06-01,2021,jun,Obra Social (3),53055119.82
030_109300_EjecuciC3B3n mensual del presupuesto del FE.pdf,2021-07-01,2021,jul,Obra Social (3),68758153.05
030_109300_EjecuciC3B3n mensual del presupuesto del FE.pdf,2021-08-01,2021,ago,Obra Social (3),72920888.79
030_109300_EjecuciC3B3n mensual del presupuesto del FE.pdf,2021-09-01,2021,sep,Obra Social (3),65535795.76
030_109300_EjecuciC3B3n mensual del presupuesto del FE.pdf,2021-10-01,2021,oct,Obra Social (3),77813935.14
030_109300_EjecuciC3B3n mensual del presupuesto del FE.pdf,2021-11-01,2021,nov,Obra Social (3),88657848.56
030_109300_EjecuciC3B3n mensual del presupuesto del FE.pdf,2021-12-01,2021,dic,Obra Social (3),818505848.17
030_109300_EjecuciC3B3n mensual del presupuesto del FE.pdf,2021-01-01,2021,ene,Total Transferido ( Precio),171300000.0
030_109300_EjecuciC3B3n mensual del presupuesto del FE.pdf,2021-02-01,2021,feb,Total Transferido ( Precio),3982607.13
030_109300_EjecuciC3B3n mensual del presupuesto del FE.pdf,2021-03-01,2021,mar,Total Transferido ( Precio),488466698.07
030_109300_EjecuciC3B3n mensual del presupuesto del FE.pdf,2021-04-01,2021,abr,Total Transferido ( Precio),328003982.92
030_109300_EjecuciC3B3n mensual del presupuesto del FE.pdf,2021-05-01,2021,may,Total Transferido ( Precio),347179825.58
030_109300_EjecuciC3B3n mensual del presupuesto del FE.pdf,2021-06-01,2021,jun,Total Transferido ( Precio),457712878.5
030_109300_EjecuciC3B3n mensual del presupuesto del FE.pdf,2021-07-01,2021,jul,Total Transferido ( Precio),139081859.79
030_109300_EjecuciC3B3n mensual del presupuesto del FE.pdf,2021-08-01,2021,ago,Total Transferido ( Precio),270430952.01
030_109300_EjecuciC3B3n mensual del presupuesto del FE.pdf,2021-09-01,2021,sep,Total Transferido ( Precio),337272191.82
030_109300_EjecuciC3B3n mensual del presupuesto del FE.pdf,2021-10-01,2021,oct,Total Transferido ( Precio),663368152.32
030_109300_EjecuciC3B3n mensual del presupuesto del FE.pdf,2021-11-01,2021,nov,Total Transferido ( Precio),2513857687.84
030_109300_EjecuciC3B3n mensual del presupuesto del FE.pdf,2021-12-01,2021,dic,Total Transferido ( Precio),2681009760.43
030_109300_EjecuciC3B3n mensual del presupuesto del FE.pdf,2021-01-01,2021,ene,Retribución al Productor Tabacalero 2020 (Precio) (*),171300000.0
030_109300_EjecuciC3B3n mensual del presupuesto del FE.pdf,2021-02-01,2021,feb,Retribución al Productor Tabacalero 2020 (Precio) (*),3982607.13
030_109300_EjecuciC3B3n mensual del presupuesto del FE.pdf,2021-03-01,2021,mar,Retribución al Productor Tabacalero 2020 (Precio) (*),0.0
030_109300_EjecuciC3B3n mensual del presupuesto del FE.pdf,2021-04-01,2021,abr,Retribución al Productor Tabacalero 2020 (Precio) (*),0.0
030_109300_EjecuciC3B3n mensual del presupuesto del FE.pdf,2021-05-01,2021,may,Retribución al Productor Tabacalero 2020 (Precio) (*),106904553.95
030_109300_EjecuciC3B3n mensual del presupuesto del FE.pdf,2021-06-01,2021,jun,Retribución al Productor Tabacalero 2020 (Precio) (*),209625115.42
030_109300_EjecuciC3B3n mensual del presupuesto del FE.pdf,2021-07-01,2021,jul,Retribución al Productor Tabacalero 2020 (Precio) (*),0.0
030_109300_EjecuciC3B3n mensual del presupuesto del FE.pdf,2021-08-01,2021,ago,Retribución al Productor Tabacalero 2020 (Precio) (*),0.0
030_109300_EjecuciC3B3n mensual del presupuesto del FE.pdf,2021-09-01,2021,sep,Retribución al Productor Tabacalero 2020 (Precio) (*),0.0
030_109300_EjecuciC3B3n mensual del presupuesto del FE.pdf,2021-10-01,2021,oct,Retribución al Productor Tabacalero 2020 (Precio) (*),0.0
030_109300_EjecuciC3B3n mensual del presupuesto del FE.pdf,2021-11-01,2021,nov,Retribución al Productor Tabacalero 2020 (Precio) (*),0.0
030_109300_EjecuciC3B3n mensual del presupuesto del FE.pdf,2021-12-01,2021,dic,Retribución al Productor Tabacalero 2020 (Precio) (*),0.0
030_109300_EjecuciC3B3n mensual del presupuesto del FE.pdf,2021-01-01,2021,ene,Ejecución POAS  (4) = (5 + 6 + 7),701962743.58
030_109300_EjecuciC3B3n mensual del presupuesto del FE.pdf,2021-02-01,2021,feb,Ejecución POAS  (4) = (5 + 6 + 7),443709312.47
030_109300_EjecuciC3B3n mensual del presupuesto del FE.pdf,2021-03-01,2021,mar,Ejecución POAS  (4) = (5 + 6 + 7),722693194.19
030_109300_EjecuciC3B3n mensual del presupuesto del FE.pdf,2021-04-01,2021,abr,Ejecución POAS  (4) = (5 + 6 + 7),653375050.13
030_109300_EjecuciC3B3n mensual del presupuesto del FE.pdf,2021-05-01,2021,may,Ejecución POAS  (4) = (5 + 6 + 7),1033847509.02
030_109300_EjecuciC3B3n mensual del presupuesto del FE.pdf,2021-06-01,2021,jun,Ejecución POAS  (4) = (5 + 6 + 7),919784680.02
030_109300_EjecuciC3B3n mensual del presupuesto del FE.pdf,2021-07-01,2021,jul,Ejecución POAS  (4) = (5 + 6 + 7),1350337364.81
030_109300_EjecuciC3B3n mensual del presupuesto del FE.pdf,2021-08-01,2021,ago,Ejecución POAS  (4) = (5 + 6 + 7),897012388.41
030_109300_EjecuciC3B3n mensual del presupuesto del FE.pdf,2021-09-01,2021,sep,Ejecución POAS  (4) = (5 + 6 + 7),1145672003.49
030_109300_EjecuciC3B3n mensual del presupuesto del FE.pdf,2021-10-01,2021,oct,Ejecución POAS  (4) = (5 + 6 + 7),1724547468.28
030_109300_EjecuciC3B3n mensual del presupuesto del FE.pdf,2021-11-01,2021,nov,Ejecución POAS  (4) = (5 + 6 + 7),2536467967.61
030_109300_EjecuciC3B3n mensual del presupuesto del FE.pdf,2021-12-01,2021,dic,Ejecución POAS  (4) = (5 + 6 + 7),3923604693.68
030_109300_EjecuciC3B3n mensual del presupuesto del FE.pdf,2021-01-01,2021,ene,Planes Excedente del 80% + Planes 20% (**) (5),701962743.58
030_109300_EjecuciC3B3n mensual del presupuesto del FE.pdf,2021-02-01,2021,feb,Planes Excedente del 80% + Planes 20% (**) (5),443709312.47
030_109300_EjecuciC3B3n mensual del presupuesto del FE.pdf,2021-03-01,2021,mar,Planes Excedente del 80% + Planes 20% (**) (5),722693194.19
030_109300_EjecuciC3B3n mensual del presupuesto del FE.pdf,2021-04-01,2021,abr,Planes Excedente del 80% + Planes 20% (**) (5),603375050.13
030_109300_EjecuciC3B3n mensual del presupuesto del FE.pdf,2021-05-01,2021,may,Planes Excedente del 80% + Planes 20% (**) (5),1033847509.02
030_109300_EjecuciC3B3n mensual del presupuesto del FE.pdf,2021-06-01,2021,jun,Planes Excedente del 80% + Planes 20% (**) (5),919784680.02
030_109300_EjecuciC3B3n mensual del presupuesto del FE.pdf,2021-07-01,2021,jul,Planes Excedente del 80% + Planes 20% (**) (5),1350337364.81
030_109300_EjecuciC3B3n mensual del presupuesto del FE.pdf,2021-08-01,2021,ago,Planes Excedente del 80% + Planes 20% (**) (5),897012388.41
030_109300_EjecuciC3B3n mensual del presupuesto del FE.pdf,2021-09-01,2021,sep,Planes Excedente del 80% + Planes 20% (**) (5),1145672003.49
030_109300_EjecuciC3B3n mensual del presupuesto del FE.pdf,2021-10-01,2021,oct,Planes Excedente del 80% + Planes 20% (**) (5),1724547468.28
030_109300_EjecuciC3B3n mensual del presupuesto del FE.pdf,2021-11-01,2021,nov,Planes Excedente del 80% + Planes 20% (**) (5),2536467967.61
030_109300_EjecuciC3B3n mensual del presupuesto del FE.pdf,2021-12-01,2021,dic,Planes Excedente del 80% + Planes 20% (**) (5),3881604693.68
030_109300_EjecuciC3B3n mensual del presupuesto del FE.pdf,2021-01-01,2021,ene,Sueldos FET (por Convenio) (6),0.0
030_109300_EjecuciC3B3n mensual del presupuesto del FE.pdf,2021-02-01,2021,feb,Sueldos FET (por Convenio) (6),0.0
030_109300_EjecuciC3B3n mensual del presupuesto del FE.pdf,2021-03-01,2021,mar,Sueldos FET (por Convenio) (6),0.0
030_109300_EjecuciC3B3n mensual del presupuesto del FE.pdf,2021-04-01,2021,abr,Sueldos FET (por Convenio) (6),0.0
030_109300_EjecuciC3B3n mensual del presupuesto del FE.pdf,2021-05-01,2021,may,Sueldos FET (por Convenio) (6),0.0
030_109300_EjecuciC3B3n mensual del presupuesto del FE.pdf,2021-06-01,2021,jun,Sueldos FET (por Convenio) (6),0.0
030_109300_EjecuciC3B3n mensual del presupuesto del FE.pdf,2021-07-01,2021,jul,Sueldos FET (por Convenio) (6),0.0
030_109300_EjecuciC3B3n mensual del presupuesto del FE.pdf,2021-08-01,2021,ago,Sueldos FET (por Convenio) (6),0.0
030_109300_EjecuciC3B3n mensual del presupuesto del FE.pdf,2021-09-01,2021,sep,Sueldos FET (por Convenio) (6),0.0
030_109300_EjecuciC3B3n mensual del presupuesto del FE.pdf,2021-10-01,2021,oct,Sueldos FET (por Convenio) (6),0.0
030_109300_EjecuciC3B3n mensual del presupuesto del FE.pdf,2021-11-01,2021,nov,Sueldos FET (por Convenio) (6),0.0
030_109300_EjecuciC3B3n mensual del presupuesto del FE.pdf,2021-12-01,2021,dic,Sueldos FET (por Convenio) (6),0.0
030_109300_EjecuciC3B3n mensual del presupuesto del FE.pdf,2021-01-01,2021,ene,Ley 19.800 Art. 27 b) (3%) (7),0.0
030_109300_EjecuciC3B3n mensual del presupuesto del FE.pdf,2021-02-01,2021,feb,Ley 19.800 Art. 27 b) (3%) (7),0.0
030_109300_EjecuciC3B3n mensual del presupuesto del FE.pdf,2021-03-01,2021,mar,Ley 19.800 Art. 27 b) (3%) (7),0.0
030_109300_EjecuciC3B3n mensual del presupuesto del FE.pdf,2021-04-01,2021,abr,Ley 19.800 Art. 27 b) (3%) (7),50000000.0
030_109300_EjecuciC3B3n mensual del presupuesto del FE.pdf,2021-05-01,2021,may,Ley 19.800 Art. 27 b) (3%) (7),0.0
030_109300_EjecuciC3B3n mensual del presupuesto del FE.pdf,2021-06-01,2021,jun,Ley 19.800 Art. 27 b) (3%) (7),0.0
030_109300_EjecuciC3B3n mensual del presupuesto del FE.pdf,2021-07-01,2021,jul,Ley 19.800 Art. 27 b) (3%) (7),0.0
030_109300_EjecuciC3B3n mensual del presupuesto del FE.pdf,2021-08-01,2021,ago,Ley 19.800 Art. 27 b) (3%) (7),0.0
030_109300_EjecuciC3B3n mensual del presupuesto del FE.pdf,2021-09-01,2021,sep,Ley 19.800 Art. 27 b) (3%) (7),0.0
030_109300_EjecuciC3B3n mensual del presupuesto del FE.pdf,2021-10-01,2021,oct,Ley 19.800 Art. 27 b) (3%) (7),0.0
030_109300_EjecuciC3B3n mensual del presupuesto del FE.pdf,2021-11-01,2021,nov,Ley 19.800 Art. 27 b) (3%) (7),0.0
030_109300_EjecuciC3B3n mensual del presupuesto del FE.pdf,2021-12-01,2021,dic,Ley 19.800 Art. 27 b) (3%) (7),42000000.0
030_109300_EjecuciC3B3n mensual del presupuesto del FE.pdf,2021-01-01,2021,ene,Remanente POAS 2020,685045014.71
030_109300_EjecuciC3B3n mensual del presupuesto del FE.pdf,2021-02-01,2021,feb,Remanente POAS 2020,416968858.8
030_109300_EjecuciC3B3n mensual del presupuesto del FE.pdf,2021-03-01,2021,mar,Remanente POAS 2020,389460583.07
030_109300_EjecuciC3B3n mensual del presupuesto del FE.pdf,2021-04-01,2021,abr,Remanente POAS 2020,426509417.28
030_109300_EjecuciC3B3n mensual del presupuesto del FE.pdf,2021-05-01,2021,may,Remanente POAS 2020,768356950.79
030_109300_EjecuciC3B3n mensual del presupuesto del FE.pdf,2021-06-01,2021,jun,Remanente POAS 2020,665110075.23
030_109300_EjecuciC3B3n mensual del presupuesto del FE.pdf,2021-07-01,2021,jul,Remanente POAS 2020,750578425.76
030_109300_EjecuciC3B3n mensual del presupuesto del FE.pdf,2021-08-01,2021,ago,Remanente POAS 2020,242578444.36
030_109300_EjecuciC3B3n mensual del presupuesto del FE.pdf,2021-09-01,2021,sep,Remanente POAS 2020,178658319.68
030_109300_EjecuciC3B3n mensual del presupuesto del FE.pdf,2021-10-01,2021,oct,Remanente POAS 2020,2650000.0
030_109300_EjecuciC3B3n mensual del presupuesto del FE.pdf,2021-11-01,2021,nov,Remanente POAS 2020,753180395.5
030_109300_EjecuciC3B3n mensual del presupuesto del FE.pdf,2021-12-01,2021,dic,Remanente POAS 2020,473700106.45
030_109300_EjecuciC3B3n mensual del presupuesto del FE.pdf,2021-01-01,2021,ene,Transferencias Automaticas 80%,0.0
030_109300_EjecuciC3B3n mensual del presupuesto del FE.pdf,2021-02-01,2021,feb,Transferencias Automaticas 80%,0.0
030_109300_EjecuciC3B3n mensual del presupuesto del FE.pdf,2021-03-01,2021,mar,Transferencias Automaticas 80%,1380411680.45
030_109300_EjecuciC3B3n mensual del presupuesto del FE.pdf,2021-04-01,2021,abr,Transferencias Automaticas 80%,3168033531.83
030_109300_EjecuciC3B3n mensual del presupuesto del FE.pdf,2021-05-01,2021,may,Transferencias Automaticas 80%,0.0
030_109300_EjecuciC3B3n mensual del presupuesto del FE.pdf,2021-06-01,2021,jun,Transferencias Automaticas 80%,1497220593.53
030_109300_EjecuciC3B3n mensual del presupuesto del FE.pdf,2021-07-01,2021,jul,Transferencias Automaticas 80%,1493564610.7
030_109300_EjecuciC3B3n mensual del presupuesto del FE.pdf,2021-08-01,2021,ago,Transferencias Automaticas 80%,1210565337.88
030_109300_EjecuciC3B3n mensual del presupuesto del FE.pdf,2021-09-01,2021,sep,Transferencias Automaticas 80%,3363092639.78
030_109300_EjecuciC3B3n mensual del presupuesto del FE.pdf,2021-10-01,2021,oct,Transferencias Automaticas 80%,0.0
030_109300_EjecuciC3B3n mensual del presupuesto del FE.pdf,2021-11-01,2021,nov,Transferencias Automaticas 80%,3308225024.42
030_109300_EjecuciC3B3n mensual del presupuesto del FE.pdf,2021-12-01,2021,dic,Transferencias Automaticas 80%,2077032672.41
030_109300_EjecuciC3B3n mensual del presupuesto del FE.pdf,2021-01-01,2021,ene,Imputado por las Provincias,0.0
030_109300_EjecuciC3B3n mensual del presupuesto del FE.pdf,2021-02-01,2021,feb,Imputado por las Provincias,0.0
030_109300_EjecuciC3B3n mensual del presupuesto del FE.pdf,2021-03-01,2021,mar,Imputado por las Provincias,1101386994.19
030_109300_EjecuciC3B3n mensual del presupuesto del FE.pdf,2021-04-01,2021,abr,Imputado por las Provincias,755973183.49
030_109300_EjecuciC3B3n mensual del presupuesto del FE.pdf,2021-05-01,2021,may,Imputado por las Provincias,611696857.0
030_109300_EjecuciC3B3n mensual del presupuesto del FE.pdf,2021-06-01,2021,jun,Imputado por las Provincias,1004678772.25
030_109300_EjecuciC3B3n mensual del presupuesto del FE.pdf,2021-07-01,2021,jul,Imputado por las Provincias,1373231579.45
030_109300_EjecuciC3B3n mensual del presupuesto del FE.pdf,2021-08-01,2021,ago,Imputado por las Provincias,539404405.93
030_109300_EjecuciC3B3n mensual del presupuesto del FE.pdf,2021-09-01,2021,sep,Imputado por las Provincias,1028572382.65
030_109300_EjecuciC3B3n mensual del presupuesto del FE.pdf,2021-10-01,2021,oct,Imputado por las Provincias,1317337992.03
030_109300_EjecuciC3B3n mensual del presupuesto del FE.pdf,2021-11-01,2021,nov,Imputado por las Provincias,4318176246.19
030_109300_EjecuciC3B3n mensual del presupuesto del FE.pdf,2021-12-01,2021,dic,Imputado por las Provincias,5393064258.35
031_Ejecución mensual del presupuesto del FET - Ejerci.pdf,2020-01-01,2020,ene,Recaudación (1= 2 + 3),1352017642.95
031_Ejecución mensual del presupuesto del FET - Ejerci.pdf,2020-02-01,2020,feb,Recaudación (1= 2 + 3),1375707144.05
031_Ejecución mensual del presupuesto del FET - Ejerci.pdf,2020-03-01,2020,mar,Recaudación (1= 2 + 3),1272740161.89
031_Ejecución mensual del presupuesto del FET - Ejerci.pdf,2020-04-01,2020,abr,Recaudación (1= 2 + 3),339680432.25
031_Ejecución mensual del presupuesto del FET - Ejerci.pdf,2020-05-01,2020,may,Recaudación (1= 2 + 3),1539896250.71
031_Ejecución mensual del presupuesto del FET - Ejerci.pdf,2020-06-01,2020,jun,Recaudación (1= 2 + 3),1432035167.11
031_Ejecución mensual del presupuesto del FET - Ejerci.pdf,2020-07-01,2020,jul,Recaudación (1= 2 + 3),1897942110.88
031_Ejecución mensual del presupuesto del FET - Ejerci.pdf,2020-08-01,2020,ago,Recaudación (1= 2 + 3),1422189656.21
031_Ejecución mensual del presupuesto del FET - Ejerci.pdf,2020-09-01,2020,sep,Recaudación (1= 2 + 3),1713531756.89
031_Ejecución mensual del presupuesto del FET - Ejerci.pdf,2020-10-01,2020,oct,Recaudación (1= 2 + 3),1425186822.94
031_Ejecución mensual del presupuesto del FET - Ejerci.pdf,2020-11-01,2020,nov,Recaudación (1= 2 + 3),1786550108.91
031_Ejecución mensual del presupuesto del FET - Ejerci.pdf,2020-12-01,2020,dic,Recaudación (1= 2 + 3),1817280170.04
031_Ejecución mensual del presupuesto del FET - Ejerci.pdf,2020-01-01,2020,ene,Recaudación Provincias (2),1304746570.98
031_Ejecución mensual del presupuesto del FET - Ejerci.pdf,2020-02-01,2020,feb,Recaudación Provincias (2),1329803529.95
031_Ejecución mensual del presupuesto del FET - Ejerci.pdf,2020-03-01,2020,mar,Recaudación Provincias (2),1229614195.39
031_Ejecución mensual del presupuesto del FET - Ejerci.pdf,2020-04-01,2020,abr,Recaudación Provincias (2),300270417.07
031_Ejecución mensual del presupuesto del FET - Ejerci.pdf,2020-05-01,2020,may,Recaudación Provincias (2),1515096486.43
031_Ejecución mensual del presupuesto del FET - Ejerci.pdf,2020-06-01,2020,jun,Recaudación Provincias (2),1383008084.51
031_Ejecución mensual del presupuesto del FET - Ejerci.pdf,2020-07-01,2020,jul,Recaudación Provincias (2),1832380544.5
031_Ejecución mensual del presupuesto del FET - Ejerci.pdf,2020-08-01,2020,ago,Recaudación Provincias (2),1376161017.68
031_Ejecución mensual del presupuesto del FET - Ejerci.pdf,2020-09-01,2020,sep,Recaudación Provincias (2),1658595367.52
031_Ejecución mensual del presupuesto del FET - Ejerci.pdf,2020-10-01,2020,oct,Recaudación Provincias (2),1379546294.08
031_Ejecución mensual del presupuesto del FET - Ejerci.pdf,2020-11-01,2020,nov,Recaudación Provincias (2),1728402446.91
031_Ejecución mensual del presupuesto del FET - Ejerci.pdf,2020-12-01,2020,dic,Recaudación Provincias (2),1757979998.67
031_Ejecución mensual del presupuesto del FET - Ejerci.pdf,2020-01-01,2020,ene,Obra Social (3),47271071.97
031_Ejecución mensual del presupuesto del FET - Ejerci.pdf,2020-02-01,2020,feb,Obra Social (3),45903614.1
031_Ejecución mensual del presupuesto del FET - Ejerci.pdf,2020-03-01,2020,mar,Obra Social (3),43125966.5
031_Ejecución mensual del presupuesto del FET - Ejerci.pdf,2020-04-01,2020,abr,Obra Social (3),39410015.18
031_Ejecución mensual del presupuesto del FET - Ejerci.pdf,2020-05-01,2020,may,Obra Social (3),24799764.28
031_Ejecución mensual del presupuesto del FET - Ejerci.pdf,2020-06-01,2020,jun,Obra Social (3),49027082.6
031_Ejecución mensual del presupuesto del FET - Ejerci.pdf,2020-07-01,2020,jul,Obra Social (3),65561566.38
031_Ejecución mensual del presupuesto del FET - Ejerci.pdf,2020-08-01,2020,ago,Obra Social (3),46028638.53
031_Ejecución mensual del presupuesto del FET - Ejerci.pdf,2020-09-01,2020,sep,Obra Social (3),54936389.37
031_Ejecución mensual del presupuesto del FET - Ejerci.pdf,2020-10-01,2020,oct,Obra Social (3),45640528.86
031_Ejecución mensual del presupuesto del FET - Ejerci.pdf,2020-11-01,2020,nov,Obra Social (3),58147662.0
031_Ejecución mensual del presupuesto del FET - Ejerci.pdf,2020-12-01,2020,dic,Obra Social (3),59300171.37
031_Ejecución mensual del presupuesto del FET - Ejerci.pdf,2020-01-01,2020,ene,Total Transferido ( Precio),467425038.56
031_Ejecución mensual del presupuesto del FET - Ejerci.pdf,2020-02-01,2020,feb,Total Transferido ( Precio),0.0
031_Ejecución mensual del presupuesto del FET - Ejerci.pdf,2020-03-01,2020,mar,Total Transferido ( Precio),0.0
031_Ejecución mensual del presupuesto del FET - Ejerci.pdf,2020-04-01,2020,abr,Total Transferido ( Precio),916000000.0
031_Ejecución mensual del presupuesto del FET - Ejerci.pdf,2020-05-01,2020,may,Total Transferido ( Precio),99321127.78
031_Ejecución mensual del presupuesto del FET - Ejerci.pdf,2020-06-01,2020,jun,Total Transferido ( Precio),344500000.0
031_Ejecución mensual del presupuesto del FET - Ejerci.pdf,2020-07-01,2020,jul,Total Transferido ( Precio),126300000.0
031_Ejecución mensual del presupuesto del FET - Ejerci.pdf,2020-08-01,2020,ago,Total Transferido ( Precio),432701607.25
031_Ejecución mensual del presupuesto del FET - Ejerci.pdf,2020-09-01,2020,sep,Total Transferido ( Precio),800209451.22
031_Ejecución mensual del presupuesto del FET - Ejerci.pdf,2020-10-01,2020,oct,Total Transferido ( Precio),811986784.55
031_Ejecución mensual del presupuesto del FET - Ejerci.pdf,2020-11-01,2020,nov,Total Transferido ( Precio),752565400.46
031_Ejecución mensual del presupuesto del FET - Ejerci.pdf,2020-12-01,2020,dic,Total Transferido ( Precio),488805257.7
031_Ejecución mensual del presupuesto del FET - Ejerci.pdf,2020-01-01,2020,ene,Retirbución al Productor Tabacalero (Precio) (**),467425038.56
031_Ejecución mensual del presupuesto del FET - Ejerci.pdf,2020-02-01,2020,feb,Retirbución al Productor Tabacalero (Precio) (**),0.0
031_Ejecución mensual del presupuesto del FET - Ejerci.pdf,2020-03-01,2020,mar,Retirbución al Productor Tabacalero (Precio) (**),0.0
031_Ejecución mensual del presupuesto del FET - Ejerci.pdf,2020-04-01,2020,abr,Retirbución al Productor Tabacalero (Precio) (**),916000000.0
031_Ejecución mensual del presupuesto del FET - Ejerci.pdf,2020-05-01,2020,may,Retirbución al Productor Tabacalero (Precio) (**),99321127.78
031_Ejecución mensual del presupuesto del FET - Ejerci.pdf,2020-06-01,2020,jun,Retirbución al Productor Tabacalero (Precio) (**),344500000.0
031_Ejecución mensual del presupuesto del FET - Ejerci.pdf,2020-07-01,2020,jul,Retirbución al Productor Tabacalero (Precio) (**),126300000.0
031_Ejecución mensual del presupuesto del FET - Ejerci.pdf,2020-08-01,2020,ago,Retirbución al Productor Tabacalero (Precio) (**),432701607.25
031_Ejecución mensual del presupuesto del FET - Ejerci.pdf,2020-09-01,2020,sep,Retirbución al Productor Tabacalero (Precio) (**),800209451.22
031_Ejecución mensual del presupuesto del FET - Ejerci.pdf,2020-10-01,2020,oct,Retirbución al Productor Tabacalero (Precio) (**),811986784.55
031_Ejecución mensual del presupuesto del FET - Ejerci.pdf,2020-11-01,2020,nov,Retirbución al Productor Tabacalero (Precio) (**),752565400.46
031_Ejecución mensual del presupuesto del FET - Ejerci.pdf,2020-12-01,2020,dic,Retirbución al Productor Tabacalero (Precio) (**),488805257.7
031_Ejecución mensual del presupuesto del FET - Ejerci.pdf,2020-01-01,2020,ene,Ejecución Real (4) = (5 + 6 + 7),108628220.93
031_Ejecución mensual del presupuesto del FET - Ejerci.pdf,2020-02-01,2020,feb,Ejecución Real (4) = (5 + 6 + 7),141544794.15
031_Ejecución mensual del presupuesto del FET - Ejerci.pdf,2020-03-01,2020,mar,Ejecución Real (4) = (5 + 6 + 7),756739235.24
031_Ejecución mensual del presupuesto del FET - Ejerci.pdf,2020-04-01,2020,abr,Ejecución Real (4) = (5 + 6 + 7),858330751.54
031_Ejecución mensual del presupuesto del FET - Ejerci.pdf,2020-05-01,2020,may,Ejecución Real (4) = (5 + 6 + 7),492944241.56
031_Ejecución mensual del presupuesto del FET - Ejerci.pdf,2020-06-01,2020,jun,Ejecución Real (4) = (5 + 6 + 7),1087369434.06
031_Ejecución mensual del presupuesto del FET - Ejerci.pdf,2020-07-01,2020,jul,Ejecución Real (4) = (5 + 6 + 7),708530800.23
031_Ejecución mensual del presupuesto del FET - Ejerci.pdf,2020-08-01,2020,ago,Ejecución Real (4) = (5 + 6 + 7),798401292.01
031_Ejecución mensual del presupuesto del FET - Ejerci.pdf,2020-09-01,2020,sep,Ejecución Real (4) = (5 + 6 + 7),1126637967.35
031_Ejecución mensual del presupuesto del FET - Ejerci.pdf,2020-10-01,2020,oct,Ejecución Real (4) = (5 + 6 + 7),577033556.07
031_Ejecución mensual del presupuesto del FET - Ejerci.pdf,2020-11-01,2020,nov,Ejecución Real (4) = (5 + 6 + 7),2160549618.14
031_Ejecución mensual del presupuesto del FET - Ejerci.pdf,2020-12-01,2020,dic,Ejecución Real (4) = (5 + 6 + 7),1241686734.95
031_Ejecución mensual del presupuesto del FET - Ejerci.pdf,2020-01-01,2020,ene,Planes Excedente del 80% + Planes 20% (****) (5),108628220.93
031_Ejecución mensual del presupuesto del FET - Ejerci.pdf,2020-02-01,2020,feb,Planes Excedente del 80% + Planes 20% (****) (5),141544794.15
031_Ejecución mensual del presupuesto del FET - Ejerci.pdf,2020-03-01,2020,mar,Planes Excedente del 80% + Planes 20% (****) (5),756739235.24
031_Ejecución mensual del presupuesto del FET - Ejerci.pdf,2020-04-01,2020,abr,Planes Excedente del 80% + Planes 20% (****) (5),858330751.54
031_Ejecución mensual del presupuesto del FET - Ejerci.pdf,2020-05-01,2020,may,Planes Excedente del 80% + Planes 20% (****) (5),492944241.56
031_Ejecución mensual del presupuesto del FET - Ejerci.pdf,2020-06-01,2020,jun,Planes Excedente del 80% + Planes 20% (****) (5),1062369434.06
031_Ejecución mensual del presupuesto del FET - Ejerci.pdf,2020-07-01,2020,jul,Planes Excedente del 80% + Planes 20% (****) (5),708530800.23
031_Ejecución mensual del presupuesto del FET - Ejerci.pdf,2020-08-01,2020,ago,Planes Excedente del 80% + Planes 20% (****) (5),798401292.01
031_Ejecución mensual del presupuesto del FET - Ejerci.pdf,2020-09-01,2020,sep,Planes Excedente del 80% + Planes 20% (****) (5),1126637967.35
031_Ejecución mensual del presupuesto del FET - Ejerci.pdf,2020-10-01,2020,oct,Planes Excedente del 80% + Planes 20% (****) (5),577033556.07
031_Ejecución mensual del presupuesto del FET - Ejerci.pdf,2020-11-01,2020,nov,Planes Excedente del 80% + Planes 20% (****) (5),2160549618.14
031_Ejecución mensual del presupuesto del FET - Ejerci.pdf,2020-12-01,2020,dic,Planes Excedente del 80% + Planes 20% (****) (5),1241686734.95
031_Ejecución mensual del presupuesto del FET - Ejerci.pdf,2020-01-01,2020,ene,Sueldos FET (por Convenio) (***) (6),0.0
031_Ejecución mensual del presupuesto del FET - Ejerci.pdf,2020-02-01,2020,feb,Sueldos FET (por Convenio) (***) (6),0.0
031_Ejecución mensual del presupuesto del FET - Ejerci.pdf,2020-03-01,2020,mar,Sueldos FET (por Convenio) (***) (6),0.0
031_Ejecución mensual del presupuesto del FET - Ejerci.pdf,2020-04-01,2020,abr,Sueldos FET (por Convenio) (***) (6),0.0
031_Ejecución mensual del presupuesto del FET - Ejerci.pdf,2020-05-01,2020,may,Sueldos FET (por Convenio) (***) (6),0.0
031_Ejecución mensual del presupuesto del FET - Ejerci.pdf,2020-06-01,2020,jun,Sueldos FET (por Convenio) (***) (6),0.0
031_Ejecución mensual del presupuesto del FET - Ejerci.pdf,2020-07-01,2020,jul,Sueldos FET (por Convenio) (***) (6),0.0
031_Ejecución mensual del presupuesto del FET - Ejerci.pdf,2020-08-01,2020,ago,Sueldos FET (por Convenio) (***) (6),0.0
031_Ejecución mensual del presupuesto del FET - Ejerci.pdf,2020-09-01,2020,sep,Sueldos FET (por Convenio) (***) (6),0.0
031_Ejecución mensual del presupuesto del FET - Ejerci.pdf,2020-10-01,2020,oct,Sueldos FET (por Convenio) (***) (6),0.0
031_Ejecución mensual del presupuesto del FET - Ejerci.pdf,2020-11-01,2020,nov,Sueldos FET (por Convenio) (***) (6),0.0
031_Ejecución mensual del presupuesto del FET - Ejerci.pdf,2020-12-01,2020,dic,Sueldos FET (por Convenio) (***) (6),0.0
031_Ejecución mensual del presupuesto del FET - Ejerci.pdf,2020-01-01,2020,ene,Ley 19.800 Art. 27 b) (3%) (7),0.0
031_Ejecución mensual del presupuesto del FET - Ejerci.pdf,2020-02-01,2020,feb,Ley 19.800 Art. 27 b) (3%) (7),0.0
031_Ejecución mensual del presupuesto del FET - Ejerci.pdf,2020-03-01,2020,mar,Ley 19.800 Art. 27 b) (3%) (7),0.0
031_Ejecución mensual del presupuesto del FET - Ejerci.pdf,2020-04-01,2020,abr,Ley 19.800 Art. 27 b) (3%) (7),0.0
031_Ejecución mensual del presupuesto del FET - Ejerci.pdf,2020-05-01,2020,may,Ley 19.800 Art. 27 b) (3%) (7),0.0
031_Ejecución mensual del presupuesto del FET - Ejerci.pdf,2020-06-01,2020,jun,Ley 19.800 Art. 27 b) (3%) (7),25000000.0
031_Ejecución mensual del presupuesto del FET - Ejerci.pdf,2020-07-01,2020,jul,Ley 19.800 Art. 27 b) (3%) (7),0.0
031_Ejecución mensual del presupuesto del FET - Ejerci.pdf,2020-08-01,2020,ago,Ley 19.800 Art. 27 b) (3%) (7),0.0
031_Ejecución mensual del presupuesto del FET - Ejerci.pdf,2020-09-01,2020,sep,Ley 19.800 Art. 27 b) (3%) (7),0.0
031_Ejecución mensual del presupuesto del FET - Ejerci.pdf,2020-10-01,2020,oct,Ley 19.800 Art. 27 b) (3%) (7),0.0
031_Ejecución mensual del presupuesto del FET - Ejerci.pdf,2020-11-01,2020,nov,Ley 19.800 Art. 27 b) (3%) (7),0.0
031_Ejecución mensual del presupuesto del FET - Ejerci.pdf,2020-12-01,2020,dic,Ley 19.800 Art. 27 b) (3%) (7),0.0
031_Ejecución mensual del presupuesto del FET - Ejerci.pdf,2020-01-01,2020,ene,Remanente 2019,108628220.93
031_Ejecución mensual del presupuesto del FET - Ejerci.pdf,2020-02-01,2020,feb,Remanente 2019,141544794.15
031_Ejecución mensual del presupuesto del FET - Ejerci.pdf,2020-03-01,2020,mar,Remanente 2019,549674774.25
031_Ejecución mensual del presupuesto del FET - Ejerci.pdf,2020-04-01,2020,abr,Remanente 2019,219420943.54
031_Ejecución mensual del presupuesto del FET - Ejerci.pdf,2020-05-01,2020,may,Remanente 2019,458236030.34
031_Ejecución mensual del presupuesto del FET - Ejerci.pdf,2020-06-01,2020,jun,Remanente 2019,814779099.2
031_Ejecución mensual del presupuesto del FET - Ejerci.pdf,2020-07-01,2020,jul,Remanente 2019,679118075.63
031_Ejecución mensual del presupuesto del FET - Ejerci.pdf,2020-08-01,2020,ago,Remanente 2019,341427634.99
031_Ejecución mensual del presupuesto del FET - Ejerci.pdf,2020-09-01,2020,sep,Remanente 2019,347833968.31
031_Ejecución mensual del presupuesto del FET - Ejerci.pdf,2020-10-01,2020,oct,Remanente 2019,305056394.28
031_Ejecución mensual del presupuesto del FET - Ejerci.pdf,2020-11-01,2020,nov,Remanente 2019,212558631.6
031_Ejecución mensual del presupuesto del FET - Ejerci.pdf,2020-12-01,2020,dic,Remanente 2019,466532992.5
031_Ejecución mensual del presupuesto del FET - Ejerci.pdf,2020-01-01,2020,ene,Tipo de Cambio Real - B.C.R.A.,60.01
031_Ejecución mensual del presupuesto del FET - Ejerci.pdf,2020-02-01,2020,feb,Tipo de Cambio Real - B.C.R.A.,61.35
031_Ejecución mensual del presupuesto del FET - Ejerci.pdf,2020-03-01,2020,mar,Tipo de Cambio Real - B.C.R.A.,63.12
031_Ejecución mensual del presupuesto del FET - Ejerci.pdf,2020-04-01,2020,abr,Tipo de Cambio Real - B.C.R.A.,65.76
031_Ejecución mensual del presupuesto del FET - Ejerci.pdf,2020-05-01,2020,may,Tipo de Cambio Real - B.C.R.A.,67.73
031_Ejecución mensual del presupuesto del FET - Ejerci.pdf,2020-06-01,2020,jun,Tipo de Cambio Real - B.C.R.A.,69.54
031_Ejecución mensual del presupuesto del FET - Ejerci.pdf,2020-07-01,2020,jul,Tipo de Cambio Real - B.C.R.A.,71.47
031_Ejecución mensual del presupuesto del FET - Ejerci.pdf,2020-08-01,2020,ago,Tipo de Cambio Real - B.C.R.A.,73.29
031_Ejecución mensual del presupuesto del FET - Ejerci.pdf,2020-09-01,2020,sep,Tipo de Cambio Real - B.C.R.A.,75.2
031_Ejecución mensual del presupuesto del FET - Ejerci.pdf,2020-10-01,2020,oct,Tipo de Cambio Real - B.C.R.A.,77.57
031_Ejecución mensual del presupuesto del FET - Ejerci.pdf,2020-11-01,2020,nov,Tipo de Cambio Real - B.C.R.A.,79.93
031_Ejecución mensual del presupuesto del FET - Ejerci.pdf,2020-12-01,2020,dic,Tipo de Cambio Real - B.C.R.A.,82.64
032_109200_EjecuciC3B3n mensual del presupuesto del FE.pdf,2020-01-01,2020,ene,Recaudación (1= 2 + 3),1352017642.95
032_109200_EjecuciC3B3n mensual del presupuesto del FE.pdf,2020-02-01,2020,feb,Recaudación (1= 2 + 3),1375707144.05
032_109200_EjecuciC3B3n mensual del presupuesto del FE.pdf,2020-03-01,2020,mar,Recaudación (1= 2 + 3),1272740161.89
032_109200_EjecuciC3B3n mensual del presupuesto del FE.pdf,2020-04-01,2020,abr,Recaudación (1= 2 + 3),339680432.25
032_109200_EjecuciC3B3n mensual del presupuesto del FE.pdf,2020-05-01,2020,may,Recaudación (1= 2 + 3),1539896250.71
032_109200_EjecuciC3B3n mensual del presupuesto del FE.pdf,2020-06-01,2020,jun,Recaudación (1= 2 + 3),1432035167.11
032_109200_EjecuciC3B3n mensual del presupuesto del FE.pdf,2020-07-01,2020,jul,Recaudación (1= 2 + 3),1897942110.88
032_109200_EjecuciC3B3n mensual del presupuesto del FE.pdf,2020-08-01,2020,ago,Recaudación (1= 2 + 3),1422189656.21
032_109200_EjecuciC3B3n mensual del presupuesto del FE.pdf,2020-09-01,2020,sep,Recaudación (1= 2 + 3),1713531756.89
032_109200_EjecuciC3B3n mensual del presupuesto del FE.pdf,2020-10-01,2020,oct,Recaudación (1= 2 + 3),1425186822.94
032_109200_EjecuciC3B3n mensual del presupuesto del FE.pdf,2020-11-01,2020,nov,Recaudación (1= 2 + 3),1786550108.91
032_109200_EjecuciC3B3n mensual del presupuesto del FE.pdf,2020-12-01,2020,dic,Recaudación (1= 2 + 3),1817280170.04
032_109200_EjecuciC3B3n mensual del presupuesto del FE.pdf,2020-01-01,2020,ene,Recaudación Provincias (2),1304746570.98
032_109200_EjecuciC3B3n mensual del presupuesto del FE.pdf,2020-02-01,2020,feb,Recaudación Provincias (2),1329803529.95
032_109200_EjecuciC3B3n mensual del presupuesto del FE.pdf,2020-03-01,2020,mar,Recaudación Provincias (2),1229614195.39
032_109200_EjecuciC3B3n mensual del presupuesto del FE.pdf,2020-04-01,2020,abr,Recaudación Provincias (2),300270417.07
032_109200_EjecuciC3B3n mensual del presupuesto del FE.pdf,2020-05-01,2020,may,Recaudación Provincias (2),1515096486.43
032_109200_EjecuciC3B3n mensual del presupuesto del FE.pdf,2020-06-01,2020,jun,Recaudación Provincias (2),1383008084.51
032_109200_EjecuciC3B3n mensual del presupuesto del FE.pdf,2020-07-01,2020,jul,Recaudación Provincias (2),1832380544.5
032_109200_EjecuciC3B3n mensual del presupuesto del FE.pdf,2020-08-01,2020,ago,Recaudación Provincias (2),1376161017.68
032_109200_EjecuciC3B3n mensual del presupuesto del FE.pdf,2020-09-01,2020,sep,Recaudación Provincias (2),1658595367.52
032_109200_EjecuciC3B3n mensual del presupuesto del FE.pdf,2020-10-01,2020,oct,Recaudación Provincias (2),1379546294.08
032_109200_EjecuciC3B3n mensual del presupuesto del FE.pdf,2020-11-01,2020,nov,Recaudación Provincias (2),1728402446.91
032_109200_EjecuciC3B3n mensual del presupuesto del FE.pdf,2020-12-01,2020,dic,Recaudación Provincias (2),1757979998.67
032_109200_EjecuciC3B3n mensual del presupuesto del FE.pdf,2020-01-01,2020,ene,Obra Social (3),47271071.97
032_109200_EjecuciC3B3n mensual del presupuesto del FE.pdf,2020-02-01,2020,feb,Obra Social (3),45903614.1
032_109200_EjecuciC3B3n mensual del presupuesto del FE.pdf,2020-03-01,2020,mar,Obra Social (3),43125966.5
032_109200_EjecuciC3B3n mensual del presupuesto del FE.pdf,2020-04-01,2020,abr,Obra Social (3),39410015.18
032_109200_EjecuciC3B3n mensual del presupuesto del FE.pdf,2020-05-01,2020,may,Obra Social (3),24799764.28
032_109200_EjecuciC3B3n mensual del presupuesto del FE.pdf,2020-06-01,2020,jun,Obra Social (3),49027082.6
032_109200_EjecuciC3B3n mensual del presupuesto del FE.pdf,2020-07-01,2020,jul,Obra Social (3),65561566.38
032_109200_EjecuciC3B3n mensual del presupuesto del FE.pdf,2020-08-01,2020,ago,Obra Social (3),46028638.53
032_109200_EjecuciC3B3n mensual del presupuesto del FE.pdf,2020-09-01,2020,sep,Obra Social (3),54936389.37
032_109200_EjecuciC3B3n mensual del presupuesto del FE.pdf,2020-10-01,2020,oct,Obra Social (3),45640528.86
032_109200_EjecuciC3B3n mensual del presupuesto del FE.pdf,2020-11-01,2020,nov,Obra Social (3),58147662.0
032_109200_EjecuciC3B3n mensual del presupuesto del FE.pdf,2020-12-01,2020,dic,Obra Social (3),59300171.37
032_109200_EjecuciC3B3n mensual del presupuesto del FE.pdf,2020-01-01,2020,ene,Total Transferido ( Precio),467425038.56
032_109200_EjecuciC3B3n mensual del presupuesto del FE.pdf,2020-02-01,2020,feb,Total Transferido ( Precio),0.0
032_109200_EjecuciC3B3n mensual del presupuesto del FE.pdf,2020-03-01,2020,mar,Total Transferido ( Precio),0.0
032_109200_EjecuciC3B3n mensual del presupuesto del FE.pdf,2020-04-01,2020,abr,Total Transferido ( Precio),916000000.0
032_109200_EjecuciC3B3n mensual del presupuesto del FE.pdf,2020-05-01,2020,may,Total Transferido ( Precio),99321127.78
032_109200_EjecuciC3B3n mensual del presupuesto del FE.pdf,2020-06-01,2020,jun,Total Transferido ( Precio),344500000.0
032_109200_EjecuciC3B3n mensual del presupuesto del FE.pdf,2020-07-01,2020,jul,Total Transferido ( Precio),126300000.0
032_109200_EjecuciC3B3n mensual del presupuesto del FE.pdf,2020-08-01,2020,ago,Total Transferido ( Precio),432701607.25
032_109200_EjecuciC3B3n mensual del presupuesto del FE.pdf,2020-09-01,2020,sep,Total Transferido ( Precio),800209451.22
032_109200_EjecuciC3B3n mensual del presupuesto del FE.pdf,2020-10-01,2020,oct,Total Transferido ( Precio),811986784.55
032_109200_EjecuciC3B3n mensual del presupuesto del FE.pdf,2020-11-01,2020,nov,Total Transferido ( Precio),752565400.46
032_109200_EjecuciC3B3n mensual del presupuesto del FE.pdf,2020-12-01,2020,dic,Total Transferido ( Precio),488805257.7
032_109200_EjecuciC3B3n mensual del presupuesto del FE.pdf,2020-01-01,2020,ene,Retirbución al Productor Tabacalero (Precio) (**),467425038.56
032_109200_EjecuciC3B3n mensual del presupuesto del FE.pdf,2020-02-01,2020,feb,Retirbución al Productor Tabacalero (Precio) (**),0.0
032_109200_EjecuciC3B3n mensual del presupuesto del FE.pdf,2020-03-01,2020,mar,Retirbución al Productor Tabacalero (Precio) (**),0.0
032_109200_EjecuciC3B3n mensual del presupuesto del FE.pdf,2020-04-01,2020,abr,Retirbución al Productor Tabacalero (Precio) (**),916000000.0
032_109200_EjecuciC3B3n mensual del presupuesto del FE.pdf,2020-05-01,2020,may,Retirbución al Productor Tabacalero (Precio) (**),99321127.78
032_109200_EjecuciC3B3n mensual del presupuesto del FE.pdf,2020-06-01,2020,jun,Retirbución al Productor Tabacalero (Precio) (**),344500000.0
032_109200_EjecuciC3B3n mensual del presupuesto del FE.pdf,2020-07-01,2020,jul,Retirbución al Productor Tabacalero (Precio) (**),126300000.0
032_109200_EjecuciC3B3n mensual del presupuesto del FE.pdf,2020-08-01,2020,ago,Retirbución al Productor Tabacalero (Precio) (**),432701607.25
032_109200_EjecuciC3B3n mensual del presupuesto del FE.pdf,2020-09-01,2020,sep,Retirbución al Productor Tabacalero (Precio) (**),800209451.22
032_109200_EjecuciC3B3n mensual del presupuesto del FE.pdf,2020-10-01,2020,oct,Retirbución al Productor Tabacalero (Precio) (**),811986784.55
032_109200_EjecuciC3B3n mensual del presupuesto del FE.pdf,2020-11-01,2020,nov,Retirbución al Productor Tabacalero (Precio) (**),752565400.46
032_109200_EjecuciC3B3n mensual del presupuesto del FE.pdf,2020-12-01,2020,dic,Retirbución al Productor Tabacalero (Precio) (**),488805257.7
032_109200_EjecuciC3B3n mensual del presupuesto del FE.pdf,2020-01-01,2020,ene,Ejecución Real (4) = (5 + 6 + 7),108628220.93
032_109200_EjecuciC3B3n mensual del presupuesto del FE.pdf,2020-02-01,2020,feb,Ejecución Real (4) = (5 + 6 + 7),141544794.15
032_109200_EjecuciC3B3n mensual del presupuesto del FE.pdf,2020-03-01,2020,mar,Ejecución Real (4) = (5 + 6 + 7),756739235.24
032_109200_EjecuciC3B3n mensual del presupuesto del FE.pdf,2020-04-01,2020,abr,Ejecución Real (4) = (5 + 6 + 7),858330751.54
032_109200_EjecuciC3B3n mensual del presupuesto del FE.pdf,2020-05-01,2020,may,Ejecución Real (4) = (5 + 6 + 7),492944241.56
032_109200_EjecuciC3B3n mensual del presupuesto del FE.pdf,2020-06-01,2020,jun,Ejecución Real (4) = (5 + 6 + 7),1087369434.06
032_109200_EjecuciC3B3n mensual del presupuesto del FE.pdf,2020-07-01,2020,jul,Ejecución Real (4) = (5 + 6 + 7),708530800.23
032_109200_EjecuciC3B3n mensual del presupuesto del FE.pdf,2020-08-01,2020,ago,Ejecución Real (4) = (5 + 6 + 7),798401292.01
032_109200_EjecuciC3B3n mensual del presupuesto del FE.pdf,2020-09-01,2020,sep,Ejecución Real (4) = (5 + 6 + 7),1126637967.35
032_109200_EjecuciC3B3n mensual del presupuesto del FE.pdf,2020-10-01,2020,oct,Ejecución Real (4) = (5 + 6 + 7),577033556.07
032_109200_EjecuciC3B3n mensual del presupuesto del FE.pdf,2020-11-01,2020,nov,Ejecución Real (4) = (5 + 6 + 7),2160549618.14
032_109200_EjecuciC3B3n mensual del presupuesto del FE.pdf,2020-12-01,2020,dic,Ejecución Real (4) = (5 + 6 + 7),1241686734.95
032_109200_EjecuciC3B3n mensual del presupuesto del FE.pdf,2020-01-01,2020,ene,Planes Excedente del 80% + Planes 20% (****) (5),108628220.93
032_109200_EjecuciC3B3n mensual del presupuesto del FE.pdf,2020-02-01,2020,feb,Planes Excedente del 80% + Planes 20% (****) (5),141544794.15
032_109200_EjecuciC3B3n mensual del presupuesto del FE.pdf,2020-03-01,2020,mar,Planes Excedente del 80% + Planes 20% (****) (5),756739235.24
032_109200_EjecuciC3B3n mensual del presupuesto del FE.pdf,2020-04-01,2020,abr,Planes Excedente del 80% + Planes 20% (****) (5),858330751.54
032_109200_EjecuciC3B3n mensual del presupuesto del FE.pdf,2020-05-01,2020,may,Planes Excedente del 80% + Planes 20% (****) (5),492944241.56
032_109200_EjecuciC3B3n mensual del presupuesto del FE.pdf,2020-06-01,2020,jun,Planes Excedente del 80% + Planes 20% (****) (5),1062369434.06
032_109200_EjecuciC3B3n mensual del presupuesto del FE.pdf,2020-07-01,2020,jul,Planes Excedente del 80% + Planes 20% (****) (5),708530800.23
032_109200_EjecuciC3B3n mensual del presupuesto del FE.pdf,2020-08-01,2020,ago,Planes Excedente del 80% + Planes 20% (****) (5),798401292.01
032_109200_EjecuciC3B3n mensual del presupuesto del FE.pdf,2020-09-01,2020,sep,Planes Excedente del 80% + Planes 20% (****) (5),1126637967.35
032_109200_EjecuciC3B3n mensual del presupuesto del FE.pdf,2020-10-01,2020,oct,Planes Excedente del 80% + Planes 20% (****) (5),577033556.07
032_109200_EjecuciC3B3n mensual del presupuesto del FE.pdf,2020-11-01,2020,nov,Planes Excedente del 80% + Planes 20% (****) (5),2160549618.14
032_109200_EjecuciC3B3n mensual del presupuesto del FE.pdf,2020-12-01,2020,dic,Planes Excedente del 80% + Planes 20% (****) (5),1241686734.95
032_109200_EjecuciC3B3n mensual del presupuesto del FE.pdf,2020-01-01,2020,ene,Sueldos FET (por Convenio) (***) (6),0.0
032_109200_EjecuciC3B3n mensual del presupuesto del FE.pdf,2020-02-01,2020,feb,Sueldos FET (por Convenio) (***) (6),0.0
032_109200_EjecuciC3B3n mensual del presupuesto del FE.pdf,2020-03-01,2020,mar,Sueldos FET (por Convenio) (***) (6),0.0
032_109200_EjecuciC3B3n mensual del presupuesto del FE.pdf,2020-04-01,2020,abr,Sueldos FET (por Convenio) (***) (6),0.0
032_109200_EjecuciC3B3n mensual del presupuesto del FE.pdf,2020-05-01,2020,may,Sueldos FET (por Convenio) (***) (6),0.0
032_109200_EjecuciC3B3n mensual del presupuesto del FE.pdf,2020-06-01,2020,jun,Sueldos FET (por Convenio) (***) (6),0.0
032_109200_EjecuciC3B3n mensual del presupuesto del FE.pdf,2020-07-01,2020,jul,Sueldos FET (por Convenio) (***) (6),0.0
032_109200_EjecuciC3B3n mensual del presupuesto del FE.pdf,2020-08-01,2020,ago,Sueldos FET (por Convenio) (***) (6),0.0
032_109200_EjecuciC3B3n mensual del presupuesto del FE.pdf,2020-09-01,2020,sep,Sueldos FET (por Convenio) (***) (6),0.0
032_109200_EjecuciC3B3n mensual del presupuesto del FE.pdf,2020-10-01,2020,oct,Sueldos FET (por Convenio) (***) (6),0.0
032_109200_EjecuciC3B3n mensual del presupuesto del FE.pdf,2020-11-01,2020,nov,Sueldos FET (por Convenio) (***) (6),0.0
032_109200_EjecuciC3B3n mensual del presupuesto del FE.pdf,2020-12-01,2020,dic,Sueldos FET (por Convenio) (***) (6),0.0
032_109200_EjecuciC3B3n mensual del presupuesto del FE.pdf,2020-01-01,2020,ene,Ley 19.800 Art. 27 b) (3%) (7),0.0
032_109200_EjecuciC3B3n mensual del presupuesto del FE.pdf,2020-02-01,2020,feb,Ley 19.800 Art. 27 b) (3%) (7),0.0
032_109200_EjecuciC3B3n mensual del presupuesto del FE.pdf,2020-03-01,2020,mar,Ley 19.800 Art. 27 b) (3%) (7),0.0
032_109200_EjecuciC3B3n mensual del presupuesto del FE.pdf,2020-04-01,2020,abr,Ley 19.800 Art. 27 b) (3%) (7),0.0
032_109200_EjecuciC3B3n mensual del presupuesto del FE.pdf,2020-05-01,2020,may,Ley 19.800 Art. 27 b) (3%) (7),0.0
032_109200_EjecuciC3B3n mensual del presupuesto del FE.pdf,2020-06-01,2020,jun,Ley 19.800 Art. 27 b) (3%) (7),25000000.0
032_109200_EjecuciC3B3n mensual del presupuesto del FE.pdf,2020-07-01,2020,jul,Ley 19.800 Art. 27 b) (3%) (7),0.0
032_109200_EjecuciC3B3n mensual del presupuesto del FE.pdf,2020-08-01,2020,ago,Ley 19.800 Art. 27 b) (3%) (7),0.0
032_109200_EjecuciC3B3n mensual del presupuesto del FE.pdf,2020-09-01,2020,sep,Ley 19.800 Art. 27 b) (3%) (7),0.0
032_109200_EjecuciC3B3n mensual del presupuesto del FE.pdf,2020-10-01,2020,oct,Ley 19.800 Art. 27 b) (3%) (7),0.0
032_109200_EjecuciC3B3n mensual del presupuesto del FE.pdf,2020-11-01,2020,nov,Ley 19.800 Art. 27 b) (3%) (7),0.0
032_109200_EjecuciC3B3n mensual del presupuesto del FE.pdf,2020-12-01,2020,dic,Ley 19.800 Art. 27 b) (3%) (7),0.0
032_109200_EjecuciC3B3n mensual del presupuesto del FE.pdf,2020-01-01,2020,ene,Remanente 2019,108628220.93
032_109200_EjecuciC3B3n mensual del presupuesto del FE.pdf,2020-02-01,2020,feb,Remanente 2019,141544794.15
032_109200_EjecuciC3B3n mensual del presupuesto del FE.pdf,2020-03-01,2020,mar,Remanente 2019,549674774.25
032_109200_EjecuciC3B3n mensual del presupuesto del FE.pdf,2020-04-01,2020,abr,Remanente 2019,219420943.54
032_109200_EjecuciC3B3n mensual del presupuesto del FE.pdf,2020-05-01,2020,may,Remanente 2019,458236030.34
032_109200_EjecuciC3B3n mensual del presupuesto del FE.pdf,2020-06-01,2020,jun,Remanente 2019,814779099.2
032_109200_EjecuciC3B3n mensual del presupuesto del FE.pdf,2020-07-01,2020,jul,Remanente 2019,679118075.63
032_109200_EjecuciC3B3n mensual del presupuesto del FE.pdf,2020-08-01,2020,ago,Remanente 2019,341427634.99
032_109200_EjecuciC3B3n mensual del presupuesto del FE.pdf,2020-09-01,2020,sep,Remanente 2019,347833968.31
032_109200_EjecuciC3B3n mensual del presupuesto del FE.pdf,2020-10-01,2020,oct,Remanente 2019,305056394.28
032_109200_EjecuciC3B3n mensual del presupuesto del FE.pdf,2020-11-01,2020,nov,Remanente 2019,212558631.6
032_109200_EjecuciC3B3n mensual del presupuesto del FE.pdf,2020-12-01,2020,dic,Remanente 2019,466532992.5
032_109200_EjecuciC3B3n mensual del presupuesto del FE.pdf,2020-01-01,2020,ene,Tipo de Cambio Real - B.C.R.A.,60.01
032_109200_EjecuciC3B3n mensual del presupuesto del FE.pdf,2020-02-01,2020,feb,Tipo de Cambio Real - B.C.R.A.,61.35
032_109200_EjecuciC3B3n mensual del presupuesto del FE.pdf,2020-03-01,2020,mar,Tipo de Cambio Real - B.C.R.A.,63.12
032_109200_EjecuciC3B3n mensual del presupuesto del FE.pdf,2020-04-01,2020,abr,Tipo de Cambio Real - B.C.R.A.,65.76
032_109200_EjecuciC3B3n mensual del presupuesto del FE.pdf,2020-05-01,2020,may,Tipo de Cambio Real - B.C.R.A.,67.73
032_109200_EjecuciC3B3n mensual del presupuesto del FE.pdf,2020-06-01,2020,jun,Tipo de Cambio Real - B.C.R.A.,69.54
032_109200_EjecuciC3B3n mensual del presupuesto del FE.pdf,2020-07-01,2020,jul,Tipo de Cambio Real - B.C.R.A.,71.47
032_109200_EjecuciC3B3n mensual del presupuesto del FE.pdf,2020-08-01,2020,ago,Tipo de Cambio Real - B.C.R.A.,73.29
032_109200_EjecuciC3B3n mensual del presupuesto del FE.pdf,2020-09-01,2020,sep,Tipo de Cambio Real - B.C.R.A.,75.2
032_109200_EjecuciC3B3n mensual del presupuesto del FE.pdf,2020-10-01,2020,oct,Tipo de Cambio Real - B.C.R.A.,77.57
032_109200_EjecuciC3B3n mensual del presupuesto del FE.pdf,2020-11-01,2020,nov,Tipo de Cambio Real - B.C.R.A.,79.93
032_109200_EjecuciC3B3n mensual del presupuesto del FE.pdf,2020-12-01,2020,dic,Tipo de Cambio Real - B.C.R.A.,82.64
033_Ejecución mensual del presupuesto del FET - Ejerci.pdf,2019-01-01,2019,ene,EJECUTADO DEL FET AÑO 2019 AL 31/12/2019 ACTUALIZADO AL: 31/12/2019 Recaudación (*)  (1= 2 + 3),893298905.22
033_Ejecución mensual del presupuesto del FET - Ejerci.pdf,2019-02-01,2019,feb,EJECUTADO DEL FET AÑO 2019 AL 31/12/2019 ACTUALIZADO AL: 31/12/2019 Recaudación (*)  (1= 2 + 3),922066572.03
033_Ejecución mensual del presupuesto del FET - Ejerci.pdf,2019-03-01,2019,mar,EJECUTADO DEL FET AÑO 2019 AL 31/12/2019 ACTUALIZADO AL: 31/12/2019 Recaudación (*)  (1= 2 + 3),984845070.62
033_Ejecución mensual del presupuesto del FET - Ejerci.pdf,2019-04-01,2019,abr,EJECUTADO DEL FET AÑO 2019 AL 31/12/2019 ACTUALIZADO AL: 31/12/2019 Recaudación (*)  (1= 2 + 3),810831309.65
033_Ejecución mensual del presupuesto del FET - Ejerci.pdf,2019-05-01,2019,may,EJECUTADO DEL FET AÑO 2019 AL 31/12/2019 ACTUALIZADO AL: 31/12/2019 Recaudación (*)  (1= 2 + 3),940250677.43
033_Ejecución mensual del presupuesto del FET - Ejerci.pdf,2019-06-01,2019,jun,EJECUTADO DEL FET AÑO 2019 AL 31/12/2019 ACTUALIZADO AL: 31/12/2019 Recaudación (*)  (1= 2 + 3),865091422.52
033_Ejecución mensual del presupuesto del FET - Ejerci.pdf,2019-07-01,2019,jul,EJECUTADO DEL FET AÑO 2019 AL 31/12/2019 ACTUALIZADO AL: 31/12/2019 Recaudación (*)  (1= 2 + 3),761667264.68
033_Ejecución mensual del presupuesto del FET - Ejerci.pdf,2019-08-01,2019,ago,EJECUTADO DEL FET AÑO 2019 AL 31/12/2019 ACTUALIZADO AL: 31/12/2019 Recaudación (*)  (1= 2 + 3),990983689.38
033_Ejecución mensual del presupuesto del FET - Ejerci.pdf,2019-09-01,2019,sep,EJECUTADO DEL FET AÑO 2019 AL 31/12/2019 ACTUALIZADO AL: 31/12/2019 Recaudación (*)  (1= 2 + 3),1124353922.21
033_Ejecución mensual del presupuesto del FET - Ejerci.pdf,2019-10-01,2019,oct,EJECUTADO DEL FET AÑO 2019 AL 31/12/2019 ACTUALIZADO AL: 31/12/2019 Recaudación (*)  (1= 2 + 3),1005380437.83
033_Ejecución mensual del presupuesto del FET - Ejerci.pdf,2019-11-01,2019,nov,EJECUTADO DEL FET AÑO 2019 AL 31/12/2019 ACTUALIZADO AL: 31/12/2019 Recaudación (*)  (1= 2 + 3),1166191007.54
033_Ejecución mensual del presupuesto del FET - Ejerci.pdf,2019-12-01,2019,dic,EJECUTADO DEL FET AÑO 2019 AL 31/12/2019 ACTUALIZADO AL: 31/12/2019 Recaudación (*)  (1= 2 + 3),1222981107.2
033_Ejecución mensual del presupuesto del FET - Ejerci.pdf,2019-01-01,2019,ene,Precio FET - Ejecución Real en Dólares -,7133818.99
033_Ejecución mensual del presupuesto del FET - Ejerci.pdf,2019-02-01,2019,feb,Precio FET - Ejecución Real en Dólares -,4218163.14
033_Ejecución mensual del presupuesto del FET - Ejerci.pdf,2019-03-01,2019,mar,Precio FET - Ejecución Real en Dólares -,6753128.36
033_Ejecución mensual del presupuesto del FET - Ejerci.pdf,2019-04-01,2019,abr,Precio FET - Ejecución Real en Dólares -,6480022.73
033_Ejecución mensual del presupuesto del FET - Ejerci.pdf,2019-05-01,2019,may,Precio FET - Ejecución Real en Dólares -,4063567.23
033_Ejecución mensual del presupuesto del FET - Ejerci.pdf,2019-06-01,2019,jun,Precio FET - Ejecución Real en Dólares -,12917230.87
033_Ejecución mensual del presupuesto del FET - Ejerci.pdf,2019-07-01,2019,jul,Precio FET - Ejecución Real en Dólares -,7160148.27
033_Ejecución mensual del presupuesto del FET - Ejerci.pdf,2019-08-01,2019,ago,Precio FET - Ejecución Real en Dólares -,2566307.23
033_Ejecución mensual del presupuesto del FET - Ejerci.pdf,2019-09-01,2019,sep,Precio FET - Ejecución Real en Dólares -,2640286.12
033_Ejecución mensual del presupuesto del FET - Ejerci.pdf,2019-10-01,2019,oct,Precio FET - Ejecución Real en Dólares -,15742127.28
033_Ejecución mensual del presupuesto del FET - Ejerci.pdf,2019-11-01,2019,nov,Precio FET - Ejecución Real en Dólares -,872853.65
033_Ejecución mensual del presupuesto del FET - Ejerci.pdf,2019-12-01,2019,dic,Precio FET - Ejecución Real en Dólares -,70547653.87
034_109000_EjecuciC3B3n mensual del presupuesto del FE.pdf,2019-01-01,2019,ene,EJECUTADO DEL FET AÑO 2019 AL 31/12/2019 ACTUALIZADO AL: 31/12/2019 Recaudación (*)  (1= 2 + 3),893298905.22
034_109000_EjecuciC3B3n mensual del presupuesto del FE.pdf,2019-02-01,2019,feb,EJECUTADO DEL FET AÑO 2019 AL 31/12/2019 ACTUALIZADO AL: 31/12/2019 Recaudación (*)  (1= 2 + 3),922066572.03
034_109000_EjecuciC3B3n mensual del presupuesto del FE.pdf,2019-03-01,2019,mar,EJECUTADO DEL FET AÑO 2019 AL 31/12/2019 ACTUALIZADO AL: 31/12/2019 Recaudación (*)  (1= 2 + 3),984845070.62
034_109000_EjecuciC3B3n mensual del presupuesto del FE.pdf,2019-04-01,2019,abr,EJECUTADO DEL FET AÑO 2019 AL 31/12/2019 ACTUALIZADO AL: 31/12/2019 Recaudación (*)  (1= 2 + 3),810831309.65
034_109000_EjecuciC3B3n mensual del presupuesto del FE.pdf,2019-05-01,2019,may,EJECUTADO DEL FET AÑO 2019 AL 31/12/2019 ACTUALIZADO AL: 31/12/2019 Recaudación (*)  (1= 2 + 3),940250677.43
034_109000_EjecuciC3B3n mensual del presupuesto del FE.pdf,2019-06-01,2019,jun,EJECUTADO DEL FET AÑO 2019 AL 31/12/2019 ACTUALIZADO AL: 31/12/2019 Recaudación (*)  (1= 2 + 3),865091422.52
034_109000_EjecuciC3B3n mensual del presupuesto del FE.pdf,2019-07-01,2019,jul,EJECUTADO DEL FET AÑO 2019 AL 31/12/2019 ACTUALIZADO AL: 31/12/2019 Recaudación (*)  (1= 2 + 3),761667264.68
034_109000_EjecuciC3B3n mensual del presupuesto del FE.pdf,2019-08-01,2019,ago,EJECUTADO DEL FET AÑO 2019 AL 31/12/2019 ACTUALIZADO AL: 31/12/2019 Recaudación (*)  (1= 2 + 3),990983689.38
034_109000_EjecuciC3B3n mensual del presupuesto del FE.pdf,2019-09-01,2019,sep,EJECUTADO DEL FET AÑO 2019 AL 31/12/2019 ACTUALIZADO AL: 31/12/2019 Recaudación (*)  (1= 2 + 3),1124353922.21
034_109000_EjecuciC3B3n mensual del presupuesto del FE.pdf,2019-10-01,2019,oct,EJECUTADO DEL FET AÑO 2019 AL 31/12/2019 ACTUALIZADO AL: 31/12/2019 Recaudación (*)  (1= 2 + 3),1005380437.83
034_109000_EjecuciC3B3n mensual del presupuesto del FE.pdf,2019-11-01,2019,nov,EJECUTADO DEL FET AÑO 2019 AL 31/12/2019 ACTUALIZADO AL: 31/12/2019 Recaudación (*)  (1= 2 + 3),1166191007.54
034_109000_EjecuciC3B3n mensual del presupuesto del FE.pdf,2019-12-01,2019,dic,EJECUTADO DEL FET AÑO 2019 AL 31/12/2019 ACTUALIZADO AL: 31/12/2019 Recaudación (*)  (1= 2 + 3),1222981107.2
034_109000_EjecuciC3B3n mensual del presupuesto del FE.pdf,2019-01-01,2019,ene,Precio FET - Ejecución Real en Dólares -,7133818.99
034_109000_EjecuciC3B3n mensual del presupuesto del FE.pdf,2019-02-01,2019,feb,Precio FET - Ejecución Real en Dólares -,4218163.14
034_109000_EjecuciC3B3n mensual del presupuesto del FE.pdf,2019-03-01,2019,mar,Precio FET - Ejecución Real en Dólares -,6753128.36
034_109000_EjecuciC3B3n mensual del presupuesto del FE.pdf,2019-04-01,2019,abr,Precio FET - Ejecución Real en Dólares -,6480022.73
034_109000_EjecuciC3B3n mensual del presupuesto del FE.pdf,2019-05-01,2019,may,Precio FET - Ejecución Real en Dólares -,4063567.23
034_109000_EjecuciC3B3n mensual del presupuesto del FE.pdf,2019-06-01,2019,jun,Precio FET - Ejecución Real en Dólares -,12917230.87
034_109000_EjecuciC3B3n mensual del presupuesto del FE.pdf,2019-07-01,2019,jul,Precio FET - Ejecución Real en Dólares -,7160148.27
034_109000_EjecuciC3B3n mensual del presupuesto del FE.pdf,2019-08-01,2019,ago,Precio FET - Ejecución Real en Dólares -,2566307.23
034_109000_EjecuciC3B3n mensual del presupuesto del FE.pdf,2019-09-01,2019,sep,Precio FET - Ejecución Real en Dólares -,2640286.12
034_109000_EjecuciC3B3n mensual del presupuesto del FE.pdf,2019-10-01,2019,oct,Precio FET - Ejecución Real en Dólares -,15742127.28
034_109000_EjecuciC3B3n mensual del presupuesto del FE.pdf,2019-11-01,2019,nov,Precio FET - Ejecución Real en Dólares -,872853.65
034_109000_EjecuciC3B3n mensual del presupuesto del FE.pdf,2019-12-01,2019,dic,Precio FET - Ejecución Real en Dólares -,70547653.87
035_Ejecución mensual del presupuesto del FET - Ejerci.pdf,2018-01-01,2018,ene,EJECUTADO DEL FET AÑO 2018 AL 31 DICIEMBRE DE 2018 ACTUALIZADO AL: 31 DE DICIEMBRE DE 2018 Recaudación (*)  (1= 2 + 3),761548214.02
035_Ejecución mensual del presupuesto del FET - Ejerci.pdf,2018-02-01,2018,feb,EJECUTADO DEL FET AÑO 2018 AL 31 DICIEMBRE DE 2018 ACTUALIZADO AL: 31 DE DICIEMBRE DE 2018 Recaudación (*)  (1= 2 + 3),769571196.48
035_Ejecución mensual del presupuesto del FET - Ejerci.pdf,2018-03-01,2018,mar,EJECUTADO DEL FET AÑO 2018 AL 31 DICIEMBRE DE 2018 ACTUALIZADO AL: 31 DE DICIEMBRE DE 2018 Recaudación (*)  (1= 2 + 3),686427114.63
035_Ejecución mensual del presupuesto del FET - Ejerci.pdf,2018-04-01,2018,abr,EJECUTADO DEL FET AÑO 2018 AL 31 DICIEMBRE DE 2018 ACTUALIZADO AL: 31 DE DICIEMBRE DE 2018 Recaudación (*)  (1= 2 + 3),783955629.31
035_Ejecución mensual del presupuesto del FET - Ejerci.pdf,2018-05-01,2018,may,EJECUTADO DEL FET AÑO 2018 AL 31 DICIEMBRE DE 2018 ACTUALIZADO AL: 31 DE DICIEMBRE DE 2018 Recaudación (*)  (1= 2 + 3),710545058.22
035_Ejecución mensual del presupuesto del FET - Ejerci.pdf,2018-06-01,2018,jun,EJECUTADO DEL FET AÑO 2018 AL 31 DICIEMBRE DE 2018 ACTUALIZADO AL: 31 DE DICIEMBRE DE 2018 Recaudación (*)  (1= 2 + 3),739017113.48
035_Ejecución mensual del presupuesto del FET - Ejerci.pdf,2018-07-01,2018,jul,EJECUTADO DEL FET AÑO 2018 AL 31 DICIEMBRE DE 2018 ACTUALIZADO AL: 31 DE DICIEMBRE DE 2018 Recaudación (*)  (1= 2 + 3),677525349.0
035_Ejecución mensual del presupuesto del FET - Ejerci.pdf,2018-08-01,2018,ago,EJECUTADO DEL FET AÑO 2018 AL 31 DICIEMBRE DE 2018 ACTUALIZADO AL: 31 DE DICIEMBRE DE 2018 Recaudación (*)  (1= 2 + 3),695683764.51
035_Ejecución mensual del presupuesto del FET - Ejerci.pdf,2018-09-01,2018,sep,EJECUTADO DEL FET AÑO 2018 AL 31 DICIEMBRE DE 2018 ACTUALIZADO AL: 31 DE DICIEMBRE DE 2018 Recaudación (*)  (1= 2 + 3),793164065.02
035_Ejecución mensual del presupuesto del FET - Ejerci.pdf,2018-10-01,2018,oct,EJECUTADO DEL FET AÑO 2018 AL 31 DICIEMBRE DE 2018 ACTUALIZADO AL: 31 DE DICIEMBRE DE 2018 Recaudación (*)  (1= 2 + 3),704052545.61
035_Ejecución mensual del presupuesto del FET - Ejerci.pdf,2018-11-01,2018,nov,EJECUTADO DEL FET AÑO 2018 AL 31 DICIEMBRE DE 2018 ACTUALIZADO AL: 31 DE DICIEMBRE DE 2018 Recaudación (*)  (1= 2 + 3),900903930.7
035_Ejecución mensual del presupuesto del FET - Ejerci.pdf,2018-12-01,2018,dic,EJECUTADO DEL FET AÑO 2018 AL 31 DICIEMBRE DE 2018 ACTUALIZADO AL: 31 DE DICIEMBRE DE 2018 Recaudación (*)  (1= 2 + 3),859975578.36
036_108000_EjecuciC3B3n mensual del presupuesto del FE.pdf,2018-01-01,2018,ene,EJECUTADO DEL FET AÑO 2018 AL 31 DICIEMBRE DE 2018 ACTUALIZADO AL: 31 DE DICIEMBRE DE 2018 Recaudación (*)  (1= 2 + 3),761548214.02
036_108000_EjecuciC3B3n mensual del presupuesto del FE.pdf,2018-02-01,2018,feb,EJECUTADO DEL FET AÑO 2018 AL 31 DICIEMBRE DE 2018 ACTUALIZADO AL: 31 DE DICIEMBRE DE 2018 Recaudación (*)  (1= 2 + 3),769571196.48
036_108000_EjecuciC3B3n mensual del presupuesto del FE.pdf,2018-03-01,2018,mar,EJECUTADO DEL FET AÑO 2018 AL 31 DICIEMBRE DE 2018 ACTUALIZADO AL: 31 DE DICIEMBRE DE 2018 Recaudación (*)  (1= 2 + 3),686427114.63
036_108000_EjecuciC3B3n mensual del presupuesto del FE.pdf,2018-04-01,2018,abr,EJECUTADO DEL FET AÑO 2018 AL 31 DICIEMBRE DE 2018 ACTUALIZADO AL: 31 DE DICIEMBRE DE 2018 Recaudación (*)  (1= 2 + 3),783955629.31
036_108000_EjecuciC3B3n mensual del presupuesto del FE.pdf,2018-05-01,2018,may,EJECUTADO DEL FET AÑO 2018 AL 31 DICIEMBRE DE 2018 ACTUALIZADO AL: 31 DE DICIEMBRE DE 2018 Recaudación (*)  (1= 2 + 3),710545058.22
036_108000_EjecuciC3B3n mensual del presupuesto del FE.pdf,2018-06-01,2018,jun,EJECUTADO DEL FET AÑO 2018 AL 31 DICIEMBRE DE 2018 ACTUALIZADO AL: 31 DE DICIEMBRE DE 2018 Recaudación (*)  (1= 2 + 3),739017113.48
036_108000_EjecuciC3B3n mensual del presupuesto del FE.pdf,2018-07-01,2018,jul,EJECUTADO DEL FET AÑO 2018 AL 31 DICIEMBRE DE 2018 ACTUALIZADO AL: 31 DE DICIEMBRE DE 2018 Recaudación (*)  (1= 2 + 3),677525349.0
036_108000_EjecuciC3B3n mensual del presupuesto del FE.pdf,2018-08-01,2018,ago,EJECUTADO DEL FET AÑO 2018 AL 31 DICIEMBRE DE 2018 ACTUALIZADO AL: 31 DE DICIEMBRE DE 2018 Recaudación (*)  (1= 2 + 3),695683764.51
036_108000_EjecuciC3B3n mensual del presupuesto del FE.pdf,2018-09-01,2018,sep,EJECUTADO DEL FET AÑO 2018 AL 31 DICIEMBRE DE 2018 ACTUALIZADO AL: 31 DE DICIEMBRE DE 2018 Recaudación (*)  (1= 2 + 3),793164065.02
036_108000_EjecuciC3B3n mensual del presupuesto del FE.pdf,2018-10-01,2018,oct,EJECUTADO DEL FET AÑO 2018 AL 31 DICIEMBRE DE 2018 ACTUALIZADO AL: 31 DE DICIEMBRE DE 2018 Recaudación (*)  (1= 2 + 3),704052545.61
036_108000_EjecuciC3B3n mensual del presupuesto del FE.pdf,2018-11-01,2018,nov,EJECUTADO DEL FET AÑO 2018 AL 31 DICIEMBRE DE 2018 ACTUALIZADO AL: 31 DE DICIEMBRE DE 2018 Recaudación (*)  (1= 2 + 3),900903930.7
036_108000_EjecuciC3B3n mensual del presupuesto del FE.pdf,2018-12-01,2018,dic,EJECUTADO DEL FET AÑO 2018 AL 31 DICIEMBRE DE 2018 ACTUALIZADO AL: 31 DE DICIEMBRE DE 2018 Recaudación (*)  (1= 2 + 3),859975578.36
037_Ejecución mensual del presupuesto del FET - Ejerci.pdf,2017-01-01,2017,ene,31-dic-17 feb-17 mar-17 abr-17 may-17 jun-17 jul-17 ago-17 sep-17 oct-17 nov-17 dic-17 (*****) TOTAL 2017,614312876.72
037_Ejecución mensual del presupuesto del FET - Ejerci.pdf,2017-02-01,2017,feb,31-dic-17 feb-17 mar-17 abr-17 may-17 jun-17 jul-17 ago-17 sep-17 oct-17 nov-17 dic-17 (*****) TOTAL 2017,592276417.75
037_Ejecución mensual del presupuesto del FET - Ejerci.pdf,2017-03-01,2017,mar,31-dic-17 feb-17 mar-17 abr-17 may-17 jun-17 jul-17 ago-17 sep-17 oct-17 nov-17 dic-17 (*****) TOTAL 2017,22036458.97
037_Ejecución mensual del presupuesto del FET - Ejerci.pdf,2017-04-01,2017,abr,31-dic-17 feb-17 mar-17 abr-17 may-17 jun-17 jul-17 ago-17 sep-17 oct-17 nov-17 dic-17 (*****) TOTAL 2017,185607663.59
037_Ejecución mensual del presupuesto del FET - Ejerci.pdf,2017-05-01,2017,may,31-dic-17 feb-17 mar-17 abr-17 may-17 jun-17 jul-17 ago-17 sep-17 oct-17 nov-17 dic-17 (*****) TOTAL 2017,373074457.41
037_Ejecución mensual del presupuesto del FET - Ejerci.pdf,2017-06-01,2017,jun,31-dic-17 feb-17 mar-17 abr-17 may-17 jun-17 jul-17 ago-17 sep-17 oct-17 nov-17 dic-17 (*****) TOTAL 2017,87927268.49
037_Ejecución mensual del presupuesto del FET - Ejerci.pdf,2017-07-01,2017,jul,31-dic-17 feb-17 mar-17 abr-17 may-17 jun-17 jul-17 ago-17 sep-17 oct-17 nov-17 dic-17 (*****) TOTAL 2017,191323373.2
037_Ejecución mensual del presupuesto del FET - Ejerci.pdf,2017-08-01,2017,ago,31-dic-17 feb-17 mar-17 abr-17 may-17 jun-17 jul-17 ago-17 sep-17 oct-17 nov-17 dic-17 (*****) TOTAL 2017,62377095.95
037_Ejecución mensual del presupuesto del FET - Ejerci.pdf,2017-09-01,2017,sep,31-dic-17 feb-17 mar-17 abr-17 may-17 jun-17 jul-17 ago-17 sep-17 oct-17 nov-17 dic-17 (*****) TOTAL 2017,116263587.29
037_Ejecución mensual del presupuesto del FET - Ejerci.pdf,2017-10-01,2017,oct,31-dic-17 feb-17 mar-17 abr-17 may-17 jun-17 jul-17 ago-17 sep-17 oct-17 nov-17 dic-17 (*****) TOTAL 2017,10021325.73
037_Ejecución mensual del presupuesto del FET - Ejerci.pdf,2017-11-01,2017,nov,31-dic-17 feb-17 mar-17 abr-17 may-17 jun-17 jul-17 ago-17 sep-17 oct-17 nov-17 dic-17 (*****) TOTAL 2017,613609.45
037_Ejecución mensual del presupuesto del FET - Ejerci.pdf,2017-12-01,2017,dic,31-dic-17 feb-17 mar-17 abr-17 may-17 jun-17 jul-17 ago-17 sep-17 oct-17 nov-17 dic-17 (*****) TOTAL 2017,0.0
037_Ejecución mensual del presupuesto del FET - Ejerci.pdf,2017-01-01,2017,ene,Recaudación (*)  (1= 2 + 3),643876355.24
037_Ejecución mensual del presupuesto del FET - Ejerci.pdf,2017-02-01,2017,feb,Recaudación (*)  (1= 2 + 3),542425243.34
037_Ejecución mensual del presupuesto del FET - Ejerci.pdf,2017-03-01,2017,mar,Recaudación (*)  (1= 2 + 3),670563308.78
037_Ejecución mensual del presupuesto del FET - Ejerci.pdf,2017-04-01,2017,abr,Recaudación (*)  (1= 2 + 3),598897516.09
037_Ejecución mensual del presupuesto del FET - Ejerci.pdf,2017-05-01,2017,may,Recaudación (*)  (1= 2 + 3),624691915.72
037_Ejecución mensual del presupuesto del FET - Ejerci.pdf,2017-06-01,2017,jun,Recaudación (*)  (1= 2 + 3),618718597.8
037_Ejecución mensual del presupuesto del FET - Ejerci.pdf,2017-07-01,2017,jul,Recaudación (*)  (1= 2 + 3),593352031.09
037_Ejecución mensual del presupuesto del FET - Ejerci.pdf,2017-08-01,2017,ago,Recaudación (*)  (1= 2 + 3),695415075.07
037_Ejecución mensual del presupuesto del FET - Ejerci.pdf,2017-09-01,2017,sep,Recaudación (*)  (1= 2 + 3),709836326.28
037_Ejecución mensual del presupuesto del FET - Ejerci.pdf,2017-10-01,2017,oct,Recaudación (*)  (1= 2 + 3),618158575.24
037_Ejecución mensual del presupuesto del FET - Ejerci.pdf,2017-11-01,2017,nov,Recaudación (*)  (1= 2 + 3),717078485.28
037_Ejecución mensual del presupuesto del FET - Ejerci.pdf,2017-12-01,2017,dic,Recaudación (*)  (1= 2 + 3),7647326306.64
037_Ejecución mensual del presupuesto del FET - Ejerci.pdf,2017-01-01,2017,ene,Recaudación Provincias (2),623155500.18
037_Ejecución mensual del presupuesto del FET - Ejerci.pdf,2017-02-01,2017,feb,Recaudación Provincias (2),524887344.6
037_Ejecución mensual del presupuesto del FET - Ejerci.pdf,2017-03-01,2017,mar,Recaudación Provincias (2),648708222.47
037_Ejecución mensual del presupuesto del FET - Ejerci.pdf,2017-04-01,2017,abr,Recaudación Provincias (2),579276026.81
037_Ejecución mensual del presupuesto del FET - Ejerci.pdf,2017-05-01,2017,may,Recaudación Provincias (2),604109320.21
037_Ejecución mensual del presupuesto del FET - Ejerci.pdf,2017-06-01,2017,jun,Recaudación Provincias (2),598323475.73
037_Ejecución mensual del presupuesto del FET - Ejerci.pdf,2017-07-01,2017,jul,Recaudación Provincias (2),574086277.57
037_Ejecución mensual del presupuesto del FET - Ejerci.pdf,2017-08-01,2017,ago,Recaudación Provincias (2),672789127.46
037_Ejecución mensual del presupuesto del FET - Ejerci.pdf,2017-09-01,2017,sep,Recaudación Provincias (2),686722298.2
037_Ejecución mensual del presupuesto del FET - Ejerci.pdf,2017-10-01,2017,oct,Recaudación Provincias (2),597853128.33
037_Ejecución mensual del presupuesto del FET - Ejerci.pdf,2017-11-01,2017,nov,Recaudación Provincias (2),693484180.29
037_Ejecución mensual del presupuesto del FET - Ejerci.pdf,2017-12-01,2017,dic,Recaudación Provincias (2),7395671319.59
037_Ejecución mensual del presupuesto del FET - Ejerci.pdf,2017-01-01,2017,ene,Obra Social (3),20720855.06
037_Ejecución mensual del presupuesto del FET - Ejerci.pdf,2017-02-01,2017,feb,Obra Social (3),17537898.74
037_Ejecución mensual del presupuesto del FET - Ejerci.pdf,2017-03-01,2017,mar,Obra Social (3),21855086.31
037_Ejecución mensual del presupuesto del FET - Ejerci.pdf,2017-04-01,2017,abr,Obra Social (3),19621489.28
037_Ejecución mensual del presupuesto del FET - Ejerci.pdf,2017-05-01,2017,may,Obra Social (3),20582595.51
037_Ejecución mensual del presupuesto del FET - Ejerci.pdf,2017-06-01,2017,jun,Obra Social (3),20395122.07
037_Ejecución mensual del presupuesto del FET - Ejerci.pdf,2017-07-01,2017,jul,Obra Social (3),19265753.52
037_Ejecución mensual del presupuesto del FET - Ejerci.pdf,2017-08-01,2017,ago,Obra Social (3),22625947.61
037_Ejecución mensual del presupuesto del FET - Ejerci.pdf,2017-09-01,2017,sep,Obra Social (3),23114028.08
037_Ejecución mensual del presupuesto del FET - Ejerci.pdf,2017-10-01,2017,oct,Obra Social (3),20305446.91
037_Ejecución mensual del presupuesto del FET - Ejerci.pdf,2017-11-01,2017,nov,Obra Social (3),23594304.99
037_Ejecución mensual del presupuesto del FET - Ejerci.pdf,2017-12-01,2017,dic,Obra Social (3),251654987.05
038_107000_EjecuciC3B3n mensual del presupuesto del FE.pdf,2017-01-01,2017,ene,31-dic-17 feb-17 mar-17 abr-17 may-17 jun-17 jul-17 ago-17 sep-17 oct-17 nov-17 dic-17 (*****) TOTAL 2017,614312876.72
038_107000_EjecuciC3B3n mensual del presupuesto del FE.pdf,2017-02-01,2017,feb,31-dic-17 feb-17 mar-17 abr-17 may-17 jun-17 jul-17 ago-17 sep-17 oct-17 nov-17 dic-17 (*****) TOTAL 2017,592276417.75
038_107000_EjecuciC3B3n mensual del presupuesto del FE.pdf,2017-03-01,2017,mar,31-dic-17 feb-17 mar-17 abr-17 may-17 jun-17 jul-17 ago-17 sep-17 oct-17 nov-17 dic-17 (*****) TOTAL 2017,22036458.97
038_107000_EjecuciC3B3n mensual del presupuesto del FE.pdf,2017-04-01,2017,abr,31-dic-17 feb-17 mar-17 abr-17 may-17 jun-17 jul-17 ago-17 sep-17 oct-17 nov-17 dic-17 (*****) TOTAL 2017,185607663.59
038_107000_EjecuciC3B3n mensual del presupuesto del FE.pdf,2017-05-01,2017,may,31-dic-17 feb-17 mar-17 abr-17 may-17 jun-17 jul-17 ago-17 sep-17 oct-17 nov-17 dic-17 (*****) TOTAL 2017,373074457.41
038_107000_EjecuciC3B3n mensual del presupuesto del FE.pdf,2017-06-01,2017,jun,31-dic-17 feb-17 mar-17 abr-17 may-17 jun-17 jul-17 ago-17 sep-17 oct-17 nov-17 dic-17 (*****) TOTAL 2017,87927268.49
038_107000_EjecuciC3B3n mensual del presupuesto del FE.pdf,2017-07-01,2017,jul,31-dic-17 feb-17 mar-17 abr-17 may-17 jun-17 jul-17 ago-17 sep-17 oct-17 nov-17 dic-17 (*****) TOTAL 2017,191323373.2
038_107000_EjecuciC3B3n mensual del presupuesto del FE.pdf,2017-08-01,2017,ago,31-dic-17 feb-17 mar-17 abr-17 may-17 jun-17 jul-17 ago-17 sep-17 oct-17 nov-17 dic-17 (*****) TOTAL 2017,62377095.95
038_107000_EjecuciC3B3n mensual del presupuesto del FE.pdf,2017-09-01,2017,sep,31-dic-17 feb-17 mar-17 abr-17 may-17 jun-17 jul-17 ago-17 sep-17 oct-17 nov-17 dic-17 (*****) TOTAL 2017,116263587.29
038_107000_EjecuciC3B3n mensual del presupuesto del FE.pdf,2017-10-01,2017,oct,31-dic-17 feb-17 mar-17 abr-17 may-17 jun-17 jul-17 ago-17 sep-17 oct-17 nov-17 dic-17 (*****) TOTAL 2017,10021325.73
038_107000_EjecuciC3B3n mensual del presupuesto del FE.pdf,2017-11-01,2017,nov,31-dic-17 feb-17 mar-17 abr-17 may-17 jun-17 jul-17 ago-17 sep-17 oct-17 nov-17 dic-17 (*****) TOTAL 2017,613609.45
038_107000_EjecuciC3B3n mensual del presupuesto del FE.pdf,2017-12-01,2017,dic,31-dic-17 feb-17 mar-17 abr-17 may-17 jun-17 jul-17 ago-17 sep-17 oct-17 nov-17 dic-17 (*****) TOTAL 2017,0.0
038_107000_EjecuciC3B3n mensual del presupuesto del FE.pdf,2017-01-01,2017,ene,Recaudación (*)  (1= 2 + 3),643876355.24
038_107000_EjecuciC3B3n mensual del presupuesto del FE.pdf,2017-02-01,2017,feb,Recaudación (*)  (1= 2 + 3),542425243.34
038_107000_EjecuciC3B3n mensual del presupuesto del FE.pdf,2017-03-01,2017,mar,Recaudación (*)  (1= 2 + 3),670563308.78
038_107000_EjecuciC3B3n mensual del presupuesto del FE.pdf,2017-04-01,2017,abr,Recaudación (*)  (1= 2 + 3),598897516.09
038_107000_EjecuciC3B3n mensual del presupuesto del FE.pdf,2017-05-01,2017,may,Recaudación (*)  (1= 2 + 3),624691915.72
038_107000_EjecuciC3B3n mensual del presupuesto del FE.pdf,2017-06-01,2017,jun,Recaudación (*)  (1= 2 + 3),618718597.8
038_107000_EjecuciC3B3n mensual del presupuesto del FE.pdf,2017-07-01,2017,jul,Recaudación (*)  (1= 2 + 3),593352031.09
038_107000_EjecuciC3B3n mensual del presupuesto del FE.pdf,2017-08-01,2017,ago,Recaudación (*)  (1= 2 + 3),695415075.07
038_107000_EjecuciC3B3n mensual del presupuesto del FE.pdf,2017-09-01,2017,sep,Recaudación (*)  (1= 2 + 3),709836326.28
038_107000_EjecuciC3B3n mensual del presupuesto del FE.pdf,2017-10-01,2017,oct,Recaudación (*)  (1= 2 + 3),618158575.24
038_107000_EjecuciC3B3n mensual del presupuesto del FE.pdf,2017-11-01,2017,nov,Recaudación (*)  (1= 2 + 3),717078485.28
038_107000_EjecuciC3B3n mensual del presupuesto del FE.pdf,2017-12-01,2017,dic,Recaudación (*)  (1= 2 + 3),7647326306.64
038_107000_EjecuciC3B3n mensual del presupuesto del FE.pdf,2017-01-01,2017,ene,Recaudación Provincias (2),623155500.18
038_107000_EjecuciC3B3n mensual del presupuesto del FE.pdf,2017-02-01,2017,feb,Recaudación Provincias (2),524887344.6
038_107000_EjecuciC3B3n mensual del presupuesto del FE.pdf,2017-03-01,2017,mar,Recaudación Provincias (2),648708222.47
038_107000_EjecuciC3B3n mensual del presupuesto del FE.pdf,2017-04-01,2017,abr,Recaudación Provincias (2),579276026.81
038_107000_EjecuciC3B3n mensual del presupuesto del FE.pdf,2017-05-01,2017,may,Recaudación Provincias (2),604109320.21
038_107000_EjecuciC3B3n mensual del presupuesto del FE.pdf,2017-06-01,2017,jun,Recaudación Provincias (2),598323475.73
038_107000_EjecuciC3B3n mensual del presupuesto del FE.pdf,2017-07-01,2017,jul,Recaudación Provincias (2),574086277.57
038_107000_EjecuciC3B3n mensual del presupuesto del FE.pdf,2017-08-01,2017,ago,Recaudación Provincias (2),672789127.46
038_107000_EjecuciC3B3n mensual del presupuesto del FE.pdf,2017-09-01,2017,sep,Recaudación Provincias (2),686722298.2
038_107000_EjecuciC3B3n mensual del presupuesto del FE.pdf,2017-10-01,2017,oct,Recaudación Provincias (2),597853128.33
038_107000_EjecuciC3B3n mensual del presupuesto del FE.pdf,2017-11-01,2017,nov,Recaudación Provincias (2),693484180.29
038_107000_EjecuciC3B3n mensual del presupuesto del FE.pdf,2017-12-01,2017,dic,Recaudación Provincias (2),7395671319.59
038_107000_EjecuciC3B3n mensual del presupuesto del FE.pdf,2017-01-01,2017,ene,Obra Social (3),20720855.06
038_107000_EjecuciC3B3n mensual del presupuesto del FE.pdf,2017-02-01,2017,feb,Obra Social (3),17537898.74
038_107000_EjecuciC3B3n mensual del presupuesto del FE.pdf,2017-03-01,2017,mar,Obra Social (3),21855086.31
038_107000_EjecuciC3B3n mensual del presupuesto del FE.pdf,2017-04-01,2017,abr,Obra Social (3),19621489.28
038_107000_EjecuciC3B3n mensual del presupuesto del FE.pdf,2017-05-01,2017,may,Obra Social (3),20582595.51
038_107000_EjecuciC3B3n mensual del presupuesto del FE.pdf,2017-06-01,2017,jun,Obra Social (3),20395122.07
038_107000_EjecuciC3B3n mensual del presupuesto del FE.pdf,2017-07-01,2017,jul,Obra Social (3),19265753.52
038_107000_EjecuciC3B3n mensual del presupuesto del FE.pdf,2017-08-01,2017,ago,Obra Social (3),22625947.61
038_107000_EjecuciC3B3n mensual del presupuesto del FE.pdf,2017-09-01,2017,sep,Obra Social (3),23114028.08
038_107000_EjecuciC3B3n mensual del presupuesto del FE.pdf,2017-10-01,2017,oct,Obra Social (3),20305446.91
038_107000_EjecuciC3B3n mensual del presupuesto del FE.pdf,2017-11-01,2017,nov,Obra Social (3),23594304.99
038_107000_EjecuciC3B3n mensual del presupuesto del FE.pdf,2017-12-01,2017,dic,Obra Social (3),251654987.05
039_Ejecución mensual del presupuesto del FET - Ejerci.pdf,2016-01-01,2016,ene,31-dic-16 feb-16 mar-16 abr-16 may-16 jun-16 jul-16 ago-16 sep-16 oct-16 nov-16 dic-16 TOTAL 2016,451221463.6
039_Ejecución mensual del presupuesto del FET - Ejerci.pdf,2016-02-01,2016,feb,31-dic-16 feb-16 mar-16 abr-16 may-16 jun-16 jul-16 ago-16 sep-16 oct-16 nov-16 dic-16 TOTAL 2016,435994229.78
039_Ejecución mensual del presupuesto del FET - Ejerci.pdf,2016-03-01,2016,mar,31-dic-16 feb-16 mar-16 abr-16 may-16 jun-16 jul-16 ago-16 sep-16 oct-16 nov-16 dic-16 TOTAL 2016,15227233.82
039_Ejecución mensual del presupuesto del FET - Ejerci.pdf,2016-04-01,2016,abr,31-dic-16 feb-16 mar-16 abr-16 may-16 jun-16 jul-16 ago-16 sep-16 oct-16 nov-16 dic-16 TOTAL 2016,0.0
039_Ejecución mensual del presupuesto del FET - Ejerci.pdf,2016-05-01,2016,may,31-dic-16 feb-16 mar-16 abr-16 may-16 jun-16 jul-16 ago-16 sep-16 oct-16 nov-16 dic-16 TOTAL 2016,141500000.0
039_Ejecución mensual del presupuesto del FET - Ejerci.pdf,2016-06-01,2016,jun,31-dic-16 feb-16 mar-16 abr-16 may-16 jun-16 jul-16 ago-16 sep-16 oct-16 nov-16 dic-16 TOTAL 2016,333898858.36
039_Ejecución mensual del presupuesto del FET - Ejerci.pdf,2016-07-01,2016,jul,31-dic-16 feb-16 mar-16 abr-16 may-16 jun-16 jul-16 ago-16 sep-16 oct-16 nov-16 dic-16 TOTAL 2016,76064581.08
039_Ejecución mensual del presupuesto del FET - Ejerci.pdf,2016-08-01,2016,ago,31-dic-16 feb-16 mar-16 abr-16 may-16 jun-16 jul-16 ago-16 sep-16 oct-16 nov-16 dic-16 TOTAL 2016,120188351.45
039_Ejecución mensual del presupuesto del FET - Ejerci.pdf,2016-09-01,2016,sep,31-dic-16 feb-16 mar-16 abr-16 may-16 jun-16 jul-16 ago-16 sep-16 oct-16 nov-16 dic-16 TOTAL 2016,72539323.85
039_Ejecución mensual del presupuesto del FET - Ejerci.pdf,2016-10-01,2016,oct,31-dic-16 feb-16 mar-16 abr-16 may-16 jun-16 jul-16 ago-16 sep-16 oct-16 nov-16 dic-16 TOTAL 2016,128291624.58
039_Ejecución mensual del presupuesto del FET - Ejerci.pdf,2016-11-01,2016,nov,31-dic-16 feb-16 mar-16 abr-16 may-16 jun-16 jul-16 ago-16 sep-16 oct-16 nov-16 dic-16 TOTAL 2016,71294162.7
039_Ejecución mensual del presupuesto del FET - Ejerci.pdf,2016-12-01,2016,dic,31-dic-16 feb-16 mar-16 abr-16 may-16 jun-16 jul-16 ago-16 sep-16 oct-16 nov-16 dic-16 TOTAL 2016,180099303.8
039_Ejecución mensual del presupuesto del FET - Ejerci.pdf,2016-01-01,2016,ene,Recaudación (*)  (1= 2 + 3),368229883.49
039_Ejecución mensual del presupuesto del FET - Ejerci.pdf,2016-02-01,2016,feb,Recaudación (*)  (1= 2 + 3),362244214.55
039_Ejecución mensual del presupuesto del FET - Ejerci.pdf,2016-03-01,2016,mar,Recaudación (*)  (1= 2 + 3),403400102.5
039_Ejecución mensual del presupuesto del FET - Ejerci.pdf,2016-04-01,2016,abr,Recaudación (*)  (1= 2 + 3),424337174.68
039_Ejecución mensual del presupuesto del FET - Ejerci.pdf,2016-05-01,2016,may,Recaudación (*)  (1= 2 + 3),323285188.08
039_Ejecución mensual del presupuesto del FET - Ejerci.pdf,2016-06-01,2016,jun,Recaudación (*)  (1= 2 + 3),458051853.01
039_Ejecución mensual del presupuesto del FET - Ejerci.pdf,2016-07-01,2016,jul,Recaudación (*)  (1= 2 + 3),427999222.65
039_Ejecución mensual del presupuesto del FET - Ejerci.pdf,2016-08-01,2016,ago,Recaudación (*)  (1= 2 + 3),525616723.98
039_Ejecución mensual del presupuesto del FET - Ejerci.pdf,2016-09-01,2016,sep,Recaudación (*)  (1= 2 + 3),479240035.8
039_Ejecución mensual del presupuesto del FET - Ejerci.pdf,2016-10-01,2016,oct,Recaudación (*)  (1= 2 + 3),498802004.09
039_Ejecución mensual del presupuesto del FET - Ejerci.pdf,2016-11-01,2016,nov,Recaudación (*)  (1= 2 + 3),536192670.05
039_Ejecución mensual del presupuesto del FET - Ejerci.pdf,2016-12-01,2016,dic,Recaudación (*)  (1= 2 + 3),5258620536.48
039_Ejecución mensual del presupuesto del FET - Ejerci.pdf,2016-01-01,2016,ene,Recaudación Provincias (2),356474223.35
039_Ejecución mensual del presupuesto del FET - Ejerci.pdf,2016-02-01,2016,feb,Recaudación Provincias (2),350451816.01
039_Ejecución mensual del presupuesto del FET - Ejerci.pdf,2016-03-01,2016,mar,Recaudación Provincias (2),390206238.66
039_Ejecución mensual del presupuesto del FET - Ejerci.pdf,2016-04-01,2016,abr,Recaudación Provincias (2),410474451.19
039_Ejecución mensual del presupuesto del FET - Ejerci.pdf,2016-05-01,2016,may,Recaudación Provincias (2),311441345.0
039_Ejecución mensual del presupuesto del FET - Ejerci.pdf,2016-06-01,2016,jun,Recaudación Provincias (2),441299656.74
039_Ejecución mensual del presupuesto del FET - Ejerci.pdf,2016-07-01,2016,jul,Recaudación Provincias (2),412913906.98
039_Ejecución mensual del presupuesto del FET - Ejerci.pdf,2016-08-01,2016,ago,Recaudación Provincias (2),507100460.87
039_Ejecución mensual del presupuesto del FET - Ejerci.pdf,2016-09-01,2016,sep,Recaudación Provincias (2),462226728.8
039_Ejecución mensual del presupuesto del FET - Ejerci.pdf,2016-10-01,2016,oct,Recaudación Provincias (2),481144650.52
039_Ejecución mensual del presupuesto del FET - Ejerci.pdf,2016-11-01,2016,nov,Recaudación Provincias (2),516967707.82
039_Ejecución mensual del presupuesto del FET - Ejerci.pdf,2016-12-01,2016,dic,Recaudación Provincias (2),5076695415.73
039_Ejecución mensual del presupuesto del FET - Ejerci.pdf,2016-01-01,2016,ene,Obra Social (3),11755660.14
039_Ejecución mensual del presupuesto del FET - Ejerci.pdf,2016-02-01,2016,feb,Obra Social (3),11792398.54
039_Ejecución mensual del presupuesto del FET - Ejerci.pdf,2016-03-01,2016,mar,Obra Social (3),13193863.83
039_Ejecución mensual del presupuesto del FET - Ejerci.pdf,2016-04-01,2016,abr,Obra Social (3),13862723.49
039_Ejecución mensual del presupuesto del FET - Ejerci.pdf,2016-05-01,2016,may,Obra Social (3),11843843.08
039_Ejecución mensual del presupuesto del FET - Ejerci.pdf,2016-06-01,2016,jun,Obra Social (3),16752196.27
039_Ejecución mensual del presupuesto del FET - Ejerci.pdf,2016-07-01,2016,jul,Obra Social (3),15085315.67
039_Ejecución mensual del presupuesto del FET - Ejerci.pdf,2016-08-01,2016,ago,Obra Social (3),18516263.11
039_Ejecución mensual del presupuesto del FET - Ejerci.pdf,2016-09-01,2016,sep,Obra Social (3),17013307.0
039_Ejecución mensual del presupuesto del FET - Ejerci.pdf,2016-10-01,2016,oct,Obra Social (3),17657353.57
039_Ejecución mensual del presupuesto del FET - Ejerci.pdf,2016-11-01,2016,nov,Obra Social (3),19224962.23
039_Ejecución mensual del presupuesto del FET - Ejerci.pdf,2016-12-01,2016,dic,Obra Social (3),181925120.75
040_106000_EjecuciC3B3n mensual del presupuesto del FE.pdf,2016-01-01,2016,ene,31-dic-16 feb-16 mar-16 abr-16 may-16 jun-16 jul-16 ago-16 sep-16 oct-16 nov-16 dic-16 TOTAL 2016,451221463.6
040_106000_EjecuciC3B3n mensual del presupuesto del FE.pdf,2016-02-01,2016,feb,31-dic-16 feb-16 mar-16 abr-16 may-16 jun-16 jul-16 ago-16 sep-16 oct-16 nov-16 dic-16 TOTAL 2016,435994229.78
040_106000_EjecuciC3B3n mensual del presupuesto del FE.pdf,2016-03-01,2016,mar,31-dic-16 feb-16 mar-16 abr-16 may-16 jun-16 jul-16 ago-16 sep-16 oct-16 nov-16 dic-16 TOTAL 2016,15227233.82
040_106000_EjecuciC3B3n mensual del presupuesto del FE.pdf,2016-04-01,2016,abr,31-dic-16 feb-16 mar-16 abr-16 may-16 jun-16 jul-16 ago-16 sep-16 oct-16 nov-16 dic-16 TOTAL 2016,0.0
040_106000_EjecuciC3B3n mensual del presupuesto del FE.pdf,2016-05-01,2016,may,31-dic-16 feb-16 mar-16 abr-16 may-16 jun-16 jul-16 ago-16 sep-16 oct-16 nov-16 dic-16 TOTAL 2016,141500000.0
040_106000_EjecuciC3B3n mensual del presupuesto del FE.pdf,2016-06-01,2016,jun,31-dic-16 feb-16 mar-16 abr-16 may-16 jun-16 jul-16 ago-16 sep-16 oct-16 nov-16 dic-16 TOTAL 2016,333898858.36
040_106000_EjecuciC3B3n mensual del presupuesto del FE.pdf,2016-07-01,2016,jul,31-dic-16 feb-16 mar-16 abr-16 may-16 jun-16 jul-16 ago-16 sep-16 oct-16 nov-16 dic-16 TOTAL 2016,76064581.08
040_106000_EjecuciC3B3n mensual del presupuesto del FE.pdf,2016-08-01,2016,ago,31-dic-16 feb-16 mar-16 abr-16 may-16 jun-16 jul-16 ago-16 sep-16 oct-16 nov-16 dic-16 TOTAL 2016,120188351.45
040_106000_EjecuciC3B3n mensual del presupuesto del FE.pdf,2016-09-01,2016,sep,31-dic-16 feb-16 mar-16 abr-16 may-16 jun-16 jul-16 ago-16 sep-16 oct-16 nov-16 dic-16 TOTAL 2016,72539323.85
040_106000_EjecuciC3B3n mensual del presupuesto del FE.pdf,2016-10-01,2016,oct,31-dic-16 feb-16 mar-16 abr-16 may-16 jun-16 jul-16 ago-16 sep-16 oct-16 nov-16 dic-16 TOTAL 2016,128291624.58
040_106000_EjecuciC3B3n mensual del presupuesto del FE.pdf,2016-11-01,2016,nov,31-dic-16 feb-16 mar-16 abr-16 may-16 jun-16 jul-16 ago-16 sep-16 oct-16 nov-16 dic-16 TOTAL 2016,71294162.7
040_106000_EjecuciC3B3n mensual del presupuesto del FE.pdf,2016-12-01,2016,dic,31-dic-16 feb-16 mar-16 abr-16 may-16 jun-16 jul-16 ago-16 sep-16 oct-16 nov-16 dic-16 TOTAL 2016,180099303.8
040_106000_EjecuciC3B3n mensual del presupuesto del FE.pdf,2016-01-01,2016,ene,Recaudación (*)  (1= 2 + 3),368229883.49
040_106000_EjecuciC3B3n mensual del presupuesto del FE.pdf,2016-02-01,2016,feb,Recaudación (*)  (1= 2 + 3),362244214.55
040_106000_EjecuciC3B3n mensual del presupuesto del FE.pdf,2016-03-01,2016,mar,Recaudación (*)  (1= 2 + 3),403400102.5
040_106000_EjecuciC3B3n mensual del presupuesto del FE.pdf,2016-04-01,2016,abr,Recaudación (*)  (1= 2 + 3),424337174.68
040_106000_EjecuciC3B3n mensual del presupuesto del FE.pdf,2016-05-01,2016,may,Recaudación (*)  (1= 2 + 3),323285188.08
040_106000_EjecuciC3B3n mensual del presupuesto del FE.pdf,2016-06-01,2016,jun,Recaudación (*)  (1= 2 + 3),458051853.01
040_106000_EjecuciC3B3n mensual del presupuesto del FE.pdf,2016-07-01,2016,jul,Recaudación (*)  (1= 2 + 3),427999222.65
040_106000_EjecuciC3B3n mensual del presupuesto del FE.pdf,2016-08-01,2016,ago,Recaudación (*)  (1= 2 + 3),525616723.98
040_106000_EjecuciC3B3n mensual del presupuesto del FE.pdf,2016-09-01,2016,sep,Recaudación (*)  (1= 2 + 3),479240035.8
040_106000_EjecuciC3B3n mensual del presupuesto del FE.pdf,2016-10-01,2016,oct,Recaudación (*)  (1= 2 + 3),498802004.09
040_106000_EjecuciC3B3n mensual del presupuesto del FE.pdf,2016-11-01,2016,nov,Recaudación (*)  (1= 2 + 3),536192670.05
040_106000_EjecuciC3B3n mensual del presupuesto del FE.pdf,2016-12-01,2016,dic,Recaudación (*)  (1= 2 + 3),5258620536.48
040_106000_EjecuciC3B3n mensual del presupuesto del FE.pdf,2016-01-01,2016,ene,Recaudación Provincias (2),356474223.35
040_106000_EjecuciC3B3n mensual del presupuesto del FE.pdf,2016-02-01,2016,feb,Recaudación Provincias (2),350451816.01
040_106000_EjecuciC3B3n mensual del presupuesto del FE.pdf,2016-03-01,2016,mar,Recaudación Provincias (2),390206238.66
040_106000_EjecuciC3B3n mensual del presupuesto del FE.pdf,2016-04-01,2016,abr,Recaudación Provincias (2),410474451.19
040_106000_EjecuciC3B3n mensual del presupuesto del FE.pdf,2016-05-01,2016,may,Recaudación Provincias (2),311441345.0
040_106000_EjecuciC3B3n mensual del presupuesto del FE.pdf,2016-06-01,2016,jun,Recaudación Provincias (2),441299656.74
040_106000_EjecuciC3B3n mensual del presupuesto del FE.pdf,2016-07-01,2016,jul,Recaudación Provincias (2),412913906.98
040_106000_EjecuciC3B3n mensual del presupuesto del FE.pdf,2016-08-01,2016,ago,Recaudación Provincias (2),507100460.87
040_106000_EjecuciC3B3n mensual del presupuesto del FE.pdf,2016-09-01,2016,sep,Recaudación Provincias (2),462226728.8
040_106000_EjecuciC3B3n mensual del presupuesto del FE.pdf,2016-10-01,2016,oct,Recaudación Provincias (2),481144650.52
040_106000_EjecuciC3B3n mensual del presupuesto del FE.pdf,2016-11-01,2016,nov,Recaudación Provincias (2),516967707.82
040_106000_EjecuciC3B3n mensual del presupuesto del FE.pdf,2016-12-01,2016,dic,Recaudación Provincias (2),5076695415.73
040_106000_EjecuciC3B3n mensual del presupuesto del FE.pdf,2016-01-01,2016,ene,Obra Social (3),11755660.14
040_106000_EjecuciC3B3n mensual del presupuesto del FE.pdf,2016-02-01,2016,feb,Obra Social (3),11792398.54
040_106000_EjecuciC3B3n mensual del presupuesto del FE.pdf,2016-03-01,2016,mar,Obra Social (3),13193863.83
040_106000_EjecuciC3B3n mensual del presupuesto del FE.pdf,2016-04-01,2016,abr,Obra Social (3),13862723.49
040_106000_EjecuciC3B3n mensual del presupuesto del FE.pdf,2016-05-01,2016,may,Obra Social (3),11843843.08
040_106000_EjecuciC3B3n mensual del presupuesto del FE.pdf,2016-06-01,2016,jun,Obra Social (3),16752196.27
040_106000_EjecuciC3B3n mensual del presupuesto del FE.pdf,2016-07-01,2016,jul,Obra Social (3),15085315.67
040_106000_EjecuciC3B3n mensual del presupuesto del FE.pdf,2016-08-01,2016,ago,Obra Social (3),18516263.11
040_106000_EjecuciC3B3n mensual del presupuesto del FE.pdf,2016-09-01,2016,sep,Obra Social (3),17013307.0
040_106000_EjecuciC3B3n mensual del presupuesto del FE.pdf,2016-10-01,2016,oct,Obra Social (3),17657353.57
040_106000_EjecuciC3B3n mensual del presupuesto del FE.pdf,2016-11-01,2016,nov,Obra Social (3),19224962.23
040_106000_EjecuciC3B3n mensual del presupuesto del FE.pdf,2016-12-01,2016,dic,Obra Social (3),181925120.75
041_Ejecución mensual del presupuesto del FET - Ejerci.pdf,2015-01-01,2015,ene,Recaudación (*),290420221.49
041_Ejecución mensual del presupuesto del FET - Ejerci.pdf,2015-02-01,2015,feb,Recaudación (*),280286651.19
041_Ejecución mensual del presupuesto del FET - Ejerci.pdf,2015-03-01,2015,mar,Recaudación (*),274785175.78
041_Ejecución mensual del presupuesto del FET - Ejerci.pdf,2015-04-01,2015,abr,Recaudación (*),326191546.99
041_Ejecución mensual del presupuesto del FET - Ejerci.pdf,2015-05-01,2015,may,Recaudación (*),295899348.25
041_Ejecución mensual del presupuesto del FET - Ejerci.pdf,2015-06-01,2015,jun,Recaudación (*),289433600.5
041_Ejecución mensual del presupuesto del FET - Ejerci.pdf,2015-07-01,2015,jul,Recaudación (*),284614331.54
041_Ejecución mensual del presupuesto del FET - Ejerci.pdf,2015-08-01,2015,ago,Recaudación (*),346258625.4
041_Ejecución mensual del presupuesto del FET - Ejerci.pdf,2015-09-01,2015,sep,Recaudación (*),327205257.41
041_Ejecución mensual del presupuesto del FET - Ejerci.pdf,2015-10-01,2015,oct,Recaudación (*),328954881.11
041_Ejecución mensual del presupuesto del FET - Ejerci.pdf,2015-11-01,2015,nov,Recaudación (*),362683885.46
041_Ejecución mensual del presupuesto del FET - Ejerci.pdf,2015-12-01,2015,dic,Recaudación (*),364667887.66
041_Ejecución mensual del presupuesto del FET - Ejerci.pdf,2015-01-01,2015,ene,Recaudación Provincias,280127146.38
041_Ejecución mensual del presupuesto del FET - Ejerci.pdf,2015-02-01,2015,feb,Recaudación Provincias,270961488.05
041_Ejecución mensual del presupuesto del FET - Ejerci.pdf,2015-03-01,2015,mar,Recaudación Provincias,265660041.14
041_Ejecución mensual del presupuesto del FET - Ejerci.pdf,2015-04-01,2015,abr,Recaudación Provincias,315182768.25
041_Ejecución mensual del presupuesto del FET - Ejerci.pdf,2015-05-01,2015,may,Recaudación Provincias,285803851.51
041_Ejecución mensual del presupuesto del FET - Ejerci.pdf,2015-06-01,2015,jun,Recaudación Provincias,279545597.93
041_Ejecución mensual del presupuesto del FET - Ejerci.pdf,2015-07-01,2015,jul,Recaudación Provincias,274627283.23
041_Ejecución mensual del presupuesto del FET - Ejerci.pdf,2015-08-01,2015,ago,Recaudación Provincias,334863928.87
041_Ejecución mensual del presupuesto del FET - Ejerci.pdf,2015-09-01,2015,sep,Recaudación Provincias,316432517.65
041_Ejecución mensual del presupuesto del FET - Ejerci.pdf,2015-10-01,2015,oct,Recaudación Provincias,317930815.37
041_Ejecución mensual del presupuesto del FET - Ejerci.pdf,2015-11-01,2015,nov,Recaudación Provincias,350447729.31
041_Ejecución mensual del presupuesto del FET - Ejerci.pdf,2015-12-01,2015,dic,Recaudación Provincias,352398864.99
041_Ejecución mensual del presupuesto del FET - Ejerci.pdf,2015-01-01,2015,ene,Obra Social,10293075.12
041_Ejecución mensual del presupuesto del FET - Ejerci.pdf,2015-02-01,2015,feb,Obra Social,9325163.14
041_Ejecución mensual del presupuesto del FET - Ejerci.pdf,2015-03-01,2015,mar,Obra Social,9125134.64
041_Ejecución mensual del presupuesto del FET - Ejerci.pdf,2015-04-01,2015,abr,Obra Social,11008778.74
041_Ejecución mensual del presupuesto del FET - Ejerci.pdf,2015-05-01,2015,may,Obra Social,10095496.74
041_Ejecución mensual del presupuesto del FET - Ejerci.pdf,2015-06-01,2015,jun,Obra Social,9888002.57
041_Ejecución mensual del presupuesto del FET - Ejerci.pdf,2015-07-01,2015,jul,Obra Social,9987048.31
041_Ejecución mensual del presupuesto del FET - Ejerci.pdf,2015-08-01,2015,ago,Obra Social,11394696.52
041_Ejecución mensual del presupuesto del FET - Ejerci.pdf,2015-09-01,2015,sep,Obra Social,10772739.77
041_Ejecución mensual del presupuesto del FET - Ejerci.pdf,2015-10-01,2015,oct,Obra Social,11024065.74
041_Ejecución mensual del presupuesto del FET - Ejerci.pdf,2015-11-01,2015,nov,Obra Social,12236156.14
041_Ejecución mensual del presupuesto del FET - Ejerci.pdf,2015-12-01,2015,dic,Obra Social,12269022.68
041_Ejecución mensual del presupuesto del FET - Ejerci.pdf,2015-01-01,2015,ene,80% Ejecución Real,0.0
041_Ejecución mensual del presupuesto del FET - Ejerci.pdf,2015-02-01,2015,feb,80% Ejecución Real,63000000.0
041_Ejecución mensual del presupuesto del FET - Ejerci.pdf,2015-03-01,2015,mar,80% Ejecución Real,208133453.84
041_Ejecución mensual del presupuesto del FET - Ejerci.pdf,2015-04-01,2015,abr,80% Ejecución Real,63584952.37
041_Ejecución mensual del presupuesto del FET - Ejerci.pdf,2015-05-01,2015,may,80% Ejecución Real,63821508.68
041_Ejecución mensual del presupuesto del FET - Ejerci.pdf,2015-06-01,2015,jun,80% Ejecución Real,87419040.83
041_Ejecución mensual del presupuesto del FET - Ejerci.pdf,2015-07-01,2015,jul,80% Ejecución Real,39429803.43
041_Ejecución mensual del presupuesto del FET - Ejerci.pdf,2015-08-01,2015,ago,80% Ejecución Real,8031651.5
041_Ejecución mensual del presupuesto del FET - Ejerci.pdf,2015-09-01,2015,sep,80% Ejecución Real,4270982.86
041_Ejecución mensual del presupuesto del FET - Ejerci.pdf,2015-10-01,2015,oct,80% Ejecución Real,139623818.51
041_Ejecución mensual del presupuesto del FET - Ejerci.pdf,2015-11-01,2015,nov,80% Ejecución Real,0.0
041_Ejecución mensual del presupuesto del FET - Ejerci.pdf,2015-12-01,2015,dic,80% Ejecución Real,0.0
041_Ejecución mensual del presupuesto del FET - Ejerci.pdf,2015-01-01,2015,ene,Precio (**),0.0
041_Ejecución mensual del presupuesto del FET - Ejerci.pdf,2015-02-01,2015,feb,Precio (**),63000000.0
041_Ejecución mensual del presupuesto del FET - Ejerci.pdf,2015-03-01,2015,mar,Precio (**),208133453.84
041_Ejecución mensual del presupuesto del FET - Ejerci.pdf,2015-04-01,2015,abr,Precio (**),63584952.37
041_Ejecución mensual del presupuesto del FET - Ejerci.pdf,2015-05-01,2015,may,Precio (**),63821508.68
041_Ejecución mensual del presupuesto del FET - Ejerci.pdf,2015-06-01,2015,jun,Precio (**),87419040.83
041_Ejecución mensual del presupuesto del FET - Ejerci.pdf,2015-07-01,2015,jul,Precio (**),39429803.43
041_Ejecución mensual del presupuesto del FET - Ejerci.pdf,2015-08-01,2015,ago,Precio (**),8031651.5
041_Ejecución mensual del presupuesto del FET - Ejerci.pdf,2015-09-01,2015,sep,Precio (**),4270982.86
041_Ejecución mensual del presupuesto del FET - Ejerci.pdf,2015-10-01,2015,oct,Precio (**),139623818.51
041_Ejecución mensual del presupuesto del FET - Ejerci.pdf,2015-11-01,2015,nov,Precio (**),0.0
041_Ejecución mensual del presupuesto del FET - Ejerci.pdf,2015-12-01,2015,dic,Precio (**),0.0
041_Ejecución mensual del presupuesto del FET - Ejerci.pdf,2015-01-01,2015,ene,20% Ejecución Real (2+ 3+4),108506170.8
041_Ejecución mensual del presupuesto del FET - Ejerci.pdf,2015-02-01,2015,feb,20% Ejecución Real (2+ 3+4),68366122.42
041_Ejecución mensual del presupuesto del FET - Ejerci.pdf,2015-03-01,2015,mar,20% Ejecución Real (2+ 3+4),161206716.29
041_Ejecución mensual del presupuesto del FET - Ejerci.pdf,2015-04-01,2015,abr,20% Ejecución Real (2+ 3+4),142525608.3
041_Ejecución mensual del presupuesto del FET - Ejerci.pdf,2015-05-01,2015,may,20% Ejecución Real (2+ 3+4),126550163.32
041_Ejecución mensual del presupuesto del FET - Ejerci.pdf,2015-06-01,2015,jun,20% Ejecución Real (2+ 3+4),173352798.18
041_Ejecución mensual del presupuesto del FET - Ejerci.pdf,2015-07-01,2015,jul,20% Ejecución Real (2+ 3+4),506444845.54
041_Ejecución mensual del presupuesto del FET - Ejerci.pdf,2015-08-01,2015,ago,20% Ejecución Real (2+ 3+4),116971705.61
041_Ejecución mensual del presupuesto del FET - Ejerci.pdf,2015-09-01,2015,sep,20% Ejecución Real (2+ 3+4),447715448.74
041_Ejecución mensual del presupuesto del FET - Ejerci.pdf,2015-10-01,2015,oct,20% Ejecución Real (2+ 3+4),100660373.31
041_Ejecución mensual del presupuesto del FET - Ejerci.pdf,2015-11-01,2015,nov,20% Ejecución Real (2+ 3+4),221854808.0
041_Ejecución mensual del presupuesto del FET - Ejerci.pdf,2015-12-01,2015,dic,20% Ejecución Real (2+ 3+4),408249686.66
041_Ejecución mensual del presupuesto del FET - Ejerci.pdf,2015-01-01,2015,ene,Planes (97%) - (2) = (3),108241611.46
041_Ejecución mensual del presupuesto del FET - Ejerci.pdf,2015-02-01,2015,feb,Planes (97%) - (2) = (3),68100505.04
041_Ejecución mensual del presupuesto del FET - Ejerci.pdf,2015-03-01,2015,mar,Planes (97%) - (2) = (3),160940843.53
041_Ejecución mensual del presupuesto del FET - Ejerci.pdf,2015-04-01,2015,abr,Planes (97%) - (2) = (3),142259975.06
041_Ejecución mensual del presupuesto del FET - Ejerci.pdf,2015-05-01,2015,may,Planes (97%) - (2) = (3),126284455.0
041_Ejecución mensual del presupuesto del FET - Ejerci.pdf,2015-06-01,2015,jun,Planes (97%) - (2) = (3),172778012.7
041_Ejecución mensual del presupuesto del FET - Ejerci.pdf,2015-07-01,2015,jul,Planes (97%) - (2) = (3),506133967.69
041_Ejecución mensual del presupuesto del FET - Ejerci.pdf,2015-08-01,2015,ago,Planes (97%) - (2) = (3),111632884.14
041_Ejecución mensual del presupuesto del FET - Ejerci.pdf,2015-09-01,2015,sep,Planes (97%) - (2) = (3),447389813.9
041_Ejecución mensual del presupuesto del FET - Ejerci.pdf,2015-10-01,2015,oct,Planes (97%) - (2) = (3),100333017.11
041_Ejecución mensual del presupuesto del FET - Ejerci.pdf,2015-11-01,2015,nov,Planes (97%) - (2) = (3),221505910.04
041_Ejecución mensual del presupuesto del FET - Ejerci.pdf,2015-12-01,2015,dic,Planes (97%) - (2) = (3),401744336.85
041_Ejecución mensual del presupuesto del FET - Ejerci.pdf,2015-01-01,2015,ene,Sueldos FET (por Convenio) (***),264559.34
041_Ejecución mensual del presupuesto del FET - Ejerci.pdf,2015-02-01,2015,feb,Sueldos FET (por Convenio) (***),265617.38
041_Ejecución mensual del presupuesto del FET - Ejerci.pdf,2015-03-01,2015,mar,Sueldos FET (por Convenio) (***),265872.76
041_Ejecución mensual del presupuesto del FET - Ejerci.pdf,2015-04-01,2015,abr,Sueldos FET (por Convenio) (***),265633.24
041_Ejecución mensual del presupuesto del FET - Ejerci.pdf,2015-05-01,2015,may,Sueldos FET (por Convenio) (***),265708.32
041_Ejecución mensual del presupuesto del FET - Ejerci.pdf,2015-06-01,2015,jun,Sueldos FET (por Convenio) (***),574785.48
041_Ejecución mensual del presupuesto del FET - Ejerci.pdf,2015-07-01,2015,jul,Sueldos FET (por Convenio) (***),310877.85
041_Ejecución mensual del presupuesto del FET - Ejerci.pdf,2015-08-01,2015,ago,Sueldos FET (por Convenio) (***),338821.47
041_Ejecución mensual del presupuesto del FET - Ejerci.pdf,2015-09-01,2015,sep,Sueldos FET (por Convenio) (***),325634.84
041_Ejecución mensual del presupuesto del FET - Ejerci.pdf,2015-10-01,2015,oct,Sueldos FET (por Convenio) (***),327356.2
041_Ejecución mensual del presupuesto del FET - Ejerci.pdf,2015-11-01,2015,nov,Sueldos FET (por Convenio) (***),348897.96
041_Ejecución mensual del presupuesto del FET - Ejerci.pdf,2015-12-01,2015,dic,Sueldos FET (por Convenio) (***),505349.81
041_Ejecución mensual del presupuesto del FET - Ejerci.pdf,2015-01-01,2015,ene,IICA (3%) (4),0.0
041_Ejecución mensual del presupuesto del FET - Ejerci.pdf,2015-02-01,2015,feb,IICA (3%) (4),0.0
041_Ejecución mensual del presupuesto del FET - Ejerci.pdf,2015-03-01,2015,mar,IICA (3%) (4),0.0
041_Ejecución mensual del presupuesto del FET - Ejerci.pdf,2015-04-01,2015,abr,IICA (3%) (4),0.0
041_Ejecución mensual del presupuesto del FET - Ejerci.pdf,2015-05-01,2015,may,IICA (3%) (4),0.0
041_Ejecución mensual del presupuesto del FET - Ejerci.pdf,2015-06-01,2015,jun,IICA (3%) (4),0.0
041_Ejecución mensual del presupuesto del FET - Ejerci.pdf,2015-07-01,2015,jul,IICA (3%) (4),0.0
041_Ejecución mensual del presupuesto del FET - Ejerci.pdf,2015-08-01,2015,ago,IICA (3%) (4),5000000.0
041_Ejecución mensual del presupuesto del FET - Ejerci.pdf,2015-09-01,2015,sep,IICA (3%) (4),0.0
041_Ejecución mensual del presupuesto del FET - Ejerci.pdf,2015-10-01,2015,oct,IICA (3%) (4),0.0
041_Ejecución mensual del presupuesto del FET - Ejerci.pdf,2015-11-01,2015,nov,IICA (3%) (4),0.0
041_Ejecución mensual del presupuesto del FET - Ejerci.pdf,2015-12-01,2015,dic,IICA (3%) (4),6000000.0
041_Ejecución mensual del presupuesto del FET - Ejerci.pdf,2015-01-01,2015,ene,Remanente 2014,108241611.46
041_Ejecución mensual del presupuesto del FET - Ejerci.pdf,2015-02-01,2015,feb,Remanente 2014,26653991.78
041_Ejecución mensual del presupuesto del FET - Ejerci.pdf,2015-03-01,2015,mar,Remanente 2014,60397526.76
041_Ejecución mensual del presupuesto del FET - Ejerci.pdf,2015-04-01,2015,abr,Remanente 2014,54755377.55
041_Ejecución mensual del presupuesto del FET - Ejerci.pdf,2015-05-01,2015,may,Remanente 2014,18523901.4
041_Ejecución mensual del presupuesto del FET - Ejerci.pdf,2015-06-01,2015,jun,Remanente 2014,35967475.37
041_Ejecución mensual del presupuesto del FET - Ejerci.pdf,2015-07-01,2015,jul,Remanente 2014,0.0
041_Ejecución mensual del presupuesto del FET - Ejerci.pdf,2015-08-01,2015,ago,Remanente 2014,0.0
041_Ejecución mensual del presupuesto del FET - Ejerci.pdf,2015-09-01,2015,sep,Remanente 2014,0.0
041_Ejecución mensual del presupuesto del FET - Ejerci.pdf,2015-10-01,2015,oct,Remanente 2014,53245.47
041_Ejecución mensual del presupuesto del FET - Ejerci.pdf,2015-11-01,2015,nov,Remanente 2014,0.0
041_Ejecución mensual del presupuesto del FET - Ejerci.pdf,2015-12-01,2015,dic,Remanente 2014,0.0
041_Ejecución mensual del presupuesto del FET - Ejerci.pdf,2015-01-01,2015,ene,Tipo de Cambio Real - B.C.R.A. (****),8.6
041_Ejecución mensual del presupuesto del FET - Ejerci.pdf,2015-02-01,2015,feb,Tipo de Cambio Real - B.C.R.A. (****),8.69
041_Ejecución mensual del presupuesto del FET - Ejerci.pdf,2015-03-01,2015,mar,Tipo de Cambio Real - B.C.R.A. (****),8.78
041_Ejecución mensual del presupuesto del FET - Ejerci.pdf,2015-04-01,2015,abr,Tipo de Cambio Real - B.C.R.A. (****),8.87
041_Ejecución mensual del presupuesto del FET - Ejerci.pdf,2015-05-01,2015,may,Tipo de Cambio Real - B.C.R.A. (****),8.95
041_Ejecución mensual del presupuesto del FET - Ejerci.pdf,2015-06-01,2015,jun,Tipo de Cambio Real - B.C.R.A. (****),9.04
041_Ejecución mensual del presupuesto del FET - Ejerci.pdf,2015-07-01,2015,jul,Tipo de Cambio Real - B.C.R.A. (****),9.14
041_Ejecución mensual del presupuesto del FET - Ejerci.pdf,2015-08-01,2015,ago,Tipo de Cambio Real - B.C.R.A. (****),9.24
041_Ejecución mensual del presupuesto del FET - Ejerci.pdf,2015-09-01,2015,sep,Tipo de Cambio Real - B.C.R.A. (****),9.37
041_Ejecución mensual del presupuesto del FET - Ejerci.pdf,2015-10-01,2015,oct,Tipo de Cambio Real - B.C.R.A. (****),9.66
041_Ejecución mensual del presupuesto del FET - Ejerci.pdf,2015-11-01,2015,nov,Tipo de Cambio Real - B.C.R.A. (****),9.67
041_Ejecución mensual del presupuesto del FET - Ejerci.pdf,2015-12-01,2015,dic,Tipo de Cambio Real - B.C.R.A. (****),10.12
042_105000_EjecuciC3B3n mensual del presupuesto del FE.pdf,2015-01-01,2015,ene,Recaudación (*),290420221.49
042_105000_EjecuciC3B3n mensual del presupuesto del FE.pdf,2015-02-01,2015,feb,Recaudación (*),280286651.19
042_105000_EjecuciC3B3n mensual del presupuesto del FE.pdf,2015-03-01,2015,mar,Recaudación (*),274785175.78
042_105000_EjecuciC3B3n mensual del presupuesto del FE.pdf,2015-04-01,2015,abr,Recaudación (*),326191546.99
042_105000_EjecuciC3B3n mensual del presupuesto del FE.pdf,2015-05-01,2015,may,Recaudación (*),295899348.25
042_105000_EjecuciC3B3n mensual del presupuesto del FE.pdf,2015-06-01,2015,jun,Recaudación (*),289433600.5
042_105000_EjecuciC3B3n mensual del presupuesto del FE.pdf,2015-07-01,2015,jul,Recaudación (*),284614331.54
042_105000_EjecuciC3B3n mensual del presupuesto del FE.pdf,2015-08-01,2015,ago,Recaudación (*),346258625.4
042_105000_EjecuciC3B3n mensual del presupuesto del FE.pdf,2015-09-01,2015,sep,Recaudación (*),327205257.41
042_105000_EjecuciC3B3n mensual del presupuesto del FE.pdf,2015-10-01,2015,oct,Recaudación (*),328954881.11
042_105000_EjecuciC3B3n mensual del presupuesto del FE.pdf,2015-11-01,2015,nov,Recaudación (*),362683885.46
042_105000_EjecuciC3B3n mensual del presupuesto del FE.pdf,2015-12-01,2015,dic,Recaudación (*),364667887.66
042_105000_EjecuciC3B3n mensual del presupuesto del FE.pdf,2015-01-01,2015,ene,Recaudación Provincias,280127146.38
042_105000_EjecuciC3B3n mensual del presupuesto del FE.pdf,2015-02-01,2015,feb,Recaudación Provincias,270961488.05
042_105000_EjecuciC3B3n mensual del presupuesto del FE.pdf,2015-03-01,2015,mar,Recaudación Provincias,265660041.14
042_105000_EjecuciC3B3n mensual del presupuesto del FE.pdf,2015-04-01,2015,abr,Recaudación Provincias,315182768.25
042_105000_EjecuciC3B3n mensual del presupuesto del FE.pdf,2015-05-01,2015,may,Recaudación Provincias,285803851.51
042_105000_EjecuciC3B3n mensual del presupuesto del FE.pdf,2015-06-01,2015,jun,Recaudación Provincias,279545597.93
042_105000_EjecuciC3B3n mensual del presupuesto del FE.pdf,2015-07-01,2015,jul,Recaudación Provincias,274627283.23
042_105000_EjecuciC3B3n mensual del presupuesto del FE.pdf,2015-08-01,2015,ago,Recaudación Provincias,334863928.87
042_105000_EjecuciC3B3n mensual del presupuesto del FE.pdf,2015-09-01,2015,sep,Recaudación Provincias,316432517.65
042_105000_EjecuciC3B3n mensual del presupuesto del FE.pdf,2015-10-01,2015,oct,Recaudación Provincias,317930815.37
042_105000_EjecuciC3B3n mensual del presupuesto del FE.pdf,2015-11-01,2015,nov,Recaudación Provincias,350447729.31
042_105000_EjecuciC3B3n mensual del presupuesto del FE.pdf,2015-12-01,2015,dic,Recaudación Provincias,352398864.99
042_105000_EjecuciC3B3n mensual del presupuesto del FE.pdf,2015-01-01,2015,ene,Obra Social,10293075.12
042_105000_EjecuciC3B3n mensual del presupuesto del FE.pdf,2015-02-01,2015,feb,Obra Social,9325163.14
042_105000_EjecuciC3B3n mensual del presupuesto del FE.pdf,2015-03-01,2015,mar,Obra Social,9125134.64
042_105000_EjecuciC3B3n mensual del presupuesto del FE.pdf,2015-04-01,2015,abr,Obra Social,11008778.74
042_105000_EjecuciC3B3n mensual del presupuesto del FE.pdf,2015-05-01,2015,may,Obra Social,10095496.74
042_105000_EjecuciC3B3n mensual del presupuesto del FE.pdf,2015-06-01,2015,jun,Obra Social,9888002.57
042_105000_EjecuciC3B3n mensual del presupuesto del FE.pdf,2015-07-01,2015,jul,Obra Social,9987048.31
042_105000_EjecuciC3B3n mensual del presupuesto del FE.pdf,2015-08-01,2015,ago,Obra Social,11394696.52
042_105000_EjecuciC3B3n mensual del presupuesto del FE.pdf,2015-09-01,2015,sep,Obra Social,10772739.77
042_105000_EjecuciC3B3n mensual del presupuesto del FE.pdf,2015-10-01,2015,oct,Obra Social,11024065.74
042_105000_EjecuciC3B3n mensual del presupuesto del FE.pdf,2015-11-01,2015,nov,Obra Social,12236156.14
042_105000_EjecuciC3B3n mensual del presupuesto del FE.pdf,2015-12-01,2015,dic,Obra Social,12269022.68
042_105000_EjecuciC3B3n mensual del presupuesto del FE.pdf,2015-01-01,2015,ene,80% Ejecución Real,0.0
042_105000_EjecuciC3B3n mensual del presupuesto del FE.pdf,2015-02-01,2015,feb,80% Ejecución Real,63000000.0
042_105000_EjecuciC3B3n mensual del presupuesto del FE.pdf,2015-03-01,2015,mar,80% Ejecución Real,208133453.84
042_105000_EjecuciC3B3n mensual del presupuesto del FE.pdf,2015-04-01,2015,abr,80% Ejecución Real,63584952.37
042_105000_EjecuciC3B3n mensual del presupuesto del FE.pdf,2015-05-01,2015,may,80% Ejecución Real,63821508.68
042_105000_EjecuciC3B3n mensual del presupuesto del FE.pdf,2015-06-01,2015,jun,80% Ejecución Real,87419040.83
042_105000_EjecuciC3B3n mensual del presupuesto del FE.pdf,2015-07-01,2015,jul,80% Ejecución Real,39429803.43
042_105000_EjecuciC3B3n mensual del presupuesto del FE.pdf,2015-08-01,2015,ago,80% Ejecución Real,8031651.5
042_105000_EjecuciC3B3n mensual del presupuesto del FE.pdf,2015-09-01,2015,sep,80% Ejecución Real,4270982.86
042_105000_EjecuciC3B3n mensual del presupuesto del FE.pdf,2015-10-01,2015,oct,80% Ejecución Real,139623818.51
042_105000_EjecuciC3B3n mensual del presupuesto del FE.pdf,2015-11-01,2015,nov,80% Ejecución Real,0.0
042_105000_EjecuciC3B3n mensual del presupuesto del FE.pdf,2015-12-01,2015,dic,80% Ejecución Real,0.0
042_105000_EjecuciC3B3n mensual del presupuesto del FE.pdf,2015-01-01,2015,ene,Precio (**),0.0
042_105000_EjecuciC3B3n mensual del presupuesto del FE.pdf,2015-02-01,2015,feb,Precio (**),63000000.0
042_105000_EjecuciC3B3n mensual del presupuesto del FE.pdf,2015-03-01,2015,mar,Precio (**),208133453.84
042_105000_EjecuciC3B3n mensual del presupuesto del FE.pdf,2015-04-01,2015,abr,Precio (**),63584952.37
042_105000_EjecuciC3B3n mensual del presupuesto del FE.pdf,2015-05-01,2015,may,Precio (**),63821508.68
042_105000_EjecuciC3B3n mensual del presupuesto del FE.pdf,2015-06-01,2015,jun,Precio (**),87419040.83
042_105000_EjecuciC3B3n mensual del presupuesto del FE.pdf,2015-07-01,2015,jul,Precio (**),39429803.43
042_105000_EjecuciC3B3n mensual del presupuesto del FE.pdf,2015-08-01,2015,ago,Precio (**),8031651.5
042_105000_EjecuciC3B3n mensual del presupuesto del FE.pdf,2015-09-01,2015,sep,Precio (**),4270982.86
042_105000_EjecuciC3B3n mensual del presupuesto del FE.pdf,2015-10-01,2015,oct,Precio (**),139623818.51
042_105000_EjecuciC3B3n mensual del presupuesto del FE.pdf,2015-11-01,2015,nov,Precio (**),0.0
042_105000_EjecuciC3B3n mensual del presupuesto del FE.pdf,2015-12-01,2015,dic,Precio (**),0.0
042_105000_EjecuciC3B3n mensual del presupuesto del FE.pdf,2015-01-01,2015,ene,20% Ejecución Real (2+ 3+4),108506170.8
042_105000_EjecuciC3B3n mensual del presupuesto del FE.pdf,2015-02-01,2015,feb,20% Ejecución Real (2+ 3+4),68366122.42
042_105000_EjecuciC3B3n mensual del presupuesto del FE.pdf,2015-03-01,2015,mar,20% Ejecución Real (2+ 3+4),161206716.29
042_105000_EjecuciC3B3n mensual del presupuesto del FE.pdf,2015-04-01,2015,abr,20% Ejecución Real (2+ 3+4),142525608.3
042_105000_EjecuciC3B3n mensual del presupuesto del FE.pdf,2015-05-01,2015,may,20% Ejecución Real (2+ 3+4),126550163.32
042_105000_EjecuciC3B3n mensual del presupuesto del FE.pdf,2015-06-01,2015,jun,20% Ejecución Real (2+ 3+4),173352798.18
042_105000_EjecuciC3B3n mensual del presupuesto del FE.pdf,2015-07-01,2015,jul,20% Ejecución Real (2+ 3+4),506444845.54
042_105000_EjecuciC3B3n mensual del presupuesto del FE.pdf,2015-08-01,2015,ago,20% Ejecución Real (2+ 3+4),116971705.61
042_105000_EjecuciC3B3n mensual del presupuesto del FE.pdf,2015-09-01,2015,sep,20% Ejecución Real (2+ 3+4),447715448.74
042_105000_EjecuciC3B3n mensual del presupuesto del FE.pdf,2015-10-01,2015,oct,20% Ejecución Real (2+ 3+4),100660373.31
042_105000_EjecuciC3B3n mensual del presupuesto del FE.pdf,2015-11-01,2015,nov,20% Ejecución Real (2+ 3+4),221854808.0
042_105000_EjecuciC3B3n mensual del presupuesto del FE.pdf,2015-12-01,2015,dic,20% Ejecución Real (2+ 3+4),408249686.66
042_105000_EjecuciC3B3n mensual del presupuesto del FE.pdf,2015-01-01,2015,ene,Planes (97%) - (2) = (3),108241611.46
042_105000_EjecuciC3B3n mensual del presupuesto del FE.pdf,2015-02-01,2015,feb,Planes (97%) - (2) = (3),68100505.04
042_105000_EjecuciC3B3n mensual del presupuesto del FE.pdf,2015-03-01,2015,mar,Planes (97%) - (2) = (3),160940843.53
042_105000_EjecuciC3B3n mensual del presupuesto del FE.pdf,2015-04-01,2015,abr,Planes (97%) - (2) = (3),142259975.06
042_105000_EjecuciC3B3n mensual del presupuesto del FE.pdf,2015-05-01,2015,may,Planes (97%) - (2) = (3),126284455.0
042_105000_EjecuciC3B3n mensual del presupuesto del FE.pdf,2015-06-01,2015,jun,Planes (97%) - (2) = (3),172778012.7
042_105000_EjecuciC3B3n mensual del presupuesto del FE.pdf,2015-07-01,2015,jul,Planes (97%) - (2) = (3),506133967.69
042_105000_EjecuciC3B3n mensual del presupuesto del FE.pdf,2015-08-01,2015,ago,Planes (97%) - (2) = (3),111632884.14
042_105000_EjecuciC3B3n mensual del presupuesto del FE.pdf,2015-09-01,2015,sep,Planes (97%) - (2) = (3),447389813.9
042_105000_EjecuciC3B3n mensual del presupuesto del FE.pdf,2015-10-01,2015,oct,Planes (97%) - (2) = (3),100333017.11
042_105000_EjecuciC3B3n mensual del presupuesto del FE.pdf,2015-11-01,2015,nov,Planes (97%) - (2) = (3),221505910.04
042_105000_EjecuciC3B3n mensual del presupuesto del FE.pdf,2015-12-01,2015,dic,Planes (97%) - (2) = (3),401744336.85
042_105000_EjecuciC3B3n mensual del presupuesto del FE.pdf,2015-01-01,2015,ene,Sueldos FET (por Convenio) (***),264559.34
042_105000_EjecuciC3B3n mensual del presupuesto del FE.pdf,2015-02-01,2015,feb,Sueldos FET (por Convenio) (***),265617.38
042_105000_EjecuciC3B3n mensual del presupuesto del FE.pdf,2015-03-01,2015,mar,Sueldos FET (por Convenio) (***),265872.76
042_105000_EjecuciC3B3n mensual del presupuesto del FE.pdf,2015-04-01,2015,abr,Sueldos FET (por Convenio) (***),265633.24
042_105000_EjecuciC3B3n mensual del presupuesto del FE.pdf,2015-05-01,2015,may,Sueldos FET (por Convenio) (***),265708.32
042_105000_EjecuciC3B3n mensual del presupuesto del FE.pdf,2015-06-01,2015,jun,Sueldos FET (por Convenio) (***),574785.48
042_105000_EjecuciC3B3n mensual del presupuesto del FE.pdf,2015-07-01,2015,jul,Sueldos FET (por Convenio) (***),310877.85
042_105000_EjecuciC3B3n mensual del presupuesto del FE.pdf,2015-08-01,2015,ago,Sueldos FET (por Convenio) (***),338821.47
042_105000_EjecuciC3B3n mensual del presupuesto del FE.pdf,2015-09-01,2015,sep,Sueldos FET (por Convenio) (***),325634.84
042_105000_EjecuciC3B3n mensual del presupuesto del FE.pdf,2015-10-01,2015,oct,Sueldos FET (por Convenio) (***),327356.2
042_105000_EjecuciC3B3n mensual del presupuesto del FE.pdf,2015-11-01,2015,nov,Sueldos FET (por Convenio) (***),348897.96
042_105000_EjecuciC3B3n mensual del presupuesto del FE.pdf,2015-12-01,2015,dic,Sueldos FET (por Convenio) (***),505349.81
042_105000_EjecuciC3B3n mensual del presupuesto del FE.pdf,2015-01-01,2015,ene,IICA (3%) (4),0.0
042_105000_EjecuciC3B3n mensual del presupuesto del FE.pdf,2015-02-01,2015,feb,IICA (3%) (4),0.0
042_105000_EjecuciC3B3n mensual del presupuesto del FE.pdf,2015-03-01,2015,mar,IICA (3%) (4),0.0
042_105000_EjecuciC3B3n mensual del presupuesto del FE.pdf,2015-04-01,2015,abr,IICA (3%) (4),0.0
042_105000_EjecuciC3B3n mensual del presupuesto del FE.pdf,2015-05-01,2015,may,IICA (3%) (4),0.0
042_105000_EjecuciC3B3n mensual del presupuesto del FE.pdf,2015-06-01,2015,jun,IICA (3%) (4),0.0
042_105000_EjecuciC3B3n mensual del presupuesto del FE.pdf,2015-07-01,2015,jul,IICA (3%) (4),0.0
042_105000_EjecuciC3B3n mensual del presupuesto del FE.pdf,2015-08-01,2015,ago,IICA (3%) (4),5000000.0
042_105000_EjecuciC3B3n mensual del presupuesto del FE.pdf,2015-09-01,2015,sep,IICA (3%) (4),0.0
042_105000_EjecuciC3B3n mensual del presupuesto del FE.pdf,2015-10-01,2015,oct,IICA (3%) (4),0.0
042_105000_EjecuciC3B3n mensual del presupuesto del FE.pdf,2015-11-01,2015,nov,IICA (3%) (4),0.0
042_105000_EjecuciC3B3n mensual del presupuesto del FE.pdf,2015-12-01,2015,dic,IICA (3%) (4),6000000.0
042_105000_EjecuciC3B3n mensual del presupuesto del FE.pdf,2015-01-01,2015,ene,Remanente 2014,108241611.46
042_105000_EjecuciC3B3n mensual del presupuesto del FE.pdf,2015-02-01,2015,feb,Remanente 2014,26653991.78
042_105000_EjecuciC3B3n mensual del presupuesto del FE.pdf,2015-03-01,2015,mar,Remanente 2014,60397526.76
042_105000_EjecuciC3B3n mensual del presupuesto del FE.pdf,2015-04-01,2015,abr,Remanente 2014,54755377.55
042_105000_EjecuciC3B3n mensual del presupuesto del FE.pdf,2015-05-01,2015,may,Remanente 2014,18523901.4
042_105000_EjecuciC3B3n mensual del presupuesto del FE.pdf,2015-06-01,2015,jun,Remanente 2014,35967475.37
042_105000_EjecuciC3B3n mensual del presupuesto del FE.pdf,2015-07-01,2015,jul,Remanente 2014,0.0
042_105000_EjecuciC3B3n mensual del presupuesto del FE.pdf,2015-08-01,2015,ago,Remanente 2014,0.0
042_105000_EjecuciC3B3n mensual del presupuesto del FE.pdf,2015-09-01,2015,sep,Remanente 2014,0.0
042_105000_EjecuciC3B3n mensual del presupuesto del FE.pdf,2015-10-01,2015,oct,Remanente 2014,53245.47
042_105000_EjecuciC3B3n mensual del presupuesto del FE.pdf,2015-11-01,2015,nov,Remanente 2014,0.0
042_105000_EjecuciC3B3n mensual del presupuesto del FE.pdf,2015-12-01,2015,dic,Remanente 2014,0.0
042_105000_EjecuciC3B3n mensual del presupuesto del FE.pdf,2015-01-01,2015,ene,Tipo de Cambio Real - B.C.R.A. (****),8.6
042_105000_EjecuciC3B3n mensual del presupuesto del FE.pdf,2015-02-01,2015,feb,Tipo de Cambio Real - B.C.R.A. (****),8.69
042_105000_EjecuciC3B3n mensual del presupuesto del FE.pdf,2015-03-01,2015,mar,Tipo de Cambio Real - B.C.R.A. (****),8.78
042_105000_EjecuciC3B3n mensual del presupuesto del FE.pdf,2015-04-01,2015,abr,Tipo de Cambio Real - B.C.R.A. (****),8.87
042_105000_EjecuciC3B3n mensual del presupuesto del FE.pdf,2015-05-01,2015,may,Tipo de Cambio Real - B.C.R.A. (****),8.95
042_105000_EjecuciC3B3n mensual del presupuesto del FE.pdf,2015-06-01,2015,jun,Tipo de Cambio Real - B.C.R.A. (****),9.04
042_105000_EjecuciC3B3n mensual del presupuesto del FE.pdf,2015-07-01,2015,jul,Tipo de Cambio Real - B.C.R.A. (****),9.14
042_105000_EjecuciC3B3n mensual del presupuesto del FE.pdf,2015-08-01,2015,ago,Tipo de Cambio Real - B.C.R.A. (****),9.24
042_105000_EjecuciC3B3n mensual del presupuesto del FE.pdf,2015-09-01,2015,sep,Tipo de Cambio Real - B.C.R.A. (****),9.37
042_105000_EjecuciC3B3n mensual del presupuesto del FE.pdf,2015-10-01,2015,oct,Tipo de Cambio Real - B.C.R.A. (****),9.66
042_105000_EjecuciC3B3n mensual del presupuesto del FE.pdf,2015-11-01,2015,nov,Tipo de Cambio Real - B.C.R.A. (****),9.67
042_105000_EjecuciC3B3n mensual del presupuesto del FE.pdf,2015-12-01,2015,dic,Tipo de Cambio Real - B.C.R.A. (****),10.12
043_Ejecución mensual del presupuesto del FET - Ejerci.pdf,2014-01-01,2014,ene,Recaudación (*),199368199.26
043_Ejecución mensual del presupuesto del FET - Ejerci.pdf,2014-02-01,2014,feb,Recaudación (*),213905913.29
043_Ejecución mensual del presupuesto del FET - Ejerci.pdf,2014-03-01,2014,mar,Recaudación (*),160843380.68
043_Ejecución mensual del presupuesto del FET - Ejerci.pdf,2014-04-01,2014,abr,Recaudación (*),175313135.37
043_Ejecución mensual del presupuesto del FET - Ejerci.pdf,2014-05-01,2014,may,Recaudación (*),207411663.78
043_Ejecución mensual del presupuesto del FET - Ejerci.pdf,2014-06-01,2014,jun,Recaudación (*),172400560.34
043_Ejecución mensual del presupuesto del FET - Ejerci.pdf,2014-07-01,2014,jul,Recaudación (*),193103723.02
043_Ejecución mensual del presupuesto del FET - Ejerci.pdf,2014-08-01,2014,ago,Recaudación (*),223040899.37
043_Ejecución mensual del presupuesto del FET - Ejerci.pdf,2014-09-01,2014,sep,Recaudación (*),217587986.84
043_Ejecución mensual del presupuesto del FET - Ejerci.pdf,2014-10-01,2014,oct,Recaudación (*),230346246.27
043_Ejecución mensual del presupuesto del FET - Ejerci.pdf,2014-11-01,2014,nov,Recaudación (*),262130548.52
043_Ejecución mensual del presupuesto del FET - Ejerci.pdf,2014-12-01,2014,dic,Recaudación (*),238007578.1
043_Ejecución mensual del presupuesto del FET - Ejerci.pdf,2014-01-01,2014,ene,Recaudación Provincias,192819699.29
043_Ejecución mensual del presupuesto del FET - Ejerci.pdf,2014-02-01,2014,feb,Recaudación Provincias,207083164.67
043_Ejecución mensual del presupuesto del FET - Ejerci.pdf,2014-03-01,2014,mar,Recaudación Provincias,155578069.72
043_Ejecución mensual del presupuesto del FET - Ejerci.pdf,2014-04-01,2014,abr,Recaudación Provincias,169560000.26
043_Ejecución mensual del presupuesto del FET - Ejerci.pdf,2014-05-01,2014,may,Recaudación Provincias,200587110.76
043_Ejecución mensual del presupuesto del FET - Ejerci.pdf,2014-06-01,2014,jun,Recaudación Provincias,166358722.24
043_Ejecución mensual del presupuesto del FET - Ejerci.pdf,2014-07-01,2014,jul,Recaudación Provincias,186333520.94
043_Ejecución mensual del presupuesto del FET - Ejerci.pdf,2014-08-01,2014,ago,Recaudación Provincias,215505947.18
043_Ejecución mensual del presupuesto del FET - Ejerci.pdf,2014-09-01,2014,sep,Recaudación Provincias,210169483.13
043_Ejecución mensual del presupuesto del FET - Ejerci.pdf,2014-10-01,2014,oct,Recaudación Provincias,222316734.26
043_Ejecución mensual del presupuesto del FET - Ejerci.pdf,2014-11-01,2014,nov,Recaudación Provincias,252985091.44
043_Ejecución mensual del presupuesto del FET - Ejerci.pdf,2014-12-01,2014,dic,Recaudación Provincias,229692862.46
043_Ejecución mensual del presupuesto del FET - Ejerci.pdf,2014-01-01,2014,ene,Obra Social,6548499.97
043_Ejecución mensual del presupuesto del FET - Ejerci.pdf,2014-02-01,2014,feb,Obra Social,6822748.62
043_Ejecución mensual del presupuesto del FET - Ejerci.pdf,2014-03-01,2014,mar,Obra Social,5265310.96
043_Ejecución mensual del presupuesto del FET - Ejerci.pdf,2014-04-01,2014,abr,Obra Social,5753135.11
043_Ejecución mensual del presupuesto del FET - Ejerci.pdf,2014-05-01,2014,may,Obra Social,6824553.02
043_Ejecución mensual del presupuesto del FET - Ejerci.pdf,2014-06-01,2014,jun,Obra Social,6041838.1
043_Ejecución mensual del presupuesto del FET - Ejerci.pdf,2014-07-01,2014,jul,Obra Social,6770202.07
043_Ejecución mensual del presupuesto del FET - Ejerci.pdf,2014-08-01,2014,ago,Obra Social,7534952.19
043_Ejecución mensual del presupuesto del FET - Ejerci.pdf,2014-09-01,2014,sep,Obra Social,7418503.71
043_Ejecución mensual del presupuesto del FET - Ejerci.pdf,2014-10-01,2014,oct,Obra Social,8029512.0
043_Ejecución mensual del presupuesto del FET - Ejerci.pdf,2014-11-01,2014,nov,Obra Social,9145457.08
043_Ejecución mensual del presupuesto del FET - Ejerci.pdf,2014-12-01,2014,dic,Obra Social,8314715.64
043_Ejecución mensual del presupuesto del FET - Ejerci.pdf,2014-01-01,2014,ene,80% Ejecución Real,0.0
043_Ejecución mensual del presupuesto del FET - Ejerci.pdf,2014-02-01,2014,feb,80% Ejecución Real,0.0
043_Ejecución mensual del presupuesto del FET - Ejerci.pdf,2014-03-01,2014,mar,80% Ejecución Real,154436043.42
043_Ejecución mensual del presupuesto del FET - Ejerci.pdf,2014-04-01,2014,abr,80% Ejecución Real,113400000.0
043_Ejecución mensual del presupuesto del FET - Ejerci.pdf,2014-05-01,2014,may,80% Ejecución Real,54847727.11
043_Ejecución mensual del presupuesto del FET - Ejerci.pdf,2014-06-01,2014,jun,80% Ejecución Real,39072616.7
043_Ejecución mensual del presupuesto del FET - Ejerci.pdf,2014-07-01,2014,jul,80% Ejecución Real,121610881.06
043_Ejecución mensual del presupuesto del FET - Ejerci.pdf,2014-08-01,2014,ago,80% Ejecución Real,17966635.34
043_Ejecución mensual del presupuesto del FET - Ejerci.pdf,2014-09-01,2014,sep,80% Ejecución Real,353879.61
043_Ejecución mensual del presupuesto del FET - Ejerci.pdf,2014-10-01,2014,oct,80% Ejecución Real,43364476.24
043_Ejecución mensual del presupuesto del FET - Ejerci.pdf,2014-11-01,2014,nov,80% Ejecución Real,7873700.9
043_Ejecución mensual del presupuesto del FET - Ejerci.pdf,2014-12-01,2014,dic,80% Ejecución Real,58705996.36
043_Ejecución mensual del presupuesto del FET - Ejerci.pdf,2014-01-01,2014,ene,Precio (**),0.0
043_Ejecución mensual del presupuesto del FET - Ejerci.pdf,2014-02-01,2014,feb,Precio (**),0.0
043_Ejecución mensual del presupuesto del FET - Ejerci.pdf,2014-03-01,2014,mar,Precio (**),154436043.42
043_Ejecución mensual del presupuesto del FET - Ejerci.pdf,2014-04-01,2014,abr,Precio (**),113400000.0
043_Ejecución mensual del presupuesto del FET - Ejerci.pdf,2014-05-01,2014,may,Precio (**),54847727.11
043_Ejecución mensual del presupuesto del FET - Ejerci.pdf,2014-06-01,2014,jun,Precio (**),39072616.7
043_Ejecución mensual del presupuesto del FET - Ejerci.pdf,2014-07-01,2014,jul,Precio (**),121610881.06
043_Ejecución mensual del presupuesto del FET - Ejerci.pdf,2014-08-01,2014,ago,Precio (**),17966635.34
043_Ejecución mensual del presupuesto del FET - Ejerci.pdf,2014-09-01,2014,sep,Precio (**),353879.61
043_Ejecución mensual del presupuesto del FET - Ejerci.pdf,2014-10-01,2014,oct,Precio (**),43364476.24
043_Ejecución mensual del presupuesto del FET - Ejerci.pdf,2014-11-01,2014,nov,Precio (**),7873700.9
043_Ejecución mensual del presupuesto del FET - Ejerci.pdf,2014-12-01,2014,dic,Precio (**),58705996.36
043_Ejecución mensual del presupuesto del FET - Ejerci.pdf,2014-01-01,2014,ene,20% Ejecución Real (1+ 2 +3),20499294.22
043_Ejecución mensual del presupuesto del FET - Ejerci.pdf,2014-02-01,2014,feb,20% Ejecución Real (1+ 2 +3),95351610.02
043_Ejecución mensual del presupuesto del FET - Ejerci.pdf,2014-03-01,2014,mar,20% Ejecución Real (1+ 2 +3),24238284.94
043_Ejecución mensual del presupuesto del FET - Ejerci.pdf,2014-04-01,2014,abr,20% Ejecución Real (1+ 2 +3),846878.31
043_Ejecución mensual del presupuesto del FET - Ejerci.pdf,2014-05-01,2014,may,20% Ejecución Real (1+ 2 +3),239272038.43
043_Ejecución mensual del presupuesto del FET - Ejerci.pdf,2014-06-01,2014,jun,20% Ejecución Real (1+ 2 +3),96835778.48
043_Ejecución mensual del presupuesto del FET - Ejerci.pdf,2014-07-01,2014,jul,20% Ejecución Real (1+ 2 +3),7595468.57
043_Ejecución mensual del presupuesto del FET - Ejerci.pdf,2014-08-01,2014,ago,20% Ejecución Real (1+ 2 +3),164545234.9
043_Ejecución mensual del presupuesto del FET - Ejerci.pdf,2014-09-01,2014,sep,20% Ejecución Real (1+ 2 +3),349775549.68
043_Ejecución mensual del presupuesto del FET - Ejerci.pdf,2014-10-01,2014,oct,20% Ejecución Real (1+ 2 +3),226035251.86
043_Ejecución mensual del presupuesto del FET - Ejerci.pdf,2014-11-01,2014,nov,20% Ejecución Real (1+ 2 +3),16852780.95
043_Ejecución mensual del presupuesto del FET - Ejerci.pdf,2014-12-01,2014,dic,20% Ejecución Real (1+ 2 +3),475661907.4
043_Ejecución mensual del presupuesto del FET - Ejerci.pdf,2014-01-01,2014,ene,Planes (97%) - (1) = (2),20283494.08
043_Ejecución mensual del presupuesto del FET - Ejerci.pdf,2014-02-01,2014,feb,Planes (97%) - (1) = (2),95135809.88
043_Ejecución mensual del presupuesto del FET - Ejerci.pdf,2014-03-01,2014,mar,Planes (97%) - (1) = (2),24022484.8
043_Ejecución mensual del presupuesto del FET - Ejerci.pdf,2014-04-01,2014,abr,Planes (97%) - (1) = (2),630507.15
043_Ejecución mensual del presupuesto del FET - Ejerci.pdf,2014-05-01,2014,may,Planes (97%) - (1) = (2),239054338.53
043_Ejecución mensual del presupuesto del FET - Ejerci.pdf,2014-06-01,2014,jun,Planes (97%) - (1) = (2),96542119.54
043_Ejecución mensual del presupuesto del FET - Ejerci.pdf,2014-07-01,2014,jul,Planes (97%) - (1) = (2),7354778.24
043_Ejecución mensual del presupuesto del FET - Ejerci.pdf,2014-08-01,2014,ago,Planes (97%) - (1) = (2),164279331.24
043_Ejecución mensual del presupuesto del FET - Ejerci.pdf,2014-09-01,2014,sep,Planes (97%) - (1) = (2),349509611.58
043_Ejecución mensual del presupuesto del FET - Ejerci.pdf,2014-10-01,2014,oct,Planes (97%) - (1) = (2),225769287.12
043_Ejecución mensual del presupuesto del FET - Ejerci.pdf,2014-11-01,2014,nov,Planes (97%) - (1) = (2),16586201.54
043_Ejecución mensual del presupuesto del FET - Ejerci.pdf,2014-12-01,2014,dic,Planes (97%) - (1) = (2),475180664.31
043_Ejecución mensual del presupuesto del FET - Ejerci.pdf,2014-01-01,2014,ene,Sueldos FET (por Convenio) (1),215800.14
043_Ejecución mensual del presupuesto del FET - Ejerci.pdf,2014-02-01,2014,feb,Sueldos FET (por Convenio) (1),215800.14
043_Ejecución mensual del presupuesto del FET - Ejerci.pdf,2014-03-01,2014,mar,Sueldos FET (por Convenio) (1),215800.14
043_Ejecución mensual del presupuesto del FET - Ejerci.pdf,2014-04-01,2014,abr,Sueldos FET (por Convenio) (1),216371.16
043_Ejecución mensual del presupuesto del FET - Ejerci.pdf,2014-05-01,2014,may,Sueldos FET (por Convenio) (1),217699.9
043_Ejecución mensual del presupuesto del FET - Ejerci.pdf,2014-06-01,2014,jun,Sueldos FET (por Convenio) (1),293658.94
043_Ejecución mensual del presupuesto del FET - Ejerci.pdf,2014-07-01,2014,jul,Sueldos FET (por Convenio) (1),240690.33
043_Ejecución mensual del presupuesto del FET - Ejerci.pdf,2014-08-01,2014,ago,Sueldos FET (por Convenio) (1),265903.66
043_Ejecución mensual del presupuesto del FET - Ejerci.pdf,2014-09-01,2014,sep,Sueldos FET (por Convenio) (1),265938.1
043_Ejecución mensual del presupuesto del FET - Ejerci.pdf,2014-10-01,2014,oct,Sueldos FET (por Convenio) (1),265964.74
043_Ejecución mensual del presupuesto del FET - Ejerci.pdf,2014-11-01,2014,nov,Sueldos FET (por Convenio) (1),266579.41
043_Ejecución mensual del presupuesto del FET - Ejerci.pdf,2014-12-01,2014,dic,Sueldos FET (por Convenio) (1),481243.09
043_Ejecución mensual del presupuesto del FET - Ejerci.pdf,2014-01-01,2014,ene,IICA (3%) (3),0.0
043_Ejecución mensual del presupuesto del FET - Ejerci.pdf,2014-02-01,2014,feb,IICA (3%) (3),0.0
043_Ejecución mensual del presupuesto del FET - Ejerci.pdf,2014-03-01,2014,mar,IICA (3%) (3),0.0
043_Ejecución mensual del presupuesto del FET - Ejerci.pdf,2014-04-01,2014,abr,IICA (3%) (3),0.0
043_Ejecución mensual del presupuesto del FET - Ejerci.pdf,2014-05-01,2014,may,IICA (3%) (3),0.0
043_Ejecución mensual del presupuesto del FET - Ejerci.pdf,2014-06-01,2014,jun,IICA (3%) (3),0.0
043_Ejecución mensual del presupuesto del FET - Ejerci.pdf,2014-07-01,2014,jul,IICA (3%) (3),0.0
043_Ejecución mensual del presupuesto del FET - Ejerci.pdf,2014-08-01,2014,ago,IICA (3%) (3),0.0
043_Ejecución mensual del presupuesto del FET - Ejerci.pdf,2014-09-01,2014,sep,IICA (3%) (3),0.0
043_Ejecución mensual del presupuesto del FET - Ejerci.pdf,2014-10-01,2014,oct,IICA (3%) (3),0.0
043_Ejecución mensual del presupuesto del FET - Ejerci.pdf,2014-11-01,2014,nov,IICA (3%) (3),0.0
043_Ejecución mensual del presupuesto del FET - Ejerci.pdf,2014-12-01,2014,dic,IICA (3%) (3),0.0
043_Ejecución mensual del presupuesto del FET - Ejerci.pdf,2014-01-01,2014,ene,Remanente 2013,19172187.2
043_Ejecución mensual del presupuesto del FET - Ejerci.pdf,2014-02-01,2014,feb,Remanente 2013,30756712.77
043_Ejecución mensual del presupuesto del FET - Ejerci.pdf,2014-03-01,2014,mar,Remanente 2013,2800559.0
043_Ejecución mensual del presupuesto del FET - Ejerci.pdf,2014-04-01,2014,abr,Remanente 2013,630507.15
043_Ejecución mensual del presupuesto del FET - Ejerci.pdf,2014-05-01,2014,may,Remanente 2013,135683534.18
043_Ejecución mensual del presupuesto del FET - Ejerci.pdf,2014-06-01,2014,jun,Remanente 2013,9177275.34
043_Ejecución mensual del presupuesto del FET - Ejerci.pdf,2014-07-01,2014,jul,Remanente 2013,0.0
043_Ejecución mensual del presupuesto del FET - Ejerci.pdf,2014-08-01,2014,ago,Remanente 2013,22212017.38
043_Ejecución mensual del presupuesto del FET - Ejerci.pdf,2014-09-01,2014,sep,Remanente 2013,18890265.02
043_Ejecución mensual del presupuesto del FET - Ejerci.pdf,2014-10-01,2014,oct,Remanente 2013,865502.25
043_Ejecución mensual del presupuesto del FET - Ejerci.pdf,2014-11-01,2014,nov,Remanente 2013,0.0
043_Ejecución mensual del presupuesto del FET - Ejerci.pdf,2014-12-01,2014,dic,Remanente 2013,0.0
044_104000_EjecuciC3B3n mensual del presupuesto del FE.pdf,2014-01-01,2014,ene,Recaudación (*),199368199.26
044_104000_EjecuciC3B3n mensual del presupuesto del FE.pdf,2014-02-01,2014,feb,Recaudación (*),213905913.29
044_104000_EjecuciC3B3n mensual del presupuesto del FE.pdf,2014-03-01,2014,mar,Recaudación (*),160843380.68
044_104000_EjecuciC3B3n mensual del presupuesto del FE.pdf,2014-04-01,2014,abr,Recaudación (*),175313135.37
044_104000_EjecuciC3B3n mensual del presupuesto del FE.pdf,2014-05-01,2014,may,Recaudación (*),207411663.78
044_104000_EjecuciC3B3n mensual del presupuesto del FE.pdf,2014-06-01,2014,jun,Recaudación (*),172400560.34
044_104000_EjecuciC3B3n mensual del presupuesto del FE.pdf,2014-07-01,2014,jul,Recaudación (*),193103723.02
044_104000_EjecuciC3B3n mensual del presupuesto del FE.pdf,2014-08-01,2014,ago,Recaudación (*),223040899.37
044_104000_EjecuciC3B3n mensual del presupuesto del FE.pdf,2014-09-01,2014,sep,Recaudación (*),217587986.84
044_104000_EjecuciC3B3n mensual del presupuesto del FE.pdf,2014-10-01,2014,oct,Recaudación (*),230346246.27
044_104000_EjecuciC3B3n mensual del presupuesto del FE.pdf,2014-11-01,2014,nov,Recaudación (*),262130548.52
044_104000_EjecuciC3B3n mensual del presupuesto del FE.pdf,2014-12-01,2014,dic,Recaudación (*),238007578.1
044_104000_EjecuciC3B3n mensual del presupuesto del FE.pdf,2014-01-01,2014,ene,Recaudación Provincias,192819699.29
044_104000_EjecuciC3B3n mensual del presupuesto del FE.pdf,2014-02-01,2014,feb,Recaudación Provincias,207083164.67
044_104000_EjecuciC3B3n mensual del presupuesto del FE.pdf,2014-03-01,2014,mar,Recaudación Provincias,155578069.72
044_104000_EjecuciC3B3n mensual del presupuesto del FE.pdf,2014-04-01,2014,abr,Recaudación Provincias,169560000.26
044_104000_EjecuciC3B3n mensual del presupuesto del FE.pdf,2014-05-01,2014,may,Recaudación Provincias,200587110.76
044_104000_EjecuciC3B3n mensual del presupuesto del FE.pdf,2014-06-01,2014,jun,Recaudación Provincias,166358722.24
044_104000_EjecuciC3B3n mensual del presupuesto del FE.pdf,2014-07-01,2014,jul,Recaudación Provincias,186333520.94
044_104000_EjecuciC3B3n mensual del presupuesto del FE.pdf,2014-08-01,2014,ago,Recaudación Provincias,215505947.18
044_104000_EjecuciC3B3n mensual del presupuesto del FE.pdf,2014-09-01,2014,sep,Recaudación Provincias,210169483.13
044_104000_EjecuciC3B3n mensual del presupuesto del FE.pdf,2014-10-01,2014,oct,Recaudación Provincias,222316734.26
044_104000_EjecuciC3B3n mensual del presupuesto del FE.pdf,2014-11-01,2014,nov,Recaudación Provincias,252985091.44
044_104000_EjecuciC3B3n mensual del presupuesto del FE.pdf,2014-12-01,2014,dic,Recaudación Provincias,229692862.46
044_104000_EjecuciC3B3n mensual del presupuesto del FE.pdf,2014-01-01,2014,ene,Obra Social,6548499.97
044_104000_EjecuciC3B3n mensual del presupuesto del FE.pdf,2014-02-01,2014,feb,Obra Social,6822748.62
044_104000_EjecuciC3B3n mensual del presupuesto del FE.pdf,2014-03-01,2014,mar,Obra Social,5265310.96
044_104000_EjecuciC3B3n mensual del presupuesto del FE.pdf,2014-04-01,2014,abr,Obra Social,5753135.11
044_104000_EjecuciC3B3n mensual del presupuesto del FE.pdf,2014-05-01,2014,may,Obra Social,6824553.02
044_104000_EjecuciC3B3n mensual del presupuesto del FE.pdf,2014-06-01,2014,jun,Obra Social,6041838.1
044_104000_EjecuciC3B3n mensual del presupuesto del FE.pdf,2014-07-01,2014,jul,Obra Social,6770202.07
044_104000_EjecuciC3B3n mensual del presupuesto del FE.pdf,2014-08-01,2014,ago,Obra Social,7534952.19
044_104000_EjecuciC3B3n mensual del presupuesto del FE.pdf,2014-09-01,2014,sep,Obra Social,7418503.71
044_104000_EjecuciC3B3n mensual del presupuesto del FE.pdf,2014-10-01,2014,oct,Obra Social,8029512.0
044_104000_EjecuciC3B3n mensual del presupuesto del FE.pdf,2014-11-01,2014,nov,Obra Social,9145457.08
044_104000_EjecuciC3B3n mensual del presupuesto del FE.pdf,2014-12-01,2014,dic,Obra Social,8314715.64
044_104000_EjecuciC3B3n mensual del presupuesto del FE.pdf,2014-01-01,2014,ene,80% Ejecución Real,0.0
044_104000_EjecuciC3B3n mensual del presupuesto del FE.pdf,2014-02-01,2014,feb,80% Ejecución Real,0.0
044_104000_EjecuciC3B3n mensual del presupuesto del FE.pdf,2014-03-01,2014,mar,80% Ejecución Real,154436043.42
044_104000_EjecuciC3B3n mensual del presupuesto del FE.pdf,2014-04-01,2014,abr,80% Ejecución Real,113400000.0
044_104000_EjecuciC3B3n mensual del presupuesto del FE.pdf,2014-05-01,2014,may,80% Ejecución Real,54847727.11
044_104000_EjecuciC3B3n mensual del presupuesto del FE.pdf,2014-06-01,2014,jun,80% Ejecución Real,39072616.7
044_104000_EjecuciC3B3n mensual del presupuesto del FE.pdf,2014-07-01,2014,jul,80% Ejecución Real,121610881.06
044_104000_EjecuciC3B3n mensual del presupuesto del FE.pdf,2014-08-01,2014,ago,80% Ejecución Real,17966635.34
044_104000_EjecuciC3B3n mensual del presupuesto del FE.pdf,2014-09-01,2014,sep,80% Ejecución Real,353879.61
044_104000_EjecuciC3B3n mensual del presupuesto del FE.pdf,2014-10-01,2014,oct,80% Ejecución Real,43364476.24
044_104000_EjecuciC3B3n mensual del presupuesto del FE.pdf,2014-11-01,2014,nov,80% Ejecución Real,7873700.9
044_104000_EjecuciC3B3n mensual del presupuesto del FE.pdf,2014-12-01,2014,dic,80% Ejecución Real,58705996.36
044_104000_EjecuciC3B3n mensual del presupuesto del FE.pdf,2014-01-01,2014,ene,Precio (**),0.0
044_104000_EjecuciC3B3n mensual del presupuesto del FE.pdf,2014-02-01,2014,feb,Precio (**),0.0
044_104000_EjecuciC3B3n mensual del presupuesto del FE.pdf,2014-03-01,2014,mar,Precio (**),154436043.42
044_104000_EjecuciC3B3n mensual del presupuesto del FE.pdf,2014-04-01,2014,abr,Precio (**),113400000.0
044_104000_EjecuciC3B3n mensual del presupuesto del FE.pdf,2014-05-01,2014,may,Precio (**),54847727.11
044_104000_EjecuciC3B3n mensual del presupuesto del FE.pdf,2014-06-01,2014,jun,Precio (**),39072616.7
044_104000_EjecuciC3B3n mensual del presupuesto del FE.pdf,2014-07-01,2014,jul,Precio (**),121610881.06
044_104000_EjecuciC3B3n mensual del presupuesto del FE.pdf,2014-08-01,2014,ago,Precio (**),17966635.34
044_104000_EjecuciC3B3n mensual del presupuesto del FE.pdf,2014-09-01,2014,sep,Precio (**),353879.61
044_104000_EjecuciC3B3n mensual del presupuesto del FE.pdf,2014-10-01,2014,oct,Precio (**),43364476.24
044_104000_EjecuciC3B3n mensual del presupuesto del FE.pdf,2014-11-01,2014,nov,Precio (**),7873700.9
044_104000_EjecuciC3B3n mensual del presupuesto del FE.pdf,2014-12-01,2014,dic,Precio (**),58705996.36
044_104000_EjecuciC3B3n mensual del presupuesto del FE.pdf,2014-01-01,2014,ene,20% Ejecución Real (1+ 2 +3),20499294.22
044_104000_EjecuciC3B3n mensual del presupuesto del FE.pdf,2014-02-01,2014,feb,20% Ejecución Real (1+ 2 +3),95351610.02
044_104000_EjecuciC3B3n mensual del presupuesto del FE.pdf,2014-03-01,2014,mar,20% Ejecución Real (1+ 2 +3),24238284.94
044_104000_EjecuciC3B3n mensual del presupuesto del FE.pdf,2014-04-01,2014,abr,20% Ejecución Real (1+ 2 +3),846878.31
044_104000_EjecuciC3B3n mensual del presupuesto del FE.pdf,2014-05-01,2014,may,20% Ejecución Real (1+ 2 +3),239272038.43
044_104000_EjecuciC3B3n mensual del presupuesto del FE.pdf,2014-06-01,2014,jun,20% Ejecución Real (1+ 2 +3),96835778.48
044_104000_EjecuciC3B3n mensual del presupuesto del FE.pdf,2014-07-01,2014,jul,20% Ejecución Real (1+ 2 +3),7595468.57
044_104000_EjecuciC3B3n mensual del presupuesto del FE.pdf,2014-08-01,2014,ago,20% Ejecución Real (1+ 2 +3),164545234.9
044_104000_EjecuciC3B3n mensual del presupuesto del FE.pdf,2014-09-01,2014,sep,20% Ejecución Real (1+ 2 +3),349775549.68
044_104000_EjecuciC3B3n mensual del presupuesto del FE.pdf,2014-10-01,2014,oct,20% Ejecución Real (1+ 2 +3),226035251.86
044_104000_EjecuciC3B3n mensual del presupuesto del FE.pdf,2014-11-01,2014,nov,20% Ejecución Real (1+ 2 +3),16852780.95
044_104000_EjecuciC3B3n mensual del presupuesto del FE.pdf,2014-12-01,2014,dic,20% Ejecución Real (1+ 2 +3),475661907.4
044_104000_EjecuciC3B3n mensual del presupuesto del FE.pdf,2014-01-01,2014,ene,Planes (97%) - (1) = (2),20283494.08
044_104000_EjecuciC3B3n mensual del presupuesto del FE.pdf,2014-02-01,2014,feb,Planes (97%) - (1) = (2),95135809.88
044_104000_EjecuciC3B3n mensual del presupuesto del FE.pdf,2014-03-01,2014,mar,Planes (97%) - (1) = (2),24022484.8
044_104000_EjecuciC3B3n mensual del presupuesto del FE.pdf,2014-04-01,2014,abr,Planes (97%) - (1) = (2),630507.15
044_104000_EjecuciC3B3n mensual del presupuesto del FE.pdf,2014-05-01,2014,may,Planes (97%) - (1) = (2),239054338.53
044_104000_EjecuciC3B3n mensual del presupuesto del FE.pdf,2014-06-01,2014,jun,Planes (97%) - (1) = (2),96542119.54
044_104000_EjecuciC3B3n mensual del presupuesto del FE.pdf,2014-07-01,2014,jul,Planes (97%) - (1) = (2),7354778.24
044_104000_EjecuciC3B3n mensual del presupuesto del FE.pdf,2014-08-01,2014,ago,Planes (97%) - (1) = (2),164279331.24
044_104000_EjecuciC3B3n mensual del presupuesto del FE.pdf,2014-09-01,2014,sep,Planes (97%) - (1) = (2),349509611.58
044_104000_EjecuciC3B3n mensual del presupuesto del FE.pdf,2014-10-01,2014,oct,Planes (97%) - (1) = (2),225769287.12
044_104000_EjecuciC3B3n mensual del presupuesto del FE.pdf,2014-11-01,2014,nov,Planes (97%) - (1) = (2),16586201.54
044_104000_EjecuciC3B3n mensual del presupuesto del FE.pdf,2014-12-01,2014,dic,Planes (97%) - (1) = (2),475180664.31
044_104000_EjecuciC3B3n mensual del presupuesto del FE.pdf,2014-01-01,2014,ene,Sueldos FET (por Convenio) (1),215800.14
044_104000_EjecuciC3B3n mensual del presupuesto del FE.pdf,2014-02-01,2014,feb,Sueldos FET (por Convenio) (1),215800.14
044_104000_EjecuciC3B3n mensual del presupuesto del FE.pdf,2014-03-01,2014,mar,Sueldos FET (por Convenio) (1),215800.14
044_104000_EjecuciC3B3n mensual del presupuesto del FE.pdf,2014-04-01,2014,abr,Sueldos FET (por Convenio) (1),216371.16
044_104000_EjecuciC3B3n mensual del presupuesto del FE.pdf,2014-05-01,2014,may,Sueldos FET (por Convenio) (1),217699.9
044_104000_EjecuciC3B3n mensual del presupuesto del FE.pdf,2014-06-01,2014,jun,Sueldos FET (por Convenio) (1),293658.94
044_104000_EjecuciC3B3n mensual del presupuesto del FE.pdf,2014-07-01,2014,jul,Sueldos FET (por Convenio) (1),240690.33
044_104000_EjecuciC3B3n mensual del presupuesto del FE.pdf,2014-08-01,2014,ago,Sueldos FET (por Convenio) (1),265903.66
044_104000_EjecuciC3B3n mensual del presupuesto del FE.pdf,2014-09-01,2014,sep,Sueldos FET (por Convenio) (1),265938.1
044_104000_EjecuciC3B3n mensual del presupuesto del FE.pdf,2014-10-01,2014,oct,Sueldos FET (por Convenio) (1),265964.74
044_104000_EjecuciC3B3n mensual del presupuesto del FE.pdf,2014-11-01,2014,nov,Sueldos FET (por Convenio) (1),266579.41
044_104000_EjecuciC3B3n mensual del presupuesto del FE.pdf,2014-12-01,2014,dic,Sueldos FET (por Convenio) (1),481243.09
044_104000_EjecuciC3B3n mensual del presupuesto del FE.pdf,2014-01-01,2014,ene,IICA (3%) (3),0.0
044_104000_EjecuciC3B3n mensual del presupuesto del FE.pdf,2014-02-01,2014,feb,IICA (3%) (3),0.0
044_104000_EjecuciC3B3n mensual del presupuesto del FE.pdf,2014-03-01,2014,mar,IICA (3%) (3),0.0
044_104000_EjecuciC3B3n mensual del presupuesto del FE.pdf,2014-04-01,2014,abr,IICA (3%) (3),0.0
044_104000_EjecuciC3B3n mensual del presupuesto del FE.pdf,2014-05-01,2014,may,IICA (3%) (3),0.0
044_104000_EjecuciC3B3n mensual del presupuesto del FE.pdf,2014-06-01,2014,jun,IICA (3%) (3),0.0
044_104000_EjecuciC3B3n mensual del presupuesto del FE.pdf,2014-07-01,2014,jul,IICA (3%) (3),0.0
044_104000_EjecuciC3B3n mensual del presupuesto del FE.pdf,2014-08-01,2014,ago,IICA (3%) (3),0.0
044_104000_EjecuciC3B3n mensual del presupuesto del FE.pdf,2014-09-01,2014,sep,IICA (3%) (3),0.0
044_104000_EjecuciC3B3n mensual del presupuesto del FE.pdf,2014-10-01,2014,oct,IICA (3%) (3),0.0
044_104000_EjecuciC3B3n mensual del presupuesto del FE.pdf,2014-11-01,2014,nov,IICA (3%) (3),0.0
044_104000_EjecuciC3B3n mensual del presupuesto del FE.pdf,2014-12-01,2014,dic,IICA (3%) (3),0.0
044_104000_EjecuciC3B3n mensual del presupuesto del FE.pdf,2014-01-01,2014,ene,Remanente 2013,19172187.2
044_104000_EjecuciC3B3n mensual del presupuesto del FE.pdf,2014-02-01,2014,feb,Remanente 2013,30756712.77
044_104000_EjecuciC3B3n mensual del presupuesto del FE.pdf,2014-03-01,2014,mar,Remanente 2013,2800559.0
044_104000_EjecuciC3B3n mensual del presupuesto del FE.pdf,2014-04-01,2014,abr,Remanente 2013,630507.15
044_104000_EjecuciC3B3n mensual del presupuesto del FE.pdf,2014-05-01,2014,may,Remanente 2013,135683534.18
044_104000_EjecuciC3B3n mensual del presupuesto del FE.pdf,2014-06-01,2014,jun,Remanente 2013,9177275.34
044_104000_EjecuciC3B3n mensual del presupuesto del FE.pdf,2014-07-01,2014,jul,Remanente 2013,0.0
044_104000_EjecuciC3B3n mensual del presupuesto del FE.pdf,2014-08-01,2014,ago,Remanente 2013,22212017.38
044_104000_EjecuciC3B3n mensual del presupuesto del FE.pdf,2014-09-01,2014,sep,Remanente 2013,18890265.02
044_104000_EjecuciC3B3n mensual del presupuesto del FE.pdf,2014-10-01,2014,oct,Remanente 2013,865502.25
044_104000_EjecuciC3B3n mensual del presupuesto del FE.pdf,2014-11-01,2014,nov,Remanente 2013,0.0
044_104000_EjecuciC3B3n mensual del presupuesto del FE.pdf,2014-12-01,2014,dic,Remanente 2013,0.0
045_Ejecución mensual del presupuesto del FET - Ejerci.pdf,2013-01-01,2013,ene,Recaudación (*),156426742.84
045_Ejecución mensual del presupuesto del FET - Ejerci.pdf,2013-02-01,2013,feb,Recaudación (*),150074930.35
045_Ejecución mensual del presupuesto del FET - Ejerci.pdf,2013-03-01,2013,mar,Recaudación (*),140562432.24
045_Ejecución mensual del presupuesto del FET - Ejerci.pdf,2013-04-01,2013,abr,Recaudación (*),158911670.74
045_Ejecución mensual del presupuesto del FET - Ejerci.pdf,2013-05-01,2013,may,Recaudación (*),141304488.97
045_Ejecución mensual del presupuesto del FET - Ejerci.pdf,2013-06-01,2013,jun,Recaudación (*),145316145.0
045_Ejecución mensual del presupuesto del FET - Ejerci.pdf,2013-07-01,2013,jul,Recaudación (*),141069629.57
045_Ejecución mensual del presupuesto del FET - Ejerci.pdf,2013-08-01,2013,ago,Recaudación (*),149714989.13
045_Ejecución mensual del presupuesto del FET - Ejerci.pdf,2013-09-01,2013,sep,Recaudación (*),161965027.98
045_Ejecución mensual del presupuesto del FET - Ejerci.pdf,2013-10-01,2013,oct,Recaudación (*),147942992.95
045_Ejecución mensual del presupuesto del FET - Ejerci.pdf,2013-11-01,2013,nov,Recaudación (*),176626511.04
045_Ejecución mensual del presupuesto del FET - Ejerci.pdf,2013-12-01,2013,dic,Recaudación (*),170313043.17
045_Ejecución mensual del presupuesto del FET - Ejerci.pdf,2013-01-01,2013,ene,Recaudación Provincias,151322270.09
045_Ejecución mensual del presupuesto del FET - Ejerci.pdf,2013-02-01,2013,feb,Recaudación Provincias,145247426.32
045_Ejecución mensual del presupuesto del FET - Ejerci.pdf,2013-03-01,2013,mar,Recaudación Provincias,136021669.22
045_Ejecución mensual del presupuesto del FET - Ejerci.pdf,2013-04-01,2013,abr,Recaudación Provincias,153779763.53
045_Ejecución mensual del presupuesto del FET - Ejerci.pdf,2013-05-01,2013,may,Recaudación Provincias,136730209.57
045_Ejecución mensual del presupuesto del FET - Ejerci.pdf,2013-06-01,2013,jun,Recaudación Provincias,140542841.88
045_Ejecución mensual del presupuesto del FET - Ejerci.pdf,2013-07-01,2013,jul,Recaudación Provincias,136436409.83
045_Ejecución mensual del presupuesto del FET - Ejerci.pdf,2013-08-01,2013,ago,Recaudación Provincias,144946473.75
045_Ejecución mensual del presupuesto del FET - Ejerci.pdf,2013-09-01,2013,sep,Recaudación Provincias,156810835.83
045_Ejecución mensual del presupuesto del FET - Ejerci.pdf,2013-10-01,2013,oct,Recaudación Provincias,143180008.18
045_Ejecución mensual del presupuesto del FET - Ejerci.pdf,2013-11-01,2013,nov,Recaudación Provincias,170827408.73
045_Ejecución mensual del presupuesto del FET - Ejerci.pdf,2013-12-01,2013,dic,Recaudación Provincias,164721235.48
045_Ejecución mensual del presupuesto del FET - Ejerci.pdf,2013-01-01,2013,ene,Obra Social,5104472.75
045_Ejecución mensual del presupuesto del FET - Ejerci.pdf,2013-02-01,2013,feb,Obra Social,4827504.04
045_Ejecución mensual del presupuesto del FET - Ejerci.pdf,2013-03-01,2013,mar,Obra Social,4540763.02
045_Ejecución mensual del presupuesto del FET - Ejerci.pdf,2013-04-01,2013,abr,Obra Social,5131907.21
045_Ejecución mensual del presupuesto del FET - Ejerci.pdf,2013-05-01,2013,may,Obra Social,4574279.4
045_Ejecución mensual del presupuesto del FET - Ejerci.pdf,2013-06-01,2013,jun,Obra Social,4773303.11
045_Ejecución mensual del presupuesto del FET - Ejerci.pdf,2013-07-01,2013,jul,Obra Social,4633219.74
045_Ejecución mensual del presupuesto del FET - Ejerci.pdf,2013-08-01,2013,ago,Obra Social,4768515.38
045_Ejecución mensual del presupuesto del FET - Ejerci.pdf,2013-09-01,2013,sep,Obra Social,5154192.15
045_Ejecución mensual del presupuesto del FET - Ejerci.pdf,2013-10-01,2013,oct,Obra Social,4762984.77
045_Ejecución mensual del presupuesto del FET - Ejerci.pdf,2013-11-01,2013,nov,Obra Social,5799102.31
045_Ejecución mensual del presupuesto del FET - Ejerci.pdf,2013-12-01,2013,dic,Obra Social,5591807.7
045_Ejecución mensual del presupuesto del FET - Ejerci.pdf,2013-01-01,2013,ene,80% Ejecución Real,60000000.0
045_Ejecución mensual del presupuesto del FET - Ejerci.pdf,2013-02-01,2013,feb,80% Ejecución Real,5000000.0
045_Ejecución mensual del presupuesto del FET - Ejerci.pdf,2013-03-01,2013,mar,80% Ejecución Real,0.0
045_Ejecución mensual del presupuesto del FET - Ejerci.pdf,2013-04-01,2013,abr,80% Ejecución Real,69968732.0
045_Ejecución mensual del presupuesto del FET - Ejerci.pdf,2013-05-01,2013,may,80% Ejecución Real,150913000.0
045_Ejecución mensual del presupuesto del FET - Ejerci.pdf,2013-06-01,2013,jun,80% Ejecución Real,32926965.73
045_Ejecución mensual del presupuesto del FET - Ejerci.pdf,2013-07-01,2013,jul,80% Ejecución Real,28067000.0
045_Ejecución mensual del presupuesto del FET - Ejerci.pdf,2013-08-01,2013,ago,80% Ejecución Real,22082991.08
045_Ejecución mensual del presupuesto del FET - Ejerci.pdf,2013-09-01,2013,sep,80% Ejecución Real,457000.0
045_Ejecución mensual del presupuesto del FET - Ejerci.pdf,2013-10-01,2013,oct,80% Ejecución Real,563842.45
045_Ejecución mensual del presupuesto del FET - Ejerci.pdf,2013-11-01,2013,nov,80% Ejecución Real,9984437.39
045_Ejecución mensual del presupuesto del FET - Ejerci.pdf,2013-12-01,2013,dic,80% Ejecución Real,16688389.96
045_Ejecución mensual del presupuesto del FET - Ejerci.pdf,2013-01-01,2013,ene,Precio (1) (**),60000000.0
045_Ejecución mensual del presupuesto del FET - Ejerci.pdf,2013-02-01,2013,feb,Precio (1) (**),5000000.0
045_Ejecución mensual del presupuesto del FET - Ejerci.pdf,2013-03-01,2013,mar,Precio (1) (**),0.0
045_Ejecución mensual del presupuesto del FET - Ejerci.pdf,2013-04-01,2013,abr,Precio (1) (**),69968732.0
045_Ejecución mensual del presupuesto del FET - Ejerci.pdf,2013-05-01,2013,may,Precio (1) (**),150913000.0
045_Ejecución mensual del presupuesto del FET - Ejerci.pdf,2013-06-01,2013,jun,Precio (1) (**),32926965.73
045_Ejecución mensual del presupuesto del FET - Ejerci.pdf,2013-07-01,2013,jul,Precio (1) (**),28067000.0
045_Ejecución mensual del presupuesto del FET - Ejerci.pdf,2013-08-01,2013,ago,Precio (1) (**),22082991.08
045_Ejecución mensual del presupuesto del FET - Ejerci.pdf,2013-09-01,2013,sep,Precio (1) (**),457000.0
045_Ejecución mensual del presupuesto del FET - Ejerci.pdf,2013-10-01,2013,oct,Precio (1) (**),563842.45
045_Ejecución mensual del presupuesto del FET - Ejerci.pdf,2013-11-01,2013,nov,Precio (1) (**),9984437.39
045_Ejecución mensual del presupuesto del FET - Ejerci.pdf,2013-12-01,2013,dic,Precio (1) (**),16688389.96
045_Ejecución mensual del presupuesto del FET - Ejerci.pdf,2013-01-01,2013,ene,Planes (97%) - (2) = (3),35416588.38
045_Ejecución mensual del presupuesto del FET - Ejerci.pdf,2013-02-01,2013,feb,Planes (97%) - (2) = (3),149845261.57
045_Ejecución mensual del presupuesto del FET - Ejerci.pdf,2013-03-01,2013,mar,Planes (97%) - (2) = (3),132857338.14
045_Ejecución mensual del presupuesto del FET - Ejerci.pdf,2013-04-01,2013,abr,Planes (97%) - (2) = (3),36542211.5
045_Ejecución mensual del presupuesto del FET - Ejerci.pdf,2013-05-01,2013,may,Planes (97%) - (2) = (3),113214044.06
045_Ejecución mensual del presupuesto del FET - Ejerci.pdf,2013-06-01,2013,jun,Planes (97%) - (2) = (3),76707026.77
045_Ejecución mensual del presupuesto del FET - Ejerci.pdf,2013-07-01,2013,jul,Planes (97%) - (2) = (3),121899426.99
045_Ejecución mensual del presupuesto del FET - Ejerci.pdf,2013-08-01,2013,ago,Planes (97%) - (2) = (3),109752579.1
045_Ejecución mensual del presupuesto del FET - Ejerci.pdf,2013-09-01,2013,sep,Planes (97%) - (2) = (3),83213393.18
045_Ejecución mensual del presupuesto del FET - Ejerci.pdf,2013-10-01,2013,oct,Planes (97%) - (2) = (3),336700019.25
045_Ejecución mensual del presupuesto del FET - Ejerci.pdf,2013-11-01,2013,nov,Planes (97%) - (2) = (3),57072990.45
045_Ejecución mensual del presupuesto del FET - Ejerci.pdf,2013-12-01,2013,dic,Planes (97%) - (2) = (3),284665998.44
045_Ejecución mensual del presupuesto del FET - Ejerci.pdf,2013-01-01,2013,ene,IICA (3%) (4),0.0
045_Ejecución mensual del presupuesto del FET - Ejerci.pdf,2013-02-01,2013,feb,IICA (3%) (4),0.0
045_Ejecución mensual del presupuesto del FET - Ejerci.pdf,2013-03-01,2013,mar,IICA (3%) (4),0.0
045_Ejecución mensual del presupuesto del FET - Ejerci.pdf,2013-04-01,2013,abr,IICA (3%) (4),0.0
045_Ejecución mensual del presupuesto del FET - Ejerci.pdf,2013-05-01,2013,may,IICA (3%) (4),0.0
045_Ejecución mensual del presupuesto del FET - Ejerci.pdf,2013-06-01,2013,jun,IICA (3%) (4),0.0
045_Ejecución mensual del presupuesto del FET - Ejerci.pdf,2013-07-01,2013,jul,IICA (3%) (4),0.0
045_Ejecución mensual del presupuesto del FET - Ejerci.pdf,2013-08-01,2013,ago,IICA (3%) (4),0.0
045_Ejecución mensual del presupuesto del FET - Ejerci.pdf,2013-09-01,2013,sep,IICA (3%) (4),0.0
045_Ejecución mensual del presupuesto del FET - Ejerci.pdf,2013-10-01,2013,oct,IICA (3%) (4),0.0
045_Ejecución mensual del presupuesto del FET - Ejerci.pdf,2013-11-01,2013,nov,IICA (3%) (4),0.0
045_Ejecución mensual del presupuesto del FET - Ejerci.pdf,2013-12-01,2013,dic,IICA (3%) (4),0.0
045_Ejecución mensual del presupuesto del FET - Ejerci.pdf,2013-01-01,2013,ene,Remanente 2012,35381475.58
045_Ejecución mensual del presupuesto del FET - Ejerci.pdf,2013-02-01,2013,feb,Remanente 2012,149845261.57
045_Ejecución mensual del presupuesto del FET - Ejerci.pdf,2013-03-01,2013,mar,Remanente 2012,77458705.47
045_Ejecución mensual del presupuesto del FET - Ejerci.pdf,2013-04-01,2013,abr,Remanente 2012,2431956.96
045_Ejecución mensual del presupuesto del FET - Ejerci.pdf,2013-05-01,2013,may,Remanente 2012,71602819.67
045_Ejecución mensual del presupuesto del FET - Ejerci.pdf,2013-06-01,2013,jun,Remanente 2012,11128347.23
045_Ejecución mensual del presupuesto del FET - Ejerci.pdf,2013-07-01,2013,jul,Remanente 2012,40671718.0
045_Ejecución mensual del presupuesto del FET - Ejerci.pdf,2013-08-01,2013,ago,Remanente 2012,20130462.55
045_Ejecución mensual del presupuesto del FET - Ejerci.pdf,2013-09-01,2013,sep,Remanente 2012,0.0
045_Ejecución mensual del presupuesto del FET - Ejerci.pdf,2013-10-01,2013,oct,Remanente 2012,0.0
045_Ejecución mensual del presupuesto del FET - Ejerci.pdf,2013-11-01,2013,nov,Remanente 2012,0.0
045_Ejecución mensual del presupuesto del FET - Ejerci.pdf,2013-12-01,2013,dic,Remanente 2012,0.0
045_Ejecución mensual del presupuesto del FET - Ejerci.pdf,2013-01-01,2013,ene,Obras Social Ejecución Real -,5104472.75
045_Ejecución mensual del presupuesto del FET - Ejerci.pdf,2013-02-01,2013,feb,Obras Social Ejecución Real -,4827555.21
045_Ejecución mensual del presupuesto del FET - Ejerci.pdf,2013-03-01,2013,mar,Obras Social Ejecución Real -,4540763.02
045_Ejecución mensual del presupuesto del FET - Ejerci.pdf,2013-04-01,2013,abr,Obras Social Ejecución Real -,5131905.79
045_Ejecución mensual del presupuesto del FET - Ejerci.pdf,2013-05-01,2013,may,Obras Social Ejecución Real -,4574280.81
045_Ejecución mensual del presupuesto del FET - Ejerci.pdf,2013-06-01,2013,jun,Obras Social Ejecución Real -,4773303.12
045_Ejecución mensual del presupuesto del FET - Ejerci.pdf,2013-07-01,2013,jul,Obras Social Ejecución Real -,4633217.47
045_Ejecución mensual del presupuesto del FET - Ejerci.pdf,2013-08-01,2013,ago,Obras Social Ejecución Real -,4768517.65
045_Ejecución mensual del presupuesto del FET - Ejerci.pdf,2013-09-01,2013,sep,Obras Social Ejecución Real -,2113218.78
045_Ejecución mensual del presupuesto del FET - Ejerci.pdf,2013-10-01,2013,oct,Obras Social Ejecución Real -,11225428.49
045_Ejecución mensual del presupuesto del FET - Ejerci.pdf,2013-11-01,2013,nov,Obras Social Ejecución Real -,7969439.65
045_Ejecución mensual del presupuesto del FET - Ejerci.pdf,2013-12-01,2013,dic,Obras Social Ejecución Real -,59662102.74
045_Ejecución mensual del presupuesto del FET - Ejerci.pdf,2013-01-01,2013,ene,Precio FET - Ejecución Real en Dólares,12124617.98
045_Ejecución mensual del presupuesto del FET - Ejerci.pdf,2013-02-01,2013,feb,Precio FET - Ejecución Real en Dólares,997784.92
045_Ejecución mensual del presupuesto del FET - Ejerci.pdf,2013-03-01,2013,mar,Precio FET - Ejecución Real en Dólares,13571667.54
045_Ejecución mensual del presupuesto del FET - Ejerci.pdf,2013-04-01,2013,abr,Precio FET - Ejecución Real en Dólares,28800740.47
045_Ejecución mensual del presupuesto del FET - Ejerci.pdf,2013-05-01,2013,may,Precio FET - Ejecución Real en Dólares,6178594.49
045_Ejecución mensual del presupuesto del FET - Ejerci.pdf,2013-06-01,2013,jun,Precio FET - Ejecución Real en Dólares,5158543.12
045_Ejecución mensual del presupuesto del FET - Ejerci.pdf,2013-07-01,2013,jul,Precio FET - Ejecución Real en Dólares,3956556.23
045_Ejecución mensual del presupuesto del FET - Ejerci.pdf,2013-08-01,2013,ago,Precio FET - Ejecución Real en Dólares,79656.64
045_Ejecución mensual del presupuesto del FET - Ejerci.pdf,2013-09-01,2013,sep,Precio FET - Ejecución Real en Dólares,96412.99
045_Ejecución mensual del presupuesto del FET - Ejerci.pdf,2013-10-01,2013,oct,Precio FET - Ejecución Real en Dólares,1659940.52
045_Ejecución mensual del presupuesto del FET - Ejerci.pdf,2013-11-01,2013,nov,Precio FET - Ejecución Real en Dólares,2396777.11
045_Ejecución mensual del presupuesto del FET - Ejerci.pdf,2013-12-01,2013,dic,Precio FET - Ejecución Real en Dólares,75021292.0
046_103000_EjecuciC3B3n mensual del presupuesto del FE.pdf,2013-01-01,2013,ene,Recaudación (*),156426742.84
046_103000_EjecuciC3B3n mensual del presupuesto del FE.pdf,2013-02-01,2013,feb,Recaudación (*),150074930.35
046_103000_EjecuciC3B3n mensual del presupuesto del FE.pdf,2013-03-01,2013,mar,Recaudación (*),140562432.24
046_103000_EjecuciC3B3n mensual del presupuesto del FE.pdf,2013-04-01,2013,abr,Recaudación (*),158911670.74
046_103000_EjecuciC3B3n mensual del presupuesto del FE.pdf,2013-05-01,2013,may,Recaudación (*),141304488.97
046_103000_EjecuciC3B3n mensual del presupuesto del FE.pdf,2013-06-01,2013,jun,Recaudación (*),145316145.0
046_103000_EjecuciC3B3n mensual del presupuesto del FE.pdf,2013-07-01,2013,jul,Recaudación (*),141069629.57
046_103000_EjecuciC3B3n mensual del presupuesto del FE.pdf,2013-08-01,2013,ago,Recaudación (*),149714989.13
046_103000_EjecuciC3B3n mensual del presupuesto del FE.pdf,2013-09-01,2013,sep,Recaudación (*),161965027.98
046_103000_EjecuciC3B3n mensual del presupuesto del FE.pdf,2013-10-01,2013,oct,Recaudación (*),147942992.95
046_103000_EjecuciC3B3n mensual del presupuesto del FE.pdf,2013-11-01,2013,nov,Recaudación (*),176626511.04
046_103000_EjecuciC3B3n mensual del presupuesto del FE.pdf,2013-12-01,2013,dic,Recaudación (*),170313043.17
046_103000_EjecuciC3B3n mensual del presupuesto del FE.pdf,2013-01-01,2013,ene,Recaudación Provincias,151322270.09
046_103000_EjecuciC3B3n mensual del presupuesto del FE.pdf,2013-02-01,2013,feb,Recaudación Provincias,145247426.32
046_103000_EjecuciC3B3n mensual del presupuesto del FE.pdf,2013-03-01,2013,mar,Recaudación Provincias,136021669.22
046_103000_EjecuciC3B3n mensual del presupuesto del FE.pdf,2013-04-01,2013,abr,Recaudación Provincias,153779763.53
046_103000_EjecuciC3B3n mensual del presupuesto del FE.pdf,2013-05-01,2013,may,Recaudación Provincias,136730209.57
046_103000_EjecuciC3B3n mensual del presupuesto del FE.pdf,2013-06-01,2013,jun,Recaudación Provincias,140542841.88
046_103000_EjecuciC3B3n mensual del presupuesto del FE.pdf,2013-07-01,2013,jul,Recaudación Provincias,136436409.83
046_103000_EjecuciC3B3n mensual del presupuesto del FE.pdf,2013-08-01,2013,ago,Recaudación Provincias,144946473.75
046_103000_EjecuciC3B3n mensual del presupuesto del FE.pdf,2013-09-01,2013,sep,Recaudación Provincias,156810835.83
046_103000_EjecuciC3B3n mensual del presupuesto del FE.pdf,2013-10-01,2013,oct,Recaudación Provincias,143180008.18
046_103000_EjecuciC3B3n mensual del presupuesto del FE.pdf,2013-11-01,2013,nov,Recaudación Provincias,170827408.73
046_103000_EjecuciC3B3n mensual del presupuesto del FE.pdf,2013-12-01,2013,dic,Recaudación Provincias,164721235.48
046_103000_EjecuciC3B3n mensual del presupuesto del FE.pdf,2013-01-01,2013,ene,Obra Social,5104472.75
046_103000_EjecuciC3B3n mensual del presupuesto del FE.pdf,2013-02-01,2013,feb,Obra Social,4827504.04
046_103000_EjecuciC3B3n mensual del presupuesto del FE.pdf,2013-03-01,2013,mar,Obra Social,4540763.02
046_103000_EjecuciC3B3n mensual del presupuesto del FE.pdf,2013-04-01,2013,abr,Obra Social,5131907.21
046_103000_EjecuciC3B3n mensual del presupuesto del FE.pdf,2013-05-01,2013,may,Obra Social,4574279.4
046_103000_EjecuciC3B3n mensual del presupuesto del FE.pdf,2013-06-01,2013,jun,Obra Social,4773303.11
046_103000_EjecuciC3B3n mensual del presupuesto del FE.pdf,2013-07-01,2013,jul,Obra Social,4633219.74
046_103000_EjecuciC3B3n mensual del presupuesto del FE.pdf,2013-08-01,2013,ago,Obra Social,4768515.38
046_103000_EjecuciC3B3n mensual del presupuesto del FE.pdf,2013-09-01,2013,sep,Obra Social,5154192.15
046_103000_EjecuciC3B3n mensual del presupuesto del FE.pdf,2013-10-01,2013,oct,Obra Social,4762984.77
046_103000_EjecuciC3B3n mensual del presupuesto del FE.pdf,2013-11-01,2013,nov,Obra Social,5799102.31
046_103000_EjecuciC3B3n mensual del presupuesto del FE.pdf,2013-12-01,2013,dic,Obra Social,5591807.7
046_103000_EjecuciC3B3n mensual del presupuesto del FE.pdf,2013-01-01,2013,ene,80% Ejecución Real,60000000.0
046_103000_EjecuciC3B3n mensual del presupuesto del FE.pdf,2013-02-01,2013,feb,80% Ejecución Real,5000000.0
046_103000_EjecuciC3B3n mensual del presupuesto del FE.pdf,2013-03-01,2013,mar,80% Ejecución Real,0.0
046_103000_EjecuciC3B3n mensual del presupuesto del FE.pdf,2013-04-01,2013,abr,80% Ejecución Real,69968732.0
046_103000_EjecuciC3B3n mensual del presupuesto del FE.pdf,2013-05-01,2013,may,80% Ejecución Real,150913000.0
046_103000_EjecuciC3B3n mensual del presupuesto del FE.pdf,2013-06-01,2013,jun,80% Ejecución Real,32926965.73
046_103000_EjecuciC3B3n mensual del presupuesto del FE.pdf,2013-07-01,2013,jul,80% Ejecución Real,28067000.0
046_103000_EjecuciC3B3n mensual del presupuesto del FE.pdf,2013-08-01,2013,ago,80% Ejecución Real,22082991.08
046_103000_EjecuciC3B3n mensual del presupuesto del FE.pdf,2013-09-01,2013,sep,80% Ejecución Real,457000.0
046_103000_EjecuciC3B3n mensual del presupuesto del FE.pdf,2013-10-01,2013,oct,80% Ejecución Real,563842.45
046_103000_EjecuciC3B3n mensual del presupuesto del FE.pdf,2013-11-01,2013,nov,80% Ejecución Real,9984437.39
046_103000_EjecuciC3B3n mensual del presupuesto del FE.pdf,2013-12-01,2013,dic,80% Ejecución Real,16688389.96
046_103000_EjecuciC3B3n mensual del presupuesto del FE.pdf,2013-01-01,2013,ene,Precio (1) (**),60000000.0
046_103000_EjecuciC3B3n mensual del presupuesto del FE.pdf,2013-02-01,2013,feb,Precio (1) (**),5000000.0
046_103000_EjecuciC3B3n mensual del presupuesto del FE.pdf,2013-03-01,2013,mar,Precio (1) (**),0.0
046_103000_EjecuciC3B3n mensual del presupuesto del FE.pdf,2013-04-01,2013,abr,Precio (1) (**),69968732.0
046_103000_EjecuciC3B3n mensual del presupuesto del FE.pdf,2013-05-01,2013,may,Precio (1) (**),150913000.0
046_103000_EjecuciC3B3n mensual del presupuesto del FE.pdf,2013-06-01,2013,jun,Precio (1) (**),32926965.73
046_103000_EjecuciC3B3n mensual del presupuesto del FE.pdf,2013-07-01,2013,jul,Precio (1) (**),28067000.0
046_103000_EjecuciC3B3n mensual del presupuesto del FE.pdf,2013-08-01,2013,ago,Precio (1) (**),22082991.08
046_103000_EjecuciC3B3n mensual del presupuesto del FE.pdf,2013-09-01,2013,sep,Precio (1) (**),457000.0
046_103000_EjecuciC3B3n mensual del presupuesto del FE.pdf,2013-10-01,2013,oct,Precio (1) (**),563842.45
046_103000_EjecuciC3B3n mensual del presupuesto del FE.pdf,2013-11-01,2013,nov,Precio (1) (**),9984437.39
046_103000_EjecuciC3B3n mensual del presupuesto del FE.pdf,2013-12-01,2013,dic,Precio (1) (**),16688389.96
046_103000_EjecuciC3B3n mensual del presupuesto del FE.pdf,2013-01-01,2013,ene,Planes (97%) - (2) = (3),35416588.38
046_103000_EjecuciC3B3n mensual del presupuesto del FE.pdf,2013-02-01,2013,feb,Planes (97%) - (2) = (3),149845261.57
046_103000_EjecuciC3B3n mensual del presupuesto del FE.pdf,2013-03-01,2013,mar,Planes (97%) - (2) = (3),132857338.14
046_103000_EjecuciC3B3n mensual del presupuesto del FE.pdf,2013-04-01,2013,abr,Planes (97%) - (2) = (3),36542211.5
046_103000_EjecuciC3B3n mensual del presupuesto del FE.pdf,2013-05-01,2013,may,Planes (97%) - (2) = (3),113214044.06
046_103000_EjecuciC3B3n mensual del presupuesto del FE.pdf,2013-06-01,2013,jun,Planes (97%) - (2) = (3),76707026.77
046_103000_EjecuciC3B3n mensual del presupuesto del FE.pdf,2013-07-01,2013,jul,Planes (97%) - (2) = (3),121899426.99
046_103000_EjecuciC3B3n mensual del presupuesto del FE.pdf,2013-08-01,2013,ago,Planes (97%) - (2) = (3),109752579.1
046_103000_EjecuciC3B3n mensual del presupuesto del FE.pdf,2013-09-01,2013,sep,Planes (97%) - (2) = (3),83213393.18
046_103000_EjecuciC3B3n mensual del presupuesto del FE.pdf,2013-10-01,2013,oct,Planes (97%) - (2) = (3),336700019.25
046_103000_EjecuciC3B3n mensual del presupuesto del FE.pdf,2013-11-01,2013,nov,Planes (97%) - (2) = (3),57072990.45
046_103000_EjecuciC3B3n mensual del presupuesto del FE.pdf,2013-12-01,2013,dic,Planes (97%) - (2) = (3),284665998.44
046_103000_EjecuciC3B3n mensual del presupuesto del FE.pdf,2013-01-01,2013,ene,IICA (3%) (4),0.0
046_103000_EjecuciC3B3n mensual del presupuesto del FE.pdf,2013-02-01,2013,feb,IICA (3%) (4),0.0
046_103000_EjecuciC3B3n mensual del presupuesto del FE.pdf,2013-03-01,2013,mar,IICA (3%) (4),0.0
046_103000_EjecuciC3B3n mensual del presupuesto del FE.pdf,2013-04-01,2013,abr,IICA (3%) (4),0.0
046_103000_EjecuciC3B3n mensual del presupuesto del FE.pdf,2013-05-01,2013,may,IICA (3%) (4),0.0
046_103000_EjecuciC3B3n mensual del presupuesto del FE.pdf,2013-06-01,2013,jun,IICA (3%) (4),0.0
046_103000_EjecuciC3B3n mensual del presupuesto del FE.pdf,2013-07-01,2013,jul,IICA (3%) (4),0.0
046_103000_EjecuciC3B3n mensual del presupuesto del FE.pdf,2013-08-01,2013,ago,IICA (3%) (4),0.0
046_103000_EjecuciC3B3n mensual del presupuesto del FE.pdf,2013-09-01,2013,sep,IICA (3%) (4),0.0
046_103000_EjecuciC3B3n mensual del presupuesto del FE.pdf,2013-10-01,2013,oct,IICA (3%) (4),0.0
046_103000_EjecuciC3B3n mensual del presupuesto del FE.pdf,2013-11-01,2013,nov,IICA (3%) (4),0.0
046_103000_EjecuciC3B3n mensual del presupuesto del FE.pdf,2013-12-01,2013,dic,IICA (3%) (4),0.0
046_103000_EjecuciC3B3n mensual del presupuesto del FE.pdf,2013-01-01,2013,ene,Remanente 2012,35381475.58
046_103000_EjecuciC3B3n mensual del presupuesto del FE.pdf,2013-02-01,2013,feb,Remanente 2012,149845261.57
046_103000_EjecuciC3B3n mensual del presupuesto del FE.pdf,2013-03-01,2013,mar,Remanente 2012,77458705.47
046_103000_EjecuciC3B3n mensual del presupuesto del FE.pdf,2013-04-01,2013,abr,Remanente 2012,2431956.96
046_103000_EjecuciC3B3n mensual del presupuesto del FE.pdf,2013-05-01,2013,may,Remanente 2012,71602819.67
046_103000_EjecuciC3B3n mensual del presupuesto del FE.pdf,2013-06-01,2013,jun,Remanente 2012,11128347.23
046_103000_EjecuciC3B3n mensual del presupuesto del FE.pdf,2013-07-01,2013,jul,Remanente 2012,40671718.0
046_103000_EjecuciC3B3n mensual del presupuesto del FE.pdf,2013-08-01,2013,ago,Remanente 2012,20130462.55
046_103000_EjecuciC3B3n mensual del presupuesto del FE.pdf,2013-09-01,2013,sep,Remanente 2012,0.0
046_103000_EjecuciC3B3n mensual del presupuesto del FE.pdf,2013-10-01,2013,oct,Remanente 2012,0.0
046_103000_EjecuciC3B3n mensual del presupuesto del FE.pdf,2013-11-01,2013,nov,Remanente 2012,0.0
046_103000_EjecuciC3B3n mensual del presupuesto del FE.pdf,2013-12-01,2013,dic,Remanente 2012,0.0
046_103000_EjecuciC3B3n mensual del presupuesto del FE.pdf,2013-01-01,2013,ene,Obras Social Ejecución Real -,5104472.75
046_103000_EjecuciC3B3n mensual del presupuesto del FE.pdf,2013-02-01,2013,feb,Obras Social Ejecución Real -,4827555.21
046_103000_EjecuciC3B3n mensual del presupuesto del FE.pdf,2013-03-01,2013,mar,Obras Social Ejecución Real -,4540763.02
046_103000_EjecuciC3B3n mensual del presupuesto del FE.pdf,2013-04-01,2013,abr,Obras Social Ejecución Real -,5131905.79
046_103000_EjecuciC3B3n mensual del presupuesto del FE.pdf,2013-05-01,2013,may,Obras Social Ejecución Real -,4574280.81
046_103000_EjecuciC3B3n mensual del presupuesto del FE.pdf,2013-06-01,2013,jun,Obras Social Ejecución Real -,4773303.12
046_103000_EjecuciC3B3n mensual del presupuesto del FE.pdf,2013-07-01,2013,jul,Obras Social Ejecución Real -,4633217.47
046_103000_EjecuciC3B3n mensual del presupuesto del FE.pdf,2013-08-01,2013,ago,Obras Social Ejecución Real -,4768517.65
046_103000_EjecuciC3B3n mensual del presupuesto del FE.pdf,2013-09-01,2013,sep,Obras Social Ejecución Real -,2113218.78
046_103000_EjecuciC3B3n mensual del presupuesto del FE.pdf,2013-10-01,2013,oct,Obras Social Ejecución Real -,11225428.49
046_103000_EjecuciC3B3n mensual del presupuesto del FE.pdf,2013-11-01,2013,nov,Obras Social Ejecución Real -,7969439.65
046_103000_EjecuciC3B3n mensual del presupuesto del FE.pdf,2013-12-01,2013,dic,Obras Social Ejecución Real -,59662102.74
046_103000_EjecuciC3B3n mensual del presupuesto del FE.pdf,2013-01-01,2013,ene,Precio FET - Ejecución Real en Dólares,12124617.98
046_103000_EjecuciC3B3n mensual del presupuesto del FE.pdf,2013-02-01,2013,feb,Precio FET - Ejecución Real en Dólares,997784.92
046_103000_EjecuciC3B3n mensual del presupuesto del FE.pdf,2013-03-01,2013,mar,Precio FET - Ejecución Real en Dólares,13571667.54
046_103000_EjecuciC3B3n mensual del presupuesto del FE.pdf,2013-04-01,2013,abr,Precio FET - Ejecución Real en Dólares,28800740.47
046_103000_EjecuciC3B3n mensual del presupuesto del FE.pdf,2013-05-01,2013,may,Precio FET - Ejecución Real en Dólares,6178594.49
046_103000_EjecuciC3B3n mensual del presupuesto del FE.pdf,2013-06-01,2013,jun,Precio FET - Ejecución Real en Dólares,5158543.12
046_103000_EjecuciC3B3n mensual del presupuesto del FE.pdf,2013-07-01,2013,jul,Precio FET - Ejecución Real en Dólares,3956556.23
046_103000_EjecuciC3B3n mensual del presupuesto del FE.pdf,2013-08-01,2013,ago,Precio FET - Ejecución Real en Dólares,79656.64
046_103000_EjecuciC3B3n mensual del presupuesto del FE.pdf,2013-09-01,2013,sep,Precio FET - Ejecución Real en Dólares,96412.99
046_103000_EjecuciC3B3n mensual del presupuesto del FE.pdf,2013-10-01,2013,oct,Precio FET - Ejecución Real en Dólares,1659940.52
046_103000_EjecuciC3B3n mensual del presupuesto del FE.pdf,2013-11-01,2013,nov,Precio FET - Ejecución Real en Dólares,2396777.11
046_103000_EjecuciC3B3n mensual del presupuesto del FE.pdf,2013-12-01,2013,dic,Precio FET - Ejecución Real en Dólares,75021292.0
047_Ejecución mensual del presupuesto del FET - Ejerci.pdf,2012-01-01,2012,ene,Recaudación (*),139852209.2
047_Ejecución mensual del presupuesto del FET - Ejerci.pdf,2012-02-01,2012,feb,Recaudación (*),126772991.16
047_Ejecución mensual del presupuesto del FET - Ejerci.pdf,2012-03-01,2012,mar,Recaudación (*),123885718.91
047_Ejecución mensual del presupuesto del FET - Ejerci.pdf,2012-04-01,2012,abr,Recaudación (*),139843995.81
047_Ejecución mensual del presupuesto del FET - Ejerci.pdf,2012-05-01,2012,may,Recaudación (*),119939323.98
047_Ejecución mensual del presupuesto del FET - Ejerci.pdf,2012-06-01,2012,jun,Recaudación (*),129272755.89
047_Ejecución mensual del presupuesto del FET - Ejerci.pdf,2012-07-01,2012,jul,Recaudación (*),125665935.32
047_Ejecución mensual del presupuesto del FET - Ejerci.pdf,2012-08-01,2012,ago,Recaudación (*),121281344.98
047_Ejecución mensual del presupuesto del FET - Ejerci.pdf,2012-09-01,2012,sep,Recaudación (*),137343247.93
047_Ejecución mensual del presupuesto del FET - Ejerci.pdf,2012-10-01,2012,oct,Recaudación (*),124273554.61
047_Ejecución mensual del presupuesto del FET - Ejerci.pdf,2012-11-01,2012,nov,Recaudación (*),144116488.45
047_Ejecución mensual del presupuesto del FET - Ejerci.pdf,2012-12-01,2012,dic,Recaudación (*),146371855.66
047_Ejecución mensual del presupuesto del FET - Ejerci.pdf,2012-01-01,2012,ene,Recaudación Provincias,135265340.45
047_Ejecución mensual del presupuesto del FET - Ejerci.pdf,2012-02-01,2012,feb,Recaudación Provincias,122712229.48
047_Ejecución mensual del presupuesto del FET - Ejerci.pdf,2012-03-01,2012,mar,Recaudación Provincias,119917604.69
047_Ejecución mensual del presupuesto del FET - Ejerci.pdf,2012-04-01,2012,abr,Recaudación Provincias,135288169.95
047_Ejecución mensual del presupuesto del FET - Ejerci.pdf,2012-05-01,2012,may,Recaudación Provincias,115994658.21
047_Ejecución mensual del presupuesto del FET - Ejerci.pdf,2012-06-01,2012,jun,Recaudación Provincias,125020056.29
047_Ejecución mensual del presupuesto del FET - Ejerci.pdf,2012-07-01,2012,jul,Recaudación Provincias,121532060.31
047_Ejecución mensual del presupuesto del FET - Ejerci.pdf,2012-08-01,2012,ago,Recaudación Provincias,117411407.57
047_Ejecución mensual del presupuesto del FET - Ejerci.pdf,2012-09-01,2012,sep,Recaudación Provincias,132956573.27
047_Ejecución mensual del presupuesto del FET - Ejerci.pdf,2012-10-01,2012,oct,Recaudación Provincias,120293168.52
047_Ejecución mensual del presupuesto del FET - Ejerci.pdf,2012-11-01,2012,nov,Recaudación Provincias,139425407.15
047_Ejecución mensual del presupuesto del FET - Ejerci.pdf,2012-12-01,2012,dic,Recaudación Provincias,141598436.37
047_Ejecución mensual del presupuesto del FET - Ejerci.pdf,2012-01-01,2012,ene,Obra Social,4586868.75
047_Ejecución mensual del presupuesto del FET - Ejerci.pdf,2012-02-01,2012,feb,Obra Social,4060761.68
047_Ejecución mensual del presupuesto del FET - Ejerci.pdf,2012-03-01,2012,mar,Obra Social,3968114.22
047_Ejecución mensual del presupuesto del FET - Ejerci.pdf,2012-04-01,2012,abr,Obra Social,4555825.86
047_Ejecución mensual del presupuesto del FET - Ejerci.pdf,2012-05-01,2012,may,Obra Social,3944665.77
047_Ejecución mensual del presupuesto del FET - Ejerci.pdf,2012-06-01,2012,jun,Obra Social,4252699.6
047_Ejecución mensual del presupuesto del FET - Ejerci.pdf,2012-07-01,2012,jul,Obra Social,4133875.01
047_Ejecución mensual del presupuesto del FET - Ejerci.pdf,2012-08-01,2012,ago,Obra Social,3869937.41
047_Ejecución mensual del presupuesto del FET - Ejerci.pdf,2012-09-01,2012,sep,Obra Social,4386674.65
047_Ejecución mensual del presupuesto del FET - Ejerci.pdf,2012-10-01,2012,oct,Obra Social,3980386.08
047_Ejecución mensual del presupuesto del FET - Ejerci.pdf,2012-11-01,2012,nov,Obra Social,4691081.3
047_Ejecución mensual del presupuesto del FET - Ejerci.pdf,2012-12-01,2012,dic,Obra Social,4773419.29
047_Ejecución mensual del presupuesto del FET - Ejerci.pdf,2012-01-01,2012,ene,80% Ejecución Real,0.0
047_Ejecución mensual del presupuesto del FET - Ejerci.pdf,2012-02-01,2012,feb,80% Ejecución Real,0.0
047_Ejecución mensual del presupuesto del FET - Ejerci.pdf,2012-03-01,2012,mar,80% Ejecución Real,24132974.06
047_Ejecución mensual del presupuesto del FET - Ejerci.pdf,2012-04-01,2012,abr,80% Ejecución Real,47652642.78
047_Ejecución mensual del presupuesto del FET - Ejerci.pdf,2012-05-01,2012,may,80% Ejecución Real,88903085.03
047_Ejecución mensual del presupuesto del FET - Ejerci.pdf,2012-06-01,2012,jun,80% Ejecución Real,66162967.42
047_Ejecución mensual del presupuesto del FET - Ejerci.pdf,2012-07-01,2012,jul,80% Ejecución Real,2455000.0
047_Ejecución mensual del presupuesto del FET - Ejerci.pdf,2012-08-01,2012,ago,80% Ejecución Real,60843887.94
047_Ejecución mensual del presupuesto del FET - Ejerci.pdf,2012-09-01,2012,sep,80% Ejecución Real,11222179.98
047_Ejecución mensual del presupuesto del FET - Ejerci.pdf,2012-10-01,2012,oct,80% Ejecución Real,24902822.51
047_Ejecución mensual del presupuesto del FET - Ejerci.pdf,2012-11-01,2012,nov,80% Ejecución Real,12249877.97
047_Ejecución mensual del presupuesto del FET - Ejerci.pdf,2012-12-01,2012,dic,80% Ejecución Real,0.0
047_Ejecución mensual del presupuesto del FET - Ejerci.pdf,2012-01-01,2012,ene,Precio (1) (**),0.0
047_Ejecución mensual del presupuesto del FET - Ejerci.pdf,2012-02-01,2012,feb,Precio (1) (**),0.0
047_Ejecución mensual del presupuesto del FET - Ejerci.pdf,2012-03-01,2012,mar,Precio (1) (**),24132974.06
047_Ejecución mensual del presupuesto del FET - Ejerci.pdf,2012-04-01,2012,abr,Precio (1) (**),47652642.78
047_Ejecución mensual del presupuesto del FET - Ejerci.pdf,2012-05-01,2012,may,Precio (1) (**),88903085.03
047_Ejecución mensual del presupuesto del FET - Ejerci.pdf,2012-06-01,2012,jun,Precio (1) (**),66162967.42
047_Ejecución mensual del presupuesto del FET - Ejerci.pdf,2012-07-01,2012,jul,Precio (1) (**),2455000.0
047_Ejecución mensual del presupuesto del FET - Ejerci.pdf,2012-08-01,2012,ago,Precio (1) (**),60843887.94
047_Ejecución mensual del presupuesto del FET - Ejerci.pdf,2012-09-01,2012,sep,Precio (1) (**),11222179.98
047_Ejecución mensual del presupuesto del FET - Ejerci.pdf,2012-10-01,2012,oct,Precio (1) (**),24902822.51
047_Ejecución mensual del presupuesto del FET - Ejerci.pdf,2012-11-01,2012,nov,Precio (1) (**),12249877.97
047_Ejecución mensual del presupuesto del FET - Ejerci.pdf,2012-12-01,2012,dic,Precio (1) (**),0.0
047_Ejecución mensual del presupuesto del FET - Ejerci.pdf,2012-01-01,2012,ene,Planes (97%) - (2) = (3),5738161.9
047_Ejecución mensual del presupuesto del FET - Ejerci.pdf,2012-02-01,2012,feb,Planes (97%) - (2) = (3),53264030.44
047_Ejecución mensual del presupuesto del FET - Ejerci.pdf,2012-03-01,2012,mar,Planes (97%) - (2) = (3),53459982.74
047_Ejecución mensual del presupuesto del FET - Ejerci.pdf,2012-04-01,2012,abr,Planes (97%) - (2) = (3),56513478.68
047_Ejecución mensual del presupuesto del FET - Ejerci.pdf,2012-05-01,2012,may,Planes (97%) - (2) = (3),13630886.91
047_Ejecución mensual del presupuesto del FET - Ejerci.pdf,2012-06-01,2012,jun,Planes (97%) - (2) = (3),764309.0
047_Ejecución mensual del presupuesto del FET - Ejerci.pdf,2012-07-01,2012,jul,Planes (97%) - (2) = (3),182202756.19
047_Ejecución mensual del presupuesto del FET - Ejerci.pdf,2012-08-01,2012,ago,Planes (97%) - (2) = (3),49601470.4
047_Ejecución mensual del presupuesto del FET - Ejerci.pdf,2012-09-01,2012,sep,Planes (97%) - (2) = (3),179567731.0
047_Ejecución mensual del presupuesto del FET - Ejerci.pdf,2012-10-01,2012,oct,Planes (97%) - (2) = (3),88710207.55
047_Ejecución mensual del presupuesto del FET - Ejerci.pdf,2012-11-01,2012,nov,Planes (97%) - (2) = (3),152692812.15
047_Ejecución mensual del presupuesto del FET - Ejerci.pdf,2012-12-01,2012,dic,Planes (97%) - (2) = (3),50215228.06
047_Ejecución mensual del presupuesto del FET - Ejerci.pdf,2012-01-01,2012,ene,Sueldos FET (por Convenio) (2),225112.36
047_Ejecución mensual del presupuesto del FET - Ejerci.pdf,2012-02-01,2012,feb,Sueldos FET (por Convenio) (2),217947.76
047_Ejecución mensual del presupuesto del FET - Ejerci.pdf,2012-03-01,2012,mar,Sueldos FET (por Convenio) (2),219405.76
047_Ejecución mensual del presupuesto del FET - Ejerci.pdf,2012-04-01,2012,abr,Sueldos FET (por Convenio) (2),217329.61
047_Ejecución mensual del presupuesto del FET - Ejerci.pdf,2012-05-01,2012,may,Sueldos FET (por Convenio) (2),218478.9
047_Ejecución mensual del presupuesto del FET - Ejerci.pdf,2012-06-01,2012,jun,Sueldos FET (por Convenio) (2),348794.51
047_Ejecución mensual del presupuesto del FET - Ejerci.pdf,2012-07-01,2012,jul,Sueldos FET (por Convenio) (2),224674.82
047_Ejecución mensual del presupuesto del FET - Ejerci.pdf,2012-08-01,2012,ago,Sueldos FET (por Convenio) (2),246095.03
047_Ejecución mensual del presupuesto del FET - Ejerci.pdf,2012-09-01,2012,sep,Sueldos FET (por Convenio) (2),244092.85
047_Ejecución mensual del presupuesto del FET - Ejerci.pdf,2012-10-01,2012,oct,Sueldos FET (por Convenio) (2),245353.21
047_Ejecución mensual del presupuesto del FET - Ejerci.pdf,2012-11-01,2012,nov,Sueldos FET (por Convenio) (2),246033.21
047_Ejecución mensual del presupuesto del FET - Ejerci.pdf,2012-12-01,2012,dic,Sueldos FET (por Convenio) (2),386094.56
047_Ejecución mensual del presupuesto del FET - Ejerci.pdf,2012-01-01,2012,ene,IICA (3%) (4),793097.0
047_Ejecución mensual del presupuesto del FET - Ejerci.pdf,2012-02-01,2012,feb,IICA (3%) (4),316214.0
047_Ejecución mensual del presupuesto del FET - Ejerci.pdf,2012-03-01,2012,mar,IICA (3%) (4),0.0
047_Ejecución mensual del presupuesto del FET - Ejerci.pdf,2012-04-01,2012,abr,IICA (3%) (4),0.0
047_Ejecución mensual del presupuesto del FET - Ejerci.pdf,2012-05-01,2012,may,IICA (3%) (4),0.0
047_Ejecución mensual del presupuesto del FET - Ejerci.pdf,2012-06-01,2012,jun,IICA (3%) (4),0.0
047_Ejecución mensual del presupuesto del FET - Ejerci.pdf,2012-07-01,2012,jul,IICA (3%) (4),0.0
047_Ejecución mensual del presupuesto del FET - Ejerci.pdf,2012-08-01,2012,ago,IICA (3%) (4),0.0
047_Ejecución mensual del presupuesto del FET - Ejerci.pdf,2012-09-01,2012,sep,IICA (3%) (4),0.0
047_Ejecución mensual del presupuesto del FET - Ejerci.pdf,2012-10-01,2012,oct,IICA (3%) (4),0.0
047_Ejecución mensual del presupuesto del FET - Ejerci.pdf,2012-11-01,2012,nov,IICA (3%) (4),0.0
047_Ejecución mensual del presupuesto del FET - Ejerci.pdf,2012-12-01,2012,dic,IICA (3%) (4),0.0
047_Ejecución mensual del presupuesto del FET - Ejerci.pdf,2012-01-01,2012,ene,Remanente 2011,4588161.9
047_Ejecución mensual del presupuesto del FET - Ejerci.pdf,2012-02-01,2012,feb,Remanente 2011,25913536.8
047_Ejecución mensual del presupuesto del FET - Ejerci.pdf,2012-03-01,2012,mar,Remanente 2011,5313564.28
047_Ejecución mensual del presupuesto del FET - Ejerci.pdf,2012-04-01,2012,abr,Remanente 2011,36075144.73
047_Ejecución mensual del presupuesto del FET - Ejerci.pdf,2012-05-01,2012,may,Remanente 2011,13070688.36
047_Ejecución mensual del presupuesto del FET - Ejerci.pdf,2012-06-01,2012,jun,Remanente 2011,764309.0
047_Ejecución mensual del presupuesto del FET - Ejerci.pdf,2012-07-01,2012,jul,Remanente 2011,21051589.37
047_Ejecución mensual del presupuesto del FET - Ejerci.pdf,2012-08-01,2012,ago,Remanente 2011,8186722.71
047_Ejecución mensual del presupuesto del FET - Ejerci.pdf,2012-09-01,2012,sep,Remanente 2011,3611930.01
047_Ejecución mensual del presupuesto del FET - Ejerci.pdf,2012-10-01,2012,oct,Remanente 2011,291.32
047_Ejecución mensual del presupuesto del FET - Ejerci.pdf,2012-11-01,2012,nov,Remanente 2011,0.0
047_Ejecución mensual del presupuesto del FET - Ejerci.pdf,2012-12-01,2012,dic,Remanente 2011,0.0
048_102000_EjecuciC3B3n mensual del presupuesto del FE.pdf,2012-01-01,2012,ene,Recaudación (*),139852209.2
048_102000_EjecuciC3B3n mensual del presupuesto del FE.pdf,2012-02-01,2012,feb,Recaudación (*),126772991.16
048_102000_EjecuciC3B3n mensual del presupuesto del FE.pdf,2012-03-01,2012,mar,Recaudación (*),123885718.91
048_102000_EjecuciC3B3n mensual del presupuesto del FE.pdf,2012-04-01,2012,abr,Recaudación (*),139843995.81
048_102000_EjecuciC3B3n mensual del presupuesto del FE.pdf,2012-05-01,2012,may,Recaudación (*),119939323.98
048_102000_EjecuciC3B3n mensual del presupuesto del FE.pdf,2012-06-01,2012,jun,Recaudación (*),129272755.89
048_102000_EjecuciC3B3n mensual del presupuesto del FE.pdf,2012-07-01,2012,jul,Recaudación (*),125665935.32
048_102000_EjecuciC3B3n mensual del presupuesto del FE.pdf,2012-08-01,2012,ago,Recaudación (*),121281344.98
048_102000_EjecuciC3B3n mensual del presupuesto del FE.pdf,2012-09-01,2012,sep,Recaudación (*),137343247.93
048_102000_EjecuciC3B3n mensual del presupuesto del FE.pdf,2012-10-01,2012,oct,Recaudación (*),124273554.61
048_102000_EjecuciC3B3n mensual del presupuesto del FE.pdf,2012-11-01,2012,nov,Recaudación (*),144116488.45
048_102000_EjecuciC3B3n mensual del presupuesto del FE.pdf,2012-12-01,2012,dic,Recaudación (*),146371855.66
048_102000_EjecuciC3B3n mensual del presupuesto del FE.pdf,2012-01-01,2012,ene,Recaudación Provincias,135265340.45
048_102000_EjecuciC3B3n mensual del presupuesto del FE.pdf,2012-02-01,2012,feb,Recaudación Provincias,122712229.48
048_102000_EjecuciC3B3n mensual del presupuesto del FE.pdf,2012-03-01,2012,mar,Recaudación Provincias,119917604.69
048_102000_EjecuciC3B3n mensual del presupuesto del FE.pdf,2012-04-01,2012,abr,Recaudación Provincias,135288169.95
048_102000_EjecuciC3B3n mensual del presupuesto del FE.pdf,2012-05-01,2012,may,Recaudación Provincias,115994658.21
048_102000_EjecuciC3B3n mensual del presupuesto del FE.pdf,2012-06-01,2012,jun,Recaudación Provincias,125020056.29
048_102000_EjecuciC3B3n mensual del presupuesto del FE.pdf,2012-07-01,2012,jul,Recaudación Provincias,121532060.31
048_102000_EjecuciC3B3n mensual del presupuesto del FE.pdf,2012-08-01,2012,ago,Recaudación Provincias,117411407.57
048_102000_EjecuciC3B3n mensual del presupuesto del FE.pdf,2012-09-01,2012,sep,Recaudación Provincias,132956573.27
048_102000_EjecuciC3B3n mensual del presupuesto del FE.pdf,2012-10-01,2012,oct,Recaudación Provincias,120293168.52
048_102000_EjecuciC3B3n mensual del presupuesto del FE.pdf,2012-11-01,2012,nov,Recaudación Provincias,139425407.15
048_102000_EjecuciC3B3n mensual del presupuesto del FE.pdf,2012-12-01,2012,dic,Recaudación Provincias,141598436.37
048_102000_EjecuciC3B3n mensual del presupuesto del FE.pdf,2012-01-01,2012,ene,Obra Social,4586868.75
048_102000_EjecuciC3B3n mensual del presupuesto del FE.pdf,2012-02-01,2012,feb,Obra Social,4060761.68
048_102000_EjecuciC3B3n mensual del presupuesto del FE.pdf,2012-03-01,2012,mar,Obra Social,3968114.22
048_102000_EjecuciC3B3n mensual del presupuesto del FE.pdf,2012-04-01,2012,abr,Obra Social,4555825.86
048_102000_EjecuciC3B3n mensual del presupuesto del FE.pdf,2012-05-01,2012,may,Obra Social,3944665.77
048_102000_EjecuciC3B3n mensual del presupuesto del FE.pdf,2012-06-01,2012,jun,Obra Social,4252699.6
048_102000_EjecuciC3B3n mensual del presupuesto del FE.pdf,2012-07-01,2012,jul,Obra Social,4133875.01
048_102000_EjecuciC3B3n mensual del presupuesto del FE.pdf,2012-08-01,2012,ago,Obra Social,3869937.41
048_102000_EjecuciC3B3n mensual del presupuesto del FE.pdf,2012-09-01,2012,sep,Obra Social,4386674.65
048_102000_EjecuciC3B3n mensual del presupuesto del FE.pdf,2012-10-01,2012,oct,Obra Social,3980386.08
048_102000_EjecuciC3B3n mensual del presupuesto del FE.pdf,2012-11-01,2012,nov,Obra Social,4691081.3
048_102000_EjecuciC3B3n mensual del presupuesto del FE.pdf,2012-12-01,2012,dic,Obra Social,4773419.29
048_102000_EjecuciC3B3n mensual del presupuesto del FE.pdf,2012-01-01,2012,ene,80% Ejecución Real,0.0
048_102000_EjecuciC3B3n mensual del presupuesto del FE.pdf,2012-02-01,2012,feb,80% Ejecución Real,0.0
048_102000_EjecuciC3B3n mensual del presupuesto del FE.pdf,2012-03-01,2012,mar,80% Ejecución Real,24132974.06
048_102000_EjecuciC3B3n mensual del presupuesto del FE.pdf,2012-04-01,2012,abr,80% Ejecución Real,47652642.78
048_102000_EjecuciC3B3n mensual del presupuesto del FE.pdf,2012-05-01,2012,may,80% Ejecución Real,88903085.03
048_102000_EjecuciC3B3n mensual del presupuesto del FE.pdf,2012-06-01,2012,jun,80% Ejecución Real,66162967.42
048_102000_EjecuciC3B3n mensual del presupuesto del FE.pdf,2012-07-01,2012,jul,80% Ejecución Real,2455000.0
048_102000_EjecuciC3B3n mensual del presupuesto del FE.pdf,2012-08-01,2012,ago,80% Ejecución Real,60843887.94
048_102000_EjecuciC3B3n mensual del presupuesto del FE.pdf,2012-09-01,2012,sep,80% Ejecución Real,11222179.98
048_102000_EjecuciC3B3n mensual del presupuesto del FE.pdf,2012-10-01,2012,oct,80% Ejecución Real,24902822.51
048_102000_EjecuciC3B3n mensual del presupuesto del FE.pdf,2012-11-01,2012,nov,80% Ejecución Real,12249877.97
048_102000_EjecuciC3B3n mensual del presupuesto del FE.pdf,2012-12-01,2012,dic,80% Ejecución Real,0.0
048_102000_EjecuciC3B3n mensual del presupuesto del FE.pdf,2012-01-01,2012,ene,Precio (1) (**),0.0
048_102000_EjecuciC3B3n mensual del presupuesto del FE.pdf,2012-02-01,2012,feb,Precio (1) (**),0.0
048_102000_EjecuciC3B3n mensual del presupuesto del FE.pdf,2012-03-01,2012,mar,Precio (1) (**),24132974.06
048_102000_EjecuciC3B3n mensual del presupuesto del FE.pdf,2012-04-01,2012,abr,Precio (1) (**),47652642.78
048_102000_EjecuciC3B3n mensual del presupuesto del FE.pdf,2012-05-01,2012,may,Precio (1) (**),88903085.03
048_102000_EjecuciC3B3n mensual del presupuesto del FE.pdf,2012-06-01,2012,jun,Precio (1) (**),66162967.42
048_102000_EjecuciC3B3n mensual del presupuesto del FE.pdf,2012-07-01,2012,jul,Precio (1) (**),2455000.0
048_102000_EjecuciC3B3n mensual del presupuesto del FE.pdf,2012-08-01,2012,ago,Precio (1) (**),60843887.94
048_102000_EjecuciC3B3n mensual del presupuesto del FE.pdf,2012-09-01,2012,sep,Precio (1) (**),11222179.98
048_102000_EjecuciC3B3n mensual del presupuesto del FE.pdf,2012-10-01,2012,oct,Precio (1) (**),24902822.51
048_102000_EjecuciC3B3n mensual del presupuesto del FE.pdf,2012-11-01,2012,nov,Precio (1) (**),12249877.97
048_102000_EjecuciC3B3n mensual del presupuesto del FE.pdf,2012-12-01,2012,dic,Precio (1) (**),0.0
048_102000_EjecuciC3B3n mensual del presupuesto del FE.pdf,2012-01-01,2012,ene,Planes (97%) - (2) = (3),5738161.9
048_102000_EjecuciC3B3n mensual del presupuesto del FE.pdf,2012-02-01,2012,feb,Planes (97%) - (2) = (3),53264030.44
048_102000_EjecuciC3B3n mensual del presupuesto del FE.pdf,2012-03-01,2012,mar,Planes (97%) - (2) = (3),53459982.74
048_102000_EjecuciC3B3n mensual del presupuesto del FE.pdf,2012-04-01,2012,abr,Planes (97%) - (2) = (3),56513478.68
048_102000_EjecuciC3B3n mensual del presupuesto del FE.pdf,2012-05-01,2012,may,Planes (97%) - (2) = (3),13630886.91
048_102000_EjecuciC3B3n mensual del presupuesto del FE.pdf,2012-06-01,2012,jun,Planes (97%) - (2) = (3),764309.0
048_102000_EjecuciC3B3n mensual del presupuesto del FE.pdf,2012-07-01,2012,jul,Planes (97%) - (2) = (3),182202756.19
048_102000_EjecuciC3B3n mensual del presupuesto del FE.pdf,2012-08-01,2012,ago,Planes (97%) - (2) = (3),49601470.4
048_102000_EjecuciC3B3n mensual del presupuesto del FE.pdf,2012-09-01,2012,sep,Planes (97%) - (2) = (3),179567731.0
048_102000_EjecuciC3B3n mensual del presupuesto del FE.pdf,2012-10-01,2012,oct,Planes (97%) - (2) = (3),88710207.55
048_102000_EjecuciC3B3n mensual del presupuesto del FE.pdf,2012-11-01,2012,nov,Planes (97%) - (2) = (3),152692812.15
048_102000_EjecuciC3B3n mensual del presupuesto del FE.pdf,2012-12-01,2012,dic,Planes (97%) - (2) = (3),50215228.06
048_102000_EjecuciC3B3n mensual del presupuesto del FE.pdf,2012-01-01,2012,ene,Sueldos FET (por Convenio) (2),225112.36
048_102000_EjecuciC3B3n mensual del presupuesto del FE.pdf,2012-02-01,2012,feb,Sueldos FET (por Convenio) (2),217947.76
048_102000_EjecuciC3B3n mensual del presupuesto del FE.pdf,2012-03-01,2012,mar,Sueldos FET (por Convenio) (2),219405.76
048_102000_EjecuciC3B3n mensual del presupuesto del FE.pdf,2012-04-01,2012,abr,Sueldos FET (por Convenio) (2),217329.61
048_102000_EjecuciC3B3n mensual del presupuesto del FE.pdf,2012-05-01,2012,may,Sueldos FET (por Convenio) (2),218478.9
048_102000_EjecuciC3B3n mensual del presupuesto del FE.pdf,2012-06-01,2012,jun,Sueldos FET (por Convenio) (2),348794.51
048_102000_EjecuciC3B3n mensual del presupuesto del FE.pdf,2012-07-01,2012,jul,Sueldos FET (por Convenio) (2),224674.82
048_102000_EjecuciC3B3n mensual del presupuesto del FE.pdf,2012-08-01,2012,ago,Sueldos FET (por Convenio) (2),246095.03
048_102000_EjecuciC3B3n mensual del presupuesto del FE.pdf,2012-09-01,2012,sep,Sueldos FET (por Convenio) (2),244092.85
048_102000_EjecuciC3B3n mensual del presupuesto del FE.pdf,2012-10-01,2012,oct,Sueldos FET (por Convenio) (2),245353.21
048_102000_EjecuciC3B3n mensual del presupuesto del FE.pdf,2012-11-01,2012,nov,Sueldos FET (por Convenio) (2),246033.21
048_102000_EjecuciC3B3n mensual del presupuesto del FE.pdf,2012-12-01,2012,dic,Sueldos FET (por Convenio) (2),386094.56
048_102000_EjecuciC3B3n mensual del presupuesto del FE.pdf,2012-01-01,2012,ene,IICA (3%) (4),793097.0
048_102000_EjecuciC3B3n mensual del presupuesto del FE.pdf,2012-02-01,2012,feb,IICA (3%) (4),316214.0
048_102000_EjecuciC3B3n mensual del presupuesto del FE.pdf,2012-03-01,2012,mar,IICA (3%) (4),0.0
048_102000_EjecuciC3B3n mensual del presupuesto del FE.pdf,2012-04-01,2012,abr,IICA (3%) (4),0.0
048_102000_EjecuciC3B3n mensual del presupuesto del FE.pdf,2012-05-01,2012,may,IICA (3%) (4),0.0
048_102000_EjecuciC3B3n mensual del presupuesto del FE.pdf,2012-06-01,2012,jun,IICA (3%) (4),0.0
048_102000_EjecuciC3B3n mensual del presupuesto del FE.pdf,2012-07-01,2012,jul,IICA (3%) (4),0.0
048_102000_EjecuciC3B3n mensual del presupuesto del FE.pdf,2012-08-01,2012,ago,IICA (3%) (4),0.0
048_102000_EjecuciC3B3n mensual del presupuesto del FE.pdf,2012-09-01,2012,sep,IICA (3%) (4),0.0
048_102000_EjecuciC3B3n mensual del presupuesto del FE.pdf,2012-10-01,2012,oct,IICA (3%) (4),0.0
048_102000_EjecuciC3B3n mensual del presupuesto del FE.pdf,2012-11-01,2012,nov,IICA (3%) (4),0.0
048_102000_EjecuciC3B3n mensual del presupuesto del FE.pdf,2012-12-01,2012,dic,IICA (3%) (4),0.0
048_102000_EjecuciC3B3n mensual del presupuesto del FE.pdf,2012-01-01,2012,ene,Remanente 2011,4588161.9
048_102000_EjecuciC3B3n mensual del presupuesto del FE.pdf,2012-02-01,2012,feb,Remanente 2011,25913536.8
048_102000_EjecuciC3B3n mensual del presupuesto del FE.pdf,2012-03-01,2012,mar,Remanente 2011,5313564.28
048_102000_EjecuciC3B3n mensual del presupuesto del FE.pdf,2012-04-01,2012,abr,Remanente 2011,36075144.73
048_102000_EjecuciC3B3n mensual del presupuesto del FE.pdf,2012-05-01,2012,may,Remanente 2011,13070688.36
048_102000_EjecuciC3B3n mensual del presupuesto del FE.pdf,2012-06-01,2012,jun,Remanente 2011,764309.0
048_102000_EjecuciC3B3n mensual del presupuesto del FE.pdf,2012-07-01,2012,jul,Remanente 2011,21051589.37
048_102000_EjecuciC3B3n mensual del presupuesto del FE.pdf,2012-08-01,2012,ago,Remanente 2011,8186722.71
048_102000_EjecuciC3B3n mensual del presupuesto del FE.pdf,2012-09-01,2012,sep,Remanente 2011,3611930.01
048_102000_EjecuciC3B3n mensual del presupuesto del FE.pdf,2012-10-01,2012,oct,Remanente 2011,291.32
048_102000_EjecuciC3B3n mensual del presupuesto del FE.pdf,2012-11-01,2012,nov,Remanente 2011,0.0
048_102000_EjecuciC3B3n mensual del presupuesto del FE.pdf,2012-12-01,2012,dic,Remanente 2011,0.0
049_Ejecución mensual del presupuesto del FET - Ejerci.pdf,2011-01-01,2011,ene,Recaudación,115.87
049_Ejecución mensual del presupuesto del FET - Ejerci.pdf,2011-02-01,2011,feb,Recaudación,104.2
049_Ejecución mensual del presupuesto del FET - Ejerci.pdf,2011-03-01,2011,mar,Recaudación,99.62
049_Ejecución mensual del presupuesto del FET - Ejerci.pdf,2011-04-01,2011,abr,Recaudación,115.38
049_Ejecución mensual del presupuesto del FET - Ejerci.pdf,2011-05-01,2011,may,Recaudación,104.61
049_Ejecución mensual del presupuesto del FET - Ejerci.pdf,2011-06-01,2011,jun,Recaudación,104.7
049_Ejecución mensual del presupuesto del FET - Ejerci.pdf,2011-07-01,2011,jul,Recaudación,103.32
049_Ejecución mensual del presupuesto del FET - Ejerci.pdf,2011-08-01,2011,ago,Recaudación,103.71
049_Ejecución mensual del presupuesto del FET - Ejerci.pdf,2011-09-01,2011,sep,Recaudación,113.01
049_Ejecución mensual del presupuesto del FET - Ejerci.pdf,2011-10-01,2011,oct,Recaudación,115.17
049_Ejecución mensual del presupuesto del FET - Ejerci.pdf,2011-11-01,2011,nov,Recaudación,112.18
049_Ejecución mensual del presupuesto del FET - Ejerci.pdf,2011-12-01,2011,dic,Recaudación,118.81
049_Ejecución mensual del presupuesto del FET - Ejerci.pdf,2011-01-01,2011,ene,Recaudación Provincias,112.07
049_Ejecución mensual del presupuesto del FET - Ejerci.pdf,2011-02-01,2011,feb,Recaudación Provincias,100.89
049_Ejecución mensual del presupuesto del FET - Ejerci.pdf,2011-03-01,2011,mar,Recaudación Provincias,96.4
049_Ejecución mensual del presupuesto del FET - Ejerci.pdf,2011-04-01,2011,abr,Recaudación Provincias,111.61
049_Ejecución mensual del presupuesto del FET - Ejerci.pdf,2011-05-01,2011,may,Recaudación Provincias,101.19
049_Ejecución mensual del presupuesto del FET - Ejerci.pdf,2011-06-01,2011,jun,Recaudación Provincias,101.28
049_Ejecución mensual del presupuesto del FET - Ejerci.pdf,2011-07-01,2011,jul,Recaudación Provincias,99.92
049_Ejecución mensual del presupuesto del FET - Ejerci.pdf,2011-08-01,2011,ago,Recaudación Provincias,100.39
049_Ejecución mensual del presupuesto del FET - Ejerci.pdf,2011-09-01,2011,sep,Recaudación Provincias,109.4
049_Ejecución mensual del presupuesto del FET - Ejerci.pdf,2011-10-01,2011,oct,Recaudación Provincias,111.49
049_Ejecución mensual del presupuesto del FET - Ejerci.pdf,2011-11-01,2011,nov,Recaudación Provincias,108.59
049_Ejecución mensual del presupuesto del FET - Ejerci.pdf,2011-12-01,2011,dic,Recaudación Provincias,114.93
049_Ejecución mensual del presupuesto del FET - Ejerci.pdf,2011-01-01,2011,ene,Obra Social,3.8
049_Ejecución mensual del presupuesto del FET - Ejerci.pdf,2011-02-01,2011,feb,Obra Social,3.31
049_Ejecución mensual del presupuesto del FET - Ejerci.pdf,2011-03-01,2011,mar,Obra Social,3.23
049_Ejecución mensual del presupuesto del FET - Ejerci.pdf,2011-04-01,2011,abr,Obra Social,3.77
049_Ejecución mensual del presupuesto del FET - Ejerci.pdf,2011-05-01,2011,may,Obra Social,3.42
049_Ejecución mensual del presupuesto del FET - Ejerci.pdf,2011-06-01,2011,jun,Obra Social,3.42
049_Ejecución mensual del presupuesto del FET - Ejerci.pdf,2011-07-01,2011,jul,Obra Social,3.4
049_Ejecución mensual del presupuesto del FET - Ejerci.pdf,2011-08-01,2011,ago,Obra Social,3.32
049_Ejecución mensual del presupuesto del FET - Ejerci.pdf,2011-09-01,2011,sep,Obra Social,3.62
049_Ejecución mensual del presupuesto del FET - Ejerci.pdf,2011-10-01,2011,oct,Obra Social,3.68
049_Ejecución mensual del presupuesto del FET - Ejerci.pdf,2011-11-01,2011,nov,Obra Social,3.59
049_Ejecución mensual del presupuesto del FET - Ejerci.pdf,2011-12-01,2011,dic,Obra Social,3.88
049_Ejecución mensual del presupuesto del FET - Ejerci.pdf,2011-01-01,2011,ene,80% Ejecución Real,33.8
049_Ejecución mensual del presupuesto del FET - Ejerci.pdf,2011-02-01,2011,feb,80% Ejecución Real,76.64
049_Ejecución mensual del presupuesto del FET - Ejerci.pdf,2011-03-01,2011,mar,80% Ejecución Real,63.15
049_Ejecución mensual del presupuesto del FET - Ejerci.pdf,2011-04-01,2011,abr,80% Ejecución Real,56.21
049_Ejecución mensual del presupuesto del FET - Ejerci.pdf,2011-05-01,2011,may,80% Ejecución Real,34.33
049_Ejecución mensual del presupuesto del FET - Ejerci.pdf,2011-06-01,2011,jun,80% Ejecución Real,7.05
049_Ejecución mensual del presupuesto del FET - Ejerci.pdf,2011-07-01,2011,jul,80% Ejecución Real,0.88
049_Ejecución mensual del presupuesto del FET - Ejerci.pdf,2011-08-01,2011,ago,80% Ejecución Real,0.66
049_Ejecución mensual del presupuesto del FET - Ejerci.pdf,2011-09-01,2011,sep,80% Ejecución Real,17.4
049_Ejecución mensual del presupuesto del FET - Ejerci.pdf,2011-10-01,2011,oct,80% Ejecución Real,1.17
049_Ejecución mensual del presupuesto del FET - Ejerci.pdf,2011-11-01,2011,nov,80% Ejecución Real,9.96
049_Ejecución mensual del presupuesto del FET - Ejerci.pdf,2011-12-01,2011,dic,80% Ejecución Real,4.43
049_Ejecución mensual del presupuesto del FET - Ejerci.pdf,2011-01-01,2011,ene,Precio (*),33.8
049_Ejecución mensual del presupuesto del FET - Ejerci.pdf,2011-02-01,2011,feb,Precio (*),76.64
049_Ejecución mensual del presupuesto del FET - Ejerci.pdf,2011-03-01,2011,mar,Precio (*),63.15
049_Ejecución mensual del presupuesto del FET - Ejerci.pdf,2011-04-01,2011,abr,Precio (*),56.21
049_Ejecución mensual del presupuesto del FET - Ejerci.pdf,2011-05-01,2011,may,Precio (*),34.33
049_Ejecución mensual del presupuesto del FET - Ejerci.pdf,2011-06-01,2011,jun,Precio (*),7.05
049_Ejecución mensual del presupuesto del FET - Ejerci.pdf,2011-07-01,2011,jul,Precio (*),0.88
049_Ejecución mensual del presupuesto del FET - Ejerci.pdf,2011-08-01,2011,ago,Precio (*),0.66
049_Ejecución mensual del presupuesto del FET - Ejerci.pdf,2011-09-01,2011,sep,Precio (*),17.4
049_Ejecución mensual del presupuesto del FET - Ejerci.pdf,2011-10-01,2011,oct,Precio (*),1.17
049_Ejecución mensual del presupuesto del FET - Ejerci.pdf,2011-11-01,2011,nov,Precio (*),9.96
049_Ejecución mensual del presupuesto del FET - Ejerci.pdf,2011-12-01,2011,dic,Precio (*),4.43
049_Ejecución mensual del presupuesto del FET - Ejerci.pdf,2011-01-01,2011,ene,20% Ejecución Real (1+2+3),21.81
049_Ejecución mensual del presupuesto del FET - Ejerci.pdf,2011-02-01,2011,feb,20% Ejecución Real (1+2+3),6.76
049_Ejecución mensual del presupuesto del FET - Ejerci.pdf,2011-03-01,2011,mar,20% Ejecución Real (1+2+3),1.09
049_Ejecución mensual del presupuesto del FET - Ejerci.pdf,2011-04-01,2011,abr,20% Ejecución Real (1+2+3),3.91
049_Ejecución mensual del presupuesto del FET - Ejerci.pdf,2011-05-01,2011,may,20% Ejecución Real (1+2+3),10.37
049_Ejecución mensual del presupuesto del FET - Ejerci.pdf,2011-06-01,2011,jun,20% Ejecución Real (1+2+3),62.58
049_Ejecución mensual del presupuesto del FET - Ejerci.pdf,2011-07-01,2011,jul,20% Ejecución Real (1+2+3),26.55
049_Ejecución mensual del presupuesto del FET - Ejerci.pdf,2011-08-01,2011,ago,20% Ejecución Real (1+2+3),12.18
049_Ejecución mensual del presupuesto del FET - Ejerci.pdf,2011-09-01,2011,sep,20% Ejecución Real (1+2+3),32.2
049_Ejecución mensual del presupuesto del FET - Ejerci.pdf,2011-10-01,2011,oct,20% Ejecución Real (1+2+3),16.28
049_Ejecución mensual del presupuesto del FET - Ejerci.pdf,2011-11-01,2011,nov,20% Ejecución Real (1+2+3),85.89
049_Ejecución mensual del presupuesto del FET - Ejerci.pdf,2011-12-01,2011,dic,20% Ejecución Real (1+2+3),7.1
049_Ejecución mensual del presupuesto del FET - Ejerci.pdf,2011-01-01,2011,ene,Planes (97%) - (1) = (2),21.63
049_Ejecución mensual del presupuesto del FET - Ejerci.pdf,2011-02-01,2011,feb,Planes (97%) - (1) = (2),0.49
049_Ejecución mensual del presupuesto del FET - Ejerci.pdf,2011-03-01,2011,mar,Planes (97%) - (1) = (2),0.91
049_Ejecución mensual del presupuesto del FET - Ejerci.pdf,2011-04-01,2011,abr,Planes (97%) - (1) = (2),3.72
049_Ejecución mensual del presupuesto del FET - Ejerci.pdf,2011-05-01,2011,may,Planes (97%) - (1) = (2),8.96
049_Ejecución mensual del presupuesto del FET - Ejerci.pdf,2011-06-01,2011,jun,Planes (97%) - (1) = (2),61.04
049_Ejecución mensual del presupuesto del FET - Ejerci.pdf,2011-07-01,2011,jul,Planes (97%) - (1) = (2),25.75
049_Ejecución mensual del presupuesto del FET - Ejerci.pdf,2011-08-01,2011,ago,Planes (97%) - (1) = (2),11.35
049_Ejecución mensual del presupuesto del FET - Ejerci.pdf,2011-09-01,2011,sep,Planes (97%) - (1) = (2),31.32
049_Ejecución mensual del presupuesto del FET - Ejerci.pdf,2011-10-01,2011,oct,Planes (97%) - (1) = (2),15.39
049_Ejecución mensual del presupuesto del FET - Ejerci.pdf,2011-11-01,2011,nov,Planes (97%) - (1) = (2),85.01
049_Ejecución mensual del presupuesto del FET - Ejerci.pdf,2011-12-01,2011,dic,Planes (97%) - (1) = (2),6.1
049_Ejecución mensual del presupuesto del FET - Ejerci.pdf,2011-01-01,2011,ene,Sueldos FET (por Convenio) (1),0.19
049_Ejecución mensual del presupuesto del FET - Ejerci.pdf,2011-02-01,2011,feb,Sueldos FET (por Convenio) (1),0.19
049_Ejecución mensual del presupuesto del FET - Ejerci.pdf,2011-03-01,2011,mar,Sueldos FET (por Convenio) (1),0.19
049_Ejecución mensual del presupuesto del FET - Ejerci.pdf,2011-04-01,2011,abr,Sueldos FET (por Convenio) (1),0.19
049_Ejecución mensual del presupuesto del FET - Ejerci.pdf,2011-05-01,2011,may,Sueldos FET (por Convenio) (1),0.19
049_Ejecución mensual del presupuesto del FET - Ejerci.pdf,2011-06-01,2011,jun,Sueldos FET (por Convenio) (1),0.31
049_Ejecución mensual del presupuesto del FET - Ejerci.pdf,2011-07-01,2011,jul,Sueldos FET (por Convenio) (1),0.21
049_Ejecución mensual del presupuesto del FET - Ejerci.pdf,2011-08-01,2011,ago,Sueldos FET (por Convenio) (1),0.23
049_Ejecución mensual del presupuesto del FET - Ejerci.pdf,2011-09-01,2011,sep,Sueldos FET (por Convenio) (1),0.23
049_Ejecución mensual del presupuesto del FET - Ejerci.pdf,2011-10-01,2011,oct,Sueldos FET (por Convenio) (1),0.23
049_Ejecución mensual del presupuesto del FET - Ejerci.pdf,2011-11-01,2011,nov,Sueldos FET (por Convenio) (1),0.23
049_Ejecución mensual del presupuesto del FET - Ejerci.pdf,2011-12-01,2011,dic,Sueldos FET (por Convenio) (1),0.33
049_Ejecución mensual del presupuesto del FET - Ejerci.pdf,2011-01-01,2011,ene,IICA (3%) (3),0.0
049_Ejecución mensual del presupuesto del FET - Ejerci.pdf,2011-02-01,2011,feb,IICA (3%) (3),6.08
049_Ejecución mensual del presupuesto del FET - Ejerci.pdf,2011-03-01,2011,mar,IICA (3%) (3),0.0
049_Ejecución mensual del presupuesto del FET - Ejerci.pdf,2011-04-01,2011,abr,IICA (3%) (3),0.0
049_Ejecución mensual del presupuesto del FET - Ejerci.pdf,2011-05-01,2011,may,IICA (3%) (3),1.22
049_Ejecución mensual del presupuesto del FET - Ejerci.pdf,2011-06-01,2011,jun,IICA (3%) (3),1.24
049_Ejecución mensual del presupuesto del FET - Ejerci.pdf,2011-07-01,2011,jul,IICA (3%) (3),0.6
049_Ejecución mensual del presupuesto del FET - Ejerci.pdf,2011-08-01,2011,ago,IICA (3%) (3),0.6
049_Ejecución mensual del presupuesto del FET - Ejerci.pdf,2011-09-01,2011,sep,IICA (3%) (3),0.66
049_Ejecución mensual del presupuesto del FET - Ejerci.pdf,2011-10-01,2011,oct,IICA (3%) (3),0.67
049_Ejecución mensual del presupuesto del FET - Ejerci.pdf,2011-11-01,2011,nov,IICA (3%) (3),0.65
049_Ejecución mensual del presupuesto del FET - Ejerci.pdf,2011-12-01,2011,dic,IICA (3%) (3),0.67
049_Ejecución mensual del presupuesto del FET - Ejerci.pdf,2011-01-01,2011,ene,Tipo de Cambio Real - B.C.R.A. (**),3.98
049_Ejecución mensual del presupuesto del FET - Ejerci.pdf,2011-02-01,2011,feb,Tipo de Cambio Real - B.C.R.A. (**),4.02
049_Ejecución mensual del presupuesto del FET - Ejerci.pdf,2011-03-01,2011,mar,Tipo de Cambio Real - B.C.R.A. (**),4.04
049_Ejecución mensual del presupuesto del FET - Ejerci.pdf,2011-04-01,2011,abr,Tipo de Cambio Real - B.C.R.A. (**),4.07
049_Ejecución mensual del presupuesto del FET - Ejerci.pdf,2011-05-01,2011,may,Tipo de Cambio Real - B.C.R.A. (**),4.08
049_Ejecución mensual del presupuesto del FET - Ejerci.pdf,2011-06-01,2011,jun,Tipo de Cambio Real - B.C.R.A. (**),4.1
049_Ejecución mensual del presupuesto del FET - Ejerci.pdf,2011-07-01,2011,jul,Tipo de Cambio Real - B.C.R.A. (**),4.13
049_Ejecución mensual del presupuesto del FET - Ejerci.pdf,2011-08-01,2011,ago,Tipo de Cambio Real - B.C.R.A. (**),4.17
049_Ejecución mensual del presupuesto del FET - Ejerci.pdf,2011-09-01,2011,sep,Tipo de Cambio Real - B.C.R.A. (**),4.2
049_Ejecución mensual del presupuesto del FET - Ejerci.pdf,2011-10-01,2011,oct,Tipo de Cambio Real - B.C.R.A. (**),4.22
049_Ejecución mensual del presupuesto del FET - Ejerci.pdf,2011-11-01,2011,nov,Tipo de Cambio Real - B.C.R.A. (**),4.26
049_Ejecución mensual del presupuesto del FET - Ejerci.pdf,2011-12-01,2011,dic,Tipo de Cambio Real - B.C.R.A. (**),5.85
049_Ejecución mensual del presupuesto del FET - Ejerci.pdf,2011-01-01,2011,ene,Precio FET - Ejecución Real en Dólares,8.49
049_Ejecución mensual del presupuesto del FET - Ejerci.pdf,2011-02-01,2011,feb,Precio FET - Ejecución Real en Dólares,19.06
049_Ejecución mensual del presupuesto del FET - Ejerci.pdf,2011-03-01,2011,mar,Precio FET - Ejecución Real en Dólares,15.64
049_Ejecución mensual del presupuesto del FET - Ejerci.pdf,2011-04-01,2011,abr,Precio FET - Ejecución Real en Dólares,13.83
049_Ejecución mensual del presupuesto del FET - Ejerci.pdf,2011-05-01,2011,may,Precio FET - Ejecución Real en Dólares,8.41
049_Ejecución mensual del presupuesto del FET - Ejerci.pdf,2011-06-01,2011,jun,Precio FET - Ejecución Real en Dólares,1.72
049_Ejecución mensual del presupuesto del FET - Ejerci.pdf,2011-07-01,2011,jul,Precio FET - Ejecución Real en Dólares,0.21
049_Ejecución mensual del presupuesto del FET - Ejerci.pdf,2011-08-01,2011,ago,Precio FET - Ejecución Real en Dólares,0.16
049_Ejecución mensual del presupuesto del FET - Ejerci.pdf,2011-09-01,2011,sep,Precio FET - Ejecución Real en Dólares,4.14
049_Ejecución mensual del presupuesto del FET - Ejerci.pdf,2011-10-01,2011,oct,Precio FET - Ejecución Real en Dólares,0.28
049_Ejecución mensual del presupuesto del FET - Ejerci.pdf,2011-11-01,2011,nov,Precio FET - Ejecución Real en Dólares,2.34
049_Ejecución mensual del presupuesto del FET - Ejerci.pdf,2011-12-01,2011,dic,Precio FET - Ejecución Real en Dólares,0.76
050_101000_EjecuciC3B3n mensual del presupuesto del FE.pdf,2011-01-01,2011,ene,Recaudación,115.87
050_101000_EjecuciC3B3n mensual del presupuesto del FE.pdf,2011-02-01,2011,feb,Recaudación,104.2
050_101000_EjecuciC3B3n mensual del presupuesto del FE.pdf,2011-03-01,2011,mar,Recaudación,99.62
050_101000_EjecuciC3B3n mensual del presupuesto del FE.pdf,2011-04-01,2011,abr,Recaudación,115.38
050_101000_EjecuciC3B3n mensual del presupuesto del FE.pdf,2011-05-01,2011,may,Recaudación,104.61
050_101000_EjecuciC3B3n mensual del presupuesto del FE.pdf,2011-06-01,2011,jun,Recaudación,104.7
050_101000_EjecuciC3B3n mensual del presupuesto del FE.pdf,2011-07-01,2011,jul,Recaudación,103.32
050_101000_EjecuciC3B3n mensual del presupuesto del FE.pdf,2011-08-01,2011,ago,Recaudación,103.71
050_101000_EjecuciC3B3n mensual del presupuesto del FE.pdf,2011-09-01,2011,sep,Recaudación,113.01
050_101000_EjecuciC3B3n mensual del presupuesto del FE.pdf,2011-10-01,2011,oct,Recaudación,115.17
050_101000_EjecuciC3B3n mensual del presupuesto del FE.pdf,2011-11-01,2011,nov,Recaudación,112.18
050_101000_EjecuciC3B3n mensual del presupuesto del FE.pdf,2011-12-01,2011,dic,Recaudación,118.81
050_101000_EjecuciC3B3n mensual del presupuesto del FE.pdf,2011-01-01,2011,ene,Recaudación Provincias,112.07
050_101000_EjecuciC3B3n mensual del presupuesto del FE.pdf,2011-02-01,2011,feb,Recaudación Provincias,100.89
050_101000_EjecuciC3B3n mensual del presupuesto del FE.pdf,2011-03-01,2011,mar,Recaudación Provincias,96.4
050_101000_EjecuciC3B3n mensual del presupuesto del FE.pdf,2011-04-01,2011,abr,Recaudación Provincias,111.61
050_101000_EjecuciC3B3n mensual del presupuesto del FE.pdf,2011-05-01,2011,may,Recaudación Provincias,101.19
050_101000_EjecuciC3B3n mensual del presupuesto del FE.pdf,2011-06-01,2011,jun,Recaudación Provincias,101.28
050_101000_EjecuciC3B3n mensual del presupuesto del FE.pdf,2011-07-01,2011,jul,Recaudación Provincias,99.92
050_101000_EjecuciC3B3n mensual del presupuesto del FE.pdf,2011-08-01,2011,ago,Recaudación Provincias,100.39
050_101000_EjecuciC3B3n mensual del presupuesto del FE.pdf,2011-09-01,2011,sep,Recaudación Provincias,109.4
050_101000_EjecuciC3B3n mensual del presupuesto del FE.pdf,2011-10-01,2011,oct,Recaudación Provincias,111.49
050_101000_EjecuciC3B3n mensual del presupuesto del FE.pdf,2011-11-01,2011,nov,Recaudación Provincias,108.59
050_101000_EjecuciC3B3n mensual del presupuesto del FE.pdf,2011-12-01,2011,dic,Recaudación Provincias,114.93
050_101000_EjecuciC3B3n mensual del presupuesto del FE.pdf,2011-01-01,2011,ene,Obra Social,3.8
050_101000_EjecuciC3B3n mensual del presupuesto del FE.pdf,2011-02-01,2011,feb,Obra Social,3.31
050_101000_EjecuciC3B3n mensual del presupuesto del FE.pdf,2011-03-01,2011,mar,Obra Social,3.23
050_101000_EjecuciC3B3n mensual del presupuesto del FE.pdf,2011-04-01,2011,abr,Obra Social,3.77
050_101000_EjecuciC3B3n mensual del presupuesto del FE.pdf,2011-05-01,2011,may,Obra Social,3.42
050_101000_EjecuciC3B3n mensual del presupuesto del FE.pdf,2011-06-01,2011,jun,Obra Social,3.42
050_101000_EjecuciC3B3n mensual del presupuesto del FE.pdf,2011-07-01,2011,jul,Obra Social,3.4
050_101000_EjecuciC3B3n mensual del presupuesto del FE.pdf,2011-08-01,2011,ago,Obra Social,3.32
050_101000_EjecuciC3B3n mensual del presupuesto del FE.pdf,2011-09-01,2011,sep,Obra Social,3.62
050_101000_EjecuciC3B3n mensual del presupuesto del FE.pdf,2011-10-01,2011,oct,Obra Social,3.68
050_101000_EjecuciC3B3n mensual del presupuesto del FE.pdf,2011-11-01,2011,nov,Obra Social,3.59
050_101000_EjecuciC3B3n mensual del presupuesto del FE.pdf,2011-12-01,2011,dic,Obra Social,3.88
050_101000_EjecuciC3B3n mensual del presupuesto del FE.pdf,2011-01-01,2011,ene,80% Ejecución Real,33.8
050_101000_EjecuciC3B3n mensual del presupuesto del FE.pdf,2011-02-01,2011,feb,80% Ejecución Real,76.64
050_101000_EjecuciC3B3n mensual del presupuesto del FE.pdf,2011-03-01,2011,mar,80% Ejecución Real,63.15
050_101000_EjecuciC3B3n mensual del presupuesto del FE.pdf,2011-04-01,2011,abr,80% Ejecución Real,56.21
050_101000_EjecuciC3B3n mensual del presupuesto del FE.pdf,2011-05-01,2011,may,80% Ejecución Real,34.33
050_101000_EjecuciC3B3n mensual del presupuesto del FE.pdf,2011-06-01,2011,jun,80% Ejecución Real,7.05
050_101000_EjecuciC3B3n mensual del presupuesto del FE.pdf,2011-07-01,2011,jul,80% Ejecución Real,0.88
050_101000_EjecuciC3B3n mensual del presupuesto del FE.pdf,2011-08-01,2011,ago,80% Ejecución Real,0.66
050_101000_EjecuciC3B3n mensual del presupuesto del FE.pdf,2011-09-01,2011,sep,80% Ejecución Real,17.4
050_101000_EjecuciC3B3n mensual del presupuesto del FE.pdf,2011-10-01,2011,oct,80% Ejecución Real,1.17
050_101000_EjecuciC3B3n mensual del presupuesto del FE.pdf,2011-11-01,2011,nov,80% Ejecución Real,9.96
050_101000_EjecuciC3B3n mensual del presupuesto del FE.pdf,2011-12-01,2011,dic,80% Ejecución Real,4.43
050_101000_EjecuciC3B3n mensual del presupuesto del FE.pdf,2011-01-01,2011,ene,Precio (*),33.8
050_101000_EjecuciC3B3n mensual del presupuesto del FE.pdf,2011-02-01,2011,feb,Precio (*),76.64
050_101000_EjecuciC3B3n mensual del presupuesto del FE.pdf,2011-03-01,2011,mar,Precio (*),63.15
050_101000_EjecuciC3B3n mensual del presupuesto del FE.pdf,2011-04-01,2011,abr,Precio (*),56.21
050_101000_EjecuciC3B3n mensual del presupuesto del FE.pdf,2011-05-01,2011,may,Precio (*),34.33
050_101000_EjecuciC3B3n mensual del presupuesto del FE.pdf,2011-06-01,2011,jun,Precio (*),7.05
050_101000_EjecuciC3B3n mensual del presupuesto del FE.pdf,2011-07-01,2011,jul,Precio (*),0.88
050_101000_EjecuciC3B3n mensual del presupuesto del FE.pdf,2011-08-01,2011,ago,Precio (*),0.66
050_101000_EjecuciC3B3n mensual del presupuesto del FE.pdf,2011-09-01,2011,sep,Precio (*),17.4
050_101000_EjecuciC3B3n mensual del presupuesto del FE.pdf,2011-10-01,2011,oct,Precio (*),1.17
050_101000_EjecuciC3B3n mensual del presupuesto del FE.pdf,2011-11-01,2011,nov,Precio (*),9.96
050_101000_EjecuciC3B3n mensual del presupuesto del FE.pdf,2011-12-01,2011,dic,Precio (*),4.43
050_101000_EjecuciC3B3n mensual del presupuesto del FE.pdf,2011-01-01,2011,ene,20% Ejecución Real (1+2+3),21.81
050_101000_EjecuciC3B3n mensual del presupuesto del FE.pdf,2011-02-01,2011,feb,20% Ejecución Real (1+2+3),6.76
050_101000_EjecuciC3B3n mensual del presupuesto del FE.pdf,2011-03-01,2011,mar,20% Ejecución Real (1+2+3),1.09
050_101000_EjecuciC3B3n mensual del presupuesto del FE.pdf,2011-04-01,2011,abr,20% Ejecución Real (1+2+3),3.91
050_101000_EjecuciC3B3n mensual del presupuesto del FE.pdf,2011-05-01,2011,may,20% Ejecución Real (1+2+3),10.37
050_101000_EjecuciC3B3n mensual del presupuesto del FE.pdf,2011-06-01,2011,jun,20% Ejecución Real (1+2+3),62.58
050_101000_EjecuciC3B3n mensual del presupuesto del FE.pdf,2011-07-01,2011,jul,20% Ejecución Real (1+2+3),26.55
050_101000_EjecuciC3B3n mensual del presupuesto del FE.pdf,2011-08-01,2011,ago,20% Ejecución Real (1+2+3),12.18
050_101000_EjecuciC3B3n mensual del presupuesto del FE.pdf,2011-09-01,2011,sep,20% Ejecución Real (1+2+3),32.2
050_101000_EjecuciC3B3n mensual del presupuesto del FE.pdf,2011-10-01,2011,oct,20% Ejecución Real (1+2+3),16.28
050_101000_EjecuciC3B3n mensual del presupuesto del FE.pdf,2011-11-01,2011,nov,20% Ejecución Real (1+2+3),85.89
050_101000_EjecuciC3B3n mensual del presupuesto del FE.pdf,2011-12-01,2011,dic,20% Ejecución Real (1+2+3),7.1
050_101000_EjecuciC3B3n mensual del presupuesto del FE.pdf,2011-01-01,2011,ene,Planes (97%) - (1) = (2),21.63
050_101000_EjecuciC3B3n mensual del presupuesto del FE.pdf,2011-02-01,2011,feb,Planes (97%) - (1) = (2),0.49
050_101000_EjecuciC3B3n mensual del presupuesto del FE.pdf,2011-03-01,2011,mar,Planes (97%) - (1) = (2),0.91
050_101000_EjecuciC3B3n mensual del presupuesto del FE.pdf,2011-04-01,2011,abr,Planes (97%) - (1) = (2),3.72
050_101000_EjecuciC3B3n mensual del presupuesto del FE.pdf,2011-05-01,2011,may,Planes (97%) - (1) = (2),8.96
050_101000_EjecuciC3B3n mensual del presupuesto del FE.pdf,2011-06-01,2011,jun,Planes (97%) - (1) = (2),61.04
050_101000_EjecuciC3B3n mensual del presupuesto del FE.pdf,2011-07-01,2011,jul,Planes (97%) - (1) = (2),25.75
050_101000_EjecuciC3B3n mensual del presupuesto del FE.pdf,2011-08-01,2011,ago,Planes (97%) - (1) = (2),11.35
050_101000_EjecuciC3B3n mensual del presupuesto del FE.pdf,2011-09-01,2011,sep,Planes (97%) - (1) = (2),31.32
050_101000_EjecuciC3B3n mensual del presupuesto del FE.pdf,2011-10-01,2011,oct,Planes (97%) - (1) = (2),15.39
050_101000_EjecuciC3B3n mensual del presupuesto del FE.pdf,2011-11-01,2011,nov,Planes (97%) - (1) = (2),85.01
050_101000_EjecuciC3B3n mensual del presupuesto del FE.pdf,2011-12-01,2011,dic,Planes (97%) - (1) = (2),6.1
050_101000_EjecuciC3B3n mensual del presupuesto del FE.pdf,2011-01-01,2011,ene,Sueldos FET (por Convenio) (1),0.19
050_101000_EjecuciC3B3n mensual del presupuesto del FE.pdf,2011-02-01,2011,feb,Sueldos FET (por Convenio) (1),0.19
050_101000_EjecuciC3B3n mensual del presupuesto del FE.pdf,2011-03-01,2011,mar,Sueldos FET (por Convenio) (1),0.19
050_101000_EjecuciC3B3n mensual del presupuesto del FE.pdf,2011-04-01,2011,abr,Sueldos FET (por Convenio) (1),0.19
050_101000_EjecuciC3B3n mensual del presupuesto del FE.pdf,2011-05-01,2011,may,Sueldos FET (por Convenio) (1),0.19
050_101000_EjecuciC3B3n mensual del presupuesto del FE.pdf,2011-06-01,2011,jun,Sueldos FET (por Convenio) (1),0.31
050_101000_EjecuciC3B3n mensual del presupuesto del FE.pdf,2011-07-01,2011,jul,Sueldos FET (por Convenio) (1),0.21
050_101000_EjecuciC3B3n mensual del presupuesto del FE.pdf,2011-08-01,2011,ago,Sueldos FET (por Convenio) (1),0.23
050_101000_EjecuciC3B3n mensual del presupuesto del FE.pdf,2011-09-01,2011,sep,Sueldos FET (por Convenio) (1),0.23
050_101000_EjecuciC3B3n mensual del presupuesto del FE.pdf,2011-10-01,2011,oct,Sueldos FET (por Convenio) (1),0.23
050_101000_EjecuciC3B3n mensual del presupuesto del FE.pdf,2011-11-01,2011,nov,Sueldos FET (por Convenio) (1),0.23
050_101000_EjecuciC3B3n mensual del presupuesto del FE.pdf,2011-12-01,2011,dic,Sueldos FET (por Convenio) (1),0.33
050_101000_EjecuciC3B3n mensual del presupuesto del FE.pdf,2011-01-01,2011,ene,IICA (3%) (3),0.0
050_101000_EjecuciC3B3n mensual del presupuesto del FE.pdf,2011-02-01,2011,feb,IICA (3%) (3),6.08
050_101000_EjecuciC3B3n mensual del presupuesto del FE.pdf,2011-03-01,2011,mar,IICA (3%) (3),0.0
050_101000_EjecuciC3B3n mensual del presupuesto del FE.pdf,2011-04-01,2011,abr,IICA (3%) (3),0.0
050_101000_EjecuciC3B3n mensual del presupuesto del FE.pdf,2011-05-01,2011,may,IICA (3%) (3),1.22
050_101000_EjecuciC3B3n mensual del presupuesto del FE.pdf,2011-06-01,2011,jun,IICA (3%) (3),1.24
050_101000_EjecuciC3B3n mensual del presupuesto del FE.pdf,2011-07-01,2011,jul,IICA (3%) (3),0.6
050_101000_EjecuciC3B3n mensual del presupuesto del FE.pdf,2011-08-01,2011,ago,IICA (3%) (3),0.6
050_101000_EjecuciC3B3n mensual del presupuesto del FE.pdf,2011-09-01,2011,sep,IICA (3%) (3),0.66
050_101000_EjecuciC3B3n mensual del presupuesto del FE.pdf,2011-10-01,2011,oct,IICA (3%) (3),0.67
050_101000_EjecuciC3B3n mensual del presupuesto del FE.pdf,2011-11-01,2011,nov,IICA (3%) (3),0.65
050_101000_EjecuciC3B3n mensual del presupuesto del FE.pdf,2011-12-01,2011,dic,IICA (3%) (3),0.67
050_101000_EjecuciC3B3n mensual del presupuesto del FE.pdf,2011-01-01,2011,ene,Tipo de Cambio Real - B.C.R.A. (**),3.98
050_101000_EjecuciC3B3n mensual del presupuesto del FE.pdf,2011-02-01,2011,feb,Tipo de Cambio Real - B.C.R.A. (**),4.02
050_101000_EjecuciC3B3n mensual del presupuesto del FE.pdf,2011-03-01,2011,mar,Tipo de Cambio Real - B.C.R.A. (**),4.04
050_101000_EjecuciC3B3n mensual del presupuesto del FE.pdf,2011-04-01,2011,abr,Tipo de Cambio Real - B.C.R.A. (**),4.07
050_101000_EjecuciC3B3n mensual del presupuesto del FE.pdf,2011-05-01,2011,may,Tipo de Cambio Real - B.C.R.A. (**),4.08
050_101000_EjecuciC3B3n mensual del presupuesto del FE.pdf,2011-06-01,2011,jun,Tipo de Cambio Real - B.C.R.A. (**),4.1
050_101000_EjecuciC3B3n mensual del presupuesto del FE.pdf,2011-07-01,2011,jul,Tipo de Cambio Real - B.C.R.A. (**),4.13
050_101000_EjecuciC3B3n mensual del presupuesto del FE.pdf,2011-08-01,2011,ago,Tipo de Cambio Real - B.C.R.A. (**),4.17
050_101000_EjecuciC3B3n mensual del presupuesto del FE.pdf,2011-09-01,2011,sep,Tipo de Cambio Real - B.C.R.A. (**),4.2
050_101000_EjecuciC3B3n mensual del presupuesto del FE.pdf,2011-10-01,2011,oct,Tipo de Cambio Real - B.C.R.A. (**),4.22
050_101000_EjecuciC3B3n mensual del presupuesto del FE.pdf,2011-11-01,2011,nov,Tipo de Cambio Real - B.C.R.A. (**),4.26
050_101000_EjecuciC3B3n mensual del presupuesto del FE.pdf,2011-12-01,2011,dic,Tipo de Cambio Real - B.C.R.A. (**),5.85
050_101000_EjecuciC3B3n mensual del presupuesto del FE.pdf,2011-01-01,2011,ene,Precio FET - Ejecución Real en Dólares,8.49
050_101000_EjecuciC3B3n mensual del presupuesto del FE.pdf,2011-02-01,2011,feb,Precio FET - Ejecución Real en Dólares,19.06
050_101000_EjecuciC3B3n mensual del presupuesto del FE.pdf,2011-03-01,2011,mar,Precio FET - Ejecución Real en Dólares,15.64
050_101000_EjecuciC3B3n mensual del presupuesto del FE.pdf,2011-04-01,2011,abr,Precio FET - Ejecución Real en Dólares,13.83
050_101000_EjecuciC3B3n mensual del presupuesto del FE.pdf,2011-05-01,2011,may,Precio FET - Ejecución Real en Dólares,8.41
050_101000_EjecuciC3B3n mensual del presupuesto del FE.pdf,2011-06-01,2011,jun,Precio FET - Ejecución Real en Dólares,1.72
050_101000_EjecuciC3B3n mensual del presupuesto del FE.pdf,2011-07-01,2011,jul,Precio FET - Ejecución Real en Dólares,0.21
050_101000_EjecuciC3B3n mensual del presupuesto del FE.pdf,2011-08-01,2011,ago,Precio FET - Ejecución Real en Dólares,0.16
050_101000_EjecuciC3B3n mensual del presupuesto del FE.pdf,2011-09-01,2011,sep,Precio FET - Ejecución Real en Dólares,4.14
050_101000_EjecuciC3B3n mensual del presupuesto del FE.pdf,2011-10-01,2011,oct,Precio FET - Ejecución Real en Dólares,0.28
050_101000_EjecuciC3B3n mensual del presupuesto del FE.pdf,2011-11-01,2011,nov,Precio FET - Ejecución Real en Dólares,2.34
050_101000_EjecuciC3B3n mensual del presupuesto del FE.pdf,2011-12-01,2011,dic,Precio FET - Ejecución Real en Dólares,0.76
051_Ejecución mensual del presupuesto del FET - Ejerci.pdf,2010-01-01,2010,ene,EJECUTADO DEL FET AÑO 2010 AL 31-Dic-10 En Pesos Recaudación (*),92781479.61
051_Ejecución mensual del presupuesto del FET - Ejerci.pdf,2010-02-01,2010,feb,EJECUTADO DEL FET AÑO 2010 AL 31-Dic-10 En Pesos Recaudación (*),77044301.92
051_Ejecución mensual del presupuesto del FET - Ejerci.pdf,2010-03-01,2010,mar,EJECUTADO DEL FET AÑO 2010 AL 31-Dic-10 En Pesos Recaudación (*),76666141.84
051_Ejecución mensual del presupuesto del FET - Ejerci.pdf,2010-04-01,2010,abr,EJECUTADO DEL FET AÑO 2010 AL 31-Dic-10 En Pesos Recaudación (*),88273873.38
051_Ejecución mensual del presupuesto del FET - Ejerci.pdf,2010-05-01,2010,may,EJECUTADO DEL FET AÑO 2010 AL 31-Dic-10 En Pesos Recaudación (*),73690928.8
051_Ejecución mensual del presupuesto del FET - Ejerci.pdf,2010-06-01,2010,jun,EJECUTADO DEL FET AÑO 2010 AL 31-Dic-10 En Pesos Recaudación (*),75740605.16
051_Ejecución mensual del presupuesto del FET - Ejerci.pdf,2010-07-01,2010,jul,EJECUTADO DEL FET AÑO 2010 AL 31-Dic-10 En Pesos Recaudación (*),80245200.29
051_Ejecución mensual del presupuesto del FET - Ejerci.pdf,2010-08-01,2010,ago,EJECUTADO DEL FET AÑO 2010 AL 31-Dic-10 En Pesos Recaudación (*),84397591.56
051_Ejecución mensual del presupuesto del FET - Ejerci.pdf,2010-09-01,2010,sep,EJECUTADO DEL FET AÑO 2010 AL 31-Dic-10 En Pesos Recaudación (*),87752284.29
051_Ejecución mensual del presupuesto del FET - Ejerci.pdf,2010-10-01,2010,oct,EJECUTADO DEL FET AÑO 2010 AL 31-Dic-10 En Pesos Recaudación (*),90512572.98
051_Ejecución mensual del presupuesto del FET - Ejerci.pdf,2010-11-01,2010,nov,EJECUTADO DEL FET AÑO 2010 AL 31-Dic-10 En Pesos Recaudación (*),91888137.86
051_Ejecución mensual del presupuesto del FET - Ejerci.pdf,2010-12-01,2010,dic,EJECUTADO DEL FET AÑO 2010 AL 31-Dic-10 En Pesos Recaudación (*),97061971.78
052_100000_EjecuciC3B3n mensual del presupuesto del FE.pdf,2010-01-01,2010,ene,EJECUTADO DEL FET AÑO 2010 AL 31-Dic-10 En Pesos Recaudación (*),92781479.61
052_100000_EjecuciC3B3n mensual del presupuesto del FE.pdf,2010-02-01,2010,feb,EJECUTADO DEL FET AÑO 2010 AL 31-Dic-10 En Pesos Recaudación (*),77044301.92
052_100000_EjecuciC3B3n mensual del presupuesto del FE.pdf,2010-03-01,2010,mar,EJECUTADO DEL FET AÑO 2010 AL 31-Dic-10 En Pesos Recaudación (*),76666141.84
052_100000_EjecuciC3B3n mensual del presupuesto del FE.pdf,2010-04-01,2010,abr,EJECUTADO DEL FET AÑO 2010 AL 31-Dic-10 En Pesos Recaudación (*),88273873.38
052_100000_EjecuciC3B3n mensual del presupuesto del FE.pdf,2010-05-01,2010,may,EJECUTADO DEL FET AÑO 2010 AL 31-Dic-10 En Pesos Recaudación (*),73690928.8
052_100000_EjecuciC3B3n mensual del presupuesto del FE.pdf,2010-06-01,2010,jun,EJECUTADO DEL FET AÑO 2010 AL 31-Dic-10 En Pesos Recaudación (*),75740605.16
052_100000_EjecuciC3B3n mensual del presupuesto del FE.pdf,2010-07-01,2010,jul,EJECUTADO DEL FET AÑO 2010 AL 31-Dic-10 En Pesos Recaudación (*),80245200.29
052_100000_EjecuciC3B3n mensual del presupuesto del FE.pdf,2010-08-01,2010,ago,EJECUTADO DEL FET AÑO 2010 AL 31-Dic-10 En Pesos Recaudación (*),84397591.56
052_100000_EjecuciC3B3n mensual del presupuesto del FE.pdf,2010-09-01,2010,sep,EJECUTADO DEL FET AÑO 2010 AL 31-Dic-10 En Pesos Recaudación (*),87752284.29
052_100000_EjecuciC3B3n mensual del presupuesto del FE.pdf,2010-10-01,2010,oct,EJECUTADO DEL FET AÑO 2010 AL 31-Dic-10 En Pesos Recaudación (*),90512572.98
052_100000_EjecuciC3B3n mensual del presupuesto del FE.pdf,2010-11-01,2010,nov,EJECUTADO DEL FET AÑO 2010 AL 31-Dic-10 En Pesos Recaudación (*),91888137.86
052_100000_EjecuciC3B3n mensual del presupuesto del FE.pdf,2010-12-01,2010,dic,EJECUTADO DEL FET AÑO 2010 AL 31-Dic-10 En Pesos Recaudación (*),97061971.78
053_Ejecución mensual del presupuesto del FET - Ejerci.pdf,2009-01-01,2009,ene,EJECUTADO DEL FET AÑO 2009 AL 14-Ene-10 En Pesos Recaudación (*),55824113.33
053_Ejecución mensual del presupuesto del FET - Ejerci.pdf,2009-02-01,2009,feb,EJECUTADO DEL FET AÑO 2009 AL 14-Ene-10 En Pesos Recaudación (*),46277895.18
053_Ejecución mensual del presupuesto del FET - Ejerci.pdf,2009-03-01,2009,mar,EJECUTADO DEL FET AÑO 2009 AL 14-Ene-10 En Pesos Recaudación (*),54278756.21
053_Ejecución mensual del presupuesto del FET - Ejerci.pdf,2009-04-01,2009,abr,EJECUTADO DEL FET AÑO 2009 AL 14-Ene-10 En Pesos Recaudación (*),61293905.41
053_Ejecución mensual del presupuesto del FET - Ejerci.pdf,2009-05-01,2009,may,EJECUTADO DEL FET AÑO 2009 AL 14-Ene-10 En Pesos Recaudación (*),62557740.16
053_Ejecución mensual del presupuesto del FET - Ejerci.pdf,2009-06-01,2009,jun,EJECUTADO DEL FET AÑO 2009 AL 14-Ene-10 En Pesos Recaudación (*),57776500.24
053_Ejecución mensual del presupuesto del FET - Ejerci.pdf,2009-07-01,2009,jul,EJECUTADO DEL FET AÑO 2009 AL 14-Ene-10 En Pesos Recaudación (*),55472486.79
053_Ejecución mensual del presupuesto del FET - Ejerci.pdf,2009-08-01,2009,ago,EJECUTADO DEL FET AÑO 2009 AL 14-Ene-10 En Pesos Recaudación (*),72483707.26
053_Ejecución mensual del presupuesto del FET - Ejerci.pdf,2009-09-01,2009,sep,EJECUTADO DEL FET AÑO 2009 AL 14-Ene-10 En Pesos Recaudación (*),70167405.47
053_Ejecución mensual del presupuesto del FET - Ejerci.pdf,2009-10-01,2009,oct,EJECUTADO DEL FET AÑO 2009 AL 14-Ene-10 En Pesos Recaudación (*),74166656.56
053_Ejecución mensual del presupuesto del FET - Ejerci.pdf,2009-11-01,2009,nov,EJECUTADO DEL FET AÑO 2009 AL 14-Ene-10 En Pesos Recaudación (*),77989780.75
053_Ejecución mensual del presupuesto del FET - Ejerci.pdf,2009-12-01,2009,dic,EJECUTADO DEL FET AÑO 2009 AL 14-Ene-10 En Pesos Recaudación (*),75075473.31
054_090000_EjecuciC3B3n mensual del presupuesto del FE.pdf,2009-01-01,2009,ene,EJECUTADO DEL FET AÑO 2009 AL 14-Ene-10 En Pesos Recaudación (*),55824113.33
054_090000_EjecuciC3B3n mensual del presupuesto del FE.pdf,2009-02-01,2009,feb,EJECUTADO DEL FET AÑO 2009 AL 14-Ene-10 En Pesos Recaudación (*),46277895.18
054_090000_EjecuciC3B3n mensual del presupuesto del FE.pdf,2009-03-01,2009,mar,EJECUTADO DEL FET AÑO 2009 AL 14-Ene-10 En Pesos Recaudación (*),54278756.21
054_090000_EjecuciC3B3n mensual del presupuesto del FE.pdf,2009-04-01,2009,abr,EJECUTADO DEL FET AÑO 2009 AL 14-Ene-10 En Pesos Recaudación (*),61293905.41
054_090000_EjecuciC3B3n mensual del presupuesto del FE.pdf,2009-05-01,2009,may,EJECUTADO DEL FET AÑO 2009 AL 14-Ene-10 En Pesos Recaudación (*),62557740.16
054_090000_EjecuciC3B3n mensual del presupuesto del FE.pdf,2009-06-01,2009,jun,EJECUTADO DEL FET AÑO 2009 AL 14-Ene-10 En Pesos Recaudación (*),57776500.24
054_090000_EjecuciC3B3n mensual del presupuesto del FE.pdf,2009-07-01,2009,jul,EJECUTADO DEL FET AÑO 2009 AL 14-Ene-10 En Pesos Recaudación (*),55472486.79
054_090000_EjecuciC3B3n mensual del presupuesto del FE.pdf,2009-08-01,2009,ago,EJECUTADO DEL FET AÑO 2009 AL 14-Ene-10 En Pesos Recaudación (*),72483707.26
054_090000_EjecuciC3B3n mensual del presupuesto del FE.pdf,2009-09-01,2009,sep,EJECUTADO DEL FET AÑO 2009 AL 14-Ene-10 En Pesos Recaudación (*),70167405.47
054_090000_EjecuciC3B3n mensual del presupuesto del FE.pdf,2009-10-01,2009,oct,EJECUTADO DEL FET AÑO 2009 AL 14-Ene-10 En Pesos Recaudación (*),74166656.56
054_090000_EjecuciC3B3n mensual del presupuesto del FE.pdf,2009-11-01,2009,nov,EJECUTADO DEL FET AÑO 2009 AL 14-Ene-10 En Pesos Recaudación (*),77989780.75
054_090000_EjecuciC3B3n mensual del presupuesto del FE.pdf,2009-12-01,2009,dic,EJECUTADO DEL FET AÑO 2009 AL 14-Ene-10 En Pesos Recaudación (*),75075473.31
055_Ejecución mensual del presupuesto del FET - Ejerci.pdf,2008-01-01,2008,ene,EJECUTADO DEL FET AÑO 2008 AL 19-Ene-09 En Pesos Recaudación (*),41678706.5
055_Ejecución mensual del presupuesto del FET - Ejerci.pdf,2008-02-01,2008,feb,EJECUTADO DEL FET AÑO 2008 AL 19-Ene-09 En Pesos Recaudación (*),40464462.22
055_Ejecución mensual del presupuesto del FET - Ejerci.pdf,2008-03-01,2008,mar,EJECUTADO DEL FET AÑO 2008 AL 19-Ene-09 En Pesos Recaudación (*),38695560.8
055_Ejecución mensual del presupuesto del FET - Ejerci.pdf,2008-04-01,2008,abr,EJECUTADO DEL FET AÑO 2008 AL 19-Ene-09 En Pesos Recaudación (*),39368271.52
055_Ejecución mensual del presupuesto del FET - Ejerci.pdf,2008-05-01,2008,may,EJECUTADO DEL FET AÑO 2008 AL 19-Ene-09 En Pesos Recaudación (*),39360931.33
055_Ejecución mensual del presupuesto del FET - Ejerci.pdf,2008-06-01,2008,jun,EJECUTADO DEL FET AÑO 2008 AL 19-Ene-09 En Pesos Recaudación (*),39216789.59
055_Ejecución mensual del presupuesto del FET - Ejerci.pdf,2008-07-01,2008,jul,EJECUTADO DEL FET AÑO 2008 AL 19-Ene-09 En Pesos Recaudación (*),35817682.93
055_Ejecución mensual del presupuesto del FET - Ejerci.pdf,2008-08-01,2008,ago,EJECUTADO DEL FET AÑO 2008 AL 19-Ene-09 En Pesos Recaudación (*),41548586.56
055_Ejecución mensual del presupuesto del FET - Ejerci.pdf,2008-09-01,2008,sep,EJECUTADO DEL FET AÑO 2008 AL 19-Ene-09 En Pesos Recaudación (*),39497851.21
055_Ejecución mensual del presupuesto del FET - Ejerci.pdf,2008-10-01,2008,oct,EJECUTADO DEL FET AÑO 2008 AL 19-Ene-09 En Pesos Recaudación (*),41028870.67
055_Ejecución mensual del presupuesto del FET - Ejerci.pdf,2008-11-01,2008,nov,EJECUTADO DEL FET AÑO 2008 AL 19-Ene-09 En Pesos Recaudación (*),46866240.33
055_Ejecución mensual del presupuesto del FET - Ejerci.pdf,2008-12-01,2008,dic,EJECUTADO DEL FET AÑO 2008 AL 19-Ene-09 En Pesos Recaudación (*),42234280.85
056_080000_EjecuciC3B3n mensual del presupuesto del FE.pdf,2008-01-01,2008,ene,EJECUTADO DEL FET AÑO 2008 AL 19-Ene-09 En Pesos Recaudación (*),41678706.5
056_080000_EjecuciC3B3n mensual del presupuesto del FE.pdf,2008-02-01,2008,feb,EJECUTADO DEL FET AÑO 2008 AL 19-Ene-09 En Pesos Recaudación (*),40464462.22
056_080000_EjecuciC3B3n mensual del presupuesto del FE.pdf,2008-03-01,2008,mar,EJECUTADO DEL FET AÑO 2008 AL 19-Ene-09 En Pesos Recaudación (*),38695560.8
056_080000_EjecuciC3B3n mensual del presupuesto del FE.pdf,2008-04-01,2008,abr,EJECUTADO DEL FET AÑO 2008 AL 19-Ene-09 En Pesos Recaudación (*),39368271.52
056_080000_EjecuciC3B3n mensual del presupuesto del FE.pdf,2008-05-01,2008,may,EJECUTADO DEL FET AÑO 2008 AL 19-Ene-09 En Pesos Recaudación (*),39360931.33
056_080000_EjecuciC3B3n mensual del presupuesto del FE.pdf,2008-06-01,2008,jun,EJECUTADO DEL FET AÑO 2008 AL 19-Ene-09 En Pesos Recaudación (*),39216789.59
056_080000_EjecuciC3B3n mensual del presupuesto del FE.pdf,2008-07-01,2008,jul,EJECUTADO DEL FET AÑO 2008 AL 19-Ene-09 En Pesos Recaudación (*),35817682.93
056_080000_EjecuciC3B3n mensual del presupuesto del FE.pdf,2008-08-01,2008,ago,EJECUTADO DEL FET AÑO 2008 AL 19-Ene-09 En Pesos Recaudación (*),41548586.56
056_080000_EjecuciC3B3n mensual del presupuesto del FE.pdf,2008-09-01,2008,sep,EJECUTADO DEL FET AÑO 2008 AL 19-Ene-09 En Pesos Recaudación (*),39497851.21
056_080000_EjecuciC3B3n mensual del presupuesto del FE.pdf,2008-10-01,2008,oct,EJECUTADO DEL FET AÑO 2008 AL 19-Ene-09 En Pesos Recaudación (*),41028870.67
056_080000_EjecuciC3B3n mensual del presupuesto del FE.pdf,2008-11-01,2008,nov,EJECUTADO DEL FET AÑO 2008 AL 19-Ene-09 En Pesos Recaudación (*),46866240.33
056_080000_EjecuciC3B3n mensual del presupuesto del FE.pdf,2008-12-01,2008,dic,EJECUTADO DEL FET AÑO 2008 AL 19-Ene-09 En Pesos Recaudación (*),42234280.85
057_Ejecución mensual del presupuesto del FET - Ejerci.pdf,2007-01-01,2007,ene,EJECUTADO DEL FET AÑO 2007 AL 17-ene-08 En Pesos Recaudación (*),36478653.45
057_Ejecución mensual del presupuesto del FET - Ejerci.pdf,2007-02-01,2007,feb,EJECUTADO DEL FET AÑO 2007 AL 17-ene-08 En Pesos Recaudación (*),33666149.07
057_Ejecución mensual del presupuesto del FET - Ejerci.pdf,2007-03-01,2007,mar,EJECUTADO DEL FET AÑO 2007 AL 17-ene-08 En Pesos Recaudación (*),31613396.83
057_Ejecución mensual del presupuesto del FET - Ejerci.pdf,2007-04-01,2007,abr,EJECUTADO DEL FET AÑO 2007 AL 17-ene-08 En Pesos Recaudación (*),36507986.31
057_Ejecución mensual del presupuesto del FET - Ejerci.pdf,2007-05-01,2007,may,EJECUTADO DEL FET AÑO 2007 AL 17-ene-08 En Pesos Recaudación (*),31816940.7
057_Ejecución mensual del presupuesto del FET - Ejerci.pdf,2007-06-01,2007,jun,EJECUTADO DEL FET AÑO 2007 AL 17-ene-08 En Pesos Recaudación (*),33923978.66
057_Ejecución mensual del presupuesto del FET - Ejerci.pdf,2007-07-01,2007,jul,EJECUTADO DEL FET AÑO 2007 AL 17-ene-08 En Pesos Recaudación (*),30818435.92
057_Ejecución mensual del presupuesto del FET - Ejerci.pdf,2007-08-01,2007,ago,EJECUTADO DEL FET AÑO 2007 AL 17-ene-08 En Pesos Recaudación (*),32771145.89
057_Ejecución mensual del presupuesto del FET - Ejerci.pdf,2007-09-01,2007,sep,EJECUTADO DEL FET AÑO 2007 AL 17-ene-08 En Pesos Recaudación (*),672.79
057_Ejecución mensual del presupuesto del FET - Ejerci.pdf,2007-10-01,2007,oct,EJECUTADO DEL FET AÑO 2007 AL 17-ene-08 En Pesos Recaudación (*),32734404.23
057_Ejecución mensual del presupuesto del FET - Ejerci.pdf,2007-11-01,2007,nov,EJECUTADO DEL FET AÑO 2007 AL 17-ene-08 En Pesos Recaudación (*),37850605.53
057_Ejecución mensual del presupuesto del FET - Ejerci.pdf,2007-12-01,2007,dic,EJECUTADO DEL FET AÑO 2007 AL 17-ene-08 En Pesos Recaudación (*),38810241.04
057_Ejecución mensual del presupuesto del FET - Ejerci.pdf,2007-01-01,2007,ene,ene-07 feb-07 mar-07 abr-07 may-07 jun-07 jul-07 ago-07 sep-07 oct-07 nov-07 dic-07 TOTAL 2007,5044220.88
057_Ejecución mensual del presupuesto del FET - Ejerci.pdf,2007-02-01,2007,feb,ene-07 feb-07 mar-07 abr-07 may-07 jun-07 jul-07 ago-07 sep-07 oct-07 nov-07 dic-07 TOTAL 2007,3456394.23
057_Ejecución mensual del presupuesto del FET - Ejerci.pdf,2007-03-01,2007,mar,ene-07 feb-07 mar-07 abr-07 may-07 jun-07 jul-07 ago-07 sep-07 oct-07 nov-07 dic-07 TOTAL 2007,2151765.93
057_Ejecución mensual del presupuesto del FET - Ejerci.pdf,2007-04-01,2007,abr,ene-07 feb-07 mar-07 abr-07 may-07 jun-07 jul-07 ago-07 sep-07 oct-07 nov-07 dic-07 TOTAL 2007,3848732.47
057_Ejecución mensual del presupuesto del FET - Ejerci.pdf,2007-05-01,2007,may,ene-07 feb-07 mar-07 abr-07 may-07 jun-07 jul-07 ago-07 sep-07 oct-07 nov-07 dic-07 TOTAL 2007,5980533.24
057_Ejecución mensual del presupuesto del FET - Ejerci.pdf,2007-06-01,2007,jun,ene-07 feb-07 mar-07 abr-07 may-07 jun-07 jul-07 ago-07 sep-07 oct-07 nov-07 dic-07 TOTAL 2007,2408871.86
057_Ejecución mensual del presupuesto del FET - Ejerci.pdf,2007-07-01,2007,jul,ene-07 feb-07 mar-07 abr-07 may-07 jun-07 jul-07 ago-07 sep-07 oct-07 nov-07 dic-07 TOTAL 2007,4443773.26
057_Ejecución mensual del presupuesto del FET - Ejerci.pdf,2007-08-01,2007,ago,ene-07 feb-07 mar-07 abr-07 may-07 jun-07 jul-07 ago-07 sep-07 oct-07 nov-07 dic-07 TOTAL 2007,4017014.83
057_Ejecución mensual del presupuesto del FET - Ejerci.pdf,2007-09-01,2007,sep,ene-07 feb-07 mar-07 abr-07 may-07 jun-07 jul-07 ago-07 sep-07 oct-07 nov-07 dic-07 TOTAL 2007,24781375.05
057_Ejecución mensual del presupuesto del FET - Ejerci.pdf,2007-10-01,2007,oct,ene-07 feb-07 mar-07 abr-07 may-07 jun-07 jul-07 ago-07 sep-07 oct-07 nov-07 dic-07 TOTAL 2007,19070153.42
057_Ejecución mensual del presupuesto del FET - Ejerci.pdf,2007-11-01,2007,nov,ene-07 feb-07 mar-07 abr-07 may-07 jun-07 jul-07 ago-07 sep-07 oct-07 nov-07 dic-07 TOTAL 2007,6279.72
057_Ejecución mensual del presupuesto del FET - Ejerci.pdf,2007-12-01,2007,dic,ene-07 feb-07 mar-07 abr-07 may-07 jun-07 jul-07 ago-07 sep-07 oct-07 nov-07 dic-07 TOTAL 2007,47629854.45
058_070000_EjecuciC3B3n mensual del presupuesto del FE.pdf,2007-01-01,2007,ene,EJECUTADO DEL FET AÑO 2007 AL 17-ene-08 En Pesos Recaudación (*),36478653.45
058_070000_EjecuciC3B3n mensual del presupuesto del FE.pdf,2007-02-01,2007,feb,EJECUTADO DEL FET AÑO 2007 AL 17-ene-08 En Pesos Recaudación (*),33666149.07
058_070000_EjecuciC3B3n mensual del presupuesto del FE.pdf,2007-03-01,2007,mar,EJECUTADO DEL FET AÑO 2007 AL 17-ene-08 En Pesos Recaudación (*),31613396.83
058_070000_EjecuciC3B3n mensual del presupuesto del FE.pdf,2007-04-01,2007,abr,EJECUTADO DEL FET AÑO 2007 AL 17-ene-08 En Pesos Recaudación (*),36507986.31
058_070000_EjecuciC3B3n mensual del presupuesto del FE.pdf,2007-05-01,2007,may,EJECUTADO DEL FET AÑO 2007 AL 17-ene-08 En Pesos Recaudación (*),31816940.7
058_070000_EjecuciC3B3n mensual del presupuesto del FE.pdf,2007-06-01,2007,jun,EJECUTADO DEL FET AÑO 2007 AL 17-ene-08 En Pesos Recaudación (*),33923978.66
058_070000_EjecuciC3B3n mensual del presupuesto del FE.pdf,2007-07-01,2007,jul,EJECUTADO DEL FET AÑO 2007 AL 17-ene-08 En Pesos Recaudación (*),30818435.92
058_070000_EjecuciC3B3n mensual del presupuesto del FE.pdf,2007-08-01,2007,ago,EJECUTADO DEL FET AÑO 2007 AL 17-ene-08 En Pesos Recaudación (*),32771145.89
058_070000_EjecuciC3B3n mensual del presupuesto del FE.pdf,2007-09-01,2007,sep,EJECUTADO DEL FET AÑO 2007 AL 17-ene-08 En Pesos Recaudación (*),672.79
058_070000_EjecuciC3B3n mensual del presupuesto del FE.pdf,2007-10-01,2007,oct,EJECUTADO DEL FET AÑO 2007 AL 17-ene-08 En Pesos Recaudación (*),32734404.23
058_070000_EjecuciC3B3n mensual del presupuesto del FE.pdf,2007-11-01,2007,nov,EJECUTADO DEL FET AÑO 2007 AL 17-ene-08 En Pesos Recaudación (*),37850605.53
058_070000_EjecuciC3B3n mensual del presupuesto del FE.pdf,2007-12-01,2007,dic,EJECUTADO DEL FET AÑO 2007 AL 17-ene-08 En Pesos Recaudación (*),38810241.04
058_070000_EjecuciC3B3n mensual del presupuesto del FE.pdf,2007-01-01,2007,ene,ene-07 feb-07 mar-07 abr-07 may-07 jun-07 jul-07 ago-07 sep-07 oct-07 nov-07 dic-07 TOTAL 2007,5044220.88
058_070000_EjecuciC3B3n mensual del presupuesto del FE.pdf,2007-02-01,2007,feb,ene-07 feb-07 mar-07 abr-07 may-07 jun-07 jul-07 ago-07 sep-07 oct-07 nov-07 dic-07 TOTAL 2007,3456394.23
058_070000_EjecuciC3B3n mensual del presupuesto del FE.pdf,2007-03-01,2007,mar,ene-07 feb-07 mar-07 abr-07 may-07 jun-07 jul-07 ago-07 sep-07 oct-07 nov-07 dic-07 TOTAL 2007,2151765.93
058_070000_EjecuciC3B3n mensual del presupuesto del FE.pdf,2007-04-01,2007,abr,ene-07 feb-07 mar-07 abr-07 may-07 jun-07 jul-07 ago-07 sep-07 oct-07 nov-07 dic-07 TOTAL 2007,3848732.47
058_070000_EjecuciC3B3n mensual del presupuesto del FE.pdf,2007-05-01,2007,may,ene-07 feb-07 mar-07 abr-07 may-07 jun-07 jul-07 ago-07 sep-07 oct-07 nov-07 dic-07 TOTAL 2007,5980533.24
058_070000_EjecuciC3B3n mensual del presupuesto del FE.pdf,2007-06-01,2007,jun,ene-07 feb-07 mar-07 abr-07 may-07 jun-07 jul-07 ago-07 sep-07 oct-07 nov-07 dic-07 TOTAL 2007,2408871.86
058_070000_EjecuciC3B3n mensual del presupuesto del FE.pdf,2007-07-01,2007,jul,ene-07 feb-07 mar-07 abr-07 may-07 jun-07 jul-07 ago-07 sep-07 oct-07 nov-07 dic-07 TOTAL 2007,4443773.26
058_070000_EjecuciC3B3n mensual del presupuesto del FE.pdf,2007-08-01,2007,ago,ene-07 feb-07 mar-07 abr-07 may-07 jun-07 jul-07 ago-07 sep-07 oct-07 nov-07 dic-07 TOTAL 2007,4017014.83
058_070000_EjecuciC3B3n mensual del presupuesto del FE.pdf,2007-09-01,2007,sep,ene-07 feb-07 mar-07 abr-07 may-07 jun-07 jul-07 ago-07 sep-07 oct-07 nov-07 dic-07 TOTAL 2007,24781375.05
058_070000_EjecuciC3B3n mensual del presupuesto del FE.pdf,2007-10-01,2007,oct,ene-07 feb-07 mar-07 abr-07 may-07 jun-07 jul-07 ago-07 sep-07 oct-07 nov-07 dic-07 TOTAL 2007,19070153.42
058_070000_EjecuciC3B3n mensual del presupuesto del FE.pdf,2007-11-01,2007,nov,ene-07 feb-07 mar-07 abr-07 may-07 jun-07 jul-07 ago-07 sep-07 oct-07 nov-07 dic-07 TOTAL 2007,6279.72
058_070000_EjecuciC3B3n mensual del presupuesto del FE.pdf,2007-12-01,2007,dic,ene-07 feb-07 mar-07 abr-07 may-07 jun-07 jul-07 ago-07 sep-07 oct-07 nov-07 dic-07 TOTAL 2007,47629854.45
059_Ejecución mensual del presupuesto del FET - Ejerci.pdf,2006-01-01,2006,ene,EJECUTADO DEL FET AÑO 2006 AL 12-ene-07 En Pesos Recaudación (*),35591966.1
059_Ejecución mensual del presupuesto del FET - Ejerci.pdf,2006-02-01,2006,feb,EJECUTADO DEL FET AÑO 2006 AL 12-ene-07 En Pesos Recaudación (*),30106531.1
059_Ejecución mensual del presupuesto del FET - Ejerci.pdf,2006-03-01,2006,mar,EJECUTADO DEL FET AÑO 2006 AL 12-ene-07 En Pesos Recaudación (*),28500608.79
059_Ejecución mensual del presupuesto del FET - Ejerci.pdf,2006-04-01,2006,abr,EJECUTADO DEL FET AÑO 2006 AL 12-ene-07 En Pesos Recaudación (*),31297800.48
059_Ejecución mensual del presupuesto del FET - Ejerci.pdf,2006-05-01,2006,may,EJECUTADO DEL FET AÑO 2006 AL 12-ene-07 En Pesos Recaudación (*),28160784.13
059_Ejecución mensual del presupuesto del FET - Ejerci.pdf,2006-06-01,2006,jun,EJECUTADO DEL FET AÑO 2006 AL 12-ene-07 En Pesos Recaudación (*),28618178.76
059_Ejecución mensual del presupuesto del FET - Ejerci.pdf,2006-07-01,2006,jul,EJECUTADO DEL FET AÑO 2006 AL 12-ene-07 En Pesos Recaudación (*),29545825.76
059_Ejecución mensual del presupuesto del FET - Ejerci.pdf,2006-08-01,2006,ago,EJECUTADO DEL FET AÑO 2006 AL 12-ene-07 En Pesos Recaudación (*),27769773.49
059_Ejecución mensual del presupuesto del FET - Ejerci.pdf,2006-09-01,2006,sep,EJECUTADO DEL FET AÑO 2006 AL 12-ene-07 En Pesos Recaudación (*),222.5
059_Ejecución mensual del presupuesto del FET - Ejerci.pdf,2006-10-01,2006,oct,EJECUTADO DEL FET AÑO 2006 AL 12-ene-07 En Pesos Recaudación (*),29809643.89
059_Ejecución mensual del presupuesto del FET - Ejerci.pdf,2006-11-01,2006,nov,EJECUTADO DEL FET AÑO 2006 AL 12-ene-07 En Pesos Recaudación (*),32070773.38
059_Ejecución mensual del presupuesto del FET - Ejerci.pdf,2006-12-01,2006,dic,EJECUTADO DEL FET AÑO 2006 AL 12-ene-07 En Pesos Recaudación (*),31429214.34
059_Ejecución mensual del presupuesto del FET - Ejerci.pdf,2006-01-01,2006,ene,ene-06 feb-06 mar-06 abr-06 may-06 jun-06 jul-06 ago-06 sep-06 oct-06 nov-06 dic-06 TOTAL 2006,6382356.81
059_Ejecución mensual del presupuesto del FET - Ejerci.pdf,2006-02-01,2006,feb,ene-06 feb-06 mar-06 abr-06 may-06 jun-06 jul-06 ago-06 sep-06 oct-06 nov-06 dic-06 TOTAL 2006,8118170.74
059_Ejecución mensual del presupuesto del FET - Ejerci.pdf,2006-03-01,2006,mar,ene-06 feb-06 mar-06 abr-06 may-06 jun-06 jul-06 ago-06 sep-06 oct-06 nov-06 dic-06 TOTAL 2006,2806004.07
059_Ejecución mensual del presupuesto del FET - Ejerci.pdf,2006-04-01,2006,abr,ene-06 feb-06 mar-06 abr-06 may-06 jun-06 jul-06 ago-06 sep-06 oct-06 nov-06 dic-06 TOTAL 2006,2765531.19
059_Ejecución mensual del presupuesto del FET - Ejerci.pdf,2006-05-01,2006,may,ene-06 feb-06 mar-06 abr-06 may-06 jun-06 jul-06 ago-06 sep-06 oct-06 nov-06 dic-06 TOTAL 2006,609791.0
059_Ejecución mensual del presupuesto del FET - Ejerci.pdf,2006-06-01,2006,jun,ene-06 feb-06 mar-06 abr-06 may-06 jun-06 jul-06 ago-06 sep-06 oct-06 nov-06 dic-06 TOTAL 2006,5875324.44
059_Ejecución mensual del presupuesto del FET - Ejerci.pdf,2006-07-01,2006,jul,ene-06 feb-06 mar-06 abr-06 may-06 jun-06 jul-06 ago-06 sep-06 oct-06 nov-06 dic-06 TOTAL 2006,5060378.51
059_Ejecución mensual del presupuesto del FET - Ejerci.pdf,2006-08-01,2006,ago,ene-06 feb-06 mar-06 abr-06 may-06 jun-06 jul-06 ago-06 sep-06 oct-06 nov-06 dic-06 TOTAL 2006,4789280.9
059_Ejecución mensual del presupuesto del FET - Ejerci.pdf,2006-09-01,2006,sep,ene-06 feb-06 mar-06 abr-06 may-06 jun-06 jul-06 ago-06 sep-06 oct-06 nov-06 dic-06 TOTAL 2006,8432730.09
059_Ejecución mensual del presupuesto del FET - Ejerci.pdf,2006-10-01,2006,oct,ene-06 feb-06 mar-06 abr-06 may-06 jun-06 jul-06 ago-06 sep-06 oct-06 nov-06 dic-06 TOTAL 2006,8629416.24
059_Ejecución mensual del presupuesto del FET - Ejerci.pdf,2006-11-01,2006,nov,ene-06 feb-06 mar-06 abr-06 may-06 jun-06 jul-06 ago-06 sep-06 oct-06 nov-06 dic-06 TOTAL 2006,24895917.11
059_Ejecución mensual del presupuesto del FET - Ejerci.pdf,2006-12-01,2006,dic,ene-06 feb-06 mar-06 abr-06 may-06 jun-06 jul-06 ago-06 sep-06 oct-06 nov-06 dic-06 TOTAL 2006,83901105.99
060_060000_EjecuciC3B3n mensual del presupuesto del FE.pdf,2006-01-01,2006,ene,EJECUTADO DEL FET AÑO 2006 AL 12-ene-07 En Pesos Recaudación (*),35591966.1
060_060000_EjecuciC3B3n mensual del presupuesto del FE.pdf,2006-02-01,2006,feb,EJECUTADO DEL FET AÑO 2006 AL 12-ene-07 En Pesos Recaudación (*),30106531.1
060_060000_EjecuciC3B3n mensual del presupuesto del FE.pdf,2006-03-01,2006,mar,EJECUTADO DEL FET AÑO 2006 AL 12-ene-07 En Pesos Recaudación (*),28500608.79
060_060000_EjecuciC3B3n mensual del presupuesto del FE.pdf,2006-04-01,2006,abr,EJECUTADO DEL FET AÑO 2006 AL 12-ene-07 En Pesos Recaudación (*),31297800.48
060_060000_EjecuciC3B3n mensual del presupuesto del FE.pdf,2006-05-01,2006,may,EJECUTADO DEL FET AÑO 2006 AL 12-ene-07 En Pesos Recaudación (*),28160784.13
060_060000_EjecuciC3B3n mensual del presupuesto del FE.pdf,2006-06-01,2006,jun,EJECUTADO DEL FET AÑO 2006 AL 12-ene-07 En Pesos Recaudación (*),28618178.76
060_060000_EjecuciC3B3n mensual del presupuesto del FE.pdf,2006-07-01,2006,jul,EJECUTADO DEL FET AÑO 2006 AL 12-ene-07 En Pesos Recaudación (*),29545825.76
060_060000_EjecuciC3B3n mensual del presupuesto del FE.pdf,2006-08-01,2006,ago,EJECUTADO DEL FET AÑO 2006 AL 12-ene-07 En Pesos Recaudación (*),27769773.49
060_060000_EjecuciC3B3n mensual del presupuesto del FE.pdf,2006-09-01,2006,sep,EJECUTADO DEL FET AÑO 2006 AL 12-ene-07 En Pesos Recaudación (*),222.5
060_060000_EjecuciC3B3n mensual del presupuesto del FE.pdf,2006-10-01,2006,oct,EJECUTADO DEL FET AÑO 2006 AL 12-ene-07 En Pesos Recaudación (*),29809643.89
060_060000_EjecuciC3B3n mensual del presupuesto del FE.pdf,2006-11-01,2006,nov,EJECUTADO DEL FET AÑO 2006 AL 12-ene-07 En Pesos Recaudación (*),32070773.38
060_060000_EjecuciC3B3n mensual del presupuesto del FE.pdf,2006-12-01,2006,dic,EJECUTADO DEL FET AÑO 2006 AL 12-ene-07 En Pesos Recaudación (*),31429214.34
060_060000_EjecuciC3B3n mensual del presupuesto del FE.pdf,2006-01-01,2006,ene,ene-06 feb-06 mar-06 abr-06 may-06 jun-06 jul-06 ago-06 sep-06 oct-06 nov-06 dic-06 TOTAL 2006,6382356.81
060_060000_EjecuciC3B3n mensual del presupuesto del FE.pdf,2006-02-01,2006,feb,ene-06 feb-06 mar-06 abr-06 may-06 jun-06 jul-06 ago-06 sep-06 oct-06 nov-06 dic-06 TOTAL 2006,8118170.74
060_060000_EjecuciC3B3n mensual del presupuesto del FE.pdf,2006-03-01,2006,mar,ene-06 feb-06 mar-06 abr-06 may-06 jun-06 jul-06 ago-06 sep-06 oct-06 nov-06 dic-06 TOTAL 2006,2806004.07
060_060000_EjecuciC3B3n mensual del presupuesto del FE.pdf,2006-04-01,2006,abr,ene-06 feb-06 mar-06 abr-06 may-06 jun-06 jul-06 ago-06 sep-06 oct-06 nov-06 dic-06 TOTAL 2006,2765531.19
060_060000_EjecuciC3B3n mensual del presupuesto del FE.pdf,2006-05-01,2006,may,ene-06 feb-06 mar-06 abr-06 may-06 jun-06 jul-06 ago-06 sep-06 oct-06 nov-06 dic-06 TOTAL 2006,609791.0
060_060000_EjecuciC3B3n mensual del presupuesto del FE.pdf,2006-06-01,2006,jun,ene-06 feb-06 mar-06 abr-06 may-06 jun-06 jul-06 ago-06 sep-06 oct-06 nov-06 dic-06 TOTAL 2006,5875324.44
060_060000_EjecuciC3B3n mensual del presupuesto del FE.pdf,2006-07-01,2006,jul,ene-06 feb-06 mar-06 abr-06 may-06 jun-06 jul-06 ago-06 sep-06 oct-06 nov-06 dic-06 TOTAL 2006,5060378.51
060_060000_EjecuciC3B3n mensual del presupuesto del FE.pdf,2006-08-01,2006,ago,ene-06 feb-06 mar-06 abr-06 may-06 jun-06 jul-06 ago-06 sep-06 oct-06 nov-06 dic-06 TOTAL 2006,4789280.9
060_060000_EjecuciC3B3n mensual del presupuesto del FE.pdf,2006-09-01,2006,sep,ene-06 feb-06 mar-06 abr-06 may-06 jun-06 jul-06 ago-06 sep-06 oct-06 nov-06 dic-06 TOTAL 2006,8432730.09
060_060000_EjecuciC3B3n mensual del presupuesto del FE.pdf,2006-10-01,2006,oct,ene-06 feb-06 mar-06 abr-06 may-06 jun-06 jul-06 ago-06 sep-06 oct-06 nov-06 dic-06 TOTAL 2006,8629416.24
060_060000_EjecuciC3B3n mensual del presupuesto del FE.pdf,2006-11-01,2006,nov,ene-06 feb-06 mar-06 abr-06 may-06 jun-06 jul-06 ago-06 sep-06 oct-06 nov-06 dic-06 TOTAL 2006,24895917.11
060_060000_EjecuciC3B3n mensual del presupuesto del FE.pdf,2006-12-01,2006,dic,ene-06 feb-06 mar-06 abr-06 may-06 jun-06 jul-06 ago-06 sep-06 oct-06 nov-06 dic-06 TOTAL 2006,83901105.99
061_Ejecución mensual del presupuesto del FET - Ejerci.pdf,2005-01-01,2005,ene,EJECUTADO DEL FET AÑO 2005 AL 03-ene-06 En Pesos Recaudación (*),35765267.68
061_Ejecución mensual del presupuesto del FET - Ejerci.pdf,2005-02-01,2005,feb,EJECUTADO DEL FET AÑO 2005 AL 03-ene-06 En Pesos Recaudación (*),29640982.96
061_Ejecución mensual del presupuesto del FET - Ejerci.pdf,2005-03-01,2005,mar,EJECUTADO DEL FET AÑO 2005 AL 03-ene-06 En Pesos Recaudación (*),29939473.53
061_Ejecución mensual del presupuesto del FET - Ejerci.pdf,2005-04-01,2005,abr,EJECUTADO DEL FET AÑO 2005 AL 03-ene-06 En Pesos Recaudación (*),33871495.7
061_Ejecución mensual del presupuesto del FET - Ejerci.pdf,2005-05-01,2005,may,EJECUTADO DEL FET AÑO 2005 AL 03-ene-06 En Pesos Recaudación (*),30030196.33
061_Ejecución mensual del presupuesto del FET - Ejerci.pdf,2005-06-01,2005,jun,EJECUTADO DEL FET AÑO 2005 AL 03-ene-06 En Pesos Recaudación (*),29412925.52
061_Ejecución mensual del presupuesto del FET - Ejerci.pdf,2005-07-01,2005,jul,EJECUTADO DEL FET AÑO 2005 AL 03-ene-06 En Pesos Recaudación (*),29574546.78
061_Ejecución mensual del presupuesto del FET - Ejerci.pdf,2005-08-01,2005,ago,EJECUTADO DEL FET AÑO 2005 AL 03-ene-06 En Pesos Recaudación (*),28089202.86
061_Ejecución mensual del presupuesto del FET - Ejerci.pdf,2005-09-01,2005,sep,EJECUTADO DEL FET AÑO 2005 AL 03-ene-06 En Pesos Recaudación (*),570.43
061_Ejecución mensual del presupuesto del FET - Ejerci.pdf,2005-10-01,2005,oct,EJECUTADO DEL FET AÑO 2005 AL 03-ene-06 En Pesos Recaudación (*),29966966.61
061_Ejecución mensual del presupuesto del FET - Ejerci.pdf,2005-11-01,2005,nov,EJECUTADO DEL FET AÑO 2005 AL 03-ene-06 En Pesos Recaudación (*),29534883.34
061_Ejecución mensual del presupuesto del FET - Ejerci.pdf,2005-12-01,2005,dic,EJECUTADO DEL FET AÑO 2005 AL 03-ene-06 En Pesos Recaudación (*),31281950.64
061_Ejecución mensual del presupuesto del FET - Ejerci.pdf,2005-01-01,2005,ene,ene-05 feb-05 mar-05 abr-05 may-05 jun-05 jul-05 ago-05 sep-05 oct-05 nov-05 dic-05 TOTAL 2005,28217138.07
061_Ejecución mensual del presupuesto del FET - Ejerci.pdf,2005-02-01,2005,feb,ene-05 feb-05 mar-05 abr-05 may-05 jun-05 jul-05 ago-05 sep-05 oct-05 nov-05 dic-05 TOTAL 2005,23862626.08
061_Ejecución mensual del presupuesto del FET - Ejerci.pdf,2005-03-01,2005,mar,ene-05 feb-05 mar-05 abr-05 may-05 jun-05 jul-05 ago-05 sep-05 oct-05 nov-05 dic-05 TOTAL 2005,23828539.77
061_Ejecución mensual del presupuesto del FET - Ejerci.pdf,2005-04-01,2005,abr,ene-05 feb-05 mar-05 abr-05 may-05 jun-05 jul-05 ago-05 sep-05 oct-05 nov-05 dic-05 TOTAL 2005,27197700.14
061_Ejecución mensual del presupuesto del FET - Ejerci.pdf,2005-05-01,2005,may,ene-05 feb-05 mar-05 abr-05 may-05 jun-05 jul-05 ago-05 sep-05 oct-05 nov-05 dic-05 TOTAL 2005,23359263.38
061_Ejecución mensual del presupuesto del FET - Ejerci.pdf,2005-06-01,2005,jun,ene-05 feb-05 mar-05 abr-05 may-05 jun-05 jul-05 ago-05 sep-05 oct-05 nov-05 dic-05 TOTAL 2005,21837102.49
061_Ejecución mensual del presupuesto del FET - Ejerci.pdf,2005-07-01,2005,jul,ene-05 feb-05 mar-05 abr-05 may-05 jun-05 jul-05 ago-05 sep-05 oct-05 nov-05 dic-05 TOTAL 2005,22666438.24
061_Ejecución mensual del presupuesto del FET - Ejerci.pdf,2005-08-01,2005,ago,ene-05 feb-05 mar-05 abr-05 may-05 jun-05 jul-05 ago-05 sep-05 oct-05 nov-05 dic-05 TOTAL 2005,21246059.82
061_Ejecución mensual del presupuesto del FET - Ejerci.pdf,2005-09-01,2005,sep,ene-05 feb-05 mar-05 abr-05 may-05 jun-05 jul-05 ago-05 sep-05 oct-05 nov-05 dic-05 TOTAL 2005,12958316.86
061_Ejecución mensual del presupuesto del FET - Ejerci.pdf,2005-10-01,2005,oct,ene-05 feb-05 mar-05 abr-05 may-05 jun-05 jul-05 ago-05 sep-05 oct-05 nov-05 dic-05 TOTAL 2005,719566.2
061_Ejecución mensual del presupuesto del FET - Ejerci.pdf,2005-11-01,2005,nov,ene-05 feb-05 mar-05 abr-05 may-05 jun-05 jul-05 ago-05 sep-05 oct-05 nov-05 dic-05 TOTAL 2005,2090177.74
061_Ejecución mensual del presupuesto del FET - Ejerci.pdf,2005-12-01,2005,dic,ene-05 feb-05 mar-05 abr-05 may-05 jun-05 jul-05 ago-05 sep-05 oct-05 nov-05 dic-05 TOTAL 2005,11202262.02
062_050000_EjecuciC3B3n mensual del presupuesto del FE.pdf,2005-01-01,2005,ene,EJECUTADO DEL FET AÑO 2005 AL 03-ene-06 En Pesos Recaudación (*),35765267.68
062_050000_EjecuciC3B3n mensual del presupuesto del FE.pdf,2005-02-01,2005,feb,EJECUTADO DEL FET AÑO 2005 AL 03-ene-06 En Pesos Recaudación (*),29640982.96
062_050000_EjecuciC3B3n mensual del presupuesto del FE.pdf,2005-03-01,2005,mar,EJECUTADO DEL FET AÑO 2005 AL 03-ene-06 En Pesos Recaudación (*),29939473.53
062_050000_EjecuciC3B3n mensual del presupuesto del FE.pdf,2005-04-01,2005,abr,EJECUTADO DEL FET AÑO 2005 AL 03-ene-06 En Pesos Recaudación (*),33871495.7
062_050000_EjecuciC3B3n mensual del presupuesto del FE.pdf,2005-05-01,2005,may,EJECUTADO DEL FET AÑO 2005 AL 03-ene-06 En Pesos Recaudación (*),30030196.33
062_050000_EjecuciC3B3n mensual del presupuesto del FE.pdf,2005-06-01,2005,jun,EJECUTADO DEL FET AÑO 2005 AL 03-ene-06 En Pesos Recaudación (*),29412925.52
062_050000_EjecuciC3B3n mensual del presupuesto del FE.pdf,2005-07-01,2005,jul,EJECUTADO DEL FET AÑO 2005 AL 03-ene-06 En Pesos Recaudación (*),29574546.78
062_050000_EjecuciC3B3n mensual del presupuesto del FE.pdf,2005-08-01,2005,ago,EJECUTADO DEL FET AÑO 2005 AL 03-ene-06 En Pesos Recaudación (*),28089202.86
062_050000_EjecuciC3B3n mensual del presupuesto del FE.pdf,2005-09-01,2005,sep,EJECUTADO DEL FET AÑO 2005 AL 03-ene-06 En Pesos Recaudación (*),570.43
062_050000_EjecuciC3B3n mensual del presupuesto del FE.pdf,2005-10-01,2005,oct,EJECUTADO DEL FET AÑO 2005 AL 03-ene-06 En Pesos Recaudación (*),29966966.61
062_050000_EjecuciC3B3n mensual del presupuesto del FE.pdf,2005-11-01,2005,nov,EJECUTADO DEL FET AÑO 2005 AL 03-ene-06 En Pesos Recaudación (*),29534883.34
062_050000_EjecuciC3B3n mensual del presupuesto del FE.pdf,2005-12-01,2005,dic,EJECUTADO DEL FET AÑO 2005 AL 03-ene-06 En Pesos Recaudación (*),31281950.64
062_050000_EjecuciC3B3n mensual del presupuesto del FE.pdf,2005-01-01,2005,ene,ene-05 feb-05 mar-05 abr-05 may-05 jun-05 jul-05 ago-05 sep-05 oct-05 nov-05 dic-05 TOTAL 2005,28217138.07
062_050000_EjecuciC3B3n mensual del presupuesto del FE.pdf,2005-02-01,2005,feb,ene-05 feb-05 mar-05 abr-05 may-05 jun-05 jul-05 ago-05 sep-05 oct-05 nov-05 dic-05 TOTAL 2005,23862626.08
062_050000_EjecuciC3B3n mensual del presupuesto del FE.pdf,2005-03-01,2005,mar,ene-05 feb-05 mar-05 abr-05 may-05 jun-05 jul-05 ago-05 sep-05 oct-05 nov-05 dic-05 TOTAL 2005,23828539.77
062_050000_EjecuciC3B3n mensual del presupuesto del FE.pdf,2005-04-01,2005,abr,ene-05 feb-05 mar-05 abr-05 may-05 jun-05 jul-05 ago-05 sep-05 oct-05 nov-05 dic-05 TOTAL 2005,27197700.14
062_050000_EjecuciC3B3n mensual del presupuesto del FE.pdf,2005-05-01,2005,may,ene-05 feb-05 mar-05 abr-05 may-05 jun-05 jul-05 ago-05 sep-05 oct-05 nov-05 dic-05 TOTAL 2005,23359263.38
062_050000_EjecuciC3B3n mensual del presupuesto del FE.pdf,2005-06-01,2005,jun,ene-05 feb-05 mar-05 abr-05 may-05 jun-05 jul-05 ago-05 sep-05 oct-05 nov-05 dic-05 TOTAL 2005,21837102.49
062_050000_EjecuciC3B3n mensual del presupuesto del FE.pdf,2005-07-01,2005,jul,ene-05 feb-05 mar-05 abr-05 may-05 jun-05 jul-05 ago-05 sep-05 oct-05 nov-05 dic-05 TOTAL 2005,22666438.24
062_050000_EjecuciC3B3n mensual del presupuesto del FE.pdf,2005-08-01,2005,ago,ene-05 feb-05 mar-05 abr-05 may-05 jun-05 jul-05 ago-05 sep-05 oct-05 nov-05 dic-05 TOTAL 2005,21246059.82
062_050000_EjecuciC3B3n mensual del presupuesto del FE.pdf,2005-09-01,2005,sep,ene-05 feb-05 mar-05 abr-05 may-05 jun-05 jul-05 ago-05 sep-05 oct-05 nov-05 dic-05 TOTAL 2005,12958316.86
062_050000_EjecuciC3B3n mensual del presupuesto del FE.pdf,2005-10-01,2005,oct,ene-05 feb-05 mar-05 abr-05 may-05 jun-05 jul-05 ago-05 sep-05 oct-05 nov-05 dic-05 TOTAL 2005,719566.2
062_050000_EjecuciC3B3n mensual del presupuesto del FE.pdf,2005-11-01,2005,nov,ene-05 feb-05 mar-05 abr-05 may-05 jun-05 jul-05 ago-05 sep-05 oct-05 nov-05 dic-05 TOTAL 2005,2090177.74
062_050000_EjecuciC3B3n mensual del presupuesto del FE.pdf,2005-12-01,2005,dic,ene-05 feb-05 mar-05 abr-05 may-05 jun-05 jul-05 ago-05 sep-05 oct-05 nov-05 dic-05 TOTAL 2005,11202262.02
