campana;provincia;tipo_tabaco;clase_comercial;es_total_clase;volumen_kg;pagina_origen
2018/2019;SALTA;VIRGINIA;T1L;False;27.0;7
2018/2019;JUJUY;VIRGINIA;B1F;False;7855528.0;7
2018/2019;SALTA;VIRGINIA;B1F;False;12100889.0;7
2018/2019;TUCUMAN;VIRGINIA;B1F;False;2449.0;7
2018/2019;JUJUY;VIRGINIA;B1L;False;110112.0;7
2018/2019;SALTA;VIRGINIA;B1L;False;96810.0;7
2018/2019;TUCUMAN;VIRGINIA;B1L;False;33.0;7
2018/2019;JUJUY;VIRGINIA;C1F;False;2980485.0;7
2018/2019;SALTA;VIRGINIA;C1F;False;3273134.0;7
2018/2019;TUCUMAN;VIRGINIA;C1F;False;236.0;7
2018/2019;JUJUY;VIRGINIA;C1L;False;527652.0;7
2018/2019;SALTA;VIRGINIA;C1L;False;124578.0;7
2018/2019;TUCUMAN;VIRGINIA;C1L;False;205.0;7
2018/2019;JUJUY;VIRGINIA;X1F;False;955560.0;7
2018/2019;SALTA;VIRGINIA;X1F;False;1550854.0;7
2018/2019;JUJUY;VIRGINIA;X1L;False;247761.0;7
2018/2019;SALTA;VIRGINIA;X1L;False;103533.0;7
2018/2019;JUJUY;VIRGINIA;T2KL;False;33.0;7
2018/2019;JUJUY;VIRGINIA;T2KF;False;100.0;7
2018/2019;JUJUY;VIRGINIA;B2F;False;2343789.0;7
2018/2019;SALTA;VIRGINIA;B2F;False;2951939.0;7
2018/2019;TUCUMAN;VIRGINIA;B2F;False;913.0;7
2018/2019;JUJUY;VIRGINIA;B2L;False;139897.0;7
2018/2019;SALTA;VIRGINIA;B2L;False;25398.0;7
2018/2019;JUJUY;VIRGINIA;B2KL;False;193729.0;7
2018/2019;SALTA;VIRGINIA;B2KL;False;46307.0;7
2018/2019;JUJUY;VIRGINIA;B2KF;False;654590.0;7
2018/2019;SALTA;VIRGINIA;B2KF;False;76155.0;7
2018/2019;JUJUY;VIRGINIA;C2F;False;1459329.0;7
2018/2019;SALTA;VIRGINIA;C2F;False;897860.0;7
2018/2019;TUCUMAN;VIRGINIA;C2F;False;431.0;7
2018/2019;JUJUY;VIRGINIA;C2L;False;396778.0;7
2018/2019;SALTA;VIRGINIA;C2L;False;37022.0;7
2018/2019;TUCUMAN;VIRGINIA;C2L;False;105.0;7
2018/2019;JUJUY;VIRGINIA;C2K;False;781586.0;7
2018/2019;SALTA;VIRGINIA;C2K;False;33082.0;7
2018/2019;JUJUY;VIRGINIA;X2F;False;812533.0;7
2018/2019;SALTA;VIRGINIA;X2F;False;672009.0;7
2018/2019;TUCUMAN;VIRGINIA;X2F;False;480.0;7
2018/2019;JUJUY;VIRGINIA;X2L;False;338160.0;7
2018/2019;SALTA;VIRGINIA;X2L;False;43143.0;7
2018/2019;TUCUMAN;VIRGINIA;X2L;False;18.0;7
2018/2019;JUJUY;VIRGINIA;X2K;False;4929.0;7
2018/2019;SALTA;VIRGINIA;X2K;False;1864.0;7
2018/2019;JUJUY;VIRGINIA;B3F;False;2188812.0;7
2018/2019;SALTA;VIRGINIA;B3F;False;2723809.0;7
2018/2019;TUCUMAN;VIRGINIA;B3F;False;952.0;7
2018/2019;JUJUY;VIRGINIA;B3L;False;650987.0;7
2018/2019;SALTA;VIRGINIA;B3L;False;70536.0;7
2018/2019;JUJUY;VIRGINIA;B3KL;False;195776.0;7
2018/2019;SALTA;VIRGINIA;B3KL;False;72838.0;7
2018/2019;JUJUY;VIRGINIA;B3KF;False;146507.0;7
2018/2019;SALTA;VIRGINIA;B3KF;False;27888.0;7
2018/2019;JUJUY;VIRGINIA;C3F;False;1508186.0;7
2018/2019;SALTA;VIRGINIA;C3F;False;943308.0;7
2018/2019;TUCUMAN;VIRGINIA;C3F;False;1212.0;7
2018/2019;JUJUY;VIRGINIA;C3L;False;583042.0;7
2018/2019;SALTA;VIRGINIA;C3L;False;97137.0;7
2018/2019;TUCUMAN;VIRGINIA;C3L;False;62.0;7
2018/2019;JUJUY;VIRGINIA;C3K;False;251650.0;7
2018/2019;SALTA;VIRGINIA;C3K;False;222413.0;7
2018/2019;JUJUY;VIRGINIA;X3F;False;1289671.0;7
2018/2019;SALTA;VIRGINIA;X3F;False;771140.0;7
2018/2019;TUCUMAN;VIRGINIA;X3F;False;342.0;7
2018/2019;JUJUY;VIRGINIA;X3L;False;356851.0;7
2018/2019;SALTA;VIRGINIA;X3L;False;80912.0;7
2018/2019;JUJUY;VIRGINIA;X3K;False;402328.0;7
2018/2019;SALTA;VIRGINIA;X3K;False;210718.0;7
2018/2019;JUJUY;VIRGINIA;B4F;False;1426502.0;7
2018/2019;SALTA;VIRGINIA;B4F;False;1337112.0;7
2018/2019;TUCUMAN;VIRGINIA;B4F;False;354.0;7
2018/2019;JUJUY;VIRGINIA;B4L;False;317200.0;7
2018/2019;SALTA;VIRGINIA;B4L;False;95975.0;7
2018/2019;JUJUY;VIRGINIA;C4F;False;1062431.0;7
2018/2019;SALTA;VIRGINIA;C4F;False;296662.0;7
2018/2019;TUCUMAN;VIRGINIA;C4F;False;783.0;7
2018/2019;JUJUY;VIRGINIA;C4L;False;575313.0;7
2018/2019;SALTA;VIRGINIA;C4L;False;433485.0;7
2018/2019;JUJUY;VIRGINIA;X4F;False;866733.0;7
2018/2019;SALTA;VIRGINIA;X4F;False;415656.0;7
2018/2019;TUCUMAN;VIRGINIA;X4F;False;1129.0;7
2018/2019;JUJUY;VIRGINIA;X4L;False;412541.0;7
2018/2019;SALTA;VIRGINIA;X4L;False;403593.0;7
2018/2019;JUJUY;VIRGINIA;NVX;False;20108.0;7
2018/2019;SALTA;VIRGINIA;NVX;False;51967.0;7
2018/2019;JUJUY;VIRGINIA;NVC;False;46258.0;7
2018/2019;SALTA;VIRGINIA;NVC;False;82354.0;7
2018/2019;JUJUY;VIRGINIA;NVB;False;68598.0;7
2018/2019;SALTA;VIRGINIA;NVB;False;248524.0;7
2018/2019;JUJUY;VIRGINIA;N5K;False;9676.0;7
2018/2019;SALTA;VIRGINIA;N5K;False;196.0;7
2018/2019;JUJUY;VIRGINIA;N5X;False;349104.0;7
2018/2019;SALTA;VIRGINIA;N5X;False;350476.0;7
2018/2019;JUJUY;VIRGINIA;N5C;False;694986.0;7
2018/2019;SALTA;VIRGINIA;N5C;False;542087.0;7
2018/2019;JUJUY;VIRGINIA;N5B;False;474429.0;7
2018/2019;SALTA;VIRGINIA;N5B;False;680113.0;7
2018/2019;CHACO;VIRGINIA;T1F;False;1326.0;8
2018/2019;TOTAL_NACIONAL;VIRGINIA;T1F;False;1326.0;8
2018/2019;CHACO;VIRGINIA;T1L;False;35.0;8
2018/2019;TOTAL_NACIONAL;VIRGINIA;T1L;False;62.0;8
2018/2019;MISIONES;VIRGINIA;B1F;False;4011.0;8
2018/2019;CHACO;VIRGINIA;B1F;False;61853.0;8
2018/2019;TOTAL_NACIONAL;VIRGINIA;B1F;False;20024730.0;8
2018/2019;MISIONES;VIRGINIA;B1L;False;182.0;8
2018/2019;CHACO;VIRGINIA;B1L;False;2629.0;8
2018/2019;TOTAL_NACIONAL;VIRGINIA;B1L;False;209766.0;8
2018/2019;MISIONES;VIRGINIA;C1F;False;1197.0;8
2018/2019;CHACO;VIRGINIA;C1F;False;137070.0;8
2018/2019;TOTAL_NACIONAL;VIRGINIA;C1F;False;6392122.0;8
2018/2019;MISIONES;VIRGINIA;C1L;False;568.0;8
2018/2019;CHACO;VIRGINIA;C1L;False;18047.0;8
2018/2019;TOTAL_NACIONAL;VIRGINIA;C1L;False;671050.0;8
2018/2019;CHACO;VIRGINIA;X1F;False;10792.0;8
2018/2019;TOTAL_NACIONAL;VIRGINIA;X1F;False;2517206.0;8
2018/2019;CHACO;VIRGINIA;X1L;False;26336.0;8
2018/2019;TOTAL_NACIONAL;VIRGINIA;X1L;False;377630.0;8
2018/2019;CHACO;VIRGINIA;T2F;False;620.0;8
2018/2019;TOTAL_NACIONAL;VIRGINIA;T2F;False;620.0;8
2018/2019;CHACO;VIRGINIA;T2L;False;35.0;8
2018/2019;TOTAL_NACIONAL;VIRGINIA;T2L;False;35.0;8
2018/2019;TOTAL_NACIONAL;VIRGINIA;T2KL;False;33.0;8
2018/2019;CHACO;VIRGINIA;T2KF;False;48.0;8
2018/2019;TOTAL_NACIONAL;VIRGINIA;T2KF;False;148.0;8
2018/2019;MISIONES;VIRGINIA;B2F;False;1098.0;8
2018/2019;CHACO;VIRGINIA;B2F;False;27701.0;8
2018/2019;TOTAL_NACIONAL;VIRGINIA;B2F;False;5325440.0;8
2018/2019;CHACO;VIRGINIA;B2L;False;683.0;8
2018/2019;TOTAL_NACIONAL;VIRGINIA;B2L;False;165978.0;8
2018/2019;CHACO;VIRGINIA;B2KL;False;252.0;8
2018/2019;TOTAL_NACIONAL;VIRGINIA;B2KL;False;240288.0;8
2018/2019;CHACO;VIRGINIA;B2KF;False;9615.0;8
2018/2019;TOTAL_NACIONAL;VIRGINIA;B2KF;False;740360.0;8
2018/2019;MISIONES;VIRGINIA;C2F;False;1105.0;8
2018/2019;CHACO;VIRGINIA;C2F;False;48068.0;8
2018/2019;TOTAL_NACIONAL;VIRGINIA;C2F;False;2406793.0;8
2018/2019;MISIONES;VIRGINIA;C2L;False;122.0;8
2018/2019;CHACO;VIRGINIA;C2L;False;3208.0;8
2018/2019;TOTAL_NACIONAL;VIRGINIA;C2L;False;437235.0;8
2018/2019;CHACO;VIRGINIA;C2K;False;5784.0;8
2018/2019;TOTAL_NACIONAL;VIRGINIA;C2K;False;820452.0;8
2018/2019;MISIONES;VIRGINIA;X2F;False;643.0;8
2018/2019;CHACO;VIRGINIA;X2F;False;2496.0;8
2018/2019;TOTAL_NACIONAL;VIRGINIA;X2F;False;1488161.0;8
2018/2019;MISIONES;VIRGINIA;X2L;False;194.0;8
2018/2019;CHACO;VIRGINIA;X2L;False;9372.0;8
2018/2019;TOTAL_NACIONAL;VIRGINIA;X2L;False;390887.0;8
2018/2019;CHACO;VIRGINIA;X2K;False;238.0;8
2018/2019;TOTAL_NACIONAL;VIRGINIA;X2K;False;7031.0;8
2018/2019;MISIONES;VIRGINIA;B3F;False;375.0;8
2018/2019;CHACO;VIRGINIA;B3F;False;15236.0;8
2018/2019;TOTAL_NACIONAL;VIRGINIA;B3F;False;4929184.0;8
2018/2019;CHACO;VIRGINIA;B3L;False;600.0;8
2018/2019;TOTAL_NACIONAL;VIRGINIA;B3L;False;722123.0;8
2018/2019;CHACO;VIRGINIA;B3KL;False;190.0;8
2018/2019;TOTAL_NACIONAL;VIRGINIA;B3KL;False;268804.0;8
2018/2019;CHACO;VIRGINIA;B3KF;False;2959.0;8
2018/2019;TOTAL_NACIONAL;VIRGINIA;B3KF;False;177354.0;8
2018/2019;MISIONES;VIRGINIA;C3F;False;1747.0;8
2018/2019;CHACO;VIRGINIA;C3F;False;34422.0;8
2018/2019;TOTAL_NACIONAL;VIRGINIA;C3F;False;2488875.0;8
2018/2019;MISIONES;VIRGINIA;C3L;False;35.0;8
2018/2019;CHACO;VIRGINIA;C3L;False;2577.0;8
2018/2019;TOTAL_NACIONAL;VIRGINIA;C3L;False;682853.0;8
2018/2019;CHACO;VIRGINIA;C3K;False;3521.0;8
2018/2019;TOTAL_NACIONAL;VIRGINIA;C3K;False;477584.0;8
2018/2019;MISIONES;VIRGINIA;X3F;False;344.0;8
2018/2019;CHACO;VIRGINIA;X3F;False;2006.0;8
2018/2019;TOTAL_NACIONAL;VIRGINIA;X3F;False;2063503.0;8
2018/2019;CHACO;VIRGINIA;X3L;False;6617.0;8
2018/2019;TOTAL_NACIONAL;VIRGINIA;X3L;False;444380.0;8
2018/2019;TOTAL_NACIONAL;VIRGINIA;X3K;False;613046.0;8
2018/2019;MISIONES;VIRGINIA;B4F;False;22.0;8
2018/2019;CHACO;VIRGINIA;B4F;False;11445.0;8
2018/2019;TOTAL_NACIONAL;VIRGINIA;B4F;False;2775435.0;8
2018/2019;CHACO;VIRGINIA;B4L;False;576.0;8
2018/2019;TOTAL_NACIONAL;VIRGINIA;B4L;False;413751.0;8
2018/2019;MISIONES;VIRGINIA;C4F;False;778.0;8
2018/2019;CHACO;VIRGINIA;C4F;False;24212.0;8
2018/2019;TOTAL_NACIONAL;VIRGINIA;C4F;False;1384866.0;8
2018/2019;CHACO;VIRGINIA;C4L;False;4492.0;8
2018/2019;TOTAL_NACIONAL;VIRGINIA;C4L;False;1013290.0;8
2018/2019;MISIONES;VIRGINIA;X4F;False;469.0;8
2018/2019;CHACO;VIRGINIA;X4F;False;583.0;8
2018/2019;TOTAL_NACIONAL;VIRGINIA;X4F;False;1284570.0;8
2018/2019;CHACO;VIRGINIA;X4L;False;7077.0;8
2018/2019;TOTAL_NACIONAL;VIRGINIA;X4L;False;823211.0;8
2018/2019;CHACO;VIRGINIA;NVX;False;83.0;8
2018/2019;TOTAL_NACIONAL;VIRGINIA;NVX;False;72158.0;8
2018/2019;CHACO;VIRGINIA;NVC;False;4267.0;8
2018/2019;TOTAL_NACIONAL;VIRGINIA;NVC;False;132879.0;8
2018/2019;CHACO;VIRGINIA;NVB;False;1190.0;8
2018/2019;TOTAL_NACIONAL;VIRGINIA;NVB;False;318312.0;8
2018/2019;CHACO;VIRGINIA;N5K;False;719.0;8
2018/2019;TOTAL_NACIONAL;VIRGINIA;N5K;False;10591.0;8
2018/2019;CHACO;VIRGINIA;N5X;False;3943.0;8
2018/2019;TOTAL_NACIONAL;VIRGINIA;N5X;False;703523.0;8
2018/2019;CHACO;VIRGINIA;N5C;False;15721.0;8
2018/2019;TOTAL_NACIONAL;VIRGINIA;N5C;False;1252794.0;8
2018/2019;CHACO;VIRGINIA;N5B;False;2736.0;8
2018/2019;TOTAL_NACIONAL;VIRGINIA;N5B;False;1157278.0;8
2018/2019;MISIONES;BURLEY;T1F;False;299379.0;9
2018/2019;TUCUMAN;BURLEY;T1F;False;30514.0;9
2018/2019;CATAMARCA;BURLEY;T1F;False;6916.0;9
2018/2019;TOTAL_NACIONAL;BURLEY;T1F;False;336809.0;9
2018/2019;MISIONES;BURLEY;T1FR;False;1422166.0;9
2018/2019;TUCUMAN;BURLEY;T1FR;False;21879.0;9
2018/2019;CATAMARCA;BURLEY;T1FR;False;720.0;9
2018/2019;TOTAL_NACIONAL;BURLEY;T1FR;False;1444765.0;9
2018/2019;MISIONES;BURLEY;B1F;False;2185480.0;9
2018/2019;TUCUMAN;BURLEY;B1F;False;379886.0;9
2018/2019;CATAMARCA;BURLEY;B1F;False;64893.0;9
2018/2019;TOTAL_NACIONAL;BURLEY;B1F;False;2630259.0;9
2018/2019;MISIONES;BURLEY;B1FR;False;3861547.0;9
2018/2019;TUCUMAN;BURLEY;B1FR;False;114439.0;9
2018/2019;CATAMARCA;BURLEY;B1FR;False;14737.0;9
2018/2019;TOTAL_NACIONAL;BURLEY;B1FR;False;3990723.0;9
2018/2019;MISIONES;BURLEY;C1L;False;2559106.0;9
2018/2019;TUCUMAN;BURLEY;C1L;False;428678.0;9
2018/2019;CATAMARCA;BURLEY;C1L;False;63935.0;9
2018/2019;TOTAL_NACIONAL;BURLEY;C1L;False;3051719.0;9
2018/2019;MISIONES;BURLEY;C1F;False;2594190.0;9
2018/2019;TUCUMAN;BURLEY;C1F;False;349284.0;9
2018/2019;CATAMARCA;BURLEY;C1F;False;51404.0;9
2018/2019;TOTAL_NACIONAL;BURLEY;C1F;False;2994878.0;9
2018/2019;MISIONES;BURLEY;X1L;False;785003.0;9
2018/2019;TUCUMAN;BURLEY;X1L;False;202120.0;9
2018/2019;CATAMARCA;BURLEY;X1L;False;25849.0;9
2018/2019;TOTAL_NACIONAL;BURLEY;X1L;False;1012972.0;9
2018/2019;MISIONES;BURLEY;X1F;False;138831.0;9
2018/2019;TUCUMAN;BURLEY;X1F;False;79619.0;9
2018/2019;CATAMARCA;BURLEY;X1F;False;13983.0;9
2018/2019;TOTAL_NACIONAL;BURLEY;X1F;False;232433.0;9
2018/2019;MISIONES;BURLEY;T2F;False;253555.0;9
2018/2019;TUCUMAN;BURLEY;T2F;False;55372.0;9
2018/2019;CATAMARCA;BURLEY;T2F;False;8680.0;9
2018/2019;TOTAL_NACIONAL;BURLEY;T2F;False;317607.0;9
2018/2019;MISIONES;BURLEY;T2FR;False;1707962.0;9
2018/2019;TUCUMAN;BURLEY;T2FR;False;61094.0;9
2018/2019;CATAMARCA;BURLEY;T2FR;False;3389.0;9
2018/2019;TOTAL_NACIONAL;BURLEY;T2FR;False;1772445.0;9
2018/2019;MISIONES;BURLEY;B2F;False;876730.0;9
2018/2019;TUCUMAN;BURLEY;B2F;False;338594.0;9
2018/2019;CATAMARCA;BURLEY;B2F;False;57574.0;9
2018/2019;TOTAL_NACIONAL;BURLEY;B2F;False;1272898.0;9
2018/2019;MISIONES;BURLEY;B2FR;False;4395991.0;9
2018/2019;TUCUMAN;BURLEY;B2FR;False;310862.0;9
2018/2019;CATAMARCA;BURLEY;B2FR;False;39075.0;9
2018/2019;TOTAL_NACIONAL;BURLEY;B2FR;False;4745928.0;9
2018/2019;MISIONES;BURLEY;C2L;False;2709562.0;9
2018/2019;TUCUMAN;BURLEY;C2L;False;341224.0;9
2018/2019;CATAMARCA;BURLEY;C2L;False;43537.0;9
2018/2019;TOTAL_NACIONAL;BURLEY;C2L;False;3094323.0;9
2018/2019;MISIONES;BURLEY;C2F;False;1521269.0;9
2018/2019;TUCUMAN;BURLEY;C2F;False;385744.0;9
2018/2019;CATAMARCA;BURLEY;C2F;False;53259.0;9
2018/2019;TOTAL_NACIONAL;BURLEY;C2F;False;1960272.0;9
2018/2019;MISIONES;BURLEY;X2L;False;1808610.0;9
2018/2019;TUCUMAN;BURLEY;X2L;False;729043.0;9
2018/2019;CATAMARCA;BURLEY;X2L;False;67638.0;9
2018/2019;TOTAL_NACIONAL;BURLEY;X2L;False;2605291.0;9
2018/2019;MISIONES;BURLEY;X2F;False;635916.0;9
2018/2019;TUCUMAN;BURLEY;X2F;False;111661.0;9
2018/2019;CATAMARCA;BURLEY;X2F;False;15467.0;9
2018/2019;TOTAL_NACIONAL;BURLEY;X2F;False;763044.0;9
2018/2019;MISIONES;BURLEY;T3K;False;149159.0;9
2018/2019;TUCUMAN;BURLEY;T3K;False;1007.0;9
2018/2019;CATAMARCA;BURLEY;T3K;False;455.0;9
2018/2019;TOTAL_NACIONAL;BURLEY;T3K;False;150621.0;9
2018/2019;MISIONES;BURLEY;C3L;False;1583313.0;9
2018/2019;TUCUMAN;BURLEY;C3L;False;361661.0;9
2018/2019;CATAMARCA;BURLEY;C3L;False;37078.0;9
2018/2019;TOTAL_NACIONAL;BURLEY;C3L;False;1982052.0;9
2018/2019;MISIONES;BURLEY;C3F;False;1174623.0;9
2018/2019;TUCUMAN;BURLEY;C3F;False;288409.0;9
2018/2019;CATAMARCA;BURLEY;C3F;False;31056.0;9
2018/2019;TOTAL_NACIONAL;BURLEY;C3F;False;1494088.0;9
2018/2019;MISIONES;BURLEY;C3K;False;80199.0;9
2018/2019;TUCUMAN;BURLEY;C3K;False;6618.0;9
2018/2019;CATAMARCA;BURLEY;C3K;False;2118.0;9
2018/2019;TOTAL_NACIONAL;BURLEY;C3K;False;88935.0;9
2018/2019;MISIONES;BURLEY;X3K;False;128376.0;9
2018/2019;TUCUMAN;BURLEY;X3K;False;22171.0;9
2018/2019;CATAMARCA;BURLEY;X3K;False;770.0;9
2018/2019;TOTAL_NACIONAL;BURLEY;X3K;False;151317.0;9
2018/2019;MISIONES;BURLEY;B3F;False;431373.0;9
2018/2019;TUCUMAN;BURLEY;B3F;False;242096.0;9
2018/2019;CATAMARCA;BURLEY;B3F;False;9262.0;9
2018/2019;TOTAL_NACIONAL;BURLEY;B3F;False;682731.0;9
2018/2019;MISIONES;BURLEY;B3FR;False;1271604.0;9
2018/2019;TUCUMAN;BURLEY;B3FR;False;191770.0;9
2018/2019;CATAMARCA;BURLEY;B3FR;False;11754.0;9
2018/2019;TOTAL_NACIONAL;BURLEY;B3FR;False;1475128.0;9
2018/2019;MISIONES;BURLEY;B3K;False;69595.0;9
2018/2019;TUCUMAN;BURLEY;B3K;False;1146.0;9
2018/2019;CATAMARCA;BURLEY;B3K;False;627.0;9
2018/2019;TOTAL_NACIONAL;BURLEY;B3K;False;71368.0;9
2018/2019;MISIONES;BURLEY;NG;False;5895.0;9
2018/2019;TUCUMAN;BURLEY;NG;False;230.0;9
2018/2019;CATAMARCA;BURLEY;NG;False;404.0;9
2018/2019;TOTAL_NACIONAL;BURLEY;NG;False;6529.0;9
2018/2019;MISIONES;BURLEY;NX;False;364128.0;9
2018/2019;TUCUMAN;BURLEY;NX;False;20564.0;9
2018/2019;CATAMARCA;BURLEY;NX;False;919.0;9
2018/2019;TOTAL_NACIONAL;BURLEY;NX;False;385611.0;9
2018/2019;MISIONES;BURLEY;NB;False;15841.0;9
2018/2019;TUCUMAN;BURLEY;NB;False;91.0;9
2018/2019;TOTAL_NACIONAL;BURLEY;NB;False;15932.0;9
2018/2019;MISIONES;CR. MISIONERO;B1;False;92003.0;10
2018/2019;MISIONES;CR. MISIONERO;B1;False;18941.0;10
2018/2019;MISIONES;CR. MISIONERO;B1;False;110944.0;10
2018/2019;MISIONES;CR. MISIONERO;B2;False;33076.0;10
2018/2019;MISIONES;CR. MISIONERO;B2;False;9987.0;10
2018/2019;MISIONES;CR. MISIONERO;B2;False;43063.0;10
2018/2019;TUCUMAN;CR. ARGENTINO;B3;False;2230.0;10
2018/2019;CATAMARCA;CR. ARGENTINO;B3;False;525.0;10
2018/2019;TOTAL_NACIONAL;CR. ARGENTINO;B3;False;2755.0;10
2018/2019;CORRIENTES;CR. CORRENTINO;C1;False;11703.0;10
2018/2019;CORRIENTES;CR. CORRENTINO;C1;False;2322.0;10
2018/2019;CORRIENTES;CR. CORRENTINO;C1;False;14025.0;10
2018/2019;CORRIENTES;CR. CORRENTINO;C2;False;27763.0;10
2018/2019;CORRIENTES;CR. CORRENTINO;C2;False;8425.0;10
2018/2019;CORRIENTES;CR. CORRENTINO;C2;False;36188.0;10
2018/2019;TUCUMAN;CR. ARGENTINO;T2;False;10731.0;10
2018/2019;CATAMARCA;CR. ARGENTINO;T2;False;14123.0;10
2018/2019;TUCUMAN;CR. ARGENTINO;T4;False;666.0;10
2018/2019;CATAMARCA;CR. ARGENTINO;T4;False;1138.0;10
2018/2019;CORRIENTES;CR. CORRENTINO;X2;False;26883.0;10
2018/2019;CORRIENTES;CR. CORRENTINO;X2;False;33993.0;10
2018/2019;TUCUMAN;CR. ARGENTINO;X4;False;319.0;10
2018/2019;CATAMARCA;CR. ARGENTINO;X4;False;319.0;10
2018/2019;CORRIENTES;CR. CORRENTINO;C1;False;122146.0;10
2018/2019;CORRIENTES;CR. CORRENTINO;C1;False;9074.0;10
2018/2019;CORRIENTES;CR. CORRENTINO;C1;False;1163.0;10
2018/2019;CORRIENTES;CR. CORRENTINO;C1;False;132383.0;10
2018/2019;CORRIENTES;CR. CORRENTINO;C2;False;63152.0;10
2018/2019;CORRIENTES;CR. CORRENTINO;C2;False;14619.0;10
2018/2019;CORRIENTES;CR. CORRENTINO;C2;False;2060.0;10
2018/2019;CORRIENTES;CR. CORRENTINO;C2;False;79831.0;10
2018/2019;MISIONES;CR. MISIONERO;B1;False;174634.0;10
2018/2019;MISIONES;CR. MISIONERO;B1;False;14089.0;10
2018/2019;MISIONES;CR. MISIONERO;B1;False;1987.0;10
2018/2019;MISIONES;CR. MISIONERO;B1;False;190710.0;10
2018/2019;MISIONES;CR. MISIONERO;B2;False;84103.0;10
2018/2019;MISIONES;CR. MISIONERO;B2;False;14537.0;10
2018/2019;MISIONES;CR. MISIONERO;B2;False;2252.0;10
2018/2019;MISIONES;CR. MISIONERO;B2;False;100892.0;10
2018/2019;MISIONES;CR. MISIONERO;T1;False;57104.0;10
2018/2019;MISIONES;CR. MISIONERO;T1;False;3243.0;10
2018/2019;MISIONES;CR. MISIONERO;T1;False;440.0;10
2018/2019;MISIONES;CR. MISIONERO;T1;False;60787.0;10
2018/2019;CORRIENTES;CR. CORRENTINO;X1;False;67753.0;10
2018/2019;CORRIENTES;CR. CORRENTINO;X1;False;1597.0;10
2018/2019;CORRIENTES;CR. CORRENTINO;X1;False;333.0;10
2018/2019;CORRIENTES;CR. CORRENTINO;X1;False;69683.0;10
2018/2019;MISIONES;CR. MISIONERO;N4;False;28277.0;10
2018/2019;MISIONES;CR. MISIONERO;N5;False;260.0;10
2018/2019;CORRIENTES;CR. CORRENTINO;C1;False;463855.0;10
2018/2019;CHACO;CR. CHAQUEÑO;CH1;False;369382.0;10
2018/2019;CORRIENTES;CR. CORRENTINO;C2;False;71808.0;10
2018/2019;CHACO;CR. CHAQUEÑO;CH2;False;136904.0;10
2018/2019;CORRIENTES;CR. CORRENTINO;C3;False;46724.0;10
2018/2019;CHACO;CR. CHAQUEÑO;CH3;False;28286.0;10
2018/2019;CORRIENTES;CR. CORRENTINO;X1;False;88204.0;10
2018/2019;CORRIENTES;CR. CORRENTINO;X2;False;33361.0;10
2018/2019;CORRIENTES;CR. CORRENTINO;T;False;32689.0;10
2018/2019;CORRIENTES;CR. CORRENTINO;N;False;586.0;10
2019/2020;SALTA;VIRGINIA;T1F;False;42.0;7
2019/2020;JUJUY;VIRGINIA;B1F;False;8309166.0;7
2019/2020;SALTA;VIRGINIA;B1F;False;10849531.0;7
2019/2020;TUCUMAN;VIRGINIA;B1F;False;12222.0;7
2019/2020;JUJUY;VIRGINIA;B1L;False;70113.0;7
2019/2020;SALTA;VIRGINIA;B1L;False;189719.0;7
2019/2020;TUCUMAN;VIRGINIA;B1L;False;79.0;7
2019/2020;JUJUY;VIRGINIA;C1F;False;3270863.0;7
2019/2020;SALTA;VIRGINIA;C1F;False;3987368.0;7
2019/2020;TUCUMAN;VIRGINIA;C1F;False;4606.0;7
2019/2020;JUJUY;VIRGINIA;C1L;False;243409.0;7
2019/2020;SALTA;VIRGINIA;C1L;False;216263.0;7
2019/2020;TUCUMAN;VIRGINIA;C1L;False;1396.0;7
2019/2020;JUJUY;VIRGINIA;X1F;False;1367094.0;7
2019/2020;SALTA;VIRGINIA;X1F;False;2033637.0;7
2019/2020;TUCUMAN;VIRGINIA;X1F;False;248.0;7
2019/2020;JUJUY;VIRGINIA;X1L;False;450364.0;7
2019/2020;SALTA;VIRGINIA;X1L;False;149060.0;7
2019/2020;TUCUMAN;VIRGINIA;X1L;False;26.0;7
2019/2020;JUJUY;VIRGINIA;T2F;False;33.0;7
2019/2020;JUJUY;VIRGINIA;T2KL;False;155.0;7
2019/2020;JUJUY;VIRGINIA;T2KF;False;165.0;7
2019/2020;JUJUY;VIRGINIA;B2F;False;3124558.0;7
2019/2020;SALTA;VIRGINIA;B2F;False;3278910.0;7
2019/2020;TUCUMAN;VIRGINIA;B2F;False;10063.0;7
2019/2020;JUJUY;VIRGINIA;B2L;False;66191.0;7
2019/2020;SALTA;VIRGINIA;B2L;False;49169.0;7
2019/2020;JUJUY;VIRGINIA;B2KL;False;198033.0;7
2019/2020;SALTA;VIRGINIA;B2KL;False;73105.0;7
2019/2020;JUJUY;VIRGINIA;B2KF;False;468199.0;7
2019/2020;SALTA;VIRGINIA;B2KF;False;88860.0;7
2019/2020;JUJUY;VIRGINIA;C2F;False;1452694.0;7
2019/2020;SALTA;VIRGINIA;C2F;False;1135921.0;7
2019/2020;TUCUMAN;VIRGINIA;C2F;False;5404.0;7
2019/2020;JUJUY;VIRGINIA;C2L;False;133156.0;7
2019/2020;SALTA;VIRGINIA;C2L;False;43967.0;7
2019/2020;TUCUMAN;VIRGINIA;C2L;False;977.0;7
2019/2020;JUJUY;VIRGINIA;C2K;False;163182.0;7
2019/2020;SALTA;VIRGINIA;C2K;False;70710.0;7
2019/2020;JUJUY;VIRGINIA;X2F;False;1158003.0;7
2019/2020;SALTA;VIRGINIA;X2F;False;796933.0;7
2019/2020;TUCUMAN;VIRGINIA;X2F;False;1790.0;7
2019/2020;JUJUY;VIRGINIA;X2L;False;167349.0;7
2019/2020;SALTA;VIRGINIA;X2L;False;30058.0;7
2019/2020;TUCUMAN;VIRGINIA;X2L;False;45.0;7
2019/2020;JUJUY;VIRGINIA;X2K;False;23473.0;7
2019/2020;SALTA;VIRGINIA;X2K;False;74963.0;7
2019/2020;JUJUY;VIRGINIA;B3F;False;3756505.0;7
2019/2020;SALTA;VIRGINIA;B3F;False;3095232.0;7
2019/2020;TUCUMAN;VIRGINIA;B3F;False;9834.0;7
2019/2020;JUJUY;VIRGINIA;B3L;False;1007970.0;7
2019/2020;SALTA;VIRGINIA;B3L;False;50726.0;7
2019/2020;JUJUY;VIRGINIA;B3KL;False;138112.0;7
2019/2020;SALTA;VIRGINIA;B3KL;False;30203.0;7
2019/2020;JUJUY;VIRGINIA;B3KF;False;58443.0;7
2019/2020;SALTA;VIRGINIA;B3KF;False;50000.0;7
2019/2020;JUJUY;VIRGINIA;C3F;False;1840428.0;7
2019/2020;SALTA;VIRGINIA;C3F;False;1154347.0;7
2019/2020;TUCUMAN;VIRGINIA;C3F;False;9729.0;7
2019/2020;JUJUY;VIRGINIA;C3L;False;678291.0;7
2019/2020;SALTA;VIRGINIA;C3L;False;173203.0;7
2019/2020;TUCUMAN;VIRGINIA;C3L;False;309.0;7
2019/2020;JUJUY;VIRGINIA;C3K;False;285930.0;7
2019/2020;SALTA;VIRGINIA;C3K;False;183174.0;7
2019/2020;JUJUY;VIRGINIA;X3F;False;1207187.0;7
2019/2020;SALTA;VIRGINIA;X3F;False;904370.0;7
2019/2020;TUCUMAN;VIRGINIA;X3F;False;1874.0;7
2019/2020;JUJUY;VIRGINIA;X3L;False;77255.0;7
2019/2020;SALTA;VIRGINIA;X3L;False;87748.0;7
2019/2020;JUJUY;VIRGINIA;X3K;False;336614.0;7
2019/2020;SALTA;VIRGINIA;X3K;False;131164.0;7
2019/2020;JUJUY;VIRGINIA;B4F;False;1729966.0;7
2019/2020;SALTA;VIRGINIA;B4F;False;1716705.0;7
2019/2020;TUCUMAN;VIRGINIA;B4F;False;4221.0;7
2019/2020;JUJUY;VIRGINIA;B4L;False;180505.0;7
2019/2020;SALTA;VIRGINIA;B4L;False;147602.0;7
2019/2020;JUJUY;VIRGINIA;C4F;False;980458.0;7
2019/2020;SALTA;VIRGINIA;C4F;False;346774.0;7
2019/2020;TUCUMAN;VIRGINIA;C4F;False;5975.0;7
2019/2020;JUJUY;VIRGINIA;C4L;False;422352.0;7
2019/2020;SALTA;VIRGINIA;C4L;False;672193.0;7
2019/2020;JUJUY;VIRGINIA;X4F;False;682971.0;7
2019/2020;SALTA;VIRGINIA;X4F;False;454843.0;7
2019/2020;TUCUMAN;VIRGINIA;X4F;False;2368.0;7
2019/2020;JUJUY;VIRGINIA;X4L;False;313124.0;7
2019/2020;SALTA;VIRGINIA;X4L;False;609563.0;7
2019/2020;JUJUY;VIRGINIA;NVX;False;19103.0;7
2019/2020;SALTA;VIRGINIA;NVX;False;67534.0;7
2019/2020;JUJUY;VIRGINIA;NVC;False;20594.0;7
2019/2020;SALTA;VIRGINIA;NVC;False;153347.0;7
2019/2020;JUJUY;VIRGINIA;NVB;False;14117.0;7
2019/2020;SALTA;VIRGINIA;NVB;False;205621.0;7
2019/2020;JUJUY;VIRGINIA;N5K;False;5865.0;7
2019/2020;SALTA;VIRGINIA;N5K;False;966.0;7
2019/2020;JUJUY;VIRGINIA;N5X;False;215816.0;7
2019/2020;SALTA;VIRGINIA;N5X;False;404686.0;7
2019/2020;JUJUY;VIRGINIA;N5C;False;363223.0;7
2019/2020;SALTA;VIRGINIA;N5C;False;366791.0;7
2019/2020;JUJUY;VIRGINIA;N5B;False;310329.0;7
2019/2020;SALTA;VIRGINIA;N5B;False;879600.0;7
2019/2020;CHACO;VIRGINIA;T1F;False;175.0;8
2019/2020;TOTAL_NACIONAL;VIRGINIA;T1F;False;217.0;8
2019/2020;MISIONES;VIRGINIA;B1F;False;3751.0;8
2019/2020;CHACO;VIRGINIA;B1F;False;32345.0;8
2019/2020;TOTAL_NACIONAL;VIRGINIA;B1F;False;19207015.0;8
2019/2020;CHACO;VIRGINIA;B1L;False;1690.0;8
2019/2020;TOTAL_NACIONAL;VIRGINIA;B1L;False;261601.0;8
2019/2020;MISIONES;VIRGINIA;C1F;False;35.0;8
2019/2020;CHACO;VIRGINIA;C1F;False;104160.0;8
2019/2020;TOTAL_NACIONAL;VIRGINIA;C1F;False;7367032.0;8
2019/2020;CHACO;VIRGINIA;C1L;False;3527.0;8
2019/2020;TOTAL_NACIONAL;VIRGINIA;C1L;False;464595.0;8
2019/2020;MISIONES;VIRGINIA;X1F;False;1022.0;8
2019/2020;CHACO;VIRGINIA;X1F;False;10248.0;8
2019/2020;TOTAL_NACIONAL;VIRGINIA;X1F;False;3412249.0;8
2019/2020;CHACO;VIRGINIA;X1L;False;2361.0;8
2019/2020;TOTAL_NACIONAL;VIRGINIA;X1L;False;601811.0;8
2019/2020;CHACO;VIRGINIA;T2F;False;29.0;8
2019/2020;TOTAL_NACIONAL;VIRGINIA;T2F;False;62.0;8
2019/2020;TOTAL_NACIONAL;VIRGINIA;T2KL;False;155.0;8
2019/2020;TOTAL_NACIONAL;VIRGINIA;T2KF;False;165.0;8
2019/2020;MISIONES;VIRGINIA;B2F;False;3118.0;8
2019/2020;CHACO;VIRGINIA;B2F;False;11817.0;8
2019/2020;TOTAL_NACIONAL;VIRGINIA;B2F;False;6428466.0;8
2019/2020;CHACO;VIRGINIA;B2L;False;580.0;8
2019/2020;TOTAL_NACIONAL;VIRGINIA;B2L;False;115940.0;8
2019/2020;CHACO;VIRGINIA;B2KL;False;1092.0;8
2019/2020;TOTAL_NACIONAL;VIRGINIA;B2KL;False;272230.0;8
2019/2020;CHACO;VIRGINIA;B2KF;False;6852.0;8
2019/2020;TOTAL_NACIONAL;VIRGINIA;B2KF;False;563911.0;8
2019/2020;CHACO;VIRGINIA;C2F;False;32776.0;8
2019/2020;TOTAL_NACIONAL;VIRGINIA;C2F;False;2626795.0;8
2019/2020;CHACO;VIRGINIA;C2L;False;1819.0;8
2019/2020;TOTAL_NACIONAL;VIRGINIA;C2L;False;179919.0;8
2019/2020;CHACO;VIRGINIA;C2K;False;1218.0;8
2019/2020;TOTAL_NACIONAL;VIRGINIA;C2K;False;235110.0;8
2019/2020;CHACO;VIRGINIA;X2F;False;3979.0;8
2019/2020;TOTAL_NACIONAL;VIRGINIA;X2F;False;1960705.0;8
2019/2020;MISIONES;VIRGINIA;X2L;False;1181.0;8
2019/2020;CHACO;VIRGINIA;X2L;False;949.0;8
2019/2020;TOTAL_NACIONAL;VIRGINIA;X2L;False;199582.0;8
2019/2020;TOTAL_NACIONAL;VIRGINIA;X2K;False;98436.0;8
2019/2020;CHACO;VIRGINIA;B3F;False;4787.0;8
2019/2020;TOTAL_NACIONAL;VIRGINIA;B3F;False;6866358.0;8
2019/2020;CHACO;VIRGINIA;B3L;False;146.0;8
2019/2020;TOTAL_NACIONAL;VIRGINIA;B3L;False;1058842.0;8
2019/2020;MISIONES;VIRGINIA;B3KL;False;1.0;8
2019/2020;CHACO;VIRGINIA;B3KL;False;212.0;8
2019/2020;TOTAL_NACIONAL;VIRGINIA;B3KL;False;168528.0;8
2019/2020;CHACO;VIRGINIA;B3KF;False;2388.0;8
2019/2020;TOTAL_NACIONAL;VIRGINIA;B3KF;False;110831.0;8
2019/2020;CHACO;VIRGINIA;C3F;False;26316.0;8
2019/2020;TOTAL_NACIONAL;VIRGINIA;C3F;False;3030820.0;8
2019/2020;CHACO;VIRGINIA;C3L;False;2060.0;8
2019/2020;TOTAL_NACIONAL;VIRGINIA;C3L;False;853863.0;8
2019/2020;CHACO;VIRGINIA;C3K;False;822.0;8
2019/2020;TOTAL_NACIONAL;VIRGINIA;C3K;False;469926.0;8
2019/2020;CHACO;VIRGINIA;X3F;False;3766.0;8
2019/2020;TOTAL_NACIONAL;VIRGINIA;X3F;False;2117197.0;8
2019/2020;CHACO;VIRGINIA;X3L;False;1022.0;8
2019/2020;TOTAL_NACIONAL;VIRGINIA;X3L;False;166025.0;8
2019/2020;TOTAL_NACIONAL;VIRGINIA;X3K;False;467778.0;8
2019/2020;CHACO;VIRGINIA;B4F;False;2893.0;8
2019/2020;TOTAL_NACIONAL;VIRGINIA;B4F;False;3453785.0;8
2019/2020;CHACO;VIRGINIA;B4L;False;166.0;8
2019/2020;TOTAL_NACIONAL;VIRGINIA;B4L;False;328273.0;8
2019/2020;CHACO;VIRGINIA;C4F;False;16833.0;8
2019/2020;TOTAL_NACIONAL;VIRGINIA;C4F;False;1350040.0;8
2019/2020;CHACO;VIRGINIA;C4L;False;5651.0;8
2019/2020;TOTAL_NACIONAL;VIRGINIA;C4L;False;1100196.0;8
2019/2020;CHACO;VIRGINIA;X4F;False;1241.0;8
2019/2020;TOTAL_NACIONAL;VIRGINIA;X4F;False;1141423.0;8
2019/2020;MISIONES;VIRGINIA;X4L;False;248.0;8
2019/2020;CHACO;VIRGINIA;X4L;False;2113.0;8
2019/2020;TOTAL_NACIONAL;VIRGINIA;X4L;False;925048.0;8
2019/2020;TOTAL_NACIONAL;VIRGINIA;NVX;False;86637.0;8
2019/2020;CHACO;VIRGINIA;NVC;False;632.0;8
2019/2020;TOTAL_NACIONAL;VIRGINIA;NVC;False;174573.0;8
2019/2020;MISIONES;VIRGINIA;NVB;False;743.0;8
2019/2020;CHACO;VIRGINIA;NVB;False;34.0;8
2019/2020;TOTAL_NACIONAL;VIRGINIA;NVB;False;220515.0;8
2019/2020;CHACO;VIRGINIA;N5K;False;35.0;8
2019/2020;TOTAL_NACIONAL;VIRGINIA;N5K;False;6866.0;8
2019/2020;CHACO;VIRGINIA;N5X;False;819.0;8
2019/2020;TOTAL_NACIONAL;VIRGINIA;N5X;False;621321.0;8
2019/2020;CHACO;VIRGINIA;N5C;False;4247.0;8
2019/2020;TOTAL_NACIONAL;VIRGINIA;N5C;False;734261.0;8
2019/2020;CHACO;VIRGINIA;N5B;False;22.0;8
2019/2020;TOTAL_NACIONAL;VIRGINIA;N5B;False;1189951.0;8
2019/2020;MISIONES;BURLEY;T1F;False;182146.0;9
2019/2020;TUCUMAN;BURLEY;T1F;False;124299.0;9
2019/2020;CATAMARCA;BURLEY;T1F;False;20147.0;9
2019/2020;TOTAL_NACIONAL;BURLEY;T1F;False;326592.0;9
2019/2020;MISIONES;BURLEY;T1FR;False;1076852.0;9
2019/2020;TUCUMAN;BURLEY;T1FR;False;156302.0;9
2019/2020;CATAMARCA;BURLEY;T1FR;False;7109.0;9
2019/2020;TOTAL_NACIONAL;BURLEY;T1FR;False;1240263.0;9
2019/2020;MISIONES;BURLEY;B1F;False;2302191.0;9
2019/2020;TUCUMAN;BURLEY;B1F;False;602469.0;9
2019/2020;CATAMARCA;BURLEY;B1F;False;108307.0;9
2019/2020;TOTAL_NACIONAL;BURLEY;B1F;False;3012967.0;9
2019/2020;MISIONES;BURLEY;B1FR;False;3891464.0;9
2019/2020;TUCUMAN;BURLEY;B1FR;False;205333.0;9
2019/2020;CATAMARCA;BURLEY;B1FR;False;24426.0;9
2019/2020;TOTAL_NACIONAL;BURLEY;B1FR;False;4121223.0;9
2019/2020;MISIONES;BURLEY;C1L;False;3102949.0;9
2019/2020;TUCUMAN;BURLEY;C1L;False;862960.0;9
2019/2020;CATAMARCA;BURLEY;C1L;False;73332.0;9
2019/2020;TOTAL_NACIONAL;BURLEY;C1L;False;4039241.0;9
2019/2020;MISIONES;BURLEY;C1F;False;2630106.0;9
2019/2020;TUCUMAN;BURLEY;C1F;False;505026.0;9
2019/2020;CATAMARCA;BURLEY;C1F;False;79226.0;9
2019/2020;TOTAL_NACIONAL;BURLEY;C1F;False;3214358.0;9
2019/2020;MISIONES;BURLEY;X1L;False;740322.0;9
2019/2020;TUCUMAN;BURLEY;X1L;False;458608.0;9
2019/2020;CATAMARCA;BURLEY;X1L;False;46005.0;9
2019/2020;TOTAL_NACIONAL;BURLEY;X1L;False;1244935.0;9
2019/2020;MISIONES;BURLEY;X1F;False;41596.0;9
2019/2020;TUCUMAN;BURLEY;X1F;False;77941.0;9
2019/2020;CATAMARCA;BURLEY;X1F;False;15596.0;9
2019/2020;TOTAL_NACIONAL;BURLEY;X1F;False;135133.0;9
2019/2020;MISIONES;BURLEY;T2F;False;228306.0;9
2019/2020;TUCUMAN;BURLEY;T2F;False;115103.0;9
2019/2020;CATAMARCA;BURLEY;T2F;False;16890.0;9
2019/2020;TOTAL_NACIONAL;BURLEY;T2F;False;360299.0;9
2019/2020;MISIONES;BURLEY;T2FR;False;1059727.0;9
2019/2020;TUCUMAN;BURLEY;T2FR;False;77095.0;9
2019/2020;CATAMARCA;BURLEY;T2FR;False;4499.0;9
2019/2020;TOTAL_NACIONAL;BURLEY;T2FR;False;1141321.0;9
2019/2020;MISIONES;BURLEY;B2F;False;661533.0;9
2019/2020;TUCUMAN;BURLEY;B2F;False;509762.0;9
2019/2020;CATAMARCA;BURLEY;B2F;False;63350.0;9
2019/2020;TOTAL_NACIONAL;BURLEY;B2F;False;1234645.0;9
2019/2020;MISIONES;BURLEY;B2FR;False;2910117.0;9
2019/2020;TUCUMAN;BURLEY;B2FR;False;335211.0;9
2019/2020;CATAMARCA;BURLEY;B2FR;False;28080.0;9
2019/2020;TOTAL_NACIONAL;BURLEY;B2FR;False;3273408.0;9
2019/2020;MISIONES;BURLEY;C2L;False;2780068.0;9
2019/2020;TUCUMAN;BURLEY;C2L;False;562300.0;9
2019/2020;CATAMARCA;BURLEY;C2L;False;41879.0;9
2019/2020;TOTAL_NACIONAL;BURLEY;C2L;False;3384247.0;9
2019/2020;MISIONES;BURLEY;C2F;False;1295997.0;9
2019/2020;TUCUMAN;BURLEY;C2F;False;474146.0;9
2019/2020;CATAMARCA;BURLEY;C2F;False;44101.0;9
2019/2020;TOTAL_NACIONAL;BURLEY;C2F;False;1814244.0;9
2019/2020;MISIONES;BURLEY;X2L;False;2148496.0;9
2019/2020;TUCUMAN;BURLEY;X2L;False;914005.0;9
2019/2020;CATAMARCA;BURLEY;X2L;False;78508.0;9
2019/2020;TOTAL_NACIONAL;BURLEY;X2L;False;3141009.0;9
2019/2020;MISIONES;BURLEY;X2F;False;387807.0;9
2019/2020;TUCUMAN;BURLEY;X2F;False;168905.0;9
2019/2020;CATAMARCA;BURLEY;X2F;False;8638.0;9
2019/2020;TOTAL_NACIONAL;BURLEY;X2F;False;565350.0;9
2019/2020;MISIONES;BURLEY;T3K;False;22837.0;9
2019/2020;TUCUMAN;BURLEY;T3K;False;7362.0;9
2019/2020;CATAMARCA;BURLEY;T3K;False;1561.0;9
2019/2020;TOTAL_NACIONAL;BURLEY;T3K;False;31760.0;9
2019/2020;MISIONES;BURLEY;C3L;False;1928474.0;9
2019/2020;TUCUMAN;BURLEY;C3L;False;538486.0;9
2019/2020;CATAMARCA;BURLEY;C3L;False;46890.0;9
2019/2020;TOTAL_NACIONAL;BURLEY;C3L;False;2513850.0;9
2019/2020;MISIONES;BURLEY;C3F;False;994486.0;9
2019/2020;TUCUMAN;BURLEY;C3F;False;418603.0;9
2019/2020;CATAMARCA;BURLEY;C3F;False;39073.0;9
2019/2020;TOTAL_NACIONAL;BURLEY;C3F;False;1452162.0;9
2019/2020;MISIONES;BURLEY;C3K;False;26721.0;9
2019/2020;TUCUMAN;BURLEY;C3K;False;32134.0;9
2019/2020;CATAMARCA;BURLEY;C3K;False;3939.0;9
2019/2020;TOTAL_NACIONAL;BURLEY;C3K;False;62794.0;9
2019/2020;MISIONES;BURLEY;X3K;False;48993.0;9
2019/2020;TUCUMAN;BURLEY;X3K;False;64265.0;9
2019/2020;CATAMARCA;BURLEY;X3K;False;8298.0;9
2019/2020;TOTAL_NACIONAL;BURLEY;X3K;False;121556.0;9
2019/2020;MISIONES;BURLEY;B3F;False;252928.0;9
2019/2020;TUCUMAN;BURLEY;B3F;False;471064.0;9
2019/2020;CATAMARCA;BURLEY;B3F;False;26133.0;9
2019/2020;TOTAL_NACIONAL;BURLEY;B3F;False;750125.0;9
2019/2020;MISIONES;BURLEY;B3FR;False;477392.0;9
2019/2020;TUCUMAN;BURLEY;B3FR;False;278964.0;9
2019/2020;CATAMARCA;BURLEY;B3FR;False;24157.0;9
2019/2020;TOTAL_NACIONAL;BURLEY;B3FR;False;780513.0;9
2019/2020;MISIONES;BURLEY;B3K;False;15110.0;9
2019/2020;TUCUMAN;BURLEY;B3K;False;7215.0;9
2019/2020;CATAMARCA;BURLEY;B3K;False;1160.0;9
2019/2020;TOTAL_NACIONAL;BURLEY;B3K;False;23485.0;9
2019/2020;MISIONES;BURLEY;NG;False;4842.0;9
2019/2020;TUCUMAN;BURLEY;NG;False;415.0;9
2019/2020;CATAMARCA;BURLEY;NG;False;25.0;9
2019/2020;TOTAL_NACIONAL;BURLEY;NG;False;5282.0;9
2019/2020;MISIONES;BURLEY;NX;False;341324.0;9
2019/2020;TUCUMAN;BURLEY;NX;False;18497.0;9
2019/2020;CATAMARCA;BURLEY;NX;False;1492.0;9
2019/2020;TOTAL_NACIONAL;BURLEY;NX;False;361313.0;9
2019/2020;MISIONES;BURLEY;NB;False;16912.0;9
2019/2020;TUCUMAN;BURLEY;NB;False;1493.0;9
2019/2020;CATAMARCA;BURLEY;NB;False;74.0;9
2019/2020;TOTAL_NACIONAL;BURLEY;NB;False;18479.0;9
2019/2020;CORRIENTES;CR. CORRENTINO;C1;False;224229.0;10
2019/2020;CHACO;CR. CHAQUEÑO;CH1;False;263398.0;10
2019/2020;CORRIENTES;CR. CORRENTINO;C1;False;1241735.0;10
2019/2020;CORRIENTES;CR. CORRENTINO;C2;False;136523.0;10
2019/2020;CHACO;CR. CHAQUEÑO;CH2;False;113773.0;10
2019/2020;CORRIENTES;CR. CORRENTINO;C2;False;142630.0;10
2019/2020;MISIONES;CR. MISIONERO;B1;False;299048.0;10
2019/2020;CHACO;CR. CHAQUEÑO;CH3;False;25067.0;10
2019/2020;CORRIENTES;CR. CORRENTINO;C3;False;217060.0;10
2019/2020;MISIONES;CR. MISIONERO;B2;False;135403.0;10
2019/2020;CORRIENTES;CR. CORRENTINO;X1;False;238663.0;10
2019/2020;MISIONES;CR. MISIONERO;T1;False;92544.0;10
2019/2020;CORRIENTES;CR. CORRENTINO;X2;False;121939.0;10
2019/2020;CORRIENTES;CR. CORRENTINO;X1;False;104539.0;10
2019/2020;CORRIENTES;CR. CORRENTINO;T;False;85148.0;10
2019/2020;MISIONES;CR. MISIONERO;N4;False;57067.0;10
2019/2020;CORRIENTES;CR. CORRENTINO;N;False;3987.0;10
2019/2020;MISIONES;CR. MISIONERO;N5;False;48.0;10
2019/2020;MISIONES;CR. MISIONERO;B1;False;101358.0;10
2019/2020;MISIONES;CR. MISIONERO;B1;False;38431.0;10
2019/2020;MISIONES;CR. MISIONERO;B1;False;139789.0;10
2019/2020;MISIONES;CR. MISIONERO;B2;False;33627.0;10
2019/2020;MISIONES;CR. MISIONERO;B2;False;16525.0;10
2019/2020;MISIONES;CR. MISIONERO;B2;False;50152.0;10
2019/2020;TUCUMAN;CR. ARGENTINO;B3;False;341.0;10
2019/2020;CATAMARCA;CR. ARGENTINO;B3;False;331.0;10
2019/2020;TOTAL_NACIONAL;CR. ARGENTINO;B3;False;672.0;10
2019/2020;CORRIENTES;CR. CORRENTINO;C1;False;43473.0;10
2019/2020;CORRIENTES;CR. CORRENTINO;C1;False;13228.0;10
2019/2020;CORRIENTES;CR. CORRENTINO;C1;False;56701.0;10
2019/2020;CORRIENTES;CR. CORRENTINO;C2;False;34453.0;10
2019/2020;CORRIENTES;CR. CORRENTINO;C2;False;11778.0;10
2019/2020;CORRIENTES;CR. CORRENTINO;C2;False;46231.0;10
2019/2020;TUCUMAN;CR. ARGENTINO;T2;False;7808.0;10
2019/2020;CATAMARCA;CR. ARGENTINO;T2;False;3120.0;10
2019/2020;TOTAL_NACIONAL;CR. ARGENTINO;T2;False;10928.0;10
2019/2020;TUCUMAN;CR. ARGENTINO;T4;False;24.0;10
2019/2020;TOTAL_NACIONAL;CR. ARGENTINO;T4;False;24.0;10
2019/2020;CORRIENTES;CR. CORRENTINO;X2;False;27305.0;10
2019/2020;CORRIENTES;CR. CORRENTINO;X2;False;12147.0;10
2019/2020;CORRIENTES;CR. CORRENTINO;X2;False;39452.0;10
2019/2020;TUCUMAN;CR. ARGENTINO;X4;False;234.0;10
2019/2020;CATAMARCA;CR. ARGENTINO;X4;False;51.0;10
2019/2020;TOTAL_NACIONAL;CR. ARGENTINO;X4;False;285.0;10
2020/2021;SALTA;VIRGINIA;T1L;False;32.0;7
2020/2021;JUJUY;VIRGINIA;B1F;False;5680680.0;7
2020/2021;SALTA;VIRGINIA;B1F;False;13640082.0;7
2020/2021;TUCUMAN;VIRGINIA;B1F;False;1701.0;7
2020/2021;JUJUY;VIRGINIA;B1L;False;44752.0;7
2020/2021;SALTA;VIRGINIA;B1L;False;137503.0;7
2020/2021;JUJUY;VIRGINIA;C1F;False;2516338.0;7
2020/2021;SALTA;VIRGINIA;C1F;False;4493463.0;7
2020/2021;TUCUMAN;VIRGINIA;C1F;False;1163.0;7
2020/2021;JUJUY;VIRGINIA;C1L;False;95422.0;7
2020/2021;SALTA;VIRGINIA;C1L;False;126585.0;7
2020/2021;TUCUMAN;VIRGINIA;C1L;False;458.0;7
2020/2021;JUJUY;VIRGINIA;X1F;False;1198140.0;7
2020/2021;SALTA;VIRGINIA;X1F;False;1836729.0;7
2020/2021;JUJUY;VIRGINIA;X1L;False;62217.0;7
2020/2021;SALTA;VIRGINIA;X1L;False;43843.0;7
2020/2021;JUJUY;VIRGINIA;B2F;False;2376240.0;7
2020/2021;SALTA;VIRGINIA;B2F;False;3341339.0;7
2020/2021;TUCUMAN;VIRGINIA;B2F;False;2554.0;7
2020/2021;JUJUY;VIRGINIA;B2L;False;54377.0;7
2020/2021;SALTA;VIRGINIA;B2L;False;37130.0;7
2020/2021;JUJUY;VIRGINIA;B2KL;False;74201.0;7
2020/2021;SALTA;VIRGINIA;B2KL;False;49292.0;7
2020/2021;JUJUY;VIRGINIA;B2KF;False;279920.0;7
2020/2021;SALTA;VIRGINIA;B2KF;False;72766.0;7
2020/2021;JUJUY;VIRGINIA;C2F;False;1378048.0;7
2020/2021;SALTA;VIRGINIA;C2F;False;1105748.0;7
2020/2021;TUCUMAN;VIRGINIA;C2F;False;1627.0;7
2020/2021;JUJUY;VIRGINIA;C2L;False;62373.0;7
2020/2021;SALTA;VIRGINIA;C2L;False;31873.0;7
2020/2021;TUCUMAN;VIRGINIA;C2L;False;364.0;7
2020/2021;JUJUY;VIRGINIA;C2K;False;425142.0;7
2020/2021;SALTA;VIRGINIA;C2K;False;126407.0;7
2020/2021;JUJUY;VIRGINIA;X2F;False;919942.0;7
2020/2021;SALTA;VIRGINIA;X2F;False;721714.0;7
2020/2021;JUJUY;VIRGINIA;X2L;False;51121.0;7
2020/2021;SALTA;VIRGINIA;X2L;False;14513.0;7
2020/2021;TUCUMAN;VIRGINIA;X2L;False;42.0;7
2020/2021;JUJUY;VIRGINIA;X2K;False;26200.0;7
2020/2021;SALTA;VIRGINIA;X2K;False;24189.0;7
2020/2021;JUJUY;VIRGINIA;B3F;False;2725798.0;7
2020/2021;SALTA;VIRGINIA;B3F;False;3095053.0;7
2020/2021;TUCUMAN;VIRGINIA;B3F;False;3806.0;7
2020/2021;JUJUY;VIRGINIA;B3L;False;575021.0;7
2020/2021;SALTA;VIRGINIA;B3L;False;33671.0;7
2020/2021;JUJUY;VIRGINIA;B3KL;False;94419.0;7
2020/2021;SALTA;VIRGINIA;B3KL;False;23084.0;7
2020/2021;JUJUY;VIRGINIA;B3KF;False;36790.0;7
2020/2021;SALTA;VIRGINIA;B3KF;False;30796.0;7
2020/2021;JUJUY;VIRGINIA;C3F;False;1600185.0;7
2020/2021;SALTA;VIRGINIA;C3F;False;1313154.0;7
2020/2021;TUCUMAN;VIRGINIA;C3F;False;2874.0;7
2020/2021;JUJUY;VIRGINIA;C3L;False;449651.0;7
2020/2021;SALTA;VIRGINIA;C3L;False;63023.0;7
2020/2021;TUCUMAN;VIRGINIA;C3L;False;50.0;7
2020/2021;JUJUY;VIRGINIA;C3K;False;142170.0;7
2020/2021;SALTA;VIRGINIA;C3K;False;299980.0;7
2020/2021;JUJUY;VIRGINIA;X3F;False;1389542.0;7
2020/2021;SALTA;VIRGINIA;X3F;False;968621.0;7
2020/2021;TUCUMAN;VIRGINIA;X3F;False;134.0;7
2020/2021;JUJUY;VIRGINIA;X3L;False;50302.0;7
2020/2021;SALTA;VIRGINIA;X3L;False;28171.0;7
2020/2021;JUJUY;VIRGINIA;X3K;False;360882.0;7
2020/2021;SALTA;VIRGINIA;X3K;False;245962.0;7
2020/2021;JUJUY;VIRGINIA;B4F;False;1622918.0;7
2020/2021;SALTA;VIRGINIA;B4F;False;1674290.0;7
2020/2021;TUCUMAN;VIRGINIA;B4F;False;1298.0;7
2020/2021;JUJUY;VIRGINIA;B4L;False;631837.0;7
2020/2021;SALTA;VIRGINIA;B4L;False;51002.0;7
2020/2021;JUJUY;VIRGINIA;C4F;False;1288496.0;7
2020/2021;SALTA;VIRGINIA;C4F;False;411701.0;7
2020/2021;TUCUMAN;VIRGINIA;C4F;False;1060.0;7
2020/2021;JUJUY;VIRGINIA;C4L;False;607067.0;7
2020/2021;SALTA;VIRGINIA;C4L;False;400960.0;7
2020/2021;TUCUMAN;VIRGINIA;C4L;False;234.0;7
2020/2021;JUJUY;VIRGINIA;X4F;False;724503.0;7
2020/2021;SALTA;VIRGINIA;X4F;False;434650.0;7
2020/2021;TUCUMAN;VIRGINIA;X4F;False;17.0;7
2020/2021;JUJUY;VIRGINIA;X4L;False;305668.0;7
2020/2021;SALTA;VIRGINIA;X4L;False;576606.0;7
2020/2021;JUJUY;VIRGINIA;NVX;False;5803.0;7
2020/2021;SALTA;VIRGINIA;NVX;False;51004.0;7
2020/2021;JUJUY;VIRGINIA;NVC;False;12891.0;7
2020/2021;SALTA;VIRGINIA;NVC;False;54964.0;7
2020/2021;JUJUY;VIRGINIA;NVB;False;31499.0;7
2020/2021;SALTA;VIRGINIA;NVB;False;246325.0;7
2020/2021;JUJUY;VIRGINIA;N5K;False;6573.0;7
2020/2021;SALTA;VIRGINIA;N5K;False;710.0;7
2020/2021;JUJUY;VIRGINIA;N5X;False;146168.0;7
2020/2021;SALTA;VIRGINIA;N5X;False;308774.0;7
2020/2021;JUJUY;VIRGINIA;N5C;False;379384.0;7
2020/2021;SALTA;VIRGINIA;N5C;False;522519.0;7
2020/2021;JUJUY;VIRGINIA;N5B;False;296398.0;7
2020/2021;SALTA;VIRGINIA;N5B;False;842741.0;7
2020/2021;MISIONES;VIRGINIA;T1F;False;29.0;8
2020/2021;TOTAL_NACIONAL;VIRGINIA;T1F;False;29.0;8
2020/2021;TOTAL_NACIONAL;VIRGINIA;T1L;False;32.0;8
2020/2021;MISIONES;VIRGINIA;B1F;False;6971.0;8
2020/2021;CHACO;VIRGINIA;B1F;False;17862.0;8
2020/2021;TOTAL_NACIONAL;VIRGINIA;B1F;False;19347296.0;8
2020/2021;MISIONES;VIRGINIA;B1L;False;1675.0;8
2020/2021;CHACO;VIRGINIA;B1L;False;77.0;8
2020/2021;TOTAL_NACIONAL;VIRGINIA;B1L;False;184007.0;8
2020/2021;CHACO;VIRGINIA;C1F;False;29119.0;8
2020/2021;TOTAL_NACIONAL;VIRGINIA;C1F;False;7040083.0;8
2020/2021;MISIONES;VIRGINIA;C1L;False;185.0;8
2020/2021;CHACO;VIRGINIA;C1L;False;103.0;8
2020/2021;TOTAL_NACIONAL;VIRGINIA;C1L;False;222753.0;8
2020/2021;MISIONES;VIRGINIA;X1F;False;2234.0;8
2020/2021;CHACO;VIRGINIA;X1F;False;1731.0;8
2020/2021;TOTAL_NACIONAL;VIRGINIA;X1F;False;3038834.0;8
2020/2021;TOTAL_NACIONAL;VIRGINIA;X1L;False;106060.0;8
2020/2021;MISIONES;VIRGINIA;B2F;False;1870.0;8
2020/2021;CHACO;VIRGINIA;B2F;False;8571.0;8
2020/2021;TOTAL_NACIONAL;VIRGINIA;B2F;False;5730574.0;8
2020/2021;MISIONES;VIRGINIA;B2L;False;61.0;8
2020/2021;CHACO;VIRGINIA;B2L;False;78.0;8
2020/2021;TOTAL_NACIONAL;VIRGINIA;B2L;False;91646.0;8
2020/2021;MISIONES;VIRGINIA;B2KL;False;35.0;8
2020/2021;TOTAL_NACIONAL;VIRGINIA;B2KL;False;123528.0;8
2020/2021;CHACO;VIRGINIA;B2KF;False;717.0;8
2020/2021;TOTAL_NACIONAL;VIRGINIA;B2KF;False;353403.0;8
2020/2021;CHACO;VIRGINIA;C2F;False;17454.0;8
2020/2021;TOTAL_NACIONAL;VIRGINIA;C2F;False;2502877.0;8
2020/2021;CHACO;VIRGINIA;C2L;False;110.0;8
2020/2021;TOTAL_NACIONAL;VIRGINIA;C2L;False;94720.0;8
2020/2021;CHACO;VIRGINIA;C2K;False;243.0;8
2020/2021;TOTAL_NACIONAL;VIRGINIA;C2K;False;551792.0;8
2020/2021;CHACO;VIRGINIA;X2F;False;966.0;8
2020/2021;TOTAL_NACIONAL;VIRGINIA;X2F;False;1642622.0;8
2020/2021;TOTAL_NACIONAL;VIRGINIA;X2L;False;65676.0;8
2020/2021;TOTAL_NACIONAL;VIRGINIA;X2K;False;50389.0;8
2020/2021;CHACO;VIRGINIA;B3F;False;5740.0;8
2020/2021;TOTAL_NACIONAL;VIRGINIA;B3F;False;5830397.0;8
2020/2021;CHACO;VIRGINIA;B3L;False;61.0;8
2020/2021;TOTAL_NACIONAL;VIRGINIA;B3L;False;608753.0;8
2020/2021;TOTAL_NACIONAL;VIRGINIA;B3KL;False;117503.0;8
2020/2021;MISIONES;VIRGINIA;B3KF;False;15.0;8
2020/2021;CHACO;VIRGINIA;B3KF;False;205.0;8
2020/2021;TOTAL_NACIONAL;VIRGINIA;B3KF;False;67806.0;8
2020/2021;CHACO;VIRGINIA;C3F;False;21527.0;8
2020/2021;TOTAL_NACIONAL;VIRGINIA;C3F;False;2937740.0;8
2020/2021;CHACO;VIRGINIA;C3L;False;1543.0;8
2020/2021;TOTAL_NACIONAL;VIRGINIA;C3L;False;514267.0;8
2020/2021;CHACO;VIRGINIA;C3K;False;326.0;8
2020/2021;TOTAL_NACIONAL;VIRGINIA;C3K;False;442476.0;8
2020/2021;CHACO;VIRGINIA;X3F;False;755.0;8
2020/2021;TOTAL_NACIONAL;VIRGINIA;X3F;False;2359052.0;8
2020/2021;CHACO;VIRGINIA;X3L;False;186.0;8
2020/2021;TOTAL_NACIONAL;VIRGINIA;X3L;False;78659.0;8
2020/2021;TOTAL_NACIONAL;VIRGINIA;X3K;False;606844.0;8
2020/2021;CHACO;VIRGINIA;B4F;False;3089.0;8
2020/2021;TOTAL_NACIONAL;VIRGINIA;B4F;False;3301595.0;8
2020/2021;TOTAL_NACIONAL;VIRGINIA;B4L;False;682839.0;8
2020/2021;CHACO;VIRGINIA;C4F;False;12818.0;8
2020/2021;TOTAL_NACIONAL;VIRGINIA;C4F;False;1714075.0;8
2020/2021;CHACO;VIRGINIA;C4L;False;1922.0;8
2020/2021;TOTAL_NACIONAL;VIRGINIA;C4L;False;1010183.0;8
2020/2021;CHACO;VIRGINIA;X4F;False;566.0;8
2020/2021;TOTAL_NACIONAL;VIRGINIA;X4F;False;1159736.0;8
2020/2021;CHACO;VIRGINIA;X4L;False;360.0;8
2020/2021;TOTAL_NACIONAL;VIRGINIA;X4L;False;882634.0;8
2020/2021;CHACO;VIRGINIA;NVX;False;40.0;8
2020/2021;TOTAL_NACIONAL;VIRGINIA;NVX;False;56847.0;8
2020/2021;CHACO;VIRGINIA;NVC;False;513.0;8
2020/2021;TOTAL_NACIONAL;VIRGINIA;NVC;False;68368.0;8
2020/2021;MISIONES;VIRGINIA;NVB;False;330.0;8
2020/2021;TOTAL_NACIONAL;VIRGINIA;NVB;False;278154.0;8
2020/2021;TOTAL_NACIONAL;VIRGINIA;N5K;False;7283.0;8
2020/2021;CHACO;VIRGINIA;N5X;False;100.0;8
2020/2021;TOTAL_NACIONAL;VIRGINIA;N5X;False;455042.0;8
2020/2021;CHACO;VIRGINIA;N5C;False;1486.0;8
2020/2021;TOTAL_NACIONAL;VIRGINIA;N5C;False;903389.0;8
2020/2021;TOTAL_NACIONAL;VIRGINIA;N5B;False;1139139.0;8
2020/2021;MISIONES;BURLEY;T1F;False;194448.0;9
2020/2021;TUCUMAN;BURLEY;T1F;False;30799.0;9
2020/2021;CATAMARCA;BURLEY;T1F;False;1909.0;9
2020/2021;TOTAL_NACIONAL;BURLEY;T1F;False;227156.0;9
2020/2021;MISIONES;BURLEY;T1FR;False;1032920.0;9
2020/2021;TUCUMAN;BURLEY;T1FR;False;7740.0;9
2020/2021;CATAMARCA;BURLEY;T1FR;False;410.0;9
2020/2021;TOTAL_NACIONAL;BURLEY;T1FR;False;1041070.0;9
2020/2021;MISIONES;BURLEY;B1F;False;1846931.0;9
2020/2021;TUCUMAN;BURLEY;B1F;False;264333.0;9
2020/2021;CATAMARCA;BURLEY;B1F;False;12709.0;9
2020/2021;TOTAL_NACIONAL;BURLEY;B1F;False;2123973.0;9
2020/2021;MISIONES;BURLEY;B1FR;False;4203353.0;9
2020/2021;TUCUMAN;BURLEY;B1FR;False;173447.0;9
2020/2021;CATAMARCA;BURLEY;B1FR;False;9112.0;9
2020/2021;TOTAL_NACIONAL;BURLEY;B1FR;False;4385912.0;9
2020/2021;MISIONES;BURLEY;C1L;False;1852268.0;9
2020/2021;TUCUMAN;BURLEY;C1L;False;379280.0;9
2020/2021;CATAMARCA;BURLEY;C1L;False;14946.0;9
2020/2021;TOTAL_NACIONAL;BURLEY;C1L;False;2246494.0;9
2020/2021;MISIONES;BURLEY;C1F;False;1770996.0;9
2020/2021;TUCUMAN;BURLEY;C1F;False;245441.0;9
2020/2021;CATAMARCA;BURLEY;C1F;False;8870.0;9
2020/2021;TOTAL_NACIONAL;BURLEY;C1F;False;2025307.0;9
2020/2021;MISIONES;BURLEY;X1L;False;591085.0;9
2020/2021;TUCUMAN;BURLEY;X1L;False;172023.0;9
2020/2021;CATAMARCA;BURLEY;X1L;False;2096.0;9
2020/2021;TOTAL_NACIONAL;BURLEY;X1L;False;765204.0;9
2020/2021;MISIONES;BURLEY;X1F;False;42225.0;9
2020/2021;TUCUMAN;BURLEY;X1F;False;160202.0;9
2020/2021;CATAMARCA;BURLEY;X1F;False;12628.0;9
2020/2021;TOTAL_NACIONAL;BURLEY;X1F;False;215055.0;9
2020/2021;MISIONES;BURLEY;T2F;False;190368.0;9
2020/2021;TUCUMAN;BURLEY;T2F;False;93276.0;9
2020/2021;CATAMARCA;BURLEY;T2F;False;10473.0;9
2020/2021;TOTAL_NACIONAL;BURLEY;T2F;False;294117.0;9
2020/2021;MISIONES;BURLEY;T2FR;False;851755.0;9
2020/2021;TUCUMAN;BURLEY;T2FR;False;60048.0;9
2020/2021;CATAMARCA;BURLEY;T2FR;False;7076.0;9
2020/2021;TOTAL_NACIONAL;BURLEY;T2FR;False;918879.0;9
2020/2021;MISIONES;BURLEY;B2F;False;707409.0;9
2020/2021;TUCUMAN;BURLEY;B2F;False;251279.0;9
2020/2021;CATAMARCA;BURLEY;B2F;False;15931.0;9
2020/2021;TOTAL_NACIONAL;BURLEY;B2F;False;974619.0;9
2020/2021;MISIONES;BURLEY;B2FR;False;3084529.0;9
2020/2021;TUCUMAN;BURLEY;B2FR;False;365202.0;9
2020/2021;CATAMARCA;BURLEY;B2FR;False;22847.0;9
2020/2021;TOTAL_NACIONAL;BURLEY;B2FR;False;3472578.0;9
2020/2021;MISIONES;BURLEY;C2L;False;1709976.0;9
2020/2021;TUCUMAN;BURLEY;C2L;False;488768.0;9
2020/2021;CATAMARCA;BURLEY;C2L;False;26657.0;9
2020/2021;TOTAL_NACIONAL;BURLEY;C2L;False;2225401.0;9
2020/2021;MISIONES;BURLEY;C2F;False;982625.0;9
2020/2021;TUCUMAN;BURLEY;C2F;False;313734.0;9
2020/2021;CATAMARCA;BURLEY;C2F;False;12708.0;9
2020/2021;TOTAL_NACIONAL;BURLEY;C2F;False;1309067.0;9
2020/2021;MISIONES;BURLEY;X2L;False;1354425.0;9
2020/2021;TUCUMAN;BURLEY;X2L;False;458683.0;9
2020/2021;CATAMARCA;BURLEY;X2L;False;6256.0;9
2020/2021;TOTAL_NACIONAL;BURLEY;X2L;False;1819364.0;9
2020/2021;MISIONES;BURLEY;X2F;False;439439.0;9
2020/2021;TUCUMAN;BURLEY;X2F;False;99918.0;9
2020/2021;CATAMARCA;BURLEY;X2F;False;2520.0;9
2020/2021;TOTAL_NACIONAL;BURLEY;X2F;False;541877.0;9
2020/2021;MISIONES;BURLEY;T3K;False;13068.0;9
2020/2021;TUCUMAN;BURLEY;T3K;False;356.0;9
2020/2021;TOTAL_NACIONAL;BURLEY;T3K;False;13424.0;9
2020/2021;MISIONES;BURLEY;C3L;False;1099247.0;9
2020/2021;TUCUMAN;BURLEY;C3L;False;415263.0;9
2020/2021;CATAMARCA;BURLEY;C3L;False;26281.0;9
2020/2021;TOTAL_NACIONAL;BURLEY;C3L;False;1540791.0;9
2020/2021;MISIONES;BURLEY;C3F;False;1005663.0;9
2020/2021;TUCUMAN;BURLEY;C3F;False;243199.0;9
2020/2021;CATAMARCA;BURLEY;C3F;False;10656.0;9
2020/2021;TOTAL_NACIONAL;BURLEY;C3F;False;1259518.0;9
2020/2021;MISIONES;BURLEY;C3K;False;15851.0;9
2020/2021;TUCUMAN;BURLEY;C3K;False;18304.0;9
2020/2021;CATAMARCA;BURLEY;C3K;False;1251.0;9
2020/2021;TOTAL_NACIONAL;BURLEY;C3K;False;35406.0;9
2020/2021;MISIONES;BURLEY;X3K;False;30820.0;9
2020/2021;TUCUMAN;BURLEY;X3K;False;26661.0;9
2020/2021;CATAMARCA;BURLEY;X3K;False;79.0;9
2020/2021;TOTAL_NACIONAL;BURLEY;X3K;False;57560.0;9
2020/2021;MISIONES;BURLEY;B3F;False;287362.0;9
2020/2021;TUCUMAN;BURLEY;B3F;False;286407.0;9
2020/2021;CATAMARCA;BURLEY;B3F;False;20773.0;9
2020/2021;TOTAL_NACIONAL;BURLEY;B3F;False;594542.0;9
2020/2021;MISIONES;BURLEY;B3FR;False;393747.0;9
2020/2021;TUCUMAN;BURLEY;B3FR;False;258850.0;9
2020/2021;CATAMARCA;BURLEY;B3FR;False;17849.0;9
2020/2021;TOTAL_NACIONAL;BURLEY;B3FR;False;670446.0;9
2020/2021;MISIONES;BURLEY;B3K;False;8108.0;9
2020/2021;TUCUMAN;BURLEY;B3K;False;1979.0;9
2020/2021;CATAMARCA;BURLEY;B3K;False;112.0;9
2020/2021;TOTAL_NACIONAL;BURLEY;B3K;False;10199.0;9
2020/2021;MISIONES;BURLEY;NG;False;4514.0;9
2020/2021;TUCUMAN;BURLEY;NG;False;1256.0;9
2020/2021;CATAMARCA;BURLEY;NG;False;33.0;9
2020/2021;TOTAL_NACIONAL;BURLEY;NG;False;5803.0;9
2020/2021;MISIONES;BURLEY;NX;False;171205.0;9
2020/2021;TUCUMAN;BURLEY;NX;False;3165.0;9
2020/2021;CATAMARCA;BURLEY;NX;False;98.0;9
2020/2021;TOTAL_NACIONAL;BURLEY;NX;False;174468.0;9
2020/2021;MISIONES;BURLEY;NB;False;10790.0;9
2020/2021;TUCUMAN;BURLEY;NB;False;8320.0;9
2020/2021;CATAMARCA;BURLEY;NB;False;557.0;9
2020/2021;TOTAL_NACIONAL;BURLEY;NB;False;19667.0;9
2020/2021;CORRIENTES;CR. CORRENTINO;C1;False;120705.0;10
2020/2021;CHACO;CR. CHAQUEÑO;CH1;False;185223.0;10
2020/2021;CORRIENTES;CR. CORRENTINO;C1;False;958995.0;10
2020/2021;CORRIENTES;CR. CORRENTINO;C2;False;39974.0;10
2020/2021;CHACO;CR. CHAQUEÑO;CH2;False;71074.0;10
2020/2021;CORRIENTES;CR. CORRENTINO;C2;False;136544.0;10
2020/2021;MISIONES;CR. MISIONERO;B1;False;108423.0;10
2020/2021;CHACO;CR. CHAQUEÑO;CH3;False;22777.0;10
2020/2021;CORRIENTES;CR. CORRENTINO;C3;False;158090.0;10
2020/2021;MISIONES;CR. MISIONERO;B2;False;32062.0;10
2020/2021;CORRIENTES;CR. CORRENTINO;X1;False;222498.0;10
2020/2021;MISIONES;CR. MISIONERO;T1;False;16505.0;10
2020/2021;CORRIENTES;CR. CORRENTINO;X2;False;107685.0;10
2020/2021;CORRIENTES;CR. CORRENTINO;X1;False;40093.0;10
2020/2021;CORRIENTES;CR. CORRENTINO;T;False;56086.0;10
2020/2021;MISIONES;CR. MISIONERO;N4;False;17295.0;10
2020/2021;CORRIENTES;CR. CORRENTINO;N;False;2442.0;10
2020/2021;MISIONES;CR. MISIONERO;N5;False;100.0;10
2020/2021;MISIONES;CR. MISIONERO;B1;False;101502.0;10
2020/2021;MISIONES;CR. MISIONERO;B1;False;22825.0;10
2020/2021;MISIONES;CR. MISIONERO;B1;False;124327.0;10
2020/2021;MISIONES;CR. MISIONERO;B2;False;51722.0;10
2020/2021;MISIONES;CR. MISIONERO;B2;False;9277.0;10
2020/2021;MISIONES;CR. MISIONERO;B2;False;60999.0;10
2020/2021;TUCUMAN;CR. ARGENTINO;B3;False;15449.0;10
2020/2021;CATAMARCA;CR. ARGENTINO;B3;False;1959.0;10
2020/2021;TOTAL_NACIONAL;CR. ARGENTINO;B3;False;17408.0;10
2020/2021;CORRIENTES;CR. CORRENTINO;C1;False;7014.0;10
2020/2021;CORRIENTES;CR. CORRENTINO;C1;False;6755.0;10
2020/2021;CORRIENTES;CR. CORRENTINO;C1;False;13769.0;10
2020/2021;CORRIENTES;CR. CORRENTINO;C2;False;16386.0;10
2020/2021;CORRIENTES;CR. CORRENTINO;C2;False;8246.0;10
2020/2021;CORRIENTES;CR. CORRENTINO;C2;False;24632.0;10
2020/2021;TUCUMAN;CR. ARGENTINO;T2;False;3179.0;10
2020/2021;CATAMARCA;CR. ARGENTINO;T2;False;801.0;10
2020/2021;TOTAL_NACIONAL;CR. ARGENTINO;T2;False;3980.0;10
2020/2021;TUCUMAN;CR. ARGENTINO;T4;False;145.0;10
2020/2021;CATAMARCA;CR. ARGENTINO;T4;False;100.0;10
2020/2021;TOTAL_NACIONAL;CR. ARGENTINO;T4;False;245.0;10
2020/2021;CORRIENTES;CR. CORRENTINO;X2;False;5927.0;10
2020/2021;CORRIENTES;CR. CORRENTINO;X2;False;1335.0;10
2020/2021;CORRIENTES;CR. CORRENTINO;X2;False;7262.0;10
2020/2021;TUCUMAN;CR. ARGENTINO;X4;False;220.0;10
2020/2021;TOTAL_NACIONAL;CR. ARGENTINO;X4;False;220.0;10
2021/2022;JUJUY;VIRGINIA;T1F;False;33.0;17
2021/2022;SALTA;VIRGINIA;T1F;False;456.0;17
2021/2022;MISIONES;VIRGINIA;T1F;False;773.0;18
2021/2022;CHACO;VIRGINIA;T1F;False;134.0;18
2021/2022;TOTAL_NACIONAL;VIRGINIA;T1F;False;1396.0;18
2021/2022;JUJUY;VIRGINIA;T1L;False;81.0;17
2021/2022;SALTA;VIRGINIA;T1L;False;35.0;17
2021/2022;MISIONES;VIRGINIA;T1L;False;220.0;18
2021/2022;CHACO;VIRGINIA;T1L;False;20.0;18
2021/2022;TOTAL_NACIONAL;VIRGINIA;T1L;False;356.0;18
2021/2022;JUJUY;VIRGINIA;B1F;False;9769606.0;17
2021/2022;SALTA;VIRGINIA;B1F;False;12651140.0;17
2021/2022;TUCUMAN;VIRGINIA;B1F;False;1826.0;17
2021/2022;MISIONES;VIRGINIA;B1F;False;9300.0;18
2021/2022;CHACO;VIRGINIA;B1F;False;17790.0;18
2021/2022;TOTAL_NACIONAL;VIRGINIA;B1F;False;22449662.0;18
2021/2022;JUJUY;VIRGINIA;B1L;False;18107.0;17
2021/2022;SALTA;VIRGINIA;B1L;False;59913.0;17
2021/2022;MISIONES;VIRGINIA;B1L;False;1544.0;18
2021/2022;CHACO;VIRGINIA;B1L;False;23.0;18
2021/2022;TOTAL_NACIONAL;VIRGINIA;B1L;False;79587.0;18
2021/2022;JUJUY;VIRGINIA;C1F;False;2749696.0;17
2021/2022;SALTA;VIRGINIA;C1F;False;3285273.0;17
2021/2022;TUCUMAN;VIRGINIA;C1F;False;339.0;17
2021/2022;CHACO;VIRGINIA;C1F;False;43597.0;18
2021/2022;TOTAL_NACIONAL;VIRGINIA;C1F;False;6078905.0;18
2021/2022;JUJUY;VIRGINIA;C1L;False;27182.0;17
2021/2022;SALTA;VIRGINIA;C1L;False;49074.0;17
2021/2022;MISIONES;VIRGINIA;C1L;False;662.0;18
2021/2022;CHACO;VIRGINIA;C1L;False;54.0;18
2021/2022;TOTAL_NACIONAL;VIRGINIA;C1L;False;76972.0;18
2021/2022;JUJUY;VIRGINIA;X1F;False;1238679.0;17
2021/2022;SALTA;VIRGINIA;X1F;False;1387781.0;17
2021/2022;TUCUMAN;VIRGINIA;X1F;False;22.0;17
2021/2022;MISIONES;VIRGINIA;X1F;False;2108.0;18
2021/2022;CHACO;VIRGINIA;X1F;False;4711.0;18
2021/2022;TOTAL_NACIONAL;VIRGINIA;X1F;False;2633301.0;18
2021/2022;JUJUY;VIRGINIA;X1L;False;11537.0;17
2021/2022;SALTA;VIRGINIA;X1L;False;11307.0;17
2021/2022;CHACO;VIRGINIA;X1L;False;60.0;18
2021/2022;TOTAL_NACIONAL;VIRGINIA;X1L;False;22904.0;18
2021/2022;JUJUY;VIRGINIA;T2L;False;33.0;17
2021/2022;TOTAL_NACIONAL;VIRGINIA;T2L;False;33.0;18
2021/2022;JUJUY;VIRGINIA;T2KL;False;98.0;17
2021/2022;TOTAL_NACIONAL;VIRGINIA;T2KL;False;98.0;18
2021/2022;JUJUY;VIRGINIA;T2KF;False;209.0;17
2021/2022;TOTAL_NACIONAL;VIRGINIA;T2KF;False;209.0;18
2021/2022;JUJUY;VIRGINIA;B2F;False;2828196.0;17
2021/2022;SALTA;VIRGINIA;B2F;False;3103942.0;17
2021/2022;TUCUMAN;VIRGINIA;B2F;False;1538.0;17
2021/2022;MISIONES;VIRGINIA;B2F;False;3544.0;18
2021/2022;CHACO;VIRGINIA;B2F;False;12009.0;18
2021/2022;TOTAL_NACIONAL;VIRGINIA;B2F;False;5949229.0;18
2021/2022;JUJUY;VIRGINIA;B2L;False;30541.0;17
2021/2022;SALTA;VIRGINIA;B2L;False;19835.0;17
2021/2022;TOTAL_NACIONAL;VIRGINIA;B2L;False;50376.0;18
2021/2022;JUJUY;VIRGINIA;B2KL;False;85264.0;17
2021/2022;SALTA;VIRGINIA;B2KL;False;25907.0;17
2021/2022;TOTAL_NACIONAL;VIRGINIA;B2KL;False;111171.0;18
2021/2022;JUJUY;VIRGINIA;B2KF;False;237493.0;17
2021/2022;SALTA;VIRGINIA;B2KF;False;46157.0;17
2021/2022;CHACO;VIRGINIA;B2KF;False;2039.0;18
2021/2022;TOTAL_NACIONAL;VIRGINIA;B2KF;False;285689.0;18
2021/2022;JUJUY;VIRGINIA;C2F;False;1157148.0;17
2021/2022;SALTA;VIRGINIA;C2F;False;887742.0;17
2021/2022;TUCUMAN;VIRGINIA;C2F;False;841.0;17
2021/2022;CHACO;VIRGINIA;C2F;False;22869.0;18
2021/2022;TOTAL_NACIONAL;VIRGINIA;C2F;False;2068600.0;18
2021/2022;JUJUY;VIRGINIA;C2L;False;50408.0;17
2021/2022;SALTA;VIRGINIA;C2L;False;15477.0;17
2021/2022;CHACO;VIRGINIA;C2L;False;122.0;18
2021/2022;TOTAL_NACIONAL;VIRGINIA;C2L;False;66007.0;18
2021/2022;JUJUY;VIRGINIA;C2K;False;343727.0;17
2021/2022;SALTA;VIRGINIA;C2K;False;101607.0;17
2021/2022;CHACO;VIRGINIA;C2K;False;44.0;18
2021/2022;TOTAL_NACIONAL;VIRGINIA;C2K;False;445378.0;18
2021/2022;JUJUY;VIRGINIA;X2F;False;748142.0;17
2021/2022;SALTA;VIRGINIA;X2F;False;567679.0;17
2021/2022;TUCUMAN;VIRGINIA;X2F;False;376.0;17
2021/2022;CHACO;VIRGINIA;X2F;False;2404.0;18
2021/2022;TOTAL_NACIONAL;VIRGINIA;X2F;False;1318601.0;18
2021/2022;JUJUY;VIRGINIA;X2L;False;142210.0;17
2021/2022;SALTA;VIRGINIA;X2L;False;5199.0;17
2021/2022;TUCUMAN;VIRGINIA;X2L;False;35.0;17
2021/2022;CHACO;VIRGINIA;X2L;False;153.0;18
2021/2022;TOTAL_NACIONAL;VIRGINIA;X2L;False;147597.0;18
2021/2022;JUJUY;VIRGINIA;X2K;False;110900.0;17
2021/2022;SALTA;VIRGINIA;X2K;False;22613.0;17
2021/2022;TOTAL_NACIONAL;VIRGINIA;X2K;False;133513.0;18
2021/2022;JUJUY;VIRGINIA;B3F;False;2797950.0;17
2021/2022;SALTA;VIRGINIA;B3F;False;2928549.0;17
2021/2022;TUCUMAN;VIRGINIA;B3F;False;877.0;17
2021/2022;CHACO;VIRGINIA;B3F;False;7799.0;18
2021/2022;TOTAL_NACIONAL;VIRGINIA;B3F;False;5735175.0;18
2021/2022;JUJUY;VIRGINIA;B3L;False;487522.0;17
2021/2022;SALTA;VIRGINIA;B3L;False;14824.0;17
2021/2022;MISIONES;VIRGINIA;B3L;False;65.0;18
2021/2022;CHACO;VIRGINIA;B3L;False;65.0;18
2021/2022;TOTAL_NACIONAL;VIRGINIA;B3L;False;502476.0;18
2021/2022;JUJUY;VIRGINIA;B3KL;False;64325.0;17
2021/2022;SALTA;VIRGINIA;B3KL;False;9281.0;17
2021/2022;CHACO;VIRGINIA;B3KL;False;117.0;18
2021/2022;TOTAL_NACIONAL;VIRGINIA;B3KL;False;73723.0;18
2021/2022;JUJUY;VIRGINIA;B3KF;False;24249.0;17
2021/2022;SALTA;VIRGINIA;B3KF;False;17990.0;17
2021/2022;CHACO;VIRGINIA;B3KF;False;2834.0;18
2021/2022;TOTAL_NACIONAL;VIRGINIA;B3KF;False;45073.0;18
2021/2022;JUJUY;VIRGINIA;C3F;False;1389649.0;17
2021/2022;SALTA;VIRGINIA;C3F;False;1033417.0;17
2021/2022;TUCUMAN;VIRGINIA;C3F;False;1314.0;17
2021/2022;CHACO;VIRGINIA;C3F;False;37745.0;18
2021/2022;TOTAL_NACIONAL;VIRGINIA;C3F;False;2462125.0;18
2021/2022;JUJUY;VIRGINIA;C3L;False;363943.0;17
2021/2022;SALTA;VIRGINIA;C3L;False;47844.0;17
2021/2022;CHACO;VIRGINIA;C3L;False;1797.0;18
2021/2022;TOTAL_NACIONAL;VIRGINIA;C3L;False;413584.0;18
2021/2022;JUJUY;VIRGINIA;C3K;False;478272.0;17
2021/2022;SALTA;VIRGINIA;C3K;False;236098.0;17
2021/2022;CHACO;VIRGINIA;C3K;False;39.0;18
2021/2022;TOTAL_NACIONAL;VIRGINIA;C3K;False;714409.0;18
2021/2022;JUJUY;VIRGINIA;X3F;False;1013656.0;17
2021/2022;SALTA;VIRGINIA;X3F;False;755807.0;17
2021/2022;TUCUMAN;VIRGINIA;X3F;False;77.0;17
2021/2022;CHACO;VIRGINIA;X3F;False;2916.0;18
2021/2022;TOTAL_NACIONAL;VIRGINIA;X3F;False;1772456.0;18
2021/2022;JUJUY;VIRGINIA;X3L;False;7707.0;17
2021/2022;SALTA;VIRGINIA;X3L;False;8247.0;17
2021/2022;CHACO;VIRGINIA;X3L;False;184.0;18
2021/2022;TOTAL_NACIONAL;VIRGINIA;X3L;False;16138.0;18
2021/2022;JUJUY;VIRGINIA;X3K;False;51800.0;17
2021/2022;SALTA;VIRGINIA;X3K;False;233354.0;17
2021/2022;TOTAL_NACIONAL;VIRGINIA;X3K;False;285154.0;18
2021/2022;JUJUY;VIRGINIA;B4F;False;1213944.0;17
2021/2022;SALTA;VIRGINIA;B4F;False;1804473.0;17
2021/2022;TUCUMAN;VIRGINIA;B4F;False;166.0;17
2021/2022;CHACO;VIRGINIA;B4F;False;5079.0;18
2021/2022;TOTAL_NACIONAL;VIRGINIA;B4F;False;3023662.0;18
2021/2022;JUJUY;VIRGINIA;B4L;False;204723.0;17
2021/2022;SALTA;VIRGINIA;B4L;False;36412.0;17
2021/2022;TOTAL_NACIONAL;VIRGINIA;B4L;False;241135.0;18
2021/2022;JUJUY;VIRGINIA;C4F;False;888445.0;17
2021/2022;SALTA;VIRGINIA;C4F;False;406047.0;17
2021/2022;TUCUMAN;VIRGINIA;C4F;False;1024.0;17
2021/2022;CHACO;VIRGINIA;C4F;False;26972.0;18
2021/2022;TOTAL_NACIONAL;VIRGINIA;C4F;False;1322488.0;18
2021/2022;JUJUY;VIRGINIA;C4L;False;482133.0;17
2021/2022;SALTA;VIRGINIA;C4L;False;448839.0;17
2021/2022;CHACO;VIRGINIA;C4L;False;1520.0;18
2021/2022;TOTAL_NACIONAL;VIRGINIA;C4L;False;932492.0;18
2021/2022;JUJUY;VIRGINIA;X4F;False;549230.0;17
2021/2022;SALTA;VIRGINIA;X4F;False;513209.0;17
2021/2022;TUCUMAN;VIRGINIA;X4F;False;616.0;17
2021/2022;CHACO;VIRGINIA;X4F;False;2138.0;18
2021/2022;TOTAL_NACIONAL;VIRGINIA;X4F;False;1065193.0;18
2021/2022;JUJUY;VIRGINIA;X4L;False;355046.0;17
2021/2022;SALTA;VIRGINIA;X4L;False;595292.0;17
2021/2022;CHACO;VIRGINIA;X4L;False;963.0;18
2021/2022;TOTAL_NACIONAL;VIRGINIA;X4L;False;951301.0;18
2021/2022;JUJUY;VIRGINIA;NVX;False;14265.0;17
2021/2022;SALTA;VIRGINIA;NVX;False;43828.0;17
2021/2022;TOTAL_NACIONAL;VIRGINIA;NVX;False;58093.0;18
2021/2022;JUJUY;VIRGINIA;NVC;False;19294.0;17
2021/2022;SALTA;VIRGINIA;NVC;False;70604.0;17
2021/2022;CHACO;VIRGINIA;NVC;False;61.0;18
2021/2022;TOTAL_NACIONAL;VIRGINIA;NVC;False;89959.0;18
2021/2022;JUJUY;VIRGINIA;NVB;False;20604.0;17
2021/2022;SALTA;VIRGINIA;NVB;False;202795.0;17
2021/2022;TOTAL_NACIONAL;VIRGINIA;NVB;False;223399.0;18
2021/2022;JUJUY;VIRGINIA;N5K;False;3081.0;17
2021/2022;SALTA;VIRGINIA;N5K;False;65.0;17
2021/2022;TOTAL_NACIONAL;VIRGINIA;N5K;False;3146.0;18
2021/2022;JUJUY;VIRGINIA;N5X;False;153268.0;17
2021/2022;SALTA;VIRGINIA;N5X;False;320846.0;17
2021/2022;CHACO;VIRGINIA;N5X;False;14.0;18
2021/2022;TOTAL_NACIONAL;VIRGINIA;N5X;False;474128.0;18
2021/2022;JUJUY;VIRGINIA;N5C;False;199412.0;17
2021/2022;SALTA;VIRGINIA;N5C;False;361783.0;17
2021/2022;CHACO;VIRGINIA;N5C;False;73.0;18
2021/2022;TOTAL_NACIONAL;VIRGINIA;N5C;False;561268.0;18
2021/2022;JUJUY;VIRGINIA;N5B;False;226635.0;17
2021/2022;SALTA;VIRGINIA;N5B;False;732709.0;17
2021/2022;TOTAL_NACIONAL;VIRGINIA;N5B;False;959344.0;18
2021/2022;JUJUY;VIRGINIA;TOTAL_CLASES;True;30558443.0;17
2021/2022;SALTA;VIRGINIA;TOTAL_CLASES;True;33063450.0;17
2021/2022;TUCUMAN;VIRGINIA;TOTAL_CLASES;True;9051.0;17
2021/2022;MISIONES;VIRGINIA;TOTAL_CLASES;True;18216.0;18
2021/2022;CHACO;VIRGINIA;TOTAL_CLASES;True;196345.0;18
2021/2022;TOTAL_NACIONAL;VIRGINIA;TOTAL_CLASES;True;63845505.0;18
2021/2022;MISIONES;BURLEY;T1F;False;139841.0;19
2021/2022;TUCUMAN;BURLEY;T1F;False;30263.0;19
2021/2022;CATAMARCA;BURLEY;T1F;False;3778.0;19
2021/2022;TOTAL_NACIONAL;BURLEY;T1F;False;173882.0;19
2021/2022;MISIONES;BURLEY;T1FR;False;672135.0;19
2021/2022;TUCUMAN;BURLEY;T1FR;False;7622.0;19
2021/2022;CATAMARCA;BURLEY;T1FR;False;83.0;19
2021/2022;TOTAL_NACIONAL;BURLEY;T1FR;False;679840.0;19
2021/2022;MISIONES;BURLEY;B1F;False;1524179.0;19
2021/2022;TUCUMAN;BURLEY;B1F;False;813009.0;19
2021/2022;CATAMARCA;BURLEY;B1F;False;101202.0;19
2021/2022;TOTAL_NACIONAL;BURLEY;B1F;False;2438390.0;19
2021/2022;MISIONES;BURLEY;B1FR;False;2941799.0;19
2021/2022;TUCUMAN;BURLEY;B1FR;False;167866.0;19
2021/2022;CATAMARCA;BURLEY;B1FR;False;14752.0;19
2021/2022;TOTAL_NACIONAL;BURLEY;B1FR;False;3124417.0;19
2021/2022;MISIONES;BURLEY;C1L;False;2296838.0;19
2021/2022;TUCUMAN;BURLEY;C1L;False;909313.0;19
2021/2022;CATAMARCA;BURLEY;C1L;False;110223.0;19
2021/2022;TOTAL_NACIONAL;BURLEY;C1L;False;3316374.0;19
2021/2022;MISIONES;BURLEY;C1F;False;1653067.0;19
2021/2022;TUCUMAN;BURLEY;C1F;False;810214.0;19
2021/2022;CATAMARCA;BURLEY;C1F;False;62197.0;19
2021/2022;TOTAL_NACIONAL;BURLEY;C1F;False;2525478.0;19
2021/2022;MISIONES;BURLEY;X1L;False;815808.0;19
2021/2022;TUCUMAN;BURLEY;X1L;False;262496.0;19
2021/2022;CATAMARCA;BURLEY;X1L;False;3056.0;19
2021/2022;TOTAL_NACIONAL;BURLEY;X1L;False;1081360.0;19
2021/2022;MISIONES;BURLEY;X1F;False;78240.0;19
2021/2022;TUCUMAN;BURLEY;X1F;False;509474.0;19
2021/2022;CATAMARCA;BURLEY;X1F;False;84141.0;19
2021/2022;TOTAL_NACIONAL;BURLEY;X1F;False;671855.0;19
2021/2022;MISIONES;BURLEY;T2F;False;151438.0;19
2021/2022;TUCUMAN;BURLEY;T2F;False;17929.0;19
2021/2022;CATAMARCA;BURLEY;T2F;False;1996.0;19
2021/2022;TOTAL_NACIONAL;BURLEY;T2F;False;171363.0;19
2021/2022;MISIONES;BURLEY;T2FR;False;549520.0;19
2021/2022;TUCUMAN;BURLEY;T2FR;False;12804.0;19
2021/2022;CATAMARCA;BURLEY;T2FR;False;234.0;19
2021/2022;TOTAL_NACIONAL;BURLEY;T2FR;False;562558.0;19
2021/2022;MISIONES;BURLEY;B2F;False;534591.0;19
2021/2022;TUCUMAN;BURLEY;B2F;False;515592.0;19
2021/2022;CATAMARCA;BURLEY;B2F;False;40755.0;19
2021/2022;TOTAL_NACIONAL;BURLEY;B2F;False;1090938.0;19
2021/2022;MISIONES;BURLEY;B2FR;False;1784077.0;19
2021/2022;TUCUMAN;BURLEY;B2FR;False;182010.0;19
2021/2022;CATAMARCA;BURLEY;B2FR;False;4750.0;19
2021/2022;TOTAL_NACIONAL;BURLEY;B2FR;False;1970837.0;19
2021/2022;MISIONES;BURLEY;C2L;False;1977102.0;19
2021/2022;TUCUMAN;BURLEY;C2L;False;304704.0;19
2021/2022;CATAMARCA;BURLEY;C2L;False;5071.0;19
2021/2022;TOTAL_NACIONAL;BURLEY;C2L;False;2286877.0;19
2021/2022;MISIONES;BURLEY;C2F;False;748706.0;19
2021/2022;TUCUMAN;BURLEY;C2F;False;641375.0;19
2021/2022;CATAMARCA;BURLEY;C2F;False;24675.0;19
2021/2022;TOTAL_NACIONAL;BURLEY;C2F;False;1414756.0;19
2021/2022;MISIONES;BURLEY;X2L;False;1055434.0;19
2021/2022;TUCUMAN;BURLEY;X2L;False;300963.0;19
2021/2022;CATAMARCA;BURLEY;X2L;False;7852.0;19
2021/2022;TOTAL_NACIONAL;BURLEY;X2L;False;1364249.0;19
2021/2022;MISIONES;BURLEY;X2F;False;335154.0;19
2021/2022;TUCUMAN;BURLEY;X2F;False;176646.0;19
2021/2022;CATAMARCA;BURLEY;X2F;False;15394.0;19
2021/2022;TOTAL_NACIONAL;BURLEY;X2F;False;527194.0;19
2021/2022;MISIONES;BURLEY;T3K;False;4164.0;19
2021/2022;TUCUMAN;BURLEY;T3K;False;849.0;19
2021/2022;CATAMARCA;BURLEY;T3K;False;504.0;19
2021/2022;TOTAL_NACIONAL;BURLEY;T3K;False;5517.0;19
2021/2022;MISIONES;BURLEY;C3L;False;946136.0;19
2021/2022;TUCUMAN;BURLEY;C3L;False;122994.0;19
2021/2022;CATAMARCA;BURLEY;C3L;False;3454.0;19
2021/2022;TOTAL_NACIONAL;BURLEY;C3L;False;1072584.0;19
2021/2022;MISIONES;BURLEY;C3F;False;365881.0;19
2021/2022;TUCUMAN;BURLEY;C3F;False;266430.0;19
2021/2022;CATAMARCA;BURLEY;C3F;False;8521.0;19
2021/2022;TOTAL_NACIONAL;BURLEY;C3F;False;640832.0;19
2021/2022;MISIONES;BURLEY;C3K;False;9706.0;19
2021/2022;TUCUMAN;BURLEY;C3K;False;1662.0;19
2021/2022;CATAMARCA;BURLEY;C3K;False;151.0;19
2021/2022;TOTAL_NACIONAL;BURLEY;C3K;False;11519.0;19
2021/2022;MISIONES;BURLEY;X3K;False;3786.0;19
2021/2022;TUCUMAN;BURLEY;X3K;False;6762.0;19
2021/2022;CATAMARCA;BURLEY;X3K;False;336.0;19
2021/2022;TOTAL_NACIONAL;BURLEY;X3K;False;10884.0;19
2021/2022;MISIONES;BURLEY;B3F;False;125898.0;19
2021/2022;TUCUMAN;BURLEY;B3F;False;80757.0;19
2021/2022;CATAMARCA;BURLEY;B3F;False;3200.0;19
2021/2022;TOTAL_NACIONAL;BURLEY;B3F;False;209855.0;19
2021/2022;MISIONES;BURLEY;B3FR;False;191018.0;19
2021/2022;TUCUMAN;BURLEY;B3FR;False;41959.0;19
2021/2022;CATAMARCA;BURLEY;B3FR;False;636.0;19
2021/2022;TOTAL_NACIONAL;BURLEY;B3FR;False;233613.0;19
2021/2022;MISIONES;BURLEY;B3K;False;2682.0;19
2021/2022;TUCUMAN;BURLEY;B3K;False;752.0;19
2021/2022;CATAMARCA;BURLEY;B3K;False;77.0;19
2021/2022;TOTAL_NACIONAL;BURLEY;B3K;False;3511.0;19
2021/2022;MISIONES;BURLEY;NG;False;920.0;19
2021/2022;TUCUMAN;BURLEY;NG;False;115.0;19
2021/2022;TOTAL_NACIONAL;BURLEY;NG;False;1035.0;19
2021/2022;MISIONES;BURLEY;NX;False;47705.0;19
2021/2022;TUCUMAN;BURLEY;NX;False;20.0;19
2021/2022;CATAMARCA;BURLEY;NX;False;106.0;19
2021/2022;TOTAL_NACIONAL;BURLEY;NX;False;47831.0;19
2021/2022;MISIONES;BURLEY;NB;False;1893.0;19
2021/2022;TUCUMAN;BURLEY;NB;False;39.0;19
2021/2022;TOTAL_NACIONAL;BURLEY;NB;False;1932.0;19
2021/2022;MISIONES;BURLEY;TOTAL_CLASES;True;18957718.0;19
2021/2022;TUCUMAN;BURLEY;TOTAL_CLASES;True;6184619.0;19
2021/2022;CATAMARCA;BURLEY;TOTAL_CLASES;True;497144.0;19
2021/2022;TOTAL_NACIONAL;BURLEY;TOTAL_CLASES;True;25639481.0;19
2021/2022;MISIONES;CR. MISIONERO;C1;False;96266.0;20
2021/2022;MISIONES;CR. MISIONERO;C2;False;20181.0;20
2021/2022;MISIONES;CR. MISIONERO;B1;False;71748.0;20
2021/2022;MISIONES;CR. MISIONERO;B2;False;15062.0;20
2021/2022;MISIONES;CR. MISIONERO;T1;False;15228.0;20
2021/2022;MISIONES;CR. MISIONERO;X1;False;10852.0;20
2021/2022;MISIONES;CR. MISIONERO;N4;False;955.0;20
2021/2022;MISIONES;CR. MISIONERO;N5;False;80.0;20
2021/2022;MISIONES;CR. MISIONERO;TOTAL_CLASES;True;230372.0;20
2021/2022;CHACO;CR. CHAQUEÑO;CH1;False;164788.0;20
2021/2022;CHACO;CR. CHAQUEÑO;CH2;False;79494.0;20
2021/2022;CHACO;CR. CHAQUEÑO;CH3;False;24134.0;20
2021/2022;CHACO;CR. CHAQUEÑO;TOTAL_CLASES;True;268416.0;20
2021/2022;CORRIENTES;CR. CORRENTINO;C1;False;775998.0;20
2021/2022;CORRIENTES;CR. CORRENTINO;C2;False;174011.0;20
2021/2022;CORRIENTES;CR. CORRENTINO;C3;False;108915.0;20
2021/2022;CORRIENTES;CR. CORRENTINO;X1;False;144985.0;20
2021/2022;CORRIENTES;CR. CORRENTINO;X2;False;61956.0;20
2021/2022;CORRIENTES;CR. CORRENTINO;T;False;103402.0;20
2021/2022;CORRIENTES;CR. CORRENTINO;N;False;917.0;20
2021/2022;CORRIENTES;CR. CORRENTINO;TOTAL_CLASES;True;1370184.0;20
2021/2022;TUCUMAN;CR. ARGENTINO;B1;False;85656.0;20
2021/2022;CATAMARCA;CR. ARGENTINO;B1;False;14098.0;20
2021/2022;TOTAL_NACIONAL;CR. ARGENTINO;B1;False;99754.0;20
2021/2022;TUCUMAN;CR. ARGENTINO;B2;False;63969.0;20
2021/2022;CATAMARCA;CR. ARGENTINO;B2;False;10266.0;20
2021/2022;TOTAL_NACIONAL;CR. ARGENTINO;B2;False;74235.0;20
2021/2022;TUCUMAN;CR. ARGENTINO;B3;False;6978.0;20
2021/2022;CATAMARCA;CR. ARGENTINO;B3;False;912.0;20
2021/2022;TOTAL_NACIONAL;CR. ARGENTINO;B3;False;7890.0;20
2021/2022;TUCUMAN;CR. ARGENTINO;C1;False;13835.0;20
2021/2022;CATAMARCA;CR. ARGENTINO;C1;False;1802.0;20
2021/2022;TOTAL_NACIONAL;CR. ARGENTINO;C1;False;15637.0;20
2021/2022;TUCUMAN;CR. ARGENTINO;C2;False;14547.0;20
2021/2022;CATAMARCA;CR. ARGENTINO;C2;False;2975.0;20
2021/2022;TOTAL_NACIONAL;CR. ARGENTINO;C2;False;17522.0;20
2021/2022;TUCUMAN;CR. ARGENTINO;T2;False;21112.0;20
2021/2022;CATAMARCA;CR. ARGENTINO;T2;False;4461.0;20
2021/2022;TOTAL_NACIONAL;CR. ARGENTINO;T2;False;25573.0;20
2021/2022;TUCUMAN;CR. ARGENTINO;T4;False;274.0;20
2021/2022;CATAMARCA;CR. ARGENTINO;T4;False;0.0;20
2021/2022;TOTAL_NACIONAL;CR. ARGENTINO;T4;False;274.0;20
2021/2022;TUCUMAN;CR. ARGENTINO;X2;False;13029.0;20
2021/2022;CATAMARCA;CR. ARGENTINO;X2;False;1994.0;20
2021/2022;TOTAL_NACIONAL;CR. ARGENTINO;X2;False;15023.0;20
2021/2022;TUCUMAN;CR. ARGENTINO;X4;False;477.0;20
2021/2022;CATAMARCA;CR. ARGENTINO;X4;False;44.0;20
2021/2022;TOTAL_NACIONAL;CR. ARGENTINO;X4;False;521.0;20
2021/2022;TUCUMAN;CR. ARGENTINO;TOTAL_CLASES;True;219877.0;20
2021/2022;CATAMARCA;CR. ARGENTINO;TOTAL_CLASES;True;36552.0;20
2021/2022;TOTAL_NACIONAL;CR. ARGENTINO;TOTAL_CLASES;True;256429.0;20
2022/2023;MISIONES;CR. MISIONERO;TOTAL_CLASES;True;87408882.0;5
2022/2023;CHACO;CR. CHAQUEÑO;TOTAL_CLASES;True;87408882.0;5
2022/2023;CORRIENTES;CR. CORRENTINO;TOTAL_CLASES;True;87408882.0;5
2022/2023;TUCUMAN;CR. ARGENTINO;TOTAL_CLASES;True;87408882.0;5
2022/2023;CATAMARCA;CR. ARGENTINO;TOTAL_CLASES;True;100.0;5
2022/2023;TOTAL_NACIONAL;CR. ARGENTINO;TOTAL_CLASES;True;44920826792.08;5
2022/2023;CATAMARCA;CR. ARGENTINO;TOTAL_CLASES;True;44920826792.08;5
2022/2023;SALTA;VIRGINIA;T1F;False;0.0;18
2022/2023;MISIONES;VIRGINIA;T1F;False;0.0;18
2022/2023;SALTA;VIRGINIA;T1L;False;0.0;18
2022/2023;MISIONES;VIRGINIA;T1L;False;0.0;18
2022/2023;SALTA;VIRGINIA;B1F;False;10394453.0;18
2022/2023;MISIONES;VIRGINIA;B1F;False;12735340.0;18
2022/2023;SALTA;VIRGINIA;B1L;False;17284.0;18
2022/2023;MISIONES;VIRGINIA;B1L;False;19313.0;18
2022/2023;SALTA;VIRGINIA;C1F;False;3193674.0;18
2022/2023;MISIONES;VIRGINIA;C1F;False;3521138.0;18
2022/2023;SALTA;VIRGINIA;C1L;False;12803.0;18
2022/2023;MISIONES;VIRGINIA;C1L;False;17152.0;18
2022/2023;SALTA;VIRGINIA;X1F;False;1628518.0;18
2022/2023;MISIONES;VIRGINIA;X1F;False;1540885.0;18
2022/2023;SALTA;VIRGINIA;X1L;False;6272.0;18
2022/2023;MISIONES;VIRGINIA;X1L;False;6841.0;18
2022/2023;SALTA;VIRGINIA;T2F;False;0.0;18
2022/2023;MISIONES;VIRGINIA;T2F;False;0.0;18
2022/2023;SALTA;VIRGINIA;T2L;False;0.0;18
2022/2023;MISIONES;VIRGINIA;T2L;False;0.0;18
2022/2023;SALTA;VIRGINIA;T2KL;False;0.0;18
2022/2023;MISIONES;VIRGINIA;T2KL;False;0.0;18
2022/2023;SALTA;VIRGINIA;T2KF;False;0.0;18
2022/2023;MISIONES;VIRGINIA;T2KF;False;0.0;18
2022/2023;SALTA;VIRGINIA;B2F;False;2837870.0;18
2022/2023;MISIONES;VIRGINIA;B2F;False;2634338.0;18
2022/2023;SALTA;VIRGINIA;B2L;False;13780.0;18
2022/2023;MISIONES;VIRGINIA;B2L;False;6328.0;18
2022/2023;SALTA;VIRGINIA;B2KL;False;121283.0;18
2022/2023;MISIONES;VIRGINIA;B2KL;False;11638.0;18
2022/2023;SALTA;VIRGINIA;B2KF;False;144716.0;18
2022/2023;MISIONES;VIRGINIA;B2KF;False;83126.0;18
2022/2023;SALTA;VIRGINIA;C2F;False;1055575.0;18
2022/2023;MISIONES;VIRGINIA;C2F;False;1017488.0;18
2022/2023;SALTA;VIRGINIA;C2L;False;165347.0;18
2022/2023;MISIONES;VIRGINIA;C2L;False;6844.0;18
2022/2023;SALTA;VIRGINIA;C2K;False;423849.0;18
2022/2023;MISIONES;VIRGINIA;C2K;False;158381.0;18
2022/2023;SALTA;VIRGINIA;X2F;False;564538.0;18
2022/2023;MISIONES;VIRGINIA;X2F;False;593132.0;18
2022/2023;SALTA;VIRGINIA;X2L;False;4005.0;18
2022/2023;MISIONES;VIRGINIA;X2L;False;3181.0;18
2022/2023;SALTA;VIRGINIA;X2K;False;9286.0;18
2022/2023;MISIONES;VIRGINIA;X2K;False;27577.0;18
2022/2023;SALTA;VIRGINIA;B3F;False;2793502.0;18
2022/2023;MISIONES;VIRGINIA;B3F;False;2675757.0;18
2022/2023;SALTA;VIRGINIA;B3L;False;50999.0;18
2022/2023;MISIONES;VIRGINIA;B3L;False;8619.0;18
2022/2023;SALTA;VIRGINIA;B3KL;False;14998.0;18
2022/2023;MISIONES;VIRGINIA;B3KL;False;2660.0;18
2022/2023;SALTA;VIRGINIA;B3KF;False;7626.0;18
2022/2023;MISIONES;VIRGINIA;B3KF;False;10364.0;18
2022/2023;SALTA;VIRGINIA;C3F;False;1177698.0;18
2022/2023;MISIONES;VIRGINIA;C3F;False;1180511.0;18
2022/2023;SALTA;VIRGINIA;C3L;False;98904.0;18
2022/2023;MISIONES;VIRGINIA;C3L;False;23849.0;18
2022/2023;SALTA;VIRGINIA;C3K;False;59714.0;18
2022/2023;MISIONES;VIRGINIA;C3K;False;199997.0;18
2022/2023;SALTA;VIRGINIA;X3F;False;569224.0;18
2022/2023;MISIONES;VIRGINIA;X3F;False;742984.0;18
2022/2023;SALTA;VIRGINIA;X3L;False;9024.0;18
2022/2023;MISIONES;VIRGINIA;X3L;False;6372.0;18
2022/2023;SALTA;VIRGINIA;X3K;False;26941.0;18
2022/2023;MISIONES;VIRGINIA;X3K;False;312432.0;18
2022/2023;SALTA;VIRGINIA;B4F;False;1280464.0;18
2022/2023;MISIONES;VIRGINIA;B4F;False;1829093.0;18
2022/2023;SALTA;VIRGINIA;B4L;False;68595.0;18
2022/2023;MISIONES;VIRGINIA;B4L;False;54371.0;18
2022/2023;SALTA;VIRGINIA;C4F;False;674724.0;18
2022/2023;MISIONES;VIRGINIA;C4F;False;814809.0;18
2022/2023;SALTA;VIRGINIA;C4L;False;185852.0;18
2022/2023;MISIONES;VIRGINIA;C4L;False;920111.0;18
2022/2023;SALTA;VIRGINIA;X4F;False;278620.0;18
2022/2023;MISIONES;VIRGINIA;X4F;False;523949.0;18
2022/2023;SALTA;VIRGINIA;X4L;False;76309.0;18
2022/2023;MISIONES;VIRGINIA;X4L;False;1049124.0;18
2022/2023;JUJUY;VIRGINIA;NVX;False;3968.0;18
2022/2023;SALTA;VIRGINIA;NVX;False;47312.0;18
2022/2023;TUCUMAN;VIRGINIA;NVX;False;0.0;18
2022/2023;MISIONES;VIRGINIA;NVX;False;0.0;18
2022/2023;JUJUY;VIRGINIA;NVC;False;18564.0;18
2022/2023;SALTA;VIRGINIA;NVC;False;26077.0;18
2022/2023;TUCUMAN;VIRGINIA;NVC;False;0.0;18
2022/2023;MISIONES;VIRGINIA;NVC;False;0.0;18
2022/2023;JUJUY;VIRGINIA;NVB;False;6947.0;18
2022/2023;SALTA;VIRGINIA;NVB;False;5396.0;18
2022/2023;TUCUMAN;VIRGINIA;NVB;False;0.0;18
2022/2023;MISIONES;VIRGINIA;NVB;False;104.0;18
2022/2023;SALTA;VIRGINIA;N5K;False;589.0;18
2022/2023;MISIONES;VIRGINIA;N5K;False;0.0;18
2022/2023;SALTA;VIRGINIA;N5X;False;19010.0;18
2022/2023;MISIONES;VIRGINIA;N5X;False;211578.0;18
2022/2023;SALTA;VIRGINIA;N5C;False;23401.0;18
2022/2023;MISIONES;VIRGINIA;N5C;False;55978.0;18
2022/2023;SALTA;VIRGINIA;N5B;False;31622.0;18
2022/2023;MISIONES;VIRGINIA;N5B;False;42739.0;18
2022/2023;SALTA;VIRGINIA;H1F;False;546.0;18
2022/2023;MISIONES;VIRGINIA;H1F;False;0.0;18
2022/2023;SALTA;VIRGINIA;H2F;False;0.0;18
2022/2023;MISIONES;VIRGINIA;H2F;False;0.0;18
2022/2023;SALTA;VIRGINIA;H3F;False;0.0;18
2022/2023;MISIONES;VIRGINIA;H3F;False;29.0;18
2022/2023;JUJUY;VIRGINIA;TOTAL_CLASES;True;28071094.0;18
2022/2023;SALTA;VIRGINIA;TOTAL_CLASES;True;33126813.0;18
2022/2023;TUCUMAN;VIRGINIA;TOTAL_CLASES;True;837.0;18
2022/2023;MISIONES;VIRGINIA;TOTAL_CLASES;True;18267.0;18
2022/2023;CHACO;VIRGINIA;T1F;False;0.0;19
2022/2023;CHACO;VIRGINIA;T1L;False;0.0;19
2022/2023;CHACO;VIRGINIA;B1F;False;939.0;19
2022/2023;CHACO;VIRGINIA;B1L;False;0.0;19
2022/2023;CHACO;VIRGINIA;C1F;False;0.0;19
2022/2023;CHACO;VIRGINIA;C1L;False;0.0;19
2022/2023;CHACO;VIRGINIA;X1F;False;0.0;19
2022/2023;CHACO;VIRGINIA;X1L;False;0.0;19
2022/2023;CHACO;VIRGINIA;T2F;False;0.0;19
2022/2023;CHACO;VIRGINIA;T2L;False;0.0;19
2022/2023;CHACO;VIRGINIA;T2KL;False;0.0;19
2022/2023;CHACO;VIRGINIA;T2KF;False;0.0;19
2022/2023;CHACO;VIRGINIA;B2F;False;72.0;19
2022/2023;CHACO;VIRGINIA;B2L;False;0.0;19
2022/2023;CHACO;VIRGINIA;B2KL;False;0.0;19
2022/2023;CHACO;VIRGINIA;B2KF;False;0.0;19
2022/2023;CHACO;VIRGINIA;C2F;False;0.0;19
2022/2023;CHACO;VIRGINIA;C2L;False;0.0;19
2022/2023;CHACO;VIRGINIA;C2K;False;0.0;19
2022/2023;CHACO;VIRGINIA;X2F;False;0.0;19
2022/2023;CHACO;VIRGINIA;X2L;False;0.0;19
2022/2023;CHACO;VIRGINIA;X2K;False;0.0;19
2022/2023;CHACO;VIRGINIA;B3F;False;0.0;19
2022/2023;CHACO;VIRGINIA;B3L;False;0.0;19
2022/2023;CHACO;VIRGINIA;B3KL;False;0.0;19
2022/2023;CHACO;VIRGINIA;B3KF;False;0.0;19
2022/2023;CHACO;VIRGINIA;C3F;False;0.0;19
2022/2023;CHACO;VIRGINIA;C3L;False;0.0;19
2022/2023;CHACO;VIRGINIA;C3K;False;0.0;19
2022/2023;CHACO;VIRGINIA;X3F;False;0.0;19
2022/2023;CHACO;VIRGINIA;X3L;False;0.0;19
2022/2023;CHACO;VIRGINIA;X3K;False;0.0;19
2022/2023;CHACO;VIRGINIA;B4F;False;0.0;19
2022/2023;CHACO;VIRGINIA;B4L;False;0.0;19
2022/2023;CHACO;VIRGINIA;C4F;False;0.0;19
2022/2023;CHACO;VIRGINIA;C4L;False;0.0;19
2022/2023;CHACO;VIRGINIA;X4F;False;0.0;19
2022/2023;CHACO;VIRGINIA;X4L;False;0.0;19
2022/2023;CORRIENTES;VIRGINIA;NVX;False;0.0;19
2022/2023;CHACO;VIRGINIA;NVX;False;0.0;19
2022/2023;TOTAL_NACIONAL;VIRGINIA;NVX;False;51280.0;19
2022/2023;CORRIENTES;VIRGINIA;NVC;False;0.0;19
2022/2023;CHACO;VIRGINIA;NVC;False;249.0;19
2022/2023;TOTAL_NACIONAL;VIRGINIA;NVC;False;44890.0;19
2022/2023;CORRIENTES;VIRGINIA;NVB;False;0.0;19
2022/2023;CHACO;VIRGINIA;NVB;False;0.0;19
2022/2023;TOTAL_NACIONAL;VIRGINIA;NVB;False;12447.0;19
2022/2023;CHACO;VIRGINIA;N5K;False;0.0;19
2022/2023;CHACO;VIRGINIA;N5X;False;0.0;19
2022/2023;CHACO;VIRGINIA;N5C;False;0.0;19
2022/2023;CHACO;VIRGINIA;N5B;False;0.0;19
2022/2023;CHACO;VIRGINIA;H1F;False;0.0;19
2022/2023;CHACO;VIRGINIA;H2F;False;0.0;19
2022/2023;CHACO;VIRGINIA;H3F;False;0.0;19
2022/2023;CORRIENTES;VIRGINIA;TOTAL_CLASES;True;1011.0;19
2022/2023;CHACO;VIRGINIA;TOTAL_CLASES;True;156707.0;19
2022/2023;TOTAL_NACIONAL;VIRGINIA;TOTAL_CLASES;True;61374729.0;19
2022/2023;TUCUMAN;BURLEY;T1F;False;137872.0;20
2022/2023;CORRIENTES;BURLEY;T1F;False;49190.0;20
2022/2023;TUCUMAN;BURLEY;T1FR;False;928529.0;20
2022/2023;CORRIENTES;BURLEY;T1FR;False;51174.0;20
2022/2023;TUCUMAN;BURLEY;B1F;False;1849501.0;20
2022/2023;CORRIENTES;BURLEY;B1F;False;589545.0;20
2022/2023;TUCUMAN;BURLEY;B1FR;False;3840887.0;20
2022/2023;CORRIENTES;BURLEY;B1FR;False;259524.0;20
2022/2023;TUCUMAN;BURLEY;C1L;False;1879300.0;20
2022/2023;CORRIENTES;BURLEY;C1L;False;946812.0;20
2022/2023;TUCUMAN;BURLEY;C1F;False;1619299.0;20
2022/2023;CORRIENTES;BURLEY;C1F;False;650277.0;20
2022/2023;TUCUMAN;BURLEY;X1L;False;806267.0;20
2022/2023;CORRIENTES;BURLEY;X1L;False;378186.0;20
2022/2023;TUCUMAN;BURLEY;X1F;False;195269.0;20
2022/2023;CORRIENTES;BURLEY;X1F;False;120612.0;20
2022/2023;TUCUMAN;BURLEY;T2F;False;230678.0;20
2022/2023;CORRIENTES;BURLEY;T2F;False;22141.0;20
2022/2023;TUCUMAN;BURLEY;T2FR;False;150548.0;20
2022/2023;CORRIENTES;BURLEY;T2FR;False;32674.0;20
2022/2023;TUCUMAN;BURLEY;B2F;False;444471.0;20
2022/2023;CORRIENTES;BURLEY;B2F;False;521467.0;20
2022/2023;TUCUMAN;BURLEY;B2FR;False;1810309.0;20
2022/2023;CORRIENTES;BURLEY;B2FR;False;178390.0;20
2022/2023;TUCUMAN;BURLEY;C2L;False;1433296.0;20
2022/2023;CORRIENTES;BURLEY;C2L;False;565866.0;20
2022/2023;TUCUMAN;BURLEY;C2F;False;1107622.0;20
2022/2023;CORRIENTES;BURLEY;C2F;False;575799.0;20
2022/2023;TUCUMAN;BURLEY;X2L;False;456327.0;20
2022/2023;CORRIENTES;BURLEY;X2L;False;234620.0;20
2022/2023;TUCUMAN;BURLEY;X2F;False;587076.0;20
2022/2023;CORRIENTES;BURLEY;X2F;False;65005.0;20
2022/2023;TUCUMAN;BURLEY;T3K;False;292.0;20
2022/2023;CORRIENTES;BURLEY;T3K;False;141.0;20
2022/2023;TUCUMAN;BURLEY;C3L;False;238346.0;20
2022/2023;CORRIENTES;BURLEY;C3L;False;95504.0;20
2022/2023;TUCUMAN;BURLEY;C3F;False;234976.0;20
2022/2023;CORRIENTES;BURLEY;C3F;False;234387.0;20
2022/2023;TUCUMAN;BURLEY;C3K;False;10751.0;20
2022/2023;CORRIENTES;BURLEY;C3K;False;578.0;20
2022/2023;TUCUMAN;BURLEY;X3K;False;1369.0;20
2022/2023;CORRIENTES;BURLEY;X3K;False;232.0;20
2022/2023;TUCUMAN;BURLEY;B3F;False;89059.0;20
2022/2023;CORRIENTES;BURLEY;B3F;False;108923.0;20
2022/2023;TUCUMAN;BURLEY;B3FR;False;98628.0;20
2022/2023;CORRIENTES;BURLEY;B3FR;False;63685.0;20
2022/2023;TUCUMAN;BURLEY;B3K;False;461.0;20
2022/2023;CORRIENTES;BURLEY;B3K;False;0.0;20
2022/2023;MISIONES;BURLEY;NG;False;287.0;20
2022/2023;TUCUMAN;BURLEY;NG;False;37.0;20
2022/2023;CATAMARCA;BURLEY;NG;False;0.0;20
2022/2023;CORRIENTES;BURLEY;NG;False;0.0;20
2022/2023;TOTAL_NACIONAL;BURLEY;NG;False;324.0;20
2022/2023;MISIONES;BURLEY;NX;False;13689.0;20
2022/2023;TUCUMAN;BURLEY;NX;False;1309.0;20
2022/2023;CATAMARCA;BURLEY;NX;False;0.0;20
2022/2023;CORRIENTES;BURLEY;NX;False;0.0;20
2022/2023;TOTAL_NACIONAL;BURLEY;NX;False;14998.0;20
2022/2023;MISIONES;BURLEY;NB;False;386.0;20
2022/2023;TUCUMAN;BURLEY;NB;False;0.0;20
2022/2023;CATAMARCA;BURLEY;NB;False;0.0;20
2022/2023;CORRIENTES;BURLEY;NB;False;0.0;20
2022/2023;TOTAL_NACIONAL;BURLEY;NB;False;386.0;20
2022/2023;MISIONES;BURLEY;TOTAL_CLASES;True;18165495.0;20
2022/2023;TUCUMAN;BURLEY;TOTAL_CLASES;True;5746078.0;20
2022/2023;CATAMARCA;BURLEY;TOTAL_CLASES;True;590784.0;20
2022/2023;CORRIENTES;BURLEY;TOTAL_CLASES;True;56380.0;20
2022/2023;TOTAL_NACIONAL;BURLEY;TOTAL_CLASES;True;24558737.0;20
2022/2023;MISIONES;CR. MISIONERO;TOTAL_CLASES;True;158750.0;21
2022/2023;MISIONES;CR. MISIONERO;N;False;0.0;21
2022/2023;MISIONES;CR. MISIONERO;TOTAL_CLASES;True;203913.0;21
2022/2023;CHACO;CR. CHAQUEÑO;TOTAL_CLASES;True;158750.0;21
2022/2023;CHACO;CR. CHAQUEÑO;N;False;0.0;21
2022/2023;CHACO;CR. CHAQUEÑO;TOTAL_CLASES;True;203913.0;21
2022/2023;CORRIENTES;CR. CORRENTINO;TOTAL_CLASES;True;158750.0;21
2022/2023;CORRIENTES;CR. CORRENTINO;N;False;0.0;21
2022/2023;CORRIENTES;CR. CORRENTINO;TOTAL_CLASES;True;203913.0;21
2022/2023;CATAMARCA;CR. ARGENTINO;C1;False;133000.0;21
2022/2023;CATAMARCA;CR. ARGENTINO;C2;False;4725.0;21
2022/2023;CATAMARCA;CR. ARGENTINO;B2;False;1894.0;21
2022/2023;TOTAL_NACIONAL;CR. ARGENTINO;B2;False;0.0;21
2022/2023;CATAMARCA;CR. ARGENTINO;X1;False;677.0;21
2022/2023;TOTAL_NACIONAL;CR. ARGENTINO;X1;False;17511.0;21
2022/2023;CATAMARCA;CR. ARGENTINO;N4;False;0.0;21
2022/2023;TOTAL_NACIONAL;CR. ARGENTINO;N4;False;0.0;21
2022/2023;CATAMARCA;CR. ARGENTINO;N5;False;0.0;21
2022/2023;TOTAL_NACIONAL;CR. ARGENTINO;N5;False;929027.0;21
2022/2023;TUCUMAN;CR. ARGENTINO;TOTAL_CLASES;True;158750.0;21
2022/2023;CATAMARCA;CR. ARGENTINO;B2;False;47825.0;21
2022/2023;CATAMARCA;CR. ARGENTINO;B3;False;2482.0;21
2022/2023;CATAMARCA;CR. ARGENTINO;C1;False;48536.0;21
2022/2023;CATAMARCA;CR. ARGENTINO;C2;False;43756.0;21
2022/2023;CATAMARCA;CR. ARGENTINO;T2;False;1711.0;21
2022/2023;CATAMARCA;CR. ARGENTINO;T4;False;60.0;21
2022/2023;CATAMARCA;CR. ARGENTINO;X2;False;1328.0;21
2022/2023;CATAMARCA;CR. ARGENTINO;X4;False;23.0;21
2022/2023;TUCUMAN;CR. ARGENTINO;N;False;0.0;21
2022/2023;CATAMARCA;CR. ARGENTINO;N;False;0.0;21
2022/2023;TOTAL_NACIONAL;CR. ARGENTINO;N;False;0.0;21
2022/2023;TUCUMAN;CR. ARGENTINO;TOTAL_CLASES;True;203913.0;21
2022/2023;CATAMARCA;CR. ARGENTINO;TOTAL_CLASES;True;30783.0;21
2022/2023;TOTAL_NACIONAL;CR. ARGENTINO;TOTAL_CLASES;True;234696.0;21
2023/2024;CHACO;VIRGINIA;T1F;False;235.0;6
2023/2024;TOTAL_NACIONAL;VIRGINIA;T1F;False;235.0;6
2023/2024;JUJUY;VIRGINIA;B1F;False;11917070.0;5
2023/2024;SALTA;VIRGINIA;B1F;False;14476917.0;5
2023/2024;TUCUMAN;VIRGINIA;B1F;False;842.0;5
2023/2024;MISIONES;VIRGINIA;B1F;False;2028.0;5
2023/2024;CHACO;VIRGINIA;B1F;False;6457.0;6
2023/2024;TOTAL_NACIONAL;VIRGINIA;B1F;False;26403314.0;6
2023/2024;JUJUY;VIRGINIA;B1L;False;4879.0;5
2023/2024;SALTA;VIRGINIA;B1L;False;5467.0;5
2023/2024;TUCUMAN;VIRGINIA;B1L;False;1881.0;5
2023/2024;MISIONES;VIRGINIA;B1L;False;495.0;5
2023/2024;TOTAL_NACIONAL;VIRGINIA;B1L;False;12722.0;6
2023/2024;JUJUY;VIRGINIA;C1F;False;2681093.0;5
2023/2024;SALTA;VIRGINIA;C1F;False;2005660.0;5
2023/2024;TUCUMAN;VIRGINIA;C1F;False;184.0;5
2023/2024;CHACO;VIRGINIA;C1F;False;30434.0;6
2023/2024;TOTAL_NACIONAL;VIRGINIA;C1F;False;4717371.0;6
2023/2024;JUJUY;VIRGINIA;C1L;False;4245.0;5
2023/2024;SALTA;VIRGINIA;C1L;False;3804.0;5
2023/2024;TUCUMAN;VIRGINIA;C1L;False;1326.0;5
2023/2024;CHACO;VIRGINIA;C1L;False;458.0;6
2023/2024;TOTAL_NACIONAL;VIRGINIA;C1L;False;9833.0;6
2023/2024;JUJUY;VIRGINIA;X1F;False;1480262.0;5
2023/2024;SALTA;VIRGINIA;X1F;False;1173652.0;5
2023/2024;CHACO;VIRGINIA;X1F;False;4822.0;6
2023/2024;TOTAL_NACIONAL;VIRGINIA;X1F;False;2658736.0;6
2023/2024;JUJUY;VIRGINIA;X1L;False;850.0;5
2023/2024;SALTA;VIRGINIA;X1L;False;1070.0;5
2023/2024;TUCUMAN;VIRGINIA;X1L;False;41.0;5
2023/2024;CHACO;VIRGINIA;X1L;False;31.0;6
2023/2024;TOTAL_NACIONAL;VIRGINIA;X1L;False;1992.0;6
2023/2024;CHACO;VIRGINIA;T2F;False;25.0;6
2023/2024;TOTAL_NACIONAL;VIRGINIA;T2F;False;25.0;6
2023/2024;JUJUY;VIRGINIA;B2F;False;2697991.0;5
2023/2024;SALTA;VIRGINIA;B2F;False;2476080.0;5
2023/2024;TUCUMAN;VIRGINIA;B2F;False;6123.0;5
2023/2024;MISIONES;VIRGINIA;B2F;False;352.0;5
2023/2024;CHACO;VIRGINIA;B2F;False;7824.0;6
2023/2024;TOTAL_NACIONAL;VIRGINIA;B2F;False;5188370.0;6
2023/2024;JUJUY;VIRGINIA;B2L;False;13403.0;5
2023/2024;SALTA;VIRGINIA;B2L;False;1870.0;5
2023/2024;TUCUMAN;VIRGINIA;B2L;False;896.0;5
2023/2024;CORRIENTES;VIRGINIA;B2L;False;76.0;6
2023/2024;TOTAL_NACIONAL;VIRGINIA;B2L;False;16245.0;6
2023/2024;JUJUY;VIRGINIA;B2KL;False;19428.0;5
2023/2024;SALTA;VIRGINIA;B2KL;False;3404.0;5
2023/2024;TOTAL_NACIONAL;VIRGINIA;B2KL;False;22832.0;6
2023/2024;JUJUY;VIRGINIA;B2KF;False;25527.0;5
2023/2024;SALTA;VIRGINIA;B2KF;False;17371.0;5
2023/2024;CHACO;VIRGINIA;B2KF;False;592.0;6
2023/2024;TOTAL_NACIONAL;VIRGINIA;B2KF;False;43490.0;6
2023/2024;JUJUY;VIRGINIA;C2F;False;1060975.0;5
2023/2024;SALTA;VIRGINIA;C2F;False;582073.0;5
2023/2024;TUCUMAN;VIRGINIA;C2F;False;176.0;5
2023/2024;CHACO;VIRGINIA;C2F;False;17227.0;6
2023/2024;TOTAL_NACIONAL;VIRGINIA;C2F;False;1660451.0;6
2023/2024;JUJUY;VIRGINIA;C2L;False;49771.0;5
2023/2024;SALTA;VIRGINIA;C2L;False;6794.0;5
2023/2024;TUCUMAN;VIRGINIA;C2L;False;1014.0;5
2023/2024;CHACO;VIRGINIA;C2L;False;296.0;6
2023/2024;TOTAL_NACIONAL;VIRGINIA;C2L;False;57875.0;6
2023/2024;JUJUY;VIRGINIA;C2K;False;227871.0;5
2023/2024;SALTA;VIRGINIA;C2K;False;89893.0;5
2023/2024;CHACO;VIRGINIA;C2K;False;82.0;6
2023/2024;TOTAL_NACIONAL;VIRGINIA;C2K;False;317846.0;6
2023/2024;JUJUY;VIRGINIA;X2F;False;587824.0;5
2023/2024;SALTA;VIRGINIA;X2F;False;416496.0;5
2023/2024;CHACO;VIRGINIA;X2F;False;2553.0;6
2023/2024;TOTAL_NACIONAL;VIRGINIA;X2F;False;1006873.0;6
2023/2024;JUJUY;VIRGINIA;X2L;False;429.0;5
2023/2024;SALTA;VIRGINIA;X2L;False;717.0;5
2023/2024;CHACO;VIRGINIA;X2L;False;92.0;6
2023/2024;TOTAL_NACIONAL;VIRGINIA;X2L;False;1238.0;6
2023/2024;JUJUY;VIRGINIA;X2K;False;3925.0;5
2023/2024;SALTA;VIRGINIA;X2K;False;4336.0;5
2023/2024;TOTAL_NACIONAL;VIRGINIA;X2K;False;8261.0;6
2023/2024;JUJUY;VIRGINIA;B3F;False;3162867.0;5
2023/2024;SALTA;VIRGINIA;B3F;False;2740639.0;5
2023/2024;TUCUMAN;VIRGINIA;B3F;False;4546.0;5
2023/2024;CORRIENTES;VIRGINIA;B3F;False;101.0;6
2023/2024;CHACO;VIRGINIA;B3F;False;6149.0;6
2023/2024;TOTAL_NACIONAL;VIRGINIA;B3F;False;5914302.0;6
2023/2024;JUJUY;VIRGINIA;B3L;False;15455.0;5
2023/2024;SALTA;VIRGINIA;B3L;False;37381.0;5
2023/2024;TUCUMAN;VIRGINIA;B3L;False;43.0;5
2023/2024;CHACO;VIRGINIA;B3L;False;38.0;6
2023/2024;TOTAL_NACIONAL;VIRGINIA;B3L;False;52917.0;6
2023/2024;JUJUY;VIRGINIA;B3KL;False;12960.0;5
2023/2024;SALTA;VIRGINIA;B3KL;False;7251.0;5
2023/2024;TOTAL_NACIONAL;VIRGINIA;B3KL;False;20211.0;6
2023/2024;JUJUY;VIRGINIA;B3KF;False;1372.0;5
2023/2024;SALTA;VIRGINIA;B3KF;False;3954.0;5
2023/2024;CHACO;VIRGINIA;B3KF;False;328.0;6
2023/2024;TOTAL_NACIONAL;VIRGINIA;B3KF;False;5654.0;6
2023/2024;JUJUY;VIRGINIA;C3F;False;1440403.0;5
2023/2024;SALTA;VIRGINIA;C3F;False;961161.0;5
2023/2024;TUCUMAN;VIRGINIA;C3F;False;53.0;5
2023/2024;CORRIENTES;VIRGINIA;C3F;False;63.0;6
2023/2024;CHACO;VIRGINIA;C3F;False;21364.0;6
2023/2024;TOTAL_NACIONAL;VIRGINIA;C3F;False;2423044.0;6
2023/2024;JUJUY;VIRGINIA;C3L;False;149556.0;5
2023/2024;SALTA;VIRGINIA;C3L;False;286479.0;5
2023/2024;TUCUMAN;VIRGINIA;C3L;False;75.0;5
2023/2024;CHACO;VIRGINIA;C3L;False;954.0;6
2023/2024;TOTAL_NACIONAL;VIRGINIA;C3L;False;437064.0;6
2023/2024;JUJUY;VIRGINIA;C3K;False;32630.0;5
2023/2024;SALTA;VIRGINIA;C3K;False;127339.0;5
2023/2024;CHACO;VIRGINIA;C3K;False;280.0;6
2023/2024;TOTAL_NACIONAL;VIRGINIA;C3K;False;160249.0;6
2023/2024;JUJUY;VIRGINIA;X3F;False;761227.0;5
2023/2024;SALTA;VIRGINIA;X3F;False;580897.0;5
2023/2024;CHACO;VIRGINIA;X3F;False;3406.0;6
2023/2024;TOTAL_NACIONAL;VIRGINIA;X3F;False;1345530.0;6
2023/2024;JUJUY;VIRGINIA;X3L;False;3496.0;5
2023/2024;SALTA;VIRGINIA;X3L;False;1645.0;5
2023/2024;CHACO;VIRGINIA;X3L;False;206.0;6
2023/2024;TOTAL_NACIONAL;VIRGINIA;X3L;False;5347.0;6
2023/2024;JUJUY;VIRGINIA;X3K;False;6548.0;5
2023/2024;SALTA;VIRGINIA;X3K;False;88722.0;5
2023/2024;TOTAL_NACIONAL;VIRGINIA;X3K;False;95270.0;6
2023/2024;JUJUY;VIRGINIA;B4F;False;824387.0;5
2023/2024;SALTA;VIRGINIA;B4F;False;1983595.0;5
2023/2024;TUCUMAN;VIRGINIA;B4F;False;249.0;5
2023/2024;CHACO;VIRGINIA;B4F;False;3784.0;6
2023/2024;TOTAL_NACIONAL;VIRGINIA;B4F;False;2812015.0;6
2023/2024;JUJUY;VIRGINIA;B4L;False;8029.0;5
2023/2024;SALTA;VIRGINIA;B4L;False;6651.0;5
2023/2024;TUCUMAN;VIRGINIA;B4L;False;24.0;5
2023/2024;TOTAL_NACIONAL;VIRGINIA;B4L;False;14704.0;6
2023/2024;JUJUY;VIRGINIA;C4F;False;875218.0;5
2023/2024;SALTA;VIRGINIA;C4F;False;550280.0;5
2023/2024;CHACO;VIRGINIA;C4F;False;15591.0;6
2023/2024;TOTAL_NACIONAL;VIRGINIA;C4F;False;1441089.0;6
2023/2024;JUJUY;VIRGINIA;C4L;False;218549.0;5
2023/2024;SALTA;VIRGINIA;C4L;False;464102.0;5
2023/2024;CHACO;VIRGINIA;C4L;False;243.0;6
2023/2024;TOTAL_NACIONAL;VIRGINIA;C4L;False;682894.0;6
2023/2024;JUJUY;VIRGINIA;X4F;False;354792.0;5
2023/2024;SALTA;VIRGINIA;X4F;False;772041.0;5
2023/2024;CHACO;VIRGINIA;X4F;False;4283.0;6
2023/2024;TOTAL_NACIONAL;VIRGINIA;X4F;False;1131116.0;6
2023/2024;JUJUY;VIRGINIA;X4L;False;158942.0;5
2023/2024;SALTA;VIRGINIA;X4L;False;749085.0;5
2023/2024;CHACO;VIRGINIA;X4L;False;466.0;6
2023/2024;TOTAL_NACIONAL;VIRGINIA;X4L;False;908493.0;6
2023/2024;JUJUY;VIRGINIA;NVX;False;3240.0;5
2023/2024;SALTA;VIRGINIA;NVX;False;15191.0;5
2023/2024;TOTAL_NACIONAL;VIRGINIA;NVX;False;18431.0;6
2023/2024;JUJUY;VIRGINIA;NVC;False;1447.0;5
2023/2024;SALTA;VIRGINIA;NVC;False;6252.0;5
2023/2024;CHACO;VIRGINIA;NVC;False;237.0;6
2023/2024;TOTAL_NACIONAL;VIRGINIA;NVC;False;7936.0;6
2023/2024;JUJUY;VIRGINIA;NVB;False;1403.0;5
2023/2024;SALTA;VIRGINIA;NVB;False;1064.0;5
2023/2024;TOTAL_NACIONAL;VIRGINIA;NVB;False;2467.0;6
2023/2024;JUJUY;VIRGINIA;N5K;False;820.0;5
2023/2024;TOTAL_NACIONAL;VIRGINIA;N5K;False;820.0;6
2023/2024;JUJUY;VIRGINIA;N5X;False;17855.0;5
2023/2024;SALTA;VIRGINIA;N5X;False;145068.0;5
2023/2024;CHACO;VIRGINIA;N5X;False;1503.0;6
2023/2024;TOTAL_NACIONAL;VIRGINIA;N5X;False;164426.0;6
2023/2024;JUJUY;VIRGINIA;N5C;False;10923.0;5
2023/2024;SALTA;VIRGINIA;N5C;False;9048.0;5
2023/2024;CHACO;VIRGINIA;N5C;False;4183.0;6
2023/2024;TOTAL_NACIONAL;VIRGINIA;N5C;False;24154.0;6
2023/2024;JUJUY;VIRGINIA;N5B;False;2699.0;5
2023/2024;SALTA;VIRGINIA;N5B;False;1104.0;5
2023/2024;TOTAL_NACIONAL;VIRGINIA;N5B;False;3803.0;6
2023/2024;JUJUY;VIRGINIA;H1F;False;466.0;5
2023/2024;TOTAL_NACIONAL;VIRGINIA;H1F;False;466.0;6
2023/2024;JUJUY;VIRGINIA;TOTAL_CLASES;True;28840827.0;5
2023/2024;SALTA;VIRGINIA;TOTAL_CLASES;True;30804553.0;5
2023/2024;TUCUMAN;VIRGINIA;TOTAL_CLASES;True;17473.0;5
2023/2024;MISIONES;VIRGINIA;TOTAL_CLASES;True;2875.0;5
2023/2024;CORRIENTES;VIRGINIA;TOTAL_CLASES;True;240.0;6
2023/2024;CHACO;VIRGINIA;TOTAL_CLASES;True;134143.0;6
2023/2024;TOTAL_NACIONAL;VIRGINIA;TOTAL_CLASES;True;59800111.0;6
2023/2024;MISIONES;BURLEY;T1F;False;185642.0;7
2023/2024;TUCUMAN;BURLEY;T1F;False;204018.0;7
2023/2024;CATAMARCA;BURLEY;T1F;False;45865.0;7
2023/2024;CORRIENTES;BURLEY;T1F;False;11516.0;7
2023/2024;TOTAL_NACIONAL;BURLEY;T1F;False;447041.0;7
2023/2024;MISIONES;BURLEY;T1FR;False;31296.0;7
2023/2024;TUCUMAN;BURLEY;T1FR;False;5688.0;7
2023/2024;CATAMARCA;BURLEY;T1FR;False;5415.0;7
2023/2024;TOTAL_NACIONAL;BURLEY;T1FR;False;42399.0;7
2023/2024;MISIONES;BURLEY;B1F;False;8397660.0;7
2023/2024;TUCUMAN;BURLEY;B1F;False;2379102.0;7
2023/2024;CATAMARCA;BURLEY;B1F;False;193267.0;7
2023/2024;CORRIENTES;BURLEY;B1F;False;32134.0;7
2023/2024;TOTAL_NACIONAL;BURLEY;B1F;False;11002163.0;7
2023/2024;MISIONES;BURLEY;B1FR;False;479225.0;7
2023/2024;TUCUMAN;BURLEY;B1FR;False;108085.0;7
2023/2024;CATAMARCA;BURLEY;B1FR;False;74345.0;7
2023/2024;TOTAL_NACIONAL;BURLEY;B1FR;False;661655.0;7
2023/2024;MISIONES;BURLEY;C1L;False;116161.0;7
2023/2024;TUCUMAN;BURLEY;C1L;False;560884.0;7
2023/2024;CATAMARCA;BURLEY;C1L;False;34749.0;7
2023/2024;CORRIENTES;BURLEY;C1L;False;5709.0;7
2023/2024;TOTAL_NACIONAL;BURLEY;C1L;False;717503.0;7
2023/2024;MISIONES;BURLEY;C1F;False;2114794.0;7
2023/2024;TUCUMAN;BURLEY;C1F;False;1186094.0;7
2023/2024;CATAMARCA;BURLEY;C1F;False;97892.0;7
2023/2024;CORRIENTES;BURLEY;C1F;False;12362.0;7
2023/2024;TOTAL_NACIONAL;BURLEY;C1F;False;3411142.0;7
2023/2024;MISIONES;BURLEY;X1L;False;32956.0;7
2023/2024;TUCUMAN;BURLEY;X1L;False;70261.0;7
2023/2024;CATAMARCA;BURLEY;X1L;False;1134.0;7
2023/2024;TOTAL_NACIONAL;BURLEY;X1L;False;104351.0;7
2023/2024;MISIONES;BURLEY;X1F;False;273385.0;7
2023/2024;TUCUMAN;BURLEY;X1F;False;245858.0;7
2023/2024;CATAMARCA;BURLEY;X1F;False;64118.0;7
2023/2024;CORRIENTES;BURLEY;X1F;False;2503.0;7
2023/2024;TOTAL_NACIONAL;BURLEY;X1F;False;585864.0;7
2023/2024;MISIONES;BURLEY;T2F;False;14039.0;7
2023/2024;TUCUMAN;BURLEY;T2F;False;51058.0;7
2023/2024;CATAMARCA;BURLEY;T2F;False;15753.0;7
2023/2024;TOTAL_NACIONAL;BURLEY;T2F;False;80850.0;7
2023/2024;MISIONES;BURLEY;T2FR;False;5288.0;7
2023/2024;TUCUMAN;BURLEY;T2FR;False;1497.0;7
2023/2024;CATAMARCA;BURLEY;T2FR;False;466.0;7
2023/2024;TOTAL_NACIONAL;BURLEY;T2FR;False;7251.0;7
2023/2024;MISIONES;BURLEY;B2F;False;1154783.0;7
2023/2024;TUCUMAN;BURLEY;B2F;False;550168.0;7
2023/2024;CATAMARCA;BURLEY;B2F;False;34692.0;7
2023/2024;CORRIENTES;BURLEY;B2F;False;1593.0;7
2023/2024;TOTAL_NACIONAL;BURLEY;B2F;False;1741236.0;7
2023/2024;MISIONES;BURLEY;B2FR;False;31939.0;7
2023/2024;TUCUMAN;BURLEY;B2FR;False;34523.0;7
2023/2024;CATAMARCA;BURLEY;B2FR;False;2488.0;7
2023/2024;TOTAL_NACIONAL;BURLEY;B2FR;False;68950.0;7
2023/2024;MISIONES;BURLEY;C2L;False;16532.0;7
2023/2024;TUCUMAN;BURLEY;C2L;False;181554.0;7
2023/2024;CATAMARCA;BURLEY;C2L;False;14871.0;7
2023/2024;TOTAL_NACIONAL;BURLEY;C2L;False;212957.0;7
2023/2024;MISIONES;BURLEY;C2F;False;283156.0;7
2023/2024;TUCUMAN;BURLEY;C2F;False;409114.0;7
2023/2024;CATAMARCA;BURLEY;C2F;False;72892.0;7
2023/2024;CORRIENTES;BURLEY;C2F;False;125.0;7
2023/2024;TOTAL_NACIONAL;BURLEY;C2F;False;765287.0;7
2023/2024;MISIONES;BURLEY;X2L;False;10297.0;7
2023/2024;TUCUMAN;BURLEY;X2L;False;51691.0;7
2023/2024;CATAMARCA;BURLEY;X2L;False;3021.0;7
2023/2024;TOTAL_NACIONAL;BURLEY;X2L;False;65009.0;7
2023/2024;MISIONES;BURLEY;X2F;False;37750.0;7
2023/2024;TUCUMAN;BURLEY;X2F;False;71970.0;7
2023/2024;CATAMARCA;BURLEY;X2F;False;19288.0;7
2023/2024;TOTAL_NACIONAL;BURLEY;X2F;False;129008.0;7
2023/2024;MISIONES;BURLEY;T3K;False;43.0;7
2023/2024;TUCUMAN;BURLEY;T3K;False;102.0;7
2023/2024;TOTAL_NACIONAL;BURLEY;T3K;False;145.0;7
2023/2024;MISIONES;BURLEY;C3L;False;2013.0;7
2023/2024;TUCUMAN;BURLEY;C3L;False;23911.0;7
2023/2024;CATAMARCA;BURLEY;C3L;False;1073.0;7
2023/2024;TOTAL_NACIONAL;BURLEY;C3L;False;26997.0;7
2023/2024;MISIONES;BURLEY;C3F;False;17363.0;7
2023/2024;TUCUMAN;BURLEY;C3F;False;22790.0;7
2023/2024;CATAMARCA;BURLEY;C3F;False;2900.0;7
2023/2024;TOTAL_NACIONAL;BURLEY;C3F;False;43053.0;7
2023/2024;MISIONES;BURLEY;C3K;False;176.0;7
2023/2024;TUCUMAN;BURLEY;C3K;False;126.0;7
2023/2024;TOTAL_NACIONAL;BURLEY;C3K;False;302.0;7
2023/2024;MISIONES;BURLEY;X3K;False;114.0;7
2023/2024;TUCUMAN;BURLEY;X3K;False;304.0;7
2023/2024;TOTAL_NACIONAL;BURLEY;X3K;False;418.0;7
2023/2024;MISIONES;BURLEY;B3F;False;5941.0;7
2023/2024;TUCUMAN;BURLEY;B3F;False;74901.0;7
2023/2024;CATAMARCA;BURLEY;B3F;False;292.0;7
2023/2024;TOTAL_NACIONAL;BURLEY;B3F;False;81134.0;7
2023/2024;MISIONES;BURLEY;B3FR;False;4362.0;7
2023/2024;TUCUMAN;BURLEY;B3FR;False;5205.0;7
2023/2024;CATAMARCA;BURLEY;B3FR;False;510.0;7
2023/2024;TOTAL_NACIONAL;BURLEY;B3FR;False;10077.0;7
2023/2024;MISIONES;BURLEY;B3K;False;396.0;7
2023/2024;TUCUMAN;BURLEY;B3K;False;62.0;7
2023/2024;TOTAL_NACIONAL;BURLEY;B3K;False;458.0;7
2023/2024;MISIONES;BURLEY;NG;False;98.0;7
2023/2024;TUCUMAN;BURLEY;NG;False;1226.0;7
2023/2024;TOTAL_NACIONAL;BURLEY;NG;False;1324.0;7
2023/2024;MISIONES;BURLEY;NX;False;2965.0;7
2023/2024;TUCUMAN;BURLEY;NX;False;96.0;7
2023/2024;TOTAL_NACIONAL;BURLEY;NX;False;3061.0;7
2023/2024;MISIONES;BURLEY;NB;False;43.0;7
2023/2024;TUCUMAN;BURLEY;NB;False;113.0;7
2023/2024;TOTAL_NACIONAL;BURLEY;NB;False;156.0;7
2023/2024;MISIONES;BURLEY;TOTAL_CLASES;True;13218417.0;7
2023/2024;TUCUMAN;BURLEY;TOTAL_CLASES;True;6240401.0;7
2023/2024;CATAMARCA;BURLEY;TOTAL_CLASES;True;685031.0;7
2023/2024;CORRIENTES;BURLEY;TOTAL_CLASES;True;65942.0;7
2023/2024;TOTAL_NACIONAL;BURLEY;TOTAL_CLASES;True;20209791.0;7
2023/2024;MISIONES;CR. MISIONERO;C1;False;23363.0;8
2023/2024;MISIONES;CR. MISIONERO;TOTAL_CLASES;True;23363.0;8
2023/2024;CHACO;CR. CHAQUEÑO;CH1;False;110026.0;8
2023/2024;CHACO;CR. CHAQUEÑO;CH2;False;50694.0;8
2023/2024;CHACO;CR. CHAQUEÑO;CH3;False;14889.0;8
2023/2024;CHACO;CR. CHAQUEÑO;TOTAL_CLASES;True;175609.0;8
2023/2024;CORRIENTES;CR. CORRENTINO;C1;False;503053.0;8
2023/2024;CORRIENTES;CR. CORRENTINO;C2;False;4053.0;8
2023/2024;CORRIENTES;CR. CORRENTINO;C3;False;289.0;8
2023/2024;CORRIENTES;CR. CORRENTINO;X2;False;85.0;8
2023/2024;CORRIENTES;CR. CORRENTINO;T;False;65.0;8
2023/2024;CORRIENTES;CR. CORRENTINO;TOTAL_CLASES;True;507545.0;8
2023/2024;TUCUMAN;CR. ARGENTINO;B1;False;26405.0;8
2023/2024;CATAMARCA;CR. ARGENTINO;B1;False;3236.0;8
2023/2024;TOTAL_NACIONAL;CR. ARGENTINO;B1;False;29641.0;8
2023/2024;TUCUMAN;CR. ARGENTINO;B2;False;15362.0;8
2023/2024;CATAMARCA;CR. ARGENTINO;B2;False;2378.0;8
2023/2024;TOTAL_NACIONAL;CR. ARGENTINO;B2;False;17740.0;8
2023/2024;TUCUMAN;CR. ARGENTINO;C1;False;14684.0;8
2023/2024;CATAMARCA;CR. ARGENTINO;C1;False;7751.0;8
2023/2024;TOTAL_NACIONAL;CR. ARGENTINO;C1;False;22435.0;8
2023/2024;TUCUMAN;CR. ARGENTINO;TOTAL_CLASES;True;56451.0;8
2023/2024;CATAMARCA;CR. ARGENTINO;TOTAL_CLASES;True;13365.0;8
2023/2024;TOTAL_NACIONAL;CR. ARGENTINO;TOTAL_CLASES;True;69816.0;8
2024/2025;JUJUY;VIRGINIA;T1F;False;23.0;5
2024/2025;SALTA;VIRGINIA;T1F;False;79.0;5
2024/2025;CORRIENTES;VIRGINIA;T1F;False;856.0;6
2024/2025;CHACO;VIRGINIA;T1F;False;754.0;6
2024/2025;TOTAL_NACIONAL;VIRGINIA;T1F;False;1712.0;6
2024/2025;JUJUY;VIRGINIA;T1L;False;367.0;5
2024/2025;TOTAL_NACIONAL;VIRGINIA;T1L;False;367.0;6
2024/2025;JUJUY;VIRGINIA;B1F;False;12379259.0;5
2024/2025;SALTA;VIRGINIA;B1F;False;16044425.0;5
2024/2025;TUCUMAN;VIRGINIA;B1F;False;1119.0;5
2024/2025;MISIONES;VIRGINIA;B1F;False;5985.0;5
2024/2025;CORRIENTES;VIRGINIA;B1F;False;578.0;6
2024/2025;CHACO;VIRGINIA;B1F;False;22639.0;6
2024/2025;TOTAL_NACIONAL;VIRGINIA;B1F;False;28454005.0;6
2024/2025;JUJUY;VIRGINIA;B1L;False;34975.0;5
2024/2025;SALTA;VIRGINIA;B1L;False;123656.0;5
2024/2025;MISIONES;VIRGINIA;B1L;False;1343.0;5
2024/2025;CHACO;VIRGINIA;B1L;False;104.0;6
2024/2025;TOTAL_NACIONAL;VIRGINIA;B1L;False;160078.0;6
2024/2025;JUJUY;VIRGINIA;C1F;False;4148744.0;5
2024/2025;SALTA;VIRGINIA;C1F;False;4192096.0;5
2024/2025;TUCUMAN;VIRGINIA;C1F;False;919.0;5
2024/2025;CHACO;VIRGINIA;C1F;False;44503.0;6
2024/2025;TOTAL_NACIONAL;VIRGINIA;C1F;False;8386262.0;6
2024/2025;JUJUY;VIRGINIA;C1L;False;8350.0;5
2024/2025;SALTA;VIRGINIA;C1L;False;63074.0;5
2024/2025;TUCUMAN;VIRGINIA;C1L;False;2077.0;5
2024/2025;MISIONES;VIRGINIA;C1L;False;1979.0;5
2024/2025;CHACO;VIRGINIA;C1L;False;131.0;6
2024/2025;TOTAL_NACIONAL;VIRGINIA;C1L;False;75611.0;6
2024/2025;JUJUY;VIRGINIA;X1F;False;1347933.0;5
2024/2025;SALTA;VIRGINIA;X1F;False;1712682.0;5
2024/2025;TUCUMAN;VIRGINIA;X1F;False;291.0;5
2024/2025;CHACO;VIRGINIA;X1F;False;5631.0;6
2024/2025;TOTAL_NACIONAL;VIRGINIA;X1F;False;3066537.0;6
2024/2025;JUJUY;VIRGINIA;X1L;False;1205.0;5
2024/2025;SALTA;VIRGINIA;X1L;False;9185.0;5
2024/2025;TUCUMAN;VIRGINIA;X1L;False;166.0;5
2024/2025;CHACO;VIRGINIA;X1L;False;116.0;6
2024/2025;TOTAL_NACIONAL;VIRGINIA;X1L;False;10672.0;6
2024/2025;CHACO;VIRGINIA;T2F;False;45.0;6
2024/2025;TOTAL_NACIONAL;VIRGINIA;T2F;False;45.0;6
2024/2025;JUJUY;VIRGINIA;B2F;False;2708471.0;5
2024/2025;SALTA;VIRGINIA;B2F;False;2889123.0;5
2024/2025;TUCUMAN;VIRGINIA;B2F;False;5755.0;5
2024/2025;MISIONES;VIRGINIA;B2F;False;211.0;5
2024/2025;CORRIENTES;VIRGINIA;B2F;False;275.0;6
2024/2025;CHACO;VIRGINIA;B2F;False;10308.0;6
2024/2025;TOTAL_NACIONAL;VIRGINIA;B2F;False;5614143.0;6
2024/2025;JUJUY;VIRGINIA;B2L;False;15673.0;5
2024/2025;SALTA;VIRGINIA;B2L;False;18158.0;5
2024/2025;CORRIENTES;VIRGINIA;B2L;False;37.0;6
2024/2025;CHACO;VIRGINIA;B2L;False;80.0;6
2024/2025;TOTAL_NACIONAL;VIRGINIA;B2L;False;33948.0;6
2024/2025;JUJUY;VIRGINIA;B2KL;False;55547.0;5
2024/2025;SALTA;VIRGINIA;B2KL;False;57522.0;5
2024/2025;TOTAL_NACIONAL;VIRGINIA;B2KL;False;113069.0;6
2024/2025;JUJUY;VIRGINIA;B2KF;False;148150.0;5
2024/2025;SALTA;VIRGINIA;B2KF;False;56846.0;5
2024/2025;CHACO;VIRGINIA;B2KF;False;2543.0;6
2024/2025;TOTAL_NACIONAL;VIRGINIA;B2KF;False;207539.0;6
2024/2025;JUJUY;VIRGINIA;C2F;False;1274919.0;5
2024/2025;SALTA;VIRGINIA;C2F;False;790333.0;5
2024/2025;TUCUMAN;VIRGINIA;C2F;False;416.0;5
2024/2025;CHACO;VIRGINIA;C2F;False;14177.0;6
2024/2025;TOTAL_NACIONAL;VIRGINIA;C2F;False;2079845.0;6
2024/2025;JUJUY;VIRGINIA;C2L;False;9776.0;5
2024/2025;SALTA;VIRGINIA;C2L;False;9018.0;5
2024/2025;TUCUMAN;VIRGINIA;C2L;False;846.0;5
2024/2025;CHACO;VIRGINIA;C2L;False;301.0;6
2024/2025;TOTAL_NACIONAL;VIRGINIA;C2L;False;19941.0;6
2024/2025;JUJUY;VIRGINIA;C2K;False;62227.0;5
2024/2025;SALTA;VIRGINIA;C2K;False;194885.0;5
2024/2025;CHACO;VIRGINIA;C2K;False;207.0;6
2024/2025;TOTAL_NACIONAL;VIRGINIA;C2K;False;257319.0;6
2024/2025;JUJUY;VIRGINIA;X2F;False;627281.0;5
2024/2025;SALTA;VIRGINIA;X2F;False;474176.0;5
2024/2025;TUCUMAN;VIRGINIA;X2F;False;17.0;5
2024/2025;CHACO;VIRGINIA;X2F;False;3355.0;6
2024/2025;TOTAL_NACIONAL;VIRGINIA;X2F;False;1104829.0;6
2024/2025;JUJUY;VIRGINIA;X2L;False;8855.0;5
2024/2025;SALTA;VIRGINIA;X2L;False;3445.0;5
2024/2025;TUCUMAN;VIRGINIA;X2L;False;19.0;5
2024/2025;CHACO;VIRGINIA;X2L;False;154.0;6
2024/2025;TOTAL_NACIONAL;VIRGINIA;X2L;False;12473.0;6
2024/2025;JUJUY;VIRGINIA;X2K;False;765.0;5
2024/2025;SALTA;VIRGINIA;X2K;False;9548.0;5
2024/2025;TOTAL_NACIONAL;VIRGINIA;X2K;False;10313.0;6
2024/2025;JUJUY;VIRGINIA;B3F;False;2985782.0;5
2024/2025;SALTA;VIRGINIA;B3F;False;2590097.0;5
2024/2025;TUCUMAN;VIRGINIA;B3F;False;2500.0;5
2024/2025;CHACO;VIRGINIA;B3F;False;5574.0;6
2024/2025;TOTAL_NACIONAL;VIRGINIA;B3F;False;5583953.0;6
2024/2025;JUJUY;VIRGINIA;B3L;False;15255.0;5
2024/2025;SALTA;VIRGINIA;B3L;False;13429.0;5
2024/2025;MISIONES;VIRGINIA;B3L;False;49.0;5
2024/2025;CHACO;VIRGINIA;B3L;False;474.0;6
2024/2025;TOTAL_NACIONAL;VIRGINIA;B3L;False;29207.0;6
2024/2025;JUJUY;VIRGINIA;B3KL;False;32353.0;5
2024/2025;SALTA;VIRGINIA;B3KL;False;12163.0;5
2024/2025;TOTAL_NACIONAL;VIRGINIA;B3KL;False;44516.0;6
2024/2025;JUJUY;VIRGINIA;B3KF;False;21442.0;5
2024/2025;SALTA;VIRGINIA;B3KF;False;14883.0;5
2024/2025;CHACO;VIRGINIA;B3KF;False;1142.0;6
2024/2025;TOTAL_NACIONAL;VIRGINIA;B3KF;False;37467.0;6
2024/2025;JUJUY;VIRGINIA;C3F;False;1687121.0;5
2024/2025;SALTA;VIRGINIA;C3F;False;790805.0;5
2024/2025;TUCUMAN;VIRGINIA;C3F;False;139.0;5
2024/2025;CHACO;VIRGINIA;C3F;False;13976.0;6
2024/2025;TOTAL_NACIONAL;VIRGINIA;C3F;False;2492041.0;6
2024/2025;JUJUY;VIRGINIA;C3L;False;462042.0;5
2024/2025;SALTA;VIRGINIA;C3L;False;36706.0;5
2024/2025;TUCUMAN;VIRGINIA;C3L;False;492.0;5
2024/2025;CHACO;VIRGINIA;C3L;False;3150.0;6
2024/2025;TOTAL_NACIONAL;VIRGINIA;C3L;False;502390.0;6
2024/2025;JUJUY;VIRGINIA;C3K;False;188888.0;5
2024/2025;SALTA;VIRGINIA;C3K;False;163902.0;5
2024/2025;CHACO;VIRGINIA;C3K;False;263.0;6
2024/2025;TOTAL_NACIONAL;VIRGINIA;C3K;False;353053.0;6
2024/2025;JUJUY;VIRGINIA;X3F;False;866454.0;5
2024/2025;SALTA;VIRGINIA;X3F;False;632751.0;5
2024/2025;CHACO;VIRGINIA;X3F;False;3110.0;6
2024/2025;TOTAL_NACIONAL;VIRGINIA;X3F;False;1502315.0;6
2024/2025;JUJUY;VIRGINIA;X3L;False;1896.0;5
2024/2025;SALTA;VIRGINIA;X3L;False;5418.0;5
2024/2025;CHACO;VIRGINIA;X3L;False;255.0;6
2024/2025;TOTAL_NACIONAL;VIRGINIA;X3L;False;7569.0;6
2024/2025;JUJUY;VIRGINIA;X3K;False;5500.0;5
2024/2025;SALTA;VIRGINIA;X3K;False;144199.0;5
2024/2025;TOTAL_NACIONAL;VIRGINIA;X3K;False;149699.0;6
2024/2025;JUJUY;VIRGINIA;B4F;False;1412508.0;5
2024/2025;SALTA;VIRGINIA;B4F;False;1803630.0;5
2024/2025;TUCUMAN;VIRGINIA;B4F;False;580.0;5
2024/2025;CHACO;VIRGINIA;B4F;False;4122.0;6
2024/2025;TOTAL_NACIONAL;VIRGINIA;B4F;False;3220840.0;6
2024/2025;JUJUY;VIRGINIA;B4L;False;5389.0;5
2024/2025;SALTA;VIRGINIA;B4L;False;83103.0;5
2024/2025;TOTAL_NACIONAL;VIRGINIA;B4L;False;88492.0;6
2024/2025;JUJUY;VIRGINIA;C4F;False;1516024.0;5
2024/2025;SALTA;VIRGINIA;C4F;False;369624.0;5
2024/2025;CHACO;VIRGINIA;C4F;False;10848.0;6
2024/2025;TOTAL_NACIONAL;VIRGINIA;C4F;False;1896496.0;6
2024/2025;JUJUY;VIRGINIA;C4L;False;369229.0;5
2024/2025;SALTA;VIRGINIA;C4L;False;548248.0;5
2024/2025;TUCUMAN;VIRGINIA;C4L;False;410.0;5
2024/2025;CHACO;VIRGINIA;C4L;False;268.0;6
2024/2025;TOTAL_NACIONAL;VIRGINIA;C4L;False;918155.0;6
2024/2025;JUJUY;VIRGINIA;X4F;False;694721.0;5
2024/2025;SALTA;VIRGINIA;X4F;False;481278.0;5
2024/2025;CHACO;VIRGINIA;X4F;False;3909.0;6
2024/2025;TOTAL_NACIONAL;VIRGINIA;X4F;False;1179908.0;6
2024/2025;JUJUY;VIRGINIA;X4L;False;414150.0;5
2024/2025;SALTA;VIRGINIA;X4L;False;468696.0;5
2024/2025;TUCUMAN;VIRGINIA;X4L;False;53.0;5
2024/2025;CHACO;VIRGINIA;X4L;False;586.0;6
2024/2025;TOTAL_NACIONAL;VIRGINIA;X4L;False;883485.0;6
2024/2025;JUJUY;VIRGINIA;NVX;False;4124.0;5
2024/2025;SALTA;VIRGINIA;NVX;False;38103.0;5
2024/2025;TOTAL_NACIONAL;VIRGINIA;NVX;False;42227.0;6
2024/2025;JUJUY;VIRGINIA;NVC;False;15299.0;5
2024/2025;SALTA;VIRGINIA;NVC;False;37173.0;5
2024/2025;CHACO;VIRGINIA;NVC;False;626.0;6
2024/2025;TOTAL_NACIONAL;VIRGINIA;NVC;False;53098.0;6
2024/2025;JUJUY;VIRGINIA;NVB;False;5586.0;5
2024/2025;SALTA;VIRGINIA;NVB;False;114113.0;5
2024/2025;CHACO;VIRGINIA;NVB;False;91.0;6
2024/2025;TOTAL_NACIONAL;VIRGINIA;NVB;False;119790.0;6
2024/2025;JUJUY;VIRGINIA;N5K;False;5466.0;5
2024/2025;SALTA;VIRGINIA;N5K;False;69.0;5
2024/2025;TOTAL_NACIONAL;VIRGINIA;N5K;False;5535.0;6
2024/2025;JUJUY;VIRGINIA;N5X;False;196143.0;5
2024/2025;SALTA;VIRGINIA;N5X;False;355406.0;5
2024/2025;CHACO;VIRGINIA;N5X;False;1716.0;6
2024/2025;TOTAL_NACIONAL;VIRGINIA;N5X;False;553265.0;6
2024/2025;JUJUY;VIRGINIA;N5C;False;266637.0;5
2024/2025;SALTA;VIRGINIA;N5C;False;257475.0;5
2024/2025;CHACO;VIRGINIA;N5C;False;3491.0;6
2024/2025;TOTAL_NACIONAL;VIRGINIA;N5C;False;527603.0;6
2024/2025;JUJUY;VIRGINIA;N5B;False;251356.0;5
2024/2025;SALTA;VIRGINIA;N5B;False;432243.0;5
2024/2025;CHACO;VIRGINIA;N5B;False;193.0;6
2024/2025;TOTAL_NACIONAL;VIRGINIA;N5B;False;683792.0;6
2024/2025;JUJUY;VIRGINIA;TOTAL_CLASES;True;34255518.0;5
2024/2025;SALTA;VIRGINIA;TOTAL_CLASES;True;36041686.0;5
2024/2025;TUCUMAN;VIRGINIA;TOTAL_CLASES;True;15799.0;5
2024/2025;MISIONES;VIRGINIA;TOTAL_CLASES;True;10013.0;5
2024/2025;CORRIENTES;VIRGINIA;TOTAL_CLASES;True;890.0;6
2024/2025;CHACO;VIRGINIA;TOTAL_CLASES;True;158842.0;6
2024/2025;TOTAL_NACIONAL;VIRGINIA;TOTAL_CLASES;True;70482748.0;6
2024/2025;MISIONES;BURLEY;T1F;False;1033160.0;7
2024/2025;TUCUMAN;BURLEY;T1F;False;106815.0;7
2024/2025;CATAMARCA;BURLEY;T1F;False;16686.0;7
2024/2025;CORRIENTES;BURLEY;T1F;False;13379.0;7
2024/2025;TOTAL_NACIONAL;BURLEY;T1F;False;1170040.0;7
2024/2025;MISIONES;BURLEY;T1FR;False;717096.0;7
2024/2025;TUCUMAN;BURLEY;T1FR;False;15892.0;7
2024/2025;CATAMARCA;BURLEY;T1FR;False;19370.0;7
2024/2025;TOTAL_NACIONAL;BURLEY;T1FR;False;752358.0;7
2024/2025;MISIONES;BURLEY;B1F;False;8237546.0;7
2024/2025;TUCUMAN;BURLEY;B1F;False;810397.0;7
2024/2025;CATAMARCA;BURLEY;B1F;False;51325.0;7
2024/2025;CORRIENTES;BURLEY;B1F;False;10225.0;7
2024/2025;TOTAL_NACIONAL;BURLEY;B1F;False;9109493.0;7
2024/2025;MISIONES;BURLEY;B1FR;False;7642149.0;7
2024/2025;TUCUMAN;BURLEY;B1FR;False;382837.0;7
2024/2025;CATAMARCA;BURLEY;B1FR;False;50114.0;7
2024/2025;TOTAL_NACIONAL;BURLEY;B1FR;False;8075100.0;7
2024/2025;MISIONES;BURLEY;C1L;False;2578096.0;7
2024/2025;TUCUMAN;BURLEY;C1L;False;851125.0;7
2024/2025;CATAMARCA;BURLEY;C1L;False;53952.0;7
2024/2025;CORRIENTES;BURLEY;C1L;False;1583.0;7
2024/2025;TOTAL_NACIONAL;BURLEY;C1L;False;3484756.0;7
2024/2025;MISIONES;BURLEY;C1F;False;6743423.0;7
2024/2025;TUCUMAN;BURLEY;C1F;False;1011356.0;7
2024/2025;CATAMARCA;BURLEY;C1F;False;69028.0;7
2024/2025;CORRIENTES;BURLEY;C1F;False;4013.0;7
2024/2025;TOTAL_NACIONAL;BURLEY;C1F;False;7827820.0;7
2024/2025;MISIONES;BURLEY;X1L;False;894543.0;7
2024/2025;TUCUMAN;BURLEY;X1L;False;533569.0;7
2024/2025;CATAMARCA;BURLEY;X1L;False;57731.0;7
2024/2025;CORRIENTES;BURLEY;X1L;False;1582.0;7
2024/2025;TOTAL_NACIONAL;BURLEY;X1L;False;1487425.0;7
2024/2025;MISIONES;BURLEY;X1F;False;1387825.0;7
2024/2025;TUCUMAN;BURLEY;X1F;False;280734.0;7
2024/2025;CATAMARCA;BURLEY;X1F;False;34515.0;7
2024/2025;CORRIENTES;BURLEY;X1F;False;302.0;7
2024/2025;TOTAL_NACIONAL;BURLEY;X1F;False;1703376.0;7
2024/2025;MISIONES;BURLEY;T2F;False;192502.0;7
2024/2025;TUCUMAN;BURLEY;T2F;False;19272.0;7
2024/2025;CATAMARCA;BURLEY;T2F;False;11797.0;7
2024/2025;CORRIENTES;BURLEY;T2F;False;912.0;7
2024/2025;TOTAL_NACIONAL;BURLEY;T2F;False;224483.0;7
2024/2025;MISIONES;BURLEY;T2FR;False;131677.0;7
2024/2025;TUCUMAN;BURLEY;T2FR;False;130820.0;7
2024/2025;CATAMARCA;BURLEY;T2FR;False;26729.0;7
2024/2025;TOTAL_NACIONAL;BURLEY;T2FR;False;289226.0;7
2024/2025;MISIONES;BURLEY;B2F;False;2346451.0;7
2024/2025;TUCUMAN;BURLEY;B2F;False;561567.0;7
2024/2025;CATAMARCA;BURLEY;B2F;False;38111.0;7
2024/2025;CORRIENTES;BURLEY;B2F;False;79.0;7
2024/2025;TOTAL_NACIONAL;BURLEY;B2F;False;2946208.0;7
2024/2025;MISIONES;BURLEY;B2FR;False;882349.0;7
2024/2025;TUCUMAN;BURLEY;B2FR;False;206776.0;7
2024/2025;CATAMARCA;BURLEY;B2FR;False;30634.0;7
2024/2025;TOTAL_NACIONAL;BURLEY;B2FR;False;1119759.0;7
2024/2025;MISIONES;BURLEY;C2L;False;437358.0;7
2024/2025;TUCUMAN;BURLEY;C2L;False;311660.0;7
2024/2025;CATAMARCA;BURLEY;C2L;False;43684.0;7
2024/2025;TOTAL_NACIONAL;BURLEY;C2L;False;792702.0;7
2024/2025;MISIONES;BURLEY;C2F;False;4196441.0;7
2024/2025;TUCUMAN;BURLEY;C2F;False;501100.0;7
2024/2025;CATAMARCA;BURLEY;C2F;False;53021.0;7
2024/2025;TOTAL_NACIONAL;BURLEY;C2F;False;4750562.0;7
2024/2025;MISIONES;BURLEY;X2L;False;296615.0;7
2024/2025;TUCUMAN;BURLEY;X2L;False;322259.0;7
2024/2025;CATAMARCA;BURLEY;X2L;False;43042.0;7
2024/2025;TOTAL_NACIONAL;BURLEY;X2L;False;661916.0;7
2024/2025;MISIONES;BURLEY;X2F;False;505487.0;7
2024/2025;TUCUMAN;BURLEY;X2F;False;90366.0;7
2024/2025;CATAMARCA;BURLEY;X2F;False;42720.0;7
2024/2025;TOTAL_NACIONAL;BURLEY;X2F;False;638573.0;7
2024/2025;MISIONES;BURLEY;T3K;False;5600.0;7
2024/2025;TUCUMAN;BURLEY;T3K;False;1577.0;7
2024/2025;CATAMARCA;BURLEY;T3K;False;599.0;7
2024/2025;TOTAL_NACIONAL;BURLEY;T3K;False;7776.0;7
2024/2025;MISIONES;BURLEY;C3L;False;173681.0;7
2024/2025;TUCUMAN;BURLEY;C3L;False;112201.0;7
2024/2025;CATAMARCA;BURLEY;C3L;False;18889.0;7
2024/2025;TOTAL_NACIONAL;BURLEY;C3L;False;304771.0;7
2024/2025;MISIONES;BURLEY;C3F;False;401866.0;7
2024/2025;TUCUMAN;BURLEY;C3F;False;337025.0;7
2024/2025;CATAMARCA;BURLEY;C3F;False;55634.0;7
2024/2025;TOTAL_NACIONAL;BURLEY;C3F;False;794525.0;7
2024/2025;MISIONES;BURLEY;C3K;False;6136.0;7
2024/2025;TUCUMAN;BURLEY;C3K;False;106324.0;7
2024/2025;CATAMARCA;BURLEY;C3K;False;37510.0;7
2024/2025;TOTAL_NACIONAL;BURLEY;C3K;False;149970.0;7
2024/2025;MISIONES;BURLEY;X3K;False;7608.0;7
2024/2025;TUCUMAN;BURLEY;X3K;False;11241.0;7
2024/2025;CATAMARCA;BURLEY;X3K;False;1735.0;7
2024/2025;TOTAL_NACIONAL;BURLEY;X3K;False;20584.0;7
2024/2025;MISIONES;BURLEY;B3F;False;273967.0;7
2024/2025;TUCUMAN;BURLEY;B3F;False;152344.0;7
2024/2025;CATAMARCA;BURLEY;B3F;False;18339.0;7
2024/2025;TOTAL_NACIONAL;BURLEY;B3F;False;444650.0;7
2024/2025;MISIONES;BURLEY;B3FR;False;201641.0;7
2024/2025;TUCUMAN;BURLEY;B3FR;False;59314.0;7
2024/2025;CATAMARCA;BURLEY;B3FR;False;4347.0;7
2024/2025;TOTAL_NACIONAL;BURLEY;B3FR;False;265302.0;7
2024/2025;MISIONES;BURLEY;B3K;False;8441.0;7
2024/2025;TUCUMAN;BURLEY;B3K;False;26002.0;7
2024/2025;CATAMARCA;BURLEY;B3K;False;10953.0;7
2024/2025;TOTAL_NACIONAL;BURLEY;B3K;False;45396.0;7
2024/2025;MISIONES;BURLEY;NG;False;8085.0;7
2024/2025;TUCUMAN;BURLEY;NG;False;3970.0;7
2024/2025;CATAMARCA;BURLEY;NG;False;506.0;7
2024/2025;TOTAL_NACIONAL;BURLEY;NG;False;12561.0;7
2024/2025;MISIONES;BURLEY;NX;False;59312.0;7
2024/2025;TUCUMAN;BURLEY;NX;False;39279.0;7
2024/2025;CATAMARCA;BURLEY;NX;False;5075.0;7
2024/2025;TOTAL_NACIONAL;BURLEY;NX;False;103666.0;7
2024/2025;MISIONES;BURLEY;NB;False;5984.0;7
2024/2025;TUCUMAN;BURLEY;NB;False;5630.0;7
2024/2025;CATAMARCA;BURLEY;NB;False;660.0;7
2024/2025;TOTAL_NACIONAL;BURLEY;NB;False;12274.0;7
2024/2025;MISIONES;BURLEY;TOTAL_CLASES;True;39375039.0;7
2024/2025;TUCUMAN;BURLEY;TOTAL_CLASES;True;6991452.0;7
2024/2025;CATAMARCA;BURLEY;TOTAL_CLASES;True;796706.0;7
2024/2025;CORRIENTES;BURLEY;TOTAL_CLASES;True;32075.0;7
2024/2025;TOTAL_NACIONAL;BURLEY;TOTAL_CLASES;True;47195272.0;7
2024/2025;MISIONES;CR. MISIONERO;C1;False;117852.0;8
2024/2025;MISIONES;CR. MISIONERO;C2;False;7030.0;8
2024/2025;MISIONES;CR. MISIONERO;B1;False;43160.0;8
2024/2025;MISIONES;CR. MISIONERO;B2;False;2897.0;8
2024/2025;MISIONES;CR. MISIONERO;T1;False;1849.0;8
2024/2025;MISIONES;CR. MISIONERO;X1;False;1395.0;8
2024/2025;MISIONES;CR. MISIONERO;N4;False;56.0;8
2024/2025;MISIONES;CR. MISIONERO;N5;False;44.0;8
2024/2025;MISIONES;CR. MISIONERO;TOTAL_CLASES;True;174283.0;8
2024/2025;CHACO;CR. CHAQUEÑO;CH1;False;137809.0;8
2024/2025;CHACO;CR. CHAQUEÑO;CH2;False;82198.0;8
2024/2025;CHACO;CR. CHAQUEÑO;CH3;False;61490.0;8
2024/2025;CHACO;CR. CHAQUEÑO;TOTAL_CLASES;True;281497.0;8
2024/2025;CORRIENTES;CR. CORRENTINO;C1;False;1082756.0;8
2024/2025;CORRIENTES;CR. CORRENTINO;C2;False;164028.0;8
2024/2025;CORRIENTES;CR. CORRENTINO;C3;False;44442.0;8
2024/2025;CORRIENTES;CR. CORRENTINO;X1;False;115186.0;8
2024/2025;CORRIENTES;CR. CORRENTINO;X2;False;14314.0;8
2024/2025;CORRIENTES;CR. CORRENTINO;T;False;24666.0;8
2024/2025;CORRIENTES;CR. CORRENTINO;N;False;396.0;8
2024/2025;CORRIENTES;CR. CORRENTINO;TOTAL_CLASES;True;1445788.0;8
2024/2025;TUCUMAN;CR. ARGENTINO;B1;False;18859.0;8
2024/2025;CATAMARCA;CR. ARGENTINO;B1;False;646.0;8
2024/2025;TOTAL_NACIONAL;CR. ARGENTINO;B1;False;19505.0;8
2024/2025;TUCUMAN;CR. ARGENTINO;B2;False;12969.0;8
2024/2025;CATAMARCA;CR. ARGENTINO;B2;False;364.0;8
2024/2025;TOTAL_NACIONAL;CR. ARGENTINO;B2;False;13333.0;8
2024/2025;TUCUMAN;CR. ARGENTINO;B3;False;858.0;8
2024/2025;CATAMARCA;CR. ARGENTINO;B3;False;44.0;8
2024/2025;TOTAL_NACIONAL;CR. ARGENTINO;B3;False;902.0;8
2024/2025;TUCUMAN;CR. ARGENTINO;C1;False;11786.0;8
2024/2025;CATAMARCA;CR. ARGENTINO;C1;False;33.0;8
2024/2025;TOTAL_NACIONAL;CR. ARGENTINO;C1;False;11819.0;8
2024/2025;TUCUMAN;CR. ARGENTINO;C2;False;15729.0;8
2024/2025;CATAMARCA;CR. ARGENTINO;C2;False;158.0;8
2024/2025;TOTAL_NACIONAL;CR. ARGENTINO;C2;False;15887.0;8
2024/2025;TUCUMAN;CR. ARGENTINO;T2;False;1332.0;8
2024/2025;CATAMARCA;CR. ARGENTINO;T2;False;261.0;8
2024/2025;TOTAL_NACIONAL;CR. ARGENTINO;T2;False;1593.0;8
2024/2025;TUCUMAN;CR. ARGENTINO;T4;False;70.0;8
2024/2025;TOTAL_NACIONAL;CR. ARGENTINO;T4;False;70.0;8
2024/2025;TUCUMAN;CR. ARGENTINO;X2;False;1171.0;8
2024/2025;TOTAL_NACIONAL;CR. ARGENTINO;X2;False;1171.0;8
2024/2025;TUCUMAN;CR. ARGENTINO;TOTAL_CLASES;True;62774.0;8
2024/2025;CATAMARCA;CR. ARGENTINO;TOTAL_CLASES;True;1506.0;8
2024/2025;TOTAL_NACIONAL;CR. ARGENTINO;TOTAL_CLASES;True;64280.0;8
