Campana;Etapa_Pago;Fecha;Archivo_Origen;Carpeta;Tabaco;Clase;Porcentaje;Adelanto_1;Adelanto_2;Incremento;Precio_Total_Acumulado;Comprador;Vendedor;Adelanto_1_USD;Adelanto_2_USD;Incremento_USD;Precio_Total_Acumulado_USD
2006-2007;Resolución / Anexo General;1975-11-13;000001-Resolución Nº 7-2007.pdf;Campana_2006-2007;VIRGINIA;38;4;0.592;0.488;0.488;0.288;3.904;3.955;0.14968394437420984;0.12338811630847028;0.12338811630847028;0.07281921618204804
2007-2008;Resolución / Anexo General;1975-11-13;000001-Resolución Nº 361-2007.pdf;Campana_2007-2008;BURLEY;76;8;0.6;0.712;0.56;0.64;3.904;3.955;0.15170670037926673;0.1800252844500632;0.1415929203539823;0.16182048040455121
2007-2008;Resolución / Anexo General;1975-11-13;000001-Resolución Nº 361-2007.pdf;Campana_2007-2008;BURLEY;69;6;0.736;0.584;0.688;0.52;3.904;3.955;0.18609355246523387;0.14766118836915296;0.17395701643489253;0.13147914032869784
2005-2006;Resolución / Anexo General;1975-11-13;000001-Resolución Nº 9-2006.pdf;Campana_2005-2006;BURLEY;62;4;0.296;0.08;0.24;0.2;3.904;3.955;0.07484197218710492;0.020227560050568902;0.0606826801517067;0.050568900126422255
2007-2008;Resolución / Anexo General;1975-11-13;000001-Resolución Nº 362-2007.pdf;Campana_2007-2008;VIRGINIA;Y;2;5465.0;;;5465.0;3.904;3.955;1381.795195954488;;;1381.795195954488
2007-2008;Resolución / Anexo General;1975-11-13;000001-Resolución Nº 362-2007.pdf;Campana_2007-2008;VIRGINIA;65;6;0.664;0.568;0.648;0.544;3.904;3.955;0.16788874841972187;0.14361567635903918;0.1638432364096081;0.13754740834386853
2007-2008;Resolución / Anexo General;1975-11-13;000001-Resolución Nº 362-2007.pdf;Campana_2007-2008;VIRGINIA;42;4;0.68;0.576;0.384;0.592;3.904;3.955;0.17193426042983567;0.14563843236409607;0.09709228824273072;0.14968394437420984
2007-2008;Resolución / Anexo General;1975-11-13;000001-Resolución Nº 362-2007.pdf;Campana_2007-2008;VIRGINIA;48;8;0.288;0.6;0.512;0.312;3.904;3.955;0.07281921618204804;0.15170670037926673;0.12945638432364096;0.07888748419721871
2007-2008;Resolución / Anexo General;1975-11-13;000001-Resolución Nº 362-2007.pdf;Campana_2007-2008;VIRGINIA;35;2;0.568;0.472;0.312;0.48;3.904;3.955;0.14361567635903918;0.1193426042983565;0.07888748419721871;0.1213653603034134
2007-2008;Resolución / Anexo General;1975-11-13;000001-Resolución Nº 362-2007.pdf;Campana_2007-2008;VIRGINIA;38;4;0.216;;;0.216;3.904;3.955;0.05461441213653603;;;0.05461441213653603
2007-2008;Resolución / Anexo General;1975-11-13;000001-Resolución Nº 361-2007.pdf;Campana_2007-2008;VIRGINIA;Y;2;5465.0;;;5465.0;3.904;3.955;1381.795195954488;;;1381.795195954488
2007-2008;Resolución / Anexo General;1975-11-13;000001-Resolución Nº 362-2007.pdf;Campana_2007-2008;VIRGINIA;38;4;0.344;0.4;0.296;0.312;3.904;3.955;0.08697850821744627;0.10113780025284451;0.07484197218710492;0.07888748419721871
2007-2008;Resolución / Anexo General;1975-11-13;000001-Resolución Nº 362-2007.pdf;Campana_2007-2008;VIRGINIA;13;6;0.136;0.12;0.84;0.76;3.904;3.955;0.03438685208596713;0.03034134007585335;0.21238938053097345;0.19216182048040456
2007-2008;Resolución / Anexo General;1975-11-13;000004-Resolución Nº 10-2008.pdf;Campana_2007-2008;BURLEY;09;6;0.075;0.089;0.089;0.07;3.904;3.955;0.01896333754740834;0.0225031605562579;0.0225031605562579;0.017699115044247787
2007-2008;Resolución / Anexo General;1975-11-13;000004-Resolución Nº 10-2008.pdf;Campana_2007-2008;BURLEY;06;5;0.079;0.033;0.057;0.07;3.904;3.955;0.019974715549936788;0.008343868520859672;0.014412136536030342;0.017699115044247787
2007-2008;Resolución / Anexo General;1975-11-13;000004-Resolución Nº 10-2008.pdf;Campana_2007-2008;BURLEY;04;1;0.045;0.073;0.078;0.037;3.904;3.955;0.011378002528445006;0.01845764854614412;0.019721871049304677;0.009355246523388115
2005-2006;Resolución / Anexo General;1975-11-13;000001-Resolución Nº 167-2006.pdf;Campana_2005-2006;VIRGINIA;Y;2;5465.0;;;5465.0;3.904;3.955;1381.795195954488;;;1381.795195954488
2005-2006;Resolución / Anexo General;1975-11-13;000001-Resolución Nº 168-2006.pdf;Campana_2005-2006;CRIOLLO CHAQUEÑO;35;6;0.3;0.164;;0.164;3.904;3.955;0.07585335018963336;0.04146649810366625;;0.04146649810366625
2005-2006;Resolución / Anexo General;1975-11-13;000001-Resolución Nº 166-2006.pdf;Campana_2005-2006;VIRGINIA;Y;2;5465.0;;;5465.0;3.904;3.955;1381.795195954488;;;1381.795195954488
2005-2006;Resolución / Anexo General;1975-11-13;000001-Resolución Nº 9-2006.pdf;Campana_2005-2006;VIRGINIA;Y;2;5465.0;;;5465.0;3.904;3.955;1381.795195954488;;;1381.795195954488
2005-2006;Resolución / Anexo General;1975-11-13;000001-Resolución Nº 9-2006.pdf;Campana_2005-2006;BURLEY;68;8;0.52;0.632;0.264;0.456;3.904;3.955;0.13147914032869784;0.1597977243994943;0.06675094816687738;0.11529709228824274
2007-2008;Resolución / Anexo General;1975-11-13;000001-Resolución Nº 362-2007.pdf;Campana_2007-2008;VIRGINIA;20;8;0.16;0.16;0.16;0.12;3.904;3.955;0.040455120101137804;0.040455120101137804;0.040455120101137804;0.03034134007585335
2007-2008;Resolución / Anexo General;1975-11-13;000001-Resolución Nº 304-2007.pdf;Campana_2007-2008;VIRGINIA;1;2;4291.0;;;4291.0;3.904;3.955;1084.9557522123894;;;1084.9557522123894
2007-2008;Resolución / Anexo General;1975-11-13;000001-Resolución Nº 361-2007.pdf;Campana_2007-2008;BURLEY;63;2;0.264;0.456;0.56;0.328;3.904;3.955;0.06675094816687738;0.11529709228824274;0.1415929203539823;0.0829329962073325
2006-2007;Resolución / Anexo General;1975-11-13;000001-Resolución Nº 9-2007.pdf;Campana_2006-2007;BURLEY;62;4;0.296;0.08;0.24;0.2;3.904;3.955;0.07484197218710492;0.020227560050568902;0.0606826801517067;0.050568900126422255
2005-2006;Resolución / Anexo General;1975-11-13;000001-Resolución Nº 168-2006.pdf;Campana_2005-2006;VIRGINIA;Y;2;5465.0;;;5465.0;3.904;3.955;1381.795195954488;;;1381.795195954488
2005-2006;Resolución / Anexo General;1975-11-13;000001-Resolución Nº 167-2006.pdf;Campana_2005-2006;CRIOLLO MISIONERO;N;5;0.4;;;0.4;3.904;3.955;0.10113780025284451;;;0.10113780025284451
2006-2007;Resolución / Anexo General;1975-11-13;000001-Resolución Nº 7-2007.pdf;Campana_2006-2007;VIRGINIA;64;8;0.544;0.28;0.32;0.728;3.904;3.955;0.13754740834386853;0.07079646017699115;0.08091024020227561;0.184070796460177
2006-2007;Resolución / Anexo General;1975-11-13;000001-Resolución Nº 7-2007.pdf;Campana_2006-2007;VIRGINIA;65;6;0.664;0.568;;0.568;3.904;3.955;0.16788874841972187;0.14361567635903918;;0.14361567635903918
2006-2007;Resolución / Anexo General;1975-11-13;000001-Resolución Nº 7-2007.pdf;Campana_2006-2007;VIRGINIA;Y;2;5465.0;;;5465.0;3.904;3.955;1381.795195954488;;;1381.795195954488
2007-2008;Resolución / Anexo General;1975-11-13;000001-Resolución Nº 304-2007.pdf;Campana_2007-2008;VIRGINIA;Y;2;5465.0;;;5465.0;3.904;3.955;1381.795195954488;;;1381.795195954488
2006-2007;Resolución / Anexo General;1975-11-13;000001-Resolución Nº 46-2007.pdf;Campana_2006-2007;CRIOLLO CHAQUEÑO;CH;3;0.4;0.356;0.3;0.164;3.904;3.955;0.10113780025284451;0.0900126422250316;0.07585335018963336;0.04146649810366625
2006-2007;Resolución / Anexo General;1975-11-13;000001-Resolución Nº 46-2007.pdf;Campana_2006-2007;VIRGINIA;Y;2;5465.0;;;5465.0;3.904;3.955;1381.795195954488;;;1381.795195954488
2006-2007;Resolución / Anexo General;1975-11-13;000001-Resolución Nº 44-2007.pdf;Campana_2006-2007;VIRGINIA;Y;2;5465.0;;;5465.0;3.904;3.955;1381.795195954488;;;1381.795195954488
2006-2007;Resolución / Anexo General;1975-11-13;000001-Resolución Nº 40-2007.pdf;Campana_2006-2007;VIRGINIA;Y;2;5465.0;;;5465.0;3.904;3.955;1381.795195954488;;;1381.795195954488
2004-2005;Incremento FET;1975-11-13;000002-Resolución Nº 158-2005.pdf;Campana_2004-2005;VIRGINIA;64;41;0.29;0.258;0.22;0.238;3.904;3.955;0.07332490518331225;0.0652338811630847;0.05562579013906448;0.06017699115044248
2006-2007;Resolución / Anexo General;1975-11-13;000001-Resolución Nº 7-2007.pdf;Campana_2006-2007;VIRGINIA;47;2;0.312;0.48;0.384;0.216;3.904;3.955;0.07888748419721871;0.1213653603034134;0.09709228824273072;0.05461441213653603
2006-2007;Resolución / Anexo General;1975-11-13;000001-Resolución Nº 9-2007.pdf;Campana_2006-2007;BURLEY;45;6;0.56;0.328;0.36;0.584;3.904;3.955;0.1415929203539823;0.0829329962073325;0.09102402022756005;0.14766118836915296
2006-2007;Resolución / Anexo General;1975-11-13;000001-Resolución Nº 9-2007.pdf;Campana_2006-2007;BURLEY;58;4;0.688;0.52;0.632;0.264;3.904;3.955;0.17395701643489253;0.13147914032869784;0.1597977243994943;0.06675094816687738
2006-2007;Resolución / Anexo General;1975-11-13;000001-Resolución Nº 39-2007.pdf;Campana_2006-2007;VIRGINIA;Y;2;5465.0;;;5465.0;3.904;3.955;1381.795195954488;;;1381.795195954488
2006-2007;Resolución / Anexo General;1975-11-13;000001-Resolución Nº 9-2007.pdf;Campana_2006-2007;BURLEY;71;2;0.56;0.64;0.696;0.736;3.904;3.955;0.1415929203539823;0.16182048040455121;0.17597977243994942;0.18609355246523387
2006-2007;Resolución / Anexo General;1975-11-13;000001-Resolución Nº 9-2007.pdf;Campana_2006-2007;BURLEY;76;8;0.6;;;0.6;3.904;3.955;0.15170670037926673;;;0.15170670037926673
2006-2007;Resolución / Anexo General;1975-11-13;000001-Resolución Nº 7-2007.pdf;Campana_2006-2007;VIRGINIA;62;4;0.384;0.424;0.68;0.576;3.904;3.955;0.09709228824273072;0.10720606826801517;0.17193426042983567;0.14563843236409607
2006-2007;Resolución / Anexo General;1975-11-13;000001-Resolución Nº 9-2007.pdf;Campana_2006-2007;VIRGINIA;Y;2;5465.0;;;5465.0;3.904;3.955;1381.795195954488;;;1381.795195954488
2006-2007;Resolución / Anexo General;1975-11-13;000001-Resolución Nº 7-2007.pdf;Campana_2006-2007;VIRGINIA;17;15;0.84;0.76;0.76;0.64;3.904;3.955;0.21238938053097345;0.19216182048040456;0.19216182048040456;0.16182048040455121
2006-2007;Resolución / Anexo General;1975-11-13;000001-Resolución Nº 7-2007.pdf;Campana_2006-2007;VIRGINIA;13;6;0.12;;;0.12;3.904;3.955;0.03034134007585335;;;0.03034134007585335
2006-2007;Resolución / Anexo General;1975-11-13;000001-Resolución Nº 7-2007.pdf;Campana_2006-2007;VIRGINIA;38;4;0.344;0.4;0.296;0.312;3.904;3.955;0.08697850821744627;0.10113780025284451;0.07484197218710492;0.07888748419721871
2006-2007;Resolución / Anexo General;1975-11-13;000001-Resolución Nº 9-2007.pdf;Campana_2006-2007;VIRGINIA;Y;2;5465.0;;;5465.0;3.904;3.955;1381.795195954488;;;1381.795195954488
2005-2006;Resolución / Anexo General;1990-12-19;000001-Resolución Nº 22-2006.pdf;Campana_2005-2006;VIRGINIA;Y;2;5465.0;;;5465.0;3.904;3.955;1381.795195954488;;;1381.795195954488
2005-2006;Resolución / Anexo General;1990-12-19;000001-Resolución Nº 22-2006.pdf;Campana_2005-2006;VIRGINIA;65;6;0.664;0.568;;0.568;3.904;3.955;0.16788874841972187;0.14361567635903918;;0.14361567635903918
2005-2006;Resolución / Anexo General;1990-12-19;000001-Resolución Nº 22-2006.pdf;Campana_2005-2006;VIRGINIA;62;4;0.384;0.424;0.68;0.576;3.904;3.955;0.09709228824273072;0.10720606826801517;0.17193426042983567;0.14563843236409607
2005-2006;Resolución / Anexo General;1990-12-19;000001-Resolución Nº 22-2006.pdf;Campana_2005-2006;VIRGINIA;38;4;0.592;0.488;0.488;0.288;3.904;3.955;0.14968394437420984;0.12338811630847028;0.12338811630847028;0.07281921618204804
2005-2006;Resolución / Anexo General;1990-12-19;000001-Resolución Nº 22-2006.pdf;Campana_2005-2006;VIRGINIA;47;2;0.312;0.48;0.384;0.216;3.904;3.955;0.07888748419721871;0.1213653603034134;0.09709228824273072;0.05461441213653603
2005-2006;Resolución / Anexo General;1990-12-19;000001-Resolución Nº 22-2006.pdf;Campana_2005-2006;VIRGINIA;38;4;0.344;0.4;0.296;0.312;3.904;3.955;0.08697850821744627;0.10113780025284451;0.07484197218710492;0.07888748419721871
2005-2006;Resolución / Anexo General;1990-12-19;000001-Resolución Nº 22-2006.pdf;Campana_2005-2006;VIRGINIA;20;8;0.16;0.16;0.16;0.12;3.904;3.955;0.040455120101137804;0.040455120101137804;0.040455120101137804;0.03034134007585335
2005-2006;Resolución / Anexo General;1990-12-19;000001-Resolución Nº 22-2006.pdf;Campana_2005-2006;VIRGINIA;13;6;0.136;0.12;0.84;0.76;3.904;3.955;0.03438685208596713;0.03034134007585335;0.21238938053097345;0.19216182048040456
2005-2006;Resolución / Anexo General;1990-12-19;000001-Resolución Nº 22-2006.pdf;Campana_2005-2006;VIRGINIA;64;8;0.544;0.28;0.32;0.728;3.904;3.955;0.13754740834386853;0.07079646017699115;0.08091024020227561;0.184070796460177
2005-2006;Resolución / Anexo General;1990-12-19;000001-Resolución Nº 22-2006.pdf;Campana_2005-2006;VIRGINIA;Y;2;5465.0;;;5465.0;3.904;3.955;1381.795195954488;;;1381.795195954488
2021-2022;Resolución / Anexo General;1991-12-28;0001009-Resolución Nº 22-2016.pdf;Campana_2021-2022;BURLEY;2540;80;7.817;;;7.817;3.904;3.955;1.9764854614412137;;;1.9764854614412137
2021-2022;Resolución / Anexo General;1991-12-28;0001009-Resolución Nº 22-2016.pdf;Campana_2021-2022;CRIOLLO ARGENTINO;H;2;6.77;;;6.77;3.904;3.955;1.711757269279393;;;1.711757269279393
2021-2022;Resolución / Anexo General;1991-12-28;0001009-Resolución Nº 22-2016.pdf;Campana_2021-2022;CRIOLLO MISIONERO;N;4;1.036;;;1.036;3.904;3.955;0.26194690265486725;;;0.26194690265486725
2021-2022;Resolución / Anexo General;1991-12-28;0001009-Resolución Nº 22-2016.pdf;Campana_2021-2022;CRIOLLO ARGENTINO;X;4;1.251;;;1.251;3.904;3.955;0.31630847029077114;;;0.31630847029077114
2021-2022;Resolución / Anexo General;1991-12-28;0001009-Resolución Nº 22-2016.pdf;Campana_2021-2022;CRIOLLO ARGENTINO;C;2;4.415;;;4.415;3.904;3.955;1.116308470290771;;;1.116308470290771
2012-2013;Resolución / Anexo General;1994-12-28;000019-Resolución Nº 1303-2012.pdf;Campana_2012-2013;CRIOLLO CORRENTINO;C;2;1.371;;;1.371;3.904;3.955;0.3466498103666245;;;0.3466498103666245
2011-2012;Resolución / Anexo General;1994-12-28;000001-Resolución Nº 11-2012.pdf;Campana_2011-2012;VIRGINIA;Y;2;6467.0;;;6467.0;3.904;3.955;1635.1453855878635;;;1635.1453855878635
2011-2012;Resolución / Anexo General;1994-12-28;000001-Resolución Nº 11-2012.pdf;Campana_2011-2012;VIRGINIA;647;39;0.431;;;0.431;3.904;3.955;0.10897597977243995;;;0.10897597977243995
2011-2012;Resolución / Anexo General;1994-12-28;000001-Resolución Nº 11-2012.pdf;Campana_2011-2012;VIRGINIA;576;95;1.326;;;1.326;3.904;3.955;0.3352718078381795;;;0.3352718078381795
2012-2013;Resolución / Anexo General;1994-12-28;000019-Resolución Nº 1303-2012.pdf;Campana_2012-2013;VIRGINIA;Y;2;6467.0;;;6467.0;3.904;3.955;1635.1453855878635;;;1635.1453855878635
2012-2013;Resolución / Anexo General;1994-12-28;000019-Resolución Nº 1303-2012.pdf;Campana_2012-2013;VIRGINIA;Y;2;6467.0;;;6467.0;3.904;3.955;1635.1453855878635;;;1635.1453855878635
2012-2013;Resolución / Anexo General;1994-12-28;000019-Resolución Nº 1303-2012.pdf;Campana_2012-2013;CRIOLLO MISIONERO;Y;2;6467.0;;;6467.0;3.904;3.955;1635.1453855878635;;;1635.1453855878635
2012-2013;Resolución / Anexo General;1994-12-28;000019-Resolución Nº 1303-2012.pdf;Campana_2012-2013;CRIOLLO ARGENTINO;Y;2;6467.0;;;6467.0;3.904;3.955;1635.1453855878635;;;1635.1453855878635
2012-2013;Resolución / Anexo General;1994-12-28;000019-Resolución Nº 1303-2012.pdf;Campana_2012-2013;BURLEY;N;8;0.079;;;0.079;3.904;3.955;0.019974715549936788;;;0.019974715549936788
2012-2013;Resolución / Anexo General;1994-12-28;000019-Resolución Nº 1303-2012.pdf;Campana_2012-2013;CRIOLLO ARGENTINO;C;1;2.46;;;2.46;3.904;3.955;0.6219974715549936;;;0.6219974715549936
2012-2013;Resolución / Anexo General;1994-12-28;000019-Resolución Nº 1303-2012.pdf;Campana_2012-2013;CRIOLLO CORRENTINO;C;1;1.541;;;1.541;3.904;3.955;0.3896333754740834;;;0.3896333754740834
2012-2013;Resolución / Anexo General;1994-12-28;000019-Resolución Nº 1303-2012.pdf;Campana_2012-2013;CRIOLLO ARGENTINO;T;4;0.643;;;0.643;3.904;3.955;0.16257901390644752;;;0.16257901390644752
2012-2013;Resolución / Anexo General;1994-12-28;000019-Resolución Nº 1303-2012.pdf;Campana_2012-2013;CRIOLLO ARGENTINO;39;4;2.274;2.274;2.274;2.154;3.904;3.955;0.574968394437421;0.574968394437421;0.574968394437421;0.5446270543615676
2012-2013;Resolución / Anexo General;1994-12-28;000019-Resolución Nº 1303-2012.pdf;Campana_2012-2013;CRIOLLO ARGENTINO;67;6;1.436;1.556;;1.556;3.904;3.955;0.3630847029077117;0.3934260429835651;;0.3934260429835651
2012-2013;Resolución / Anexo General;1994-12-28;000019-Resolución Nº 1303-2012.pdf;Campana_2012-2013;CRIOLLO ARGENTINO;95;7;0.718;;;0.718;3.904;3.955;0.18154235145385586;;;0.18154235145385586
2012-2013;Resolución / Anexo General;1994-12-28;000019-Resolución Nº 1303-2012.pdf;Campana_2012-2013;CRIOLLO CHAQUEÑO;235;75;0.675;;;0.675;3.904;3.955;0.1706700379266751;;;0.1706700379266751
2012-2013;Resolución / Anexo General;1994-12-28;000019-Resolución Nº 1303-2012.pdf;Campana_2012-2013;CRIOLLO CHAQUEÑO;647;100;1.465;;;1.465;3.904;3.955;0.370417193426043;;;0.370417193426043
2012-2013;Resolución / Anexo General;1994-12-28;000019-Resolución Nº 1303-2012.pdf;Campana_2012-2013;CRIOLLO MISIONERO;N;5;0.221;;;0.221;3.904;3.955;0.055878634639696584;;;0.055878634639696584
2012-2013;Resolución / Anexo General;1994-12-28;000019-Resolución Nº 1303-2012.pdf;Campana_2012-2013;CRIOLLO MISIONERO;N;4;0.368;;;0.368;3.904;3.955;0.09304677623261694;;;0.09304677623261694
2012-2013;Resolución / Anexo General;1994-12-28;000019-Resolución Nº 1303-2012.pdf;Campana_2012-2013;CRIOLLO MISIONERO;90;82;1.103;;;1.103;3.904;3.955;0.2788874841972187;;;0.2788874841972187
2012-2013;Resolución / Anexo General;1994-12-28;000019-Resolución Nº 1303-2012.pdf;Campana_2012-2013;CRIOLLO MISIONERO;C;2;1.177;;;1.177;3.904;3.955;0.29759797724399495;;;0.29759797724399495
2012-2013;Resolución / Anexo General;1994-12-28;000019-Resolución Nº 1303-2012.pdf;Campana_2012-2013;CRIOLLO ARGENTINO;B;2;2.572;;;2.572;3.904;3.955;0.6503160556257901;;;0.6503160556257901
2011-2012;Resolución / Anexo General;1994-12-28;000001-Resolución Nº 11-2012.pdf;Campana_2011-2012;VIRGINIA;Y;2;6467.0;;;6467.0;3.904;3.955;1635.1453855878635;;;1635.1453855878635
2011-2012;Resolución / Anexo General;1994-12-28;000001-Resolución Nº 11-2012.pdf;Campana_2011-2012;VIRGINIA;Y;2;6467.0;;;6467.0;3.904;3.955;1635.1453855878635;;;1635.1453855878635
2014-2015;Resolución / Anexo General;1995-03-30;000068-Resolución Nº 02-2015.pdf;Campana_2014-2015;BURLEY;7;3;3.927;;;3.927;3.904;3.955;0.9929203539823008;;;0.9929203539823008
2014-2015;Resolución / Anexo General;1995-03-30;000068-Resolución Nº 02-2015.pdf;Campana_2014-2015;BURLEY;7;7;3.333;;;3.333;3.904;3.955;0.8427307206068269;;;0.8427307206068269
2014-2015;Resolución / Anexo General;1995-03-30;000068-Resolución Nº 02-2015.pdf;Campana_2014-2015;BURLEY;9;2;3.516;;;3.516;3.904;3.955;0.8890012642225031;;;0.8890012642225031
2014-2015;Resolución / Anexo General;1995-03-30;000068-Resolución Nº 02-2015.pdf;Campana_2014-2015;BURLEY;O;89;3.653;;;3.653;3.904;3.955;0.9236409608091024;;;0.9236409608091024
2014-2015;Resolución / Anexo General;1995-03-30;000068-Resolución Nº 02-2015.pdf;Campana_2014-2015;BURLEY;9;6;3.425;;;3.425;3.904;3.955;0.865992414664981;;;0.865992414664981
2014-2015;Resolución / Anexo General;1995-03-30;000068-Resolución Nº 02-2015.pdf;Campana_2014-2015;BURLEY;8;3;4.383;;;4.383;3.904;3.955;1.1082174462705436;;;1.1082174462705436
2014-2015;Resolución / Anexo General;1995-03-30;000068-Resolución Nº 02-2015.pdf;Campana_2014-2015;BURLEY;1090;90;3.653;;;3.653;3.904;3.955;0.9236409608091024;;;0.9236409608091024
2014-2015;Resolución / Anexo General;1995-03-30;000068-Resolución Nº 02-2015.pdf;Campana_2014-2015;BURLEY;Y;2;6467.0;;;6467.0;3.904;3.955;1635.1453855878635;;;1635.1453855878635
2014-2015;Resolución / Anexo General;1995-03-30;000068-Resolución Nº 02-2015.pdf;Campana_2014-2015;CRIOLLO CORRENTINO;1;2;6467.0;;;6467.0;3.904;3.955;1635.1453855878635;;;1635.1453855878635
2014-2015;Resolución / Anexo General;1995-03-30;000068-Resolución Nº 02-2015.pdf;Campana_2014-2015;BURLEY;8;6;2.968;;;2.968;3.904;3.955;0.7504424778761062;;;0.7504424778761062
2014-2015;Resolución / Anexo General;1995-03-30;000068-Resolución Nº 02-2015.pdf;Campana_2014-2015;VIRGINIA;Y1;2;6467.0;;;6467.0;3.904;3.955;1635.1453855878635;;;1635.1453855878635
2013-2014;Resolución / Anexo General;1995-03-30;000070-Resolución Nº 29-2014.pdf;Campana_2013-2014;VIRGINIA;0910;71;9.0;;;9.0;3.904;3.955;2.275600505689001;;;2.275600505689001
2013-2014;Resolución / Anexo General;1995-03-30;000070-Resolución Nº 29-2014.pdf;Campana_2013-2014;CRIOLLO MISIONERO;Y;2;6467.0;;;6467.0;3.904;3.955;1635.1453855878635;;;1635.1453855878635
2013-2014;Resolución / Anexo General;1995-03-30;000070-Resolución Nº 29-2014.pdf;Campana_2013-2014;CRIOLLO MISIONERO;Y;2;6467.0;;;6467.0;3.904;3.955;1635.1453855878635;;;1635.1453855878635
2013-2014;Resolución / Anexo General;1995-03-30;000070-Resolución Nº 29-2014.pdf;Campana_2013-2014;VIRGINIA;Y;2;6467.0;;;6467.0;3.904;3.955;1635.1453855878635;;;1635.1453855878635
2011-2012;Resolución / Anexo General;1995-03-30;000001-Resolución Nº 128-2012.pdf;Campana_2011-2012;VIRGINIA;Y;2;6467.0;;;6467.0;3.904;3.955;1635.1453855878635;;;1635.1453855878635
2011-2012;Resolución / Anexo General;1995-03-30;000001-Resolución Nº 128-2012.pdf;Campana_2011-2012;BURLEY;Y;2;6467.0;;;6467.0;3.904;3.955;1635.1453855878635;;;1635.1453855878635
2011-2012;Resolución / Anexo General;1995-03-30;000001-Resolución Nº 128-2012.pdf;Campana_2011-2012;BURLEY;Y;2;6467.0;;;6467.0;3.904;3.955;1635.1453855878635;;;1635.1453855878635
2011-2012;Resolución / Anexo General;1995-03-30;000001-Resolución Nº 128-2012.pdf;Campana_2011-2012;BURLEY;16;6;0.497;0.414;;0.414;3.904;3.955;0.12566371681415928;0.10467762326169405;;0.10467762326169405
2013-2014;Resolución / Anexo General;1995-03-30;000070-Resolución Nº 29-2014.pdf;Campana_2013-2014;VIRGINIA;1760;27;2.09;;;2.09;3.904;3.955;0.5284450063211125;;;0.5284450063211125
2014-2015;Resolución / Anexo General;1995-03-30;000068-Resolución Nº 02-2015.pdf;Campana_2014-2015;BURLEY;6;5;3.607;;;3.607;3.904;3.955;0.9120101137800253;;;0.9120101137800253
2014-2015;Resolución / Anexo General;1995-03-30;000068-Resolución Nº 02-2015.pdf;Campana_2014-2015;BURLEY;8;5;3.79;;;3.79;3.904;3.955;0.9582806573957017;;;0.9582806573957017
2014-2015;Resolución / Anexo General;1995-03-30;000068-Resolución Nº 02-2015.pdf;Campana_2014-2015;BURLEY;3;7;1.872;;;1.872;3.904;3.955;0.4733249051833123;;;0.4733249051833123
2014-2015;Resolución / Anexo General;1995-03-30;000068-Resolución Nº 02-2015.pdf;Campana_2014-2015;BURLEY;4;1;3.561;;;3.561;3.904;3.955;0.9003792667509481;;;0.9003792667509481
2014-2015;Resolución / Anexo General;1995-03-30;000068-Resolución Nº 02-2015.pdf;Campana_2014-2015;BURLEY;6030;57;3.196;;;3.196;3.904;3.955;0.8080910240202276;;;0.8080910240202276
2014-2015;Resolución / Anexo General;1995-03-30;000068-Resolución Nº 02-2015.pdf;Campana_2014-2015;BURLEY;7;8;2.877;;;2.877;3.904;3.955;0.727433628318584;;;0.727433628318584
2014-2015;Resolución / Anexo General;1995-03-30;000068-Resolución Nº 02-2015.pdf;Campana_2014-2015;BURLEY;6;3;1.507;;;1.507;3.904;3.955;0.3810366624525916;;;0.3810366624525916
2014-2015;Resolución / Anexo General;1995-03-30;000068-Resolución Nº 02-2015.pdf;Campana_2014-2015;BURLEY;3;3;0.457;;;0.457;3.904;3.955;0.11554993678887485;;;0.11554993678887485
2014-2015;Resolución / Anexo General;1995-03-30;000068-Resolución Nº 02-2015.pdf;Campana_2014-2015;CRIOLLO CHAQUEÑO;CH;1;2.164;;;2.164;3.904;3.955;0.5471554993678888;;;0.5471554993678888
2014-2015;Resolución / Anexo General;1995-03-30;000068-Resolución Nº 02-2015.pdf;Campana_2014-2015;CRIOLLO CHAQUEÑO;CH;2;1.926;;;1.926;3.904;3.955;0.48697850821744626;;;0.48697850821744626
2014-2015;Resolución / Anexo General;1995-03-30;000068-Resolución Nº 02-2015.pdf;Campana_2014-2015;CRIOLLO CHAQUEÑO;H;3;1.623;;;1.623;3.904;3.955;0.41036662452591655;;;0.41036662452591655
2011-2012;Resolución / Anexo General;1995-09-15;000001-Resolución Nº 36-2012.pdf;Campana_2011-2012;VIRGINIA;Y;2;6467.0;;;6467.0;3.904;3.955;1635.1453855878635;;;1635.1453855878635
2011-2012;Resolución / Anexo General;1995-09-15;000001-Resolución Nº 36-2012.pdf;Campana_2011-2012;VIRGINIA;Y;2;6467.0;;;6467.0;3.904;3.955;1635.1453855878635;;;1635.1453855878635
2011-2012;Resolución / Anexo General;1995-09-15;000001-Resolución Nº 36-2012.pdf;Campana_2011-2012;VIRGINIA;Y;2;6467.0;;;6467.0;3.904;3.955;1635.1453855878635;;;1635.1453855878635
2011-2012;Resolución / Anexo General;1995-09-15;000001-Resolución Nº 36-2012.pdf;Campana_2011-2012;VIRGINIA;X;2;0.829;;;0.829;3.904;3.955;0.20960809102402023;;;0.20960809102402023
2011-2012;Resolución / Anexo General;1995-09-15;000001-Resolución Nº 36-2012.pdf;Campana_2011-2012;VIRGINIA;C;3;0.774;;;0.774;3.904;3.955;0.19570164348925412;;;0.19570164348925412
2011-2012;Resolución / Anexo General;1995-09-15;000001-Resolución Nº 36-2012.pdf;Campana_2011-2012;VIRGINIA;T;2;0.718;;;0.718;3.904;3.955;0.18154235145385586;;;0.18154235145385586
2011-2012;Resolución / Anexo General;1995-09-15;000001-Resolución Nº 36-2012.pdf;Campana_2011-2012;VIRGINIA;70;83;0.663;;;0.663;3.904;3.955;0.16763590391908975;;;0.16763590391908975
2004-2005;Incremento FET;2004-12-27;000002-Resolución Nº 160-2005.pdf;Campana_2004-2005;VIRGINIA;49;2;0.498;0.426;;0.426;3.904;3.955;0.1259165613147914;0.10771175726927938;;0.10771175726927938
2004-2005;Incremento FET;2004-12-27;000002-Resolución Nº 160-2005.pdf;Campana_2004-2005;VIRGINIA;B3;71;0.486;0.408;0.21;0.24;3.904;3.955;0.12288242730720607;0.10316055625790138;0.05309734513274336;0.0606826801517067
2004-2005;Incremento FET;2004-12-27;000002-Resolución Nº 160-2005.pdf;Campana_2004-2005;VIRGINIA;54;6;0.468;0.288;0.318;0.51;3.904;3.955;0.11833122629582807;0.07281921618204804;0.08040455120101138;0.12895069532237674
2004-2005;Incremento FET;2004-12-27;000002-Resolución Nº 160-2005.pdf;Campana_2004-2005;VIRGINIA;43;2;0.288;0.444;0.366;0.216;3.904;3.955;0.07281921618204804;0.1122629582806574;0.09254108723135271;0.05461441213653603
2004-2005;Incremento FET;2004-12-27;000003-Resolución Nº 486-2005.pdf;Campana_2004-2005;VIRGINIA;10;2;0.09;;;0.09;3.904;3.955;0.022756005056890013;;;0.022756005056890013
2004-2005;Incremento FET;2004-12-27;000003-Resolución Nº 486-2005.pdf;Campana_2004-2005;VIRGINIA;28;8;0.258;0.3;0.222;0.234;3.904;3.955;0.0652338811630847;0.07585335018963336;0.0561314791403287;0.059165613147914034
2004-2005;Incremento FET;2004-12-27;000003-Resolución Nº 486-2005.pdf;Campana_2004-2005;VIRGINIA;35;4;0.234;0.36;0.288;0.162;3.904;3.955;0.059165613147914034;0.09102402022756005;0.07281921618204804;0.040960809102402025
2004-2005;Incremento FET;2004-12-27;000003-Resolución Nº 486-2005.pdf;Campana_2004-2005;VIRGINIA;28;8;0.444;0.366;0.366;0.216;3.904;3.955;0.1122629582806574;0.09254108723135271;0.09254108723135271;0.05461441213653603
2004-2005;Incremento FET;2004-12-27;000002-Resolución Nº 165-2005.pdf;Campana_2004-2005;BURLEY;10;8;0.09;;;0.09;3.904;3.955;0.022756005056890013;;;0.022756005056890013
2004-2005;Incremento FET;2004-12-27;000003-Resolución Nº 486-2005.pdf;Campana_2004-2005;VIRGINIA;48;6;0.408;0.21;0.24;0.546;3.904;3.955;0.10316055625790138;0.05309734513274336;0.0606826801517067;0.13805309734513274
2004-2005;Incremento FET;2004-12-27;000003-Resolución Nº 486-2005.pdf;Campana_2004-2005;VIRGINIA;49;2;0.498;0.426;;0.426;3.904;3.955;0.1259165613147914;0.10771175726927938;;0.10771175726927938
2004-2005;Incremento FET;2004-12-27;000003-Resolución Nº 486-2005.pdf;Campana_2004-2005;VIRGINIA;Y;2;5465.0;;;5465.0;3.904;3.955;1381.795195954488;;;1381.795195954488
2004-2005;Incremento FET;2004-12-27;000002-Resolución Nº 165-2005.pdf;Campana_2004-2005;BURLEY;16;2;0.263;0.281;0.133;0.036;3.904;3.955;0.06649810366624526;0.07104930467762327;0.033628318584070796;0.009102402022756004
2004-2005;Incremento FET;2004-12-27;000002-Resolución Nº 160-2005.pdf;Campana_2004-2005;VIRGINIA;61;36;0.45;0.384;0.234;0.264;3.904;3.955;0.11378002528445007;0.09709228824273072;0.059165613147914034;0.06675094816687738
2004-2005;Incremento FET;2004-12-27;000002-Resolución Nº 160-2005.pdf;Campana_2004-2005;VIRGINIA;42;6;0.354;0.234;0.36;0.288;3.904;3.955;0.08950695322376738;0.059165613147914034;0.09102402022756005;0.07281921618204804
2004-2005;Incremento FET;2004-12-27;000002-Resolución Nº 160-2005.pdf;Campana_2004-2005;VIRGINIA;17;15;0.12;0.12;0.12;0.09;3.904;3.955;0.03034134007585335;0.03034134007585335;0.03034134007585335;0.022756005056890013
2004-2005;Incremento FET;2004-12-27;000002-Resolución Nº 160-2005.pdf;Campana_2004-2005;VIRGINIA;10;2;0.102;0.09;;0.09;3.904;3.955;0.025790139064475345;0.022756005056890013;;0.022756005056890013
2004-2005;Incremento FET;2004-12-27;000002-Resolución Nº 160-2005.pdf;Campana_2004-2005;VIRGINIA;95;80;0.63;0.57;0.57;0.48;3.904;3.955;0.1592920353982301;0.1441213653603034;0.1441213653603034;0.1213653603034134
2004-2005;Incremento FET;2004-12-27;000002-Resolución Nº 165-2005.pdf;Campana_2004-2005;BURLEY;28;8;0.324;0.342;0.36;0.299;3.904;3.955;0.08192161820480405;0.08647281921618205;0.09102402022756005;0.07560050568900126
2004-2005;Incremento FET;2004-12-27;000002-Resolución Nº 165-2005.pdf;Campana_2004-2005;BURLEY;34;6;0.27;0.32;0.252;0.288;3.904;3.955;0.06826801517067003;0.08091024020227561;0.06371681415929203;0.07281921618204804
2004-2005;Incremento FET;2004-12-27;000002-Resolución Nº 165-2005.pdf;Campana_2004-2005;BURLEY;31;3;0.331;0.263;0.31;0.234;3.904;3.955;0.08369152970922883;0.06649810366624526;0.07838179519595449;0.059165613147914034
2004-2005;Incremento FET;2004-12-27;000002-Resolución Nº 165-2005.pdf;Campana_2004-2005;BURLEY;28;4;0.119;0.205;0.252;0.148;3.904;3.955;0.03008849557522124;0.051833122629582805;0.06371681415929203;0.03742098609355246
2004-2005;Incremento FET;2004-12-27;000003-Resolución Nº 486-2005.pdf;Campana_2004-2005;VIRGINIA;46;8;0.288;0.318;0.51;0.432;3.904;3.955;0.07281921618204804;0.08040455120101138;0.12895069532237674;0.10922882427307205
2004-2005;Incremento FET;2004-12-27;000005-Resolución Nº 76-2005.pdf;Campana_2004-2005;BURLEY;02;1;0.018;;;0.018;3.904;3.955;0.004551201011378002;;;0.004551201011378002
2004-2005;Incremento FET;2004-12-27;000005-Resolución Nº 76-2005.pdf;Campana_2004-2005;BURLEY;03;2;0.051;0.055;0.026;0.007;3.904;3.955;0.012895069532237673;0.01390644753476612;0.006573957016434892;0.0017699115044247787
2004-2005;Incremento FET;2004-12-27;000005-Resolución Nº 73-2005.pdf;Campana_2004-2005;VIRGINIA;03;8;0.059;0.049;0.049;0.029;3.904;3.955;0.014917825537294562;0.012389380530973451;0.012389380530973451;0.0073324905183312266
2004-2005;Incremento FET;2004-12-27;000004-Resolución Nº 655-2005.pdf;Campana_2004-2005;VIRGINIA;03;4;0.03;;;0.03;3.904;3.955;0.007585335018963337;;;0.007585335018963337
2004-2005;Incremento FET;2004-12-27;000005-Resolución Nº 73-2005.pdf;Campana_2004-2005;VIRGINIA;Y;2;5465.0;;;5465.0;3.904;3.955;1381.795195954488;;;1381.795195954488
2004-2005;Incremento FET;2004-12-27;000005-Resolución Nº 73-2005.pdf;Campana_2004-2005;VIRGINIA;07;2;0.062;0.08;0.07;0.075;3.904;3.955;0.015676359039190898;0.020227560050568902;0.017699115044247787;0.01896333754740834
2004-2005;Incremento FET;2004-12-27;000005-Resolución Nº 73-2005.pdf;Campana_2004-2005;VIRGINIA;06;6;0.066;0.057;;0.057;3.904;3.955;0.016687737041719344;0.014412136536030342;;0.014412136536030342
2004-2005;Incremento FET;2004-12-27;000005-Resolución Nº 73-2005.pdf;Campana_2004-2005;VIRGINIA;06;5;0.054;0.028;0.032;0.073;3.904;3.955;0.013653603034134007;0.007079646017699115;0.00809102402022756;0.01845764854614412
2004-2005;Incremento FET;2004-12-27;000005-Resolución Nº 73-2005.pdf;Campana_2004-2005;VIRGINIA;06;2;0.038;0.042;0.068;0.058;3.904;3.955;0.009608091024020228;0.010619469026548672;0.017193426042983566;0.014664981036662453
2004-2005;Incremento FET;2004-12-27;000004-Resolución Nº 655-2005.pdf;Campana_2004-2005;VIRGINIA;09;6;0.086;0.1;0.074;0.078;3.904;3.955;0.021744627054361566;0.025284450063211127;0.01871049304677623;0.019721871049304677
2004-2005;Incremento FET;2004-12-27;000005-Resolución Nº 73-2005.pdf;Campana_2004-2005;VIRGINIA;04;7;0.031;;;0.031;3.904;3.955;0.007838179519595449;;;0.007838179519595449
2004-2005;Incremento FET;2004-12-27;000005-Resolución Nº 73-2005.pdf;Campana_2004-2005;VIRGINIA;04;8;0.038;0.022;;0.022;3.904;3.955;0.009608091024020228;0.005562579013906447;;0.005562579013906447
2004-2005;Incremento FET;2004-12-27;000004-Resolución Nº 655-2005.pdf;Campana_2004-2005;VIRGINIA;Y;2;5465.0;;;5465.0;3.904;3.955;1381.795195954488;;;1381.795195954488
2004-2005;Incremento FET;2004-12-27;000005-Resolución Nº 73-2005.pdf;Campana_2004-2005;VIRGINIA;01;6;0.016;0.016;0.012;0.014;3.904;3.955;0.00404551201011378;0.00404551201011378;0.003034134007585335;0.0035398230088495575
2004-2005;Incremento FET;2004-12-27;000005-Resolución Nº 73-2005.pdf;Campana_2004-2005;VIRGINIA;01;4;0.012;;;0.012;3.904;3.955;0.003034134007585335;;;0.003034134007585335
2004-2005;Incremento FET;2004-12-27;000005-Resolución Nº 73-2005.pdf;Campana_2004-2005;VIRGINIA;17;15;0.084;0.076;0.076;0.064;3.904;3.955;0.021238938053097345;0.019216182048040455;0.019216182048040455;0.01618204804045512
2004-2005;Incremento FET;2004-12-27;000005-Resolución Nº 76-2005.pdf;Campana_2004-2005;VIRGINIA;Y;2;5465.0;;;5465.0;3.904;3.955;1381.795195954488;;;1381.795195954488
2004-2005;Incremento FET;2004-12-27;000005-Resolución Nº 76-2005.pdf;Campana_2004-2005;BURLEY;05;6;0.063;0.067;0.07;0.058;3.904;3.955;0.01592920353982301;0.016940581542351455;0.017699115044247787;0.014664981036662453
2004-2005;Incremento FET;2004-12-27;000005-Resolución Nº 76-2005.pdf;Campana_2004-2005;BURLEY;06;7;0.053;0.062;0.049;0.056;3.904;3.955;0.013400758533501896;0.015676359039190898;0.012389380530973451;0.01415929203539823
2004-2005;Incremento FET;2004-12-27;000005-Resolución Nº 76-2005.pdf;Campana_2004-2005;BURLEY;06;1;0.064;0.051;0.06;0.046;3.904;3.955;0.01618204804045512;0.012895069532237673;0.015170670037926675;0.011630847029077117
2004-2005;Incremento FET;2004-12-27;000005-Resolución Nº 76-2005.pdf;Campana_2004-2005;BURLEY;05;5;0.023;0.04;0.049;0.029;3.904;3.955;0.005815423514538559;0.010113780025284451;0.012389380530973451;0.0073324905183312266
2004-2005;Incremento FET;2004-12-27;000005-Resolución Nº 73-2005.pdf;Campana_2004-2005;VIRGINIA;03;8;0.034;0.04;0.03;0.031;3.904;3.955;0.008596713021491783;0.010113780025284451;0.007585335018963337;0.007838179519595449
2004-2005;Incremento FET;2005-01-19;000003-Resolución Nº 475-2005.pdf;Campana_2004-2005;VIRGINIA;Y;2;5465.0;;;5465.0;3.904;3.955;1381.795195954488;;;1381.795195954488
2004-2005;Incremento FET;2005-01-19;000003-Resolución Nº 475-2005.pdf;Campana_2004-2005;VIRGINIA;Y;2;5465.0;;;5465.0;3.904;3.955;1381.795195954488;;;1381.795195954488
2004-2005;Incremento FET;2005-01-19;000003-Resolución Nº 475-2005.pdf;Campana_2004-2005;VIRGINIA;TO;1;9800.0;;;9800.0;3.904;3.955;2477.8761061946902;;;2477.8761061946902
2004-2005;Incremento FET;2005-01-19;000004-Resolución Nº 703-2005.pdf;Campana_2004-2005;CRIOLLO CORRENTINO;06;4;0.041;;;0.041;3.904;3.955;0.010366624525916562;;;0.010366624525916562
2011-2012;Resolución / Anexo General;2005-01-19;000001-Resolución Nº 44-2012.pdf;Campana_2011-2012;CRIOLLO CORRENTINO;Y;2;6467.0;;;6467.0;3.904;3.955;1635.1453855878635;;;1635.1453855878635
2011-2012;Resolución / Anexo General;2005-01-19;000001-Resolución Nº 44-2012.pdf;Campana_2011-2012;VIRGINIA;Y;2;6467.0;;;6467.0;3.904;3.955;1635.1453855878635;;;1635.1453855878635
2004-2005;Incremento FET;2005-01-19;000004-Resolución Nº 703-2005.pdf;Campana_2004-2005;VIRGINIA;Y;2;5465.0;;;5465.0;3.904;3.955;1381.795195954488;;;1381.795195954488
2011-2012;Resolución / Anexo General;2005-01-19;000001-Resolución Nº 44-2012.pdf;Campana_2011-2012;VIRGINIA;Y;2;6467.0;;;6467.0;3.904;3.955;1635.1453855878635;;;1635.1453855878635
2011-2012;Resolución / Anexo General;2005-01-19;000001-Resolución Nº 44-2012.pdf;Campana_2011-2012;CRIOLLO CORRENTINO;Y;2;6.467;;;6.467;3.904;3.955;1.6351453855878633;;;1.6351453855878633
2011-2012;Resolución / Anexo General;2005-01-19;000001-Resolución Nº 44-2012.pdf;Campana_2011-2012;CRIOLLO CORRENTINO;C;3;0.756;;;0.756;3.904;3.955;0.1911504424778761;;;0.1911504424778761
2011-2012;Resolución / Anexo General;2005-01-19;000001-Resolución Nº 44-2012.pdf;Campana_2011-2012;CRIOLLO CORRENTINO;C;2;0.88;;;0.88;3.904;3.955;0.2225031605562579;;;0.2225031605562579
2011-2012;Resolución / Anexo General;2005-03-28;000001-Resolución Nº 34-2012.pdf;Campana_2011-2012;VIRGINIA;Y;2;6467.0;;;6467.0;3.904;3.955;1635.1453855878635;;;1635.1453855878635
2007-2008;Resolución / Anexo General;2005-03-28;000001-Resolución Nº 182-2008.pdf;Campana_2007-2008;CRIOLLO CHAQUEÑO;CH;3;0.4;0.356;0.3;0.164;3.904;3.955;0.10113780025284451;0.0900126422250316;0.07585335018963336;0.04146649810366625
2004-2005;Incremento FET;2005-03-28;000003-Resolución Nº 487-2005.pdf;Campana_2004-2005;BURLEY;22;5;0.365;0.39;0.185;0.05;3.904;3.955;0.0922882427307206;0.0986093552465234;0.04677623261694058;0.012642225031605564
2011-2012;Resolución / Anexo General;2005-03-28;000001-Resolución Nº 37-2012.pdf;Campana_2011-2012;VIRGINIA;Y;2;6467.0;;;6467.0;3.904;3.955;1635.1453855878635;;;1635.1453855878635
2011-2012;Resolución / Anexo General;2005-03-28;000001-Resolución Nº 37-2012.pdf;Campana_2011-2012;VIRGINIA;Y;2;6467.0;;;6467.0;3.904;3.955;1635.1453855878635;;;1635.1453855878635
2011-2012;Resolución / Anexo General;2005-03-28;000001-Resolución Nº 37-2012.pdf;Campana_2011-2012;CRIOLLO MISIONERO;Q;1;9800.0;;;9800.0;3.904;3.955;2477.8761061946902;;;2477.8761061946902
2011-2012;Resolución / Anexo General;2005-03-28;000001-Resolución Nº 34-2012.pdf;Campana_2011-2012;VIRGINIA;Y;2;6467.0;;;6467.0;3.904;3.955;1635.1453855878635;;;1635.1453855878635
2011-2012;Resolución / Anexo General;2005-03-28;000001-Resolución Nº 37-2012.pdf;Campana_2011-2012;CRIOLLO MISIONERO;Y;2;6467.0;;;6467.0;3.904;3.955;1635.1453855878635;;;1635.1453855878635
2011-2012;Resolución / Anexo General;2005-03-28;000001-Resolución Nº 37-2012.pdf;Campana_2011-2012;CRIOLLO MISIONERO;C;2;0.796;;;0.796;3.904;3.955;0.20126422250316056;;;0.20126422250316056
2011-2012;Resolución / Anexo General;2005-03-28;000001-Resolución Nº 37-2012.pdf;Campana_2011-2012;CRIOLLO MISIONERO;B;2;0.746;;;0.746;3.904;3.955;0.188621997471555;;;0.188621997471555
2011-2012;Resolución / Anexo General;2005-03-28;000001-Resolución Nº 37-2012.pdf;Campana_2011-2012;CRIOLLO MISIONERO;N;4;0.249;;;0.249;3.904;3.955;0.0629582806573957;;;0.0629582806573957
2011-2012;Resolución / Anexo General;2005-03-28;000001-Resolución Nº 37-2012.pdf;Campana_2011-2012;CRIOLLO MISIONERO;2;5;0.149;;;0.149;3.904;3.955;0.037673830594184575;;;0.037673830594184575
2011-2012;Resolución / Anexo General;2005-03-28;000001-Resolución Nº 37-2012.pdf;Campana_2011-2012;CRIOLLO MISIONERO;Y;2;6467.0;;;6467.0;3.904;3.955;1635.1453855878635;;;1635.1453855878635
2004-2005;Incremento FET;2005-03-28;000002-Resolución Nº 701-2005.pdf;Campana_2004-2005;VIRGINIA;Y;2;5465.0;;;5465.0;3.904;3.955;1381.795195954488;;;1381.795195954488
2011-2012;Resolución / Anexo General;2005-03-28;000001-Resolución Nº 37-2012.pdf;Campana_2011-2012;CRIOLLO MISIONERO;T;1;0.597;;;0.597;3.904;3.955;0.15094816687737042;;;0.15094816687737042
2004-2005;Incremento FET;2005-03-28;000002-Resolución Nº 701-2005.pdf;Campana_2004-2005;VIRGINIA;X;2;0.1;0.095;0.09;0.107;3.904;3.955;0.025284450063211127;0.02402022756005057;0.022756005056890013;0.027054361567635903
2004-2005;Incremento FET;2005-03-28;000004-Resolución Nº 679-2005.pdf;Campana_2004-2005;VIRGINIA;Y;2;5465.0;;;5465.0;3.904;3.955;1381.795195954488;;;1381.795195954488
2004-2005;Incremento FET;2005-03-28;000003-Resolución Nº 487-2005.pdf;Campana_2004-2005;BURLEY;39;5;0.165;0.285;0.35;0.205;3.904;3.955;0.04171934260429836;0.0720606826801517;0.08849557522123894;0.051833122629582805
2004-2005;Incremento FET;2005-03-28;000003-Resolución Nº 487-2005.pdf;Campana_2004-2005;BURLEY;43;5;0.46;0.365;0.43;0.325;3.904;3.955;0.11630847029077118;0.0922882427307206;0.10872313527180784;0.08217446270543616
2004-2005;Incremento FET;2005-03-28;000003-Resolución Nº 487-2005.pdf;Campana_2004-2005;VIRGINIA;Y;2;5465.0;;;5465.0;3.904;3.955;1381.795195954488;;;1381.795195954488
2004-2005;Incremento FET;2005-03-28;000004-Resolución Nº 679-2005.pdf;Campana_2004-2005;BURLEY;09;6;0.075;0.089;0.07;0.08;3.904;3.955;0.01896333754740834;0.0225031605562579;0.017699115044247787;0.020227560050568902
2004-2005;Incremento FET;2005-03-28;000004-Resolución Nº 679-2005.pdf;Campana_2004-2005;BURLEY;08;7;0.092;0.073;0.086;0.065;3.904;3.955;0.023261694058154234;0.01845764854614412;0.021744627054361566;0.01643489254108723
2004-2005;Incremento FET;2005-03-28;000004-Resolución Nº 679-2005.pdf;Campana_2004-2005;BURLEY;07;9;0.033;0.057;0.07;0.041;3.904;3.955;0.008343868520859672;0.014412136536030342;0.017699115044247787;0.010366624525916562
2004-2005;Incremento FET;2005-03-28;000004-Resolución Nº 679-2005.pdf;Campana_2004-2005;BURLEY;04;5;0.073;0.078;0.037;0.01;3.904;3.955;0.01845764854614412;0.019721871049304677;0.009355246523388115;0.0025284450063211127
2004-2005;Incremento FET;2005-03-28;000002-Resolución Nº 701-2005.pdf;Campana_2004-2005;VIRGINIA;701;1;9800.0;;;9800.0;3.904;3.955;2477.8761061946902;;;2477.8761061946902
2011-2012;Resolución / Anexo General;2005-03-28;000001-Resolución Nº 34-2012.pdf;Campana_2011-2012;CRIOLLO CHAQUEÑO;Y;2;6467.0;;;6467.0;3.904;3.955;1635.1453855878635;;;1635.1453855878635
2011-2012;Resolución / Anexo General;2005-03-28;000001-Resolución Nº 34-2012.pdf;Campana_2011-2012;CRIOLLO CHAQUEÑO;Y;2;6467.0;;;6467.0;3.904;3.955;1635.1453855878635;;;1635.1453855878635
2011-2012;Resolución / Anexo General;2005-03-28;000001-Resolución Nº 34-2012.pdf;Campana_2011-2012;CRIOLLO CHAQUEÑO;CH;3;0.663;;;0.663;3.904;3.955;0.16763590391908975;;;0.16763590391908975
2004-2005;Incremento FET;2005-03-28;000004-Resolución Nº 63-2005.pdf;Campana_2004-2005;VIRGINIA;24;6;0.267;0.144;;0.144;3.904;3.955;0.06750948166877371;0.03640960809102402;;0.03640960809102402
2004-2005;Incremento FET;2005-03-28;000004-Resolución Nº 63-2005.pdf;Campana_2004-2005;VIRGINIA;Y;2;5465.0;;;5465.0;3.904;3.955;1381.795195954488;;;1381.795195954488
2004-2005;Incremento FET;2005-03-28;000002-Resolución Nº 701-2005.pdf;Campana_2004-2005;VIRGINIA;07;5;0.07;0.06;0.065;0.035;3.904;3.955;0.017699115044247787;0.015170670037926675;0.01643489254108723;0.008849557522123894
2011-2012;Resolución / Anexo General;2005-03-28;000001-Resolución Nº 34-2012.pdf;Campana_2011-2012;CRIOLLO CHAQUEÑO;CH;2;0.787;;;0.787;3.904;3.955;0.19898862199747155;;;0.19898862199747155
2004-2005;Resolución / Anexo General;2005-04-04;000001-Resolución Nº 272-2005.pdf;Campana_2004-2005;CRIOLLO CHAQUEÑO;75;41;0.65;0.579;0.488;0.267;3.904;3.955;0.16434892541087232;0.1463969658659924;0.12338811630847028;0.06750948166877371
2004-2005;Resolución / Anexo General;2005-04-04;000001-Resolución Nº 272-2005.pdf;Campana_2004-2005;VIRGINIA;Y;2;5465.0;;;5465.0;3.904;3.955;1381.795195954488;;;1381.795195954488
2004-2005;Resolución / Anexo General;2005-04-04;000001-Resolución Nº 272-2005.pdf;Campana_2004-2005;VIRGINIA;2005;2;4291.0;;;4291.0;3.904;3.955;1084.9557522123894;;;1084.9557522123894
2004-2005;Incremento FET;2005-04-25;000003-Resolución Nº 702-2005.pdf;Campana_2004-2005;VIRGINIA;Y;2;5465.0;;;5465.0;3.904;3.955;1381.795195954488;;;1381.795195954488
2004-2005;Incremento FET;2005-04-25;000002-Resolución Nº 476-2005.pdf;Campana_2004-2005;VIRGINIA;Y;2;5465.0;;;5465.0;3.904;3.955;1381.795195954488;;;1381.795195954488
2004-2005;Incremento FET;2005-04-25;000003-Resolución Nº 702-2005.pdf;Campana_2004-2005;CRIOLLO MISIONERO;N;5;0.15;0.12;0.135;0.113;3.904;3.955;0.03792667509481668;0.03034134007585335;0.03413400758533502;0.02857142857142857
2004-2005;Incremento FET;2005-04-25;000002-Resolución Nº 476-2005.pdf;Campana_2004-2005;CRIOLLO MISIONERO;07;5;0.038;0.023;;0.023;3.904;3.955;0.009608091024020228;0.005815423514538559;;0.005815423514538559
2004-2005;Incremento FET;2005-04-25;000002-Resolución Nº 477-2005.pdf;Campana_2004-2005;CRIOLLO CHAQUEÑO;28;1;9800.0;;;9800.0;3.904;3.955;2477.8761061946902;;;2477.8761061946902
2004-2005;Incremento FET;2005-04-25;000002-Resolución Nº 477-2005.pdf;Campana_2004-2005;CRIOLLO CHAQUEÑO;08;9;0.075;0.041;;0.041;3.904;3.955;0.01896333754740834;0.010366624525916562;;0.010366624525916562
2004-2005;Incremento FET;2005-04-25;000002-Resolución Nº 477-2005.pdf;Campana_2004-2005;VIRGINIA;Y;2;5465.0;;;5465.0;3.904;3.955;1381.795195954488;;;1381.795195954488
2004-2005;Resolución / Anexo General;2005-04-27;000001-Resolución Nº 159-2005.pdf;Campana_2004-2005;VIRGINIA;1;1;1.17;1.112;1.053;1.252;3.904;3.955;0.29582806573957016;0.28116308470290774;0.26624525916561315;0.31656131479140326
2004-2005;Resolución / Anexo General;2005-04-27;000001-Resolución Nº 266-2005.pdf;Campana_2004-2005;CRIOLLO MISIONERO;32;5;0.163;0.098;;0.098;3.904;3.955;0.04121365360303413;0.024778761061946902;;0.024778761061946902
2004-2005;Resolución / Anexo General;2005-04-27;000001-Resolución Nº 159-2005.pdf;Campana_2004-2005;VIRGINIA;87;8;0.819;0.702;0.761;0.41;3.904;3.955;0.2070796460176991;0.1774968394437421;0.19241466498103665;0.10366624525916561
2004-2005;Incremento FET;2005-06-24;000003-Resolución Nº 704-2005.pdf;Campana_2004-2005;VIRGINIA;Y;2;5465.0;;;5465.0;3.904;3.955;1381.795195954488;;;1381.795195954488
2005-2006;Incremento FET;2006-01-17;000005-Resolución Nº 815-2006.pdf;Campana_2005-2006;VIRGINIA;10;5;0.171;;;0.171;3.904;3.955;0.043236409608091025;;;0.043236409608091025
2005-2006;Incremento FET;2006-01-17;000005-Resolución Nº 815-2006.pdf;Campana_2005-2006;VIRGINIA;9;5;0.144;;;0.144;3.904;3.955;0.03640960809102402;;;0.03640960809102402
2005-2006;Incremento FET;2006-01-17;000002-Resolución Nº 215-2006.pdf;Campana_2005-2006;VIRGINIA;33;6;0.301;0.35;0.259;0.273;3.904;3.955;0.07610619469026549;0.08849557522123894;0.06548672566371681;0.06902654867256637
2005-2006;Incremento FET;2006-01-17;000002-Resolución Nº 215-2006.pdf;Campana_2005-2006;VIRGINIA;Y;2;5465.0;;;5465.0;3.904;3.955;1381.795195954488;;;1381.795195954488
2005-2006;Incremento FET;2006-01-17;000002-Resolución Nº 149-2006.pdf;Campana_2005-2006;BURLEY;25;9;0.07;0.21;0.21;0.175;3.904;3.955;0.017699115044247787;0.05309734513274336;0.05309734513274336;0.04424778761061947
2005-2006;Incremento FET;2006-01-17;000002-Resolución Nº 149-2006.pdf;Campana_2005-2006;BURLEY;31;5;0.511;0.546;;0.546;3.904;3.955;0.12920353982300886;0.13805309734513274;;0.13805309734513274
2005-2006;Incremento FET;2006-01-17;000002-Resolución Nº 149-2006.pdf;Campana_2005-2006;BURLEY;55;3;0.231;0.399;0.49;0.287;3.904;3.955;0.0584070796460177;0.10088495575221239;0.12389380530973451;0.07256637168141593
2005-2006;Incremento FET;2006-01-17;000002-Resolución Nº 149-2006.pdf;Campana_2005-2006;BURLEY;60;9;0.644;0.511;0.602;0.455;3.904;3.955;0.16283185840707964;0.12920353982300886;0.15221238938053097;0.11504424778761062
2005-2006;Incremento FET;2006-01-17;000002-Resolución Nº 149-2006.pdf;Campana_2005-2006;BURLEY;67;2;0.525;0.623;0.49;0.56;3.904;3.955;0.13274336283185842;0.1575221238938053;0.12389380530973451;0.1415929203539823
2005-2006;Incremento FET;2006-01-17;000002-Resolución Nº 149-2006.pdf;Campana_2005-2006;VIRGINIA;Y;2;5465.0;;;5465.0;3.904;3.955;1381.795195954488;;;1381.795195954488
2005-2006;Incremento FET;2006-01-17;000003-Resolución Nº 577-2006.pdf;Campana_2005-2006;VIRGINIA;Y;2;5465.0;;;5465.0;3.904;3.955;1381.795195954488;;;1381.795195954488
2005-2006;Incremento FET;2006-01-17;000003-Resolución Nº 577-2006.pdf;Campana_2005-2006;CRIOLLO CORRENTINO;12;8;0.082;;;0.082;3.904;3.955;0.020733249051833123;;;0.020733249051833123
2005-2006;Incremento FET;2006-01-17;000004-Resolución Nº 784-2006.pdf;Campana_2005-2006;VIRGINIA;Y;2;5465.0;;;5465.0;3.904;3.955;1381.795195954488;;;1381.795195954488
2005-2006;Incremento FET;2006-01-17;000003-Resolución Nº 420-2006.pdf;Campana_2005-2006;VIRGINIA;3;9;0.22;;;0.22;3.904;3.955;0.05562579013906448;;;0.05562579013906448
2005-2006;Incremento FET;2006-01-17;000004-Resolución Nº 784-2006.pdf;Campana_2005-2006;BURLEY;11;2;0.126;0.133;0.14;0.116;3.904;3.955;0.03185840707964602;0.033628318584070796;0.035398230088495575;0.029329962073324906
2005-2006;Incremento FET;2006-01-17;000004-Resolución Nº 784-2006.pdf;Campana_2005-2006;BURLEY;13;4;0.105;0.125;0.098;0.112;3.904;3.955;0.02654867256637168;0.0316055625790139;0.024778761061946902;0.02831858407079646
2005-2006;Incremento FET;2006-01-17;000004-Resolución Nº 784-2006.pdf;Campana_2005-2006;BURLEY;12;2;0.129;0.102;0.12;0.091;3.904;3.955;0.03261694058154235;0.025790139064475345;0.03034134007585335;0.023008849557522124
2005-2006;Incremento FET;2006-01-17;000004-Resolución Nº 784-2006.pdf;Campana_2005-2006;BURLEY;11;1;0.046;0.08;0.098;0.057;3.904;3.955;0.011630847029077117;0.020227560050568902;0.024778761061946902;0.014412136536030342
2005-2006;Incremento FET;2006-01-17;000004-Resolución Nº 784-2006.pdf;Campana_2005-2006;BURLEY;06;3;0.102;0.109;0.052;0.014;3.904;3.955;0.025790139064475345;0.027560050568900128;0.013147914032869783;0.0035398230088495575
2005-2006;Incremento FET;2006-01-17;000004-Resolución Nº 784-2006.pdf;Campana_2005-2006;BURLEY;04;2;0.035;;;0.035;3.904;3.955;0.008849557522123894;;;0.008849557522123894
2005-2006;Incremento FET;2006-01-17;000004-Resolución Nº 792-2006.pdf;Campana_2005-2006;VIRGINIA;Y;2;5465.0;;;5465.0;3.904;3.955;1381.795195954488;;;1381.795195954488
2005-2006;Incremento FET;2006-01-17;000004-Resolución Nº 792-2006.pdf;Campana_2005-2006;CRIOLLO CORRENTINO;12;2;0.078;;;0.078;3.904;3.955;0.019721871049304677;;;0.019721871049304677
2005-2006;Incremento FET;2006-01-17;000005-Resolución Nº 815-2006.pdf;Campana_2005-2006;VIRGINIA;Y;2;5465.0;;;5465.0;3.904;3.955;1381.795195954488;;;1381.795195954488
2005-2006;Incremento FET;2006-01-17;000005-Resolución Nº 815-2006.pdf;Campana_2005-2006;VIRGINIA;16;2;0.14;0.18;0.158;0.169;3.904;3.955;0.035398230088495575;0.045512010113780026;0.039949431099873575;0.042730720606826804
2005-2006;Incremento FET;2006-01-17;000005-Resolución Nº 815-2006.pdf;Campana_2005-2006;VIRGINIA;14;9;0.128;;;0.128;3.904;3.955;0.03236409608091024;;;0.03236409608091024
2005-2006;Incremento FET;2006-01-17;000005-Resolución Nº 815-2006.pdf;Campana_2005-2006;VIRGINIA;B3;71;0.146;0.122;0.063;0.072;3.904;3.955;0.03691529709228824;0.03084702907711757;0.01592920353982301;0.01820480404551201
2005-2006;Incremento FET;2006-01-17;000005-Resolución Nº 815-2006.pdf;Campana_2005-2006;VIRGINIA;16;4;0.14;0.086;0.095;0.153;3.904;3.955;0.035398230088495575;0.021744627054361566;0.02402022756005057;0.03868520859671302
2005-2006;Incremento FET;2006-01-17;000002-Resolución Nº 215-2006.pdf;Campana_2005-2006;VIRGINIA;18;2;0.14;0.14;0.14;0.105;3.904;3.955;0.035398230088495575;0.035398230088495575;0.035398230088495575;0.02654867256637168
2005-2006;Incremento FET;2006-01-17;000003-Resolución Nº 424-2006.pdf;Campana_2005-2006;BURLEY;13;5;0.219;0.234;0.111;0.03;3.904;3.955;0.05537294563843236;0.059165613147914034;0.02806573957016435;0.007585335018963337
2005-2006;Incremento FET;2006-01-17;000003-Resolución Nº 424-2006.pdf;Campana_2005-2006;BURLEY;23;7;0.099;0.171;0.21;0.123;3.904;3.955;0.025031605562579013;0.043236409608091025;0.05309734513274336;0.03109987357774968
2005-2006;Incremento FET;2006-01-17;000003-Resolución Nº 424-2006.pdf;Campana_2005-2006;BURLEY;26;1;0.276;0.219;0.258;0.195;3.904;3.955;0.0697850821744627;0.05537294563843236;0.0652338811630847;0.0493046776232617
2005-2006;Incremento FET;2006-01-17;000003-Resolución Nº 420-2006.pdf;Campana_2005-2006;VIRGINIA;6;4;0.195;;;0.195;3.904;3.955;0.0493046776232617;;;0.0493046776232617
2005-2006;Incremento FET;2006-01-17;000003-Resolución Nº 420-2006.pdf;Campana_2005-2006;VIRGINIA;7;5;0.32;;;0.32;3.904;3.955;0.08091024020227561;;;0.08091024020227561
2005-2006;Incremento FET;2006-01-17;000003-Resolución Nº 420-2006.pdf;Campana_2005-2006;VIRGINIA;180;36;0.375;;;0.375;3.904;3.955;0.09481668773704172;;;0.09481668773704172
2005-2006;Incremento FET;2006-01-17;000003-Resolución Nº 420-2006.pdf;Campana_2005-2006;VIRGINIA;Y;2;5465.0;;;5465.0;3.904;3.955;1381.795195954488;;;1381.795195954488
2005-2006;Incremento FET;2006-01-17;000002-Resolución Nº 421-2006.pdf;Campana_2005-2006;CRIOLLO CORRENTINO;12;8;0.082;;;0.082;3.904;3.955;0.020733249051833123;;;0.020733249051833123
2005-2006;Incremento FET;2006-01-17;000002-Resolución Nº 421-2006.pdf;Campana_2005-2006;CRIOLLO CORRENTINO;4U04;1;9800.0;;;9800.0;3.904;3.955;2477.8761061946902;;;2477.8761061946902
2005-2006;Incremento FET;2006-01-17;000002-Resolución Nº 421-2006.pdf;Campana_2005-2006;VIRGINIA;Y;2;5465.0;;;5465.0;3.904;3.955;1381.795195954488;;;1381.795195954488
2005-2006;Incremento FET;2006-01-17;000002-Resolución Nº 215-2006.pdf;Campana_2005-2006;VIRGINIA;41;3;0.273;0.42;0.336;0.189;3.904;3.955;0.06902654867256637;0.10619469026548672;0.08495575221238938;0.047787610619469026
2005-2006;Incremento FET;2006-01-17;000002-Resolución Nº 215-2006.pdf;Campana_2005-2006;VIRGINIA;52;5;0.448;0.273;0.308;0.497;3.904;3.955;0.11327433628318584;0.06902654867256637;0.07787610619469026;0.12566371681415928
2005-2006;Incremento FET;2006-01-17;000002-Resolución Nº 215-2006.pdf;Campana_2005-2006;VIRGINIA;42;7;0.252;;;0.252;3.904;3.955;0.06371681415929203;;;0.06371681415929203
2005-2006;Incremento FET;2006-01-17;000002-Resolución Nº 215-2006.pdf;Campana_2005-2006;VIRGINIA;37;1;0.595;0.504;0.336;0.518;3.904;3.955;0.15044247787610618;0.12743362831858407;0.08495575221238938;0.13097345132743363
2005-2006;Incremento FET;2006-01-17;000002-Resolución Nº 215-2006.pdf;Campana_2005-2006;VIRGINIA;24;5;0.28;0.637;0.546;0.336;3.904;3.955;0.07079646017699115;0.16106194690265488;0.13805309734513274;0.08495575221238938
2005-2006;Incremento FET;2006-01-17;000002-Resolución Nº 215-2006.pdf;Campana_2005-2006;VIRGINIA;57;4;0.581;0.497;0.567;0.476;3.904;3.955;0.14690265486725662;0.12566371681415928;0.14336283185840706;0.12035398230088495
2005-2006;Incremento FET;2006-01-17;000002-Resolución Nº 215-2006.pdf;Campana_2005-2006;VIRGINIA;11;9;0.119;0.105;0.735;0.665;3.904;3.955;0.03008849557522124;0.02654867256637168;0.18584070796460175;0.168141592920354
2005-2006;Incremento FET;2006-01-17;000005-Resolución Nº 815-2006.pdf;Campana_2005-2006;VIRGINIA;61;36;0.135;0.115;0.07;0.079;3.904;3.955;0.03413400758533502;0.029077117572692796;0.017699115044247787;0.019974715549936788
2005-2006;Incremento FET;2006-01-17;000003-Resolución Nº 420-2006.pdf;Campana_2005-2006;VIRGINIA;295;59;0.195;;;0.195;3.904;3.955;0.0493046776232617;;;0.0493046776232617
2005-2006;Incremento FET;2006-01-17;000003-Resolución Nº 420-2006.pdf;Campana_2005-2006;VIRGINIA;4;8;0.135;;;0.135;3.904;3.955;0.03413400758533502;;;0.03413400758533502
2005-2006;Incremento FET;2006-01-17;000003-Resolución Nº 420-2006.pdf;Campana_2005-2006;VIRGINIA;240;48;0.215;;;0.215;3.904;3.955;0.05436156763590392;;;0.05436156763590392
2005-2006;Incremento FET;2006-01-17;000003-Resolución Nº 420-2006.pdf;Campana_2005-2006;VIRGINIA;4;3;0.25;;;0.25;3.904;3.955;0.0632111251580278;;;0.0632111251580278
2005-2006;Incremento FET;2006-01-17;000003-Resolución Nº 420-2006.pdf;Campana_2005-2006;VIRGINIA;3;7;0.195;;;0.195;3.904;3.955;0.0493046776232617;;;0.0493046776232617
2005-2006;Incremento FET;2006-01-17;000003-Resolución Nº 420-2006.pdf;Campana_2005-2006;VIRGINIA;3;9;0.13;;;0.13;3.904;3.955;0.03286978508217446;;;0.03286978508217446
2005-2006;Incremento FET;2006-01-17;000003-Resolución Nº 420-2006.pdf;Campana_2005-2006;VIRGINIA;2;6;0.1;;;0.1;3.904;3.955;0.025284450063211127;;;0.025284450063211127
2005-2006;Incremento FET;2006-01-17;000003-Resolución Nº 420-2006.pdf;Campana_2005-2006;VIRGINIA;1;5;0.085;;;0.085;3.904;3.955;0.02149178255372946;;;0.02149178255372946
2005-2006;Incremento FET;2006-01-17;000003-Resolución Nº 420-2006.pdf;Campana_2005-2006;VIRGINIA;1;7;0.085;;;0.085;3.904;3.955;0.02149178255372946;;;0.02149178255372946
2005-2006;Incremento FET;2006-01-17;000003-Resolución Nº 420-2006.pdf;Campana_2005-2006;VIRGINIA;1;7;0.075;;;0.075;3.904;3.955;0.01896333754740834;;;0.01896333754740834
2005-2006;Incremento FET;2006-01-17;000003-Resolución Nº 420-2006.pdf;Campana_2005-2006;VIRGINIA;1;5;0.525;;;0.525;3.904;3.955;0.13274336283185842;;;0.13274336283185842
2005-2006;Incremento FET;2006-01-17;000003-Resolución Nº 420-2006.pdf;Campana_2005-2006;VIRGINIA;10;5;0.475;;;0.475;3.904;3.955;0.12010113780025283;;;0.12010113780025283
2005-2006;Incremento FET;2006-01-17;000003-Resolución Nº 420-2006.pdf;Campana_2005-2006;VIRGINIA;9;5;0.4;;;0.4;3.904;3.955;0.10113780025284451;;;0.10113780025284451
2005-2006;Incremento FET;2006-01-17;000003-Resolución Nº 424-2006.pdf;Campana_2005-2006;VIRGINIA;Y;2;5465.0;;;5465.0;3.904;3.955;1381.795195954488;;;1381.795195954488
2005-2006;Incremento FET;2006-01-17;000003-Resolución Nº 424-2006.pdf;Campana_2005-2006;BURLEY;28;8;0.225;0.267;0.21;0.24;3.904;3.955;0.056890012642225034;0.06750948166877371;0.05309734513274336;0.0606826801517067
2005-2006;Incremento FET;2006-01-17;000003-Resolución Nº 420-2006.pdf;Campana_2005-2006;VIRGINIA;3;9;0.3;;;0.3;3.904;3.955;0.07585335018963336;;;0.07585335018963336
2005-2006;Incremento FET;2006-01-17;000005-Resolución Nº 815-2006.pdf;Campana_2005-2006;VIRGINIA;12;8;0.106;0.07;0.108;0.086;3.904;3.955;0.026801517067003792;0.017699115044247787;0.027307206068268013;0.021744627054361566
2005-2006;Incremento FET;2006-01-17;000003-Resolución Nº 420-2006.pdf;Campana_2005-2006;VIRGINIA;4;4;0.355;;;0.355;3.904;3.955;0.08975979772439949;;;0.08975979772439949
2005-2006;Incremento FET;2006-01-17;000005-Resolución Nº 815-2006.pdf;Campana_2005-2006;VIRGINIA;086;48;0.077;;;0.077;3.904;3.955;0.019469026548672566;;;0.019469026548672566
2005-2006;Incremento FET;2006-01-17;000005-Resolución Nº 815-2006.pdf;Campana_2005-2006;VIRGINIA;4;3;0.09;;;0.09;3.904;3.955;0.022756005056890013;;;0.022756005056890013
2005-2006;Incremento FET;2006-01-17;000005-Resolución Nº 815-2006.pdf;Campana_2005-2006;VIRGINIA;3;7;0.07;;;0.07;3.904;3.955;0.017699115044247787;;;0.017699115044247787
2005-2006;Incremento FET;2006-01-17;000005-Resolución Nº 815-2006.pdf;Campana_2005-2006;VIRGINIA;3;9;0.047;;;0.047;3.904;3.955;0.011883691529709228;;;0.011883691529709228
2005-2006;Incremento FET;2006-01-17;000005-Resolución Nº 815-2006.pdf;Campana_2005-2006;VIRGINIA;2;6;0.036;;;0.036;3.904;3.955;0.009102402022756004;;;0.009102402022756004
2005-2006;Incremento FET;2006-01-17;000005-Resolución Nº 815-2006.pdf;Campana_2005-2006;VIRGINIA;1;5;0.031;;;0.031;3.904;3.955;0.007838179519595449;;;0.007838179519595449
2005-2006;Incremento FET;2006-01-17;000005-Resolución Nº 815-2006.pdf;Campana_2005-2006;VIRGINIA;1;7;0.031;;;0.031;3.904;3.955;0.007838179519595449;;;0.007838179519595449
2005-2006;Incremento FET;2006-01-17;000005-Resolución Nº 815-2006.pdf;Campana_2005-2006;VIRGINIA;1;7;0.027;;;0.027;3.904;3.955;0.006826801517067003;;;0.006826801517067003
2005-2006;Incremento FET;2006-01-17;000005-Resolución Nº 815-2006.pdf;Campana_2005-2006;VIRGINIA;1;5;0.189;;;0.189;3.904;3.955;0.047787610619469026;;;0.047787610619469026
2005-2006;Incremento FET;2006-04-05;000004-Resolución Nº 794-2006.pdf;Campana_2005-2006;VIRGINIA;32;2;0.276;0.299;0.161;0.115;3.904;3.955;0.0697850821744627;0.07560050568900126;0.04070796460176991;0.029077117572692796
2005-2006;Incremento FET;2006-04-05;000004-Resolución Nº 794-2006.pdf;Campana_2005-2006;VIRGINIA;Y;2;5465.0;;;5465.0;3.904;3.955;1381.795195954488;;;1381.795195954488
2005-2006;Incremento FET;2006-04-05;000003-Resolución Nº 816-2006.pdf;Campana_2005-2006;VIRGINIA;Y;2;5465.0;;;5465.0;3.904;3.955;1381.795195954488;;;1381.795195954488
2005-2006;Incremento FET;2006-04-05;000004-Resolución Nº 814-2006.pdf;Campana_2005-2006;VIRGINIA;Y;2;5465.0;;;5465.0;3.904;3.955;1381.795195954488;;;1381.795195954488
2005-2006;Incremento FET;2006-04-05;000003-Resolución Nº 576-2006.pdf;Campana_2005-2006;VIRGINIA;Y;2;5465.0;;;5465.0;3.904;3.955;1381.795195954488;;;1381.795195954488
2005-2006;Incremento FET;2006-04-05;000002-Resolución Nº 573-2006.pdf;Campana_2005-2006;VIRGINIA;Y;2;5465.0;;;5465.0;3.904;3.955;1381.795195954488;;;1381.795195954488
2005-2006;Incremento FET;2006-04-05;000002-Resolución Nº 573-2006.pdf;Campana_2005-2006;VIRGINIA;Y;2;5465.0;;;5465.0;3.904;3.955;1381.795195954488;;;1381.795195954488
2005-2006;Resolución / Anexo General;2006-04-05;000002-Resolución Nº 423-2006.pdf;Campana_2005-2006;VIRGINIA;Y;2;5465.0;;;5465.0;3.904;3.955;1381.795195954488;;;1381.795195954488
2005-2006;Incremento FET;2006-04-05;000002-Resolución Nº 422-2006.pdf;Campana_2005-2006;VIRGINIA;Y;2;5465.0;;;5465.0;3.904;3.955;1381.795195954488;;;1381.795195954488
2005-2006;Incremento FET;2006-04-05;000003-Resolución Nº 572-2006.pdf;Campana_2005-2006;VIRGINIA;Y;2;5465.0;;;5465.0;3.904;3.955;1381.795195954488;;;1381.795195954488
2005-2006;Incremento FET;2006-04-05;000004-Resolución Nº 814-2006.pdf;Campana_2005-2006;CRIOLLO MISIONERO;14;5;0.073;0.044;;0.044;3.904;3.955;0.01845764854614412;0.011125158027812894;;0.011125158027812894
2005-2006;Incremento FET;2006-05-05;000004-Resolución Nº 574-2006.pdf;Campana_2005-2006;VIRGINIA;7;5;0.224;;;0.224;3.904;3.955;0.05663716814159292;;;0.05663716814159292
2005-2006;Incremento FET;2006-05-05;000004-Resolución Nº 574-2006.pdf;Campana_2005-2006;VIRGINIA;3;6;0.263;;;0.263;3.904;3.955;0.06649810366624526;;;0.06649810366624526
2005-2006;Incremento FET;2006-05-05;000004-Resolución Nº 574-2006.pdf;Campana_2005-2006;VIRGINIA;6;1;0.126;;;0.126;3.904;3.955;0.03185840707964602;;;0.03185840707964602
2005-2006;Incremento FET;2006-05-05;000004-Resolución Nº 574-2006.pdf;Campana_2005-2006;VIRGINIA;7;4;0.214;;;0.214;3.904;3.955;0.054108723135271805;;;0.054108723135271805
2005-2006;Incremento FET;2006-05-05;000004-Resolución Nº 574-2006.pdf;Campana_2005-2006;VIRGINIA;4;8;0.259;;;0.259;3.904;3.955;0.06548672566371681;;;0.06548672566371681
2005-2006;Incremento FET;2006-05-05;000004-Resolución Nº 574-2006.pdf;Campana_2005-2006;VIRGINIA;7;2;0.168;;;0.168;3.904;3.955;0.04247787610619469;;;0.04247787610619469
2005-2006;Incremento FET;2006-05-05;000004-Resolución Nº 574-2006.pdf;Campana_2005-2006;VIRGINIA;8;5;0.252;;;0.252;3.904;3.955;0.06371681415929203;;;0.06371681415929203
2005-2006;Incremento FET;2006-05-05;000004-Resolución Nº 574-2006.pdf;Campana_2005-2006;VIRGINIA;5;3;0.298;;;0.298;3.904;3.955;0.07534766118836915;;;0.07534766118836915
2005-2006;Incremento FET;2006-05-05;000004-Resolución Nº 574-2006.pdf;Campana_2005-2006;VIRGINIA;4;8;0.186;;;0.186;3.904;3.955;0.04702907711757269;;;0.04702907711757269
2005-2006;Incremento FET;2006-05-05;000004-Resolución Nº 574-2006.pdf;Campana_2005-2006;VIRGINIA;8;2;0.291;;;0.291;3.904;3.955;0.07357774968394437;;;0.07357774968394437
2005-2006;Incremento FET;2006-05-05;000004-Resolución Nº 574-2006.pdf;Campana_2005-2006;VIRGINIA;9;1;0.273;;;0.273;3.904;3.955;0.06902654867256637;;;0.06902654867256637
2005-2006;Incremento FET;2006-05-05;000004-Resolución Nº 574-2006.pdf;Campana_2005-2006;VIRGINIA;6;8;0.123;;;0.123;3.904;3.955;0.03109987357774968;;;0.03109987357774968
2005-2006;Incremento FET;2006-05-05;000004-Resolución Nº 574-2006.pdf;Campana_2005-2006;VIRGINIA;8;1;0.238;;;0.238;3.904;3.955;0.06017699115044248;;;0.06017699115044248
2005-2006;Incremento FET;2006-05-05;000004-Resolución Nº 574-2006.pdf;Campana_2005-2006;VIRGINIA;7;1;0.284;;;0.284;3.904;3.955;0.07180783817951959;;;0.07180783817951959
2005-2006;Incremento FET;2006-05-05;000004-Resolución Nº 574-2006.pdf;Campana_2005-2006;VIRGINIA;8;3;0.249;;;0.249;3.904;3.955;0.0629582806573957;;;0.0629582806573957
2005-2006;Incremento FET;2006-05-05;000004-Resolución Nº 574-2006.pdf;Campana_2005-2006;VIRGINIA;6;4;0.137;;;0.137;3.904;3.955;0.034639696586599246;;;0.034639696586599246
2005-2006;Incremento FET;2006-05-05;000004-Resolución Nº 574-2006.pdf;Campana_2005-2006;VIRGINIA;9;4;0.287;;;0.287;3.904;3.955;0.07256637168141593;;;0.07256637168141593
2005-2006;Incremento FET;2006-05-05;000004-Resolución Nº 574-2006.pdf;Campana_2005-2006;VIRGINIA;8;8;0.329;;;0.329;3.904;3.955;0.0831858407079646;;;0.0831858407079646
2005-2006;Incremento FET;2006-05-05;000004-Resolución Nº 574-2006.pdf;Campana_2005-2006;VIRGINIA;7;8;0.35;;;0.35;3.904;3.955;0.08849557522123894;;;0.08849557522123894
2005-2006;Incremento FET;2006-05-05;000004-Resolución Nº 574-2006.pdf;Campana_2005-2006;VIRGINIA;315;90;0.273;;;0.273;3.904;3.955;0.06902654867256637;;;0.06902654867256637
2005-2006;Incremento FET;2006-05-05;000004-Resolución Nº 574-2006.pdf;Campana_2005-2006;VIRGINIA;Y;2;5465.0;;;5465.0;3.904;3.955;1381.795195954488;;;1381.795195954488
2005-2006;Incremento FET;2006-05-05;000004-Resolución Nº 574-2006.pdf;Campana_2005-2006;VIRGINIA;7;8;0.168;;;0.168;3.904;3.955;0.04247787610619469;;;0.04247787610619469
2005-2006;Incremento FET;2006-05-05;000004-Resolución Nº 574-2006.pdf;Campana_2005-2006;VIRGINIA;3;9;0.154;;;0.154;3.904;3.955;0.03893805309734513;;;0.03893805309734513
2005-2006;Incremento FET;2006-05-05;000004-Resolución Nº 574-2006.pdf;Campana_2005-2006;VIRGINIA;3;5;0.14;;;0.14;3.904;3.955;0.035398230088495575;;;0.035398230088495575
2005-2006;Incremento FET;2006-05-05;000004-Resolución Nº 574-2006.pdf;Campana_2005-2006;VIRGINIA;09;1;0.07;0.07;0.07;0.053;3.904;3.955;0.017699115044247787;0.017699115044247787;0.017699115044247787;0.013400758533501896
2005-2006;Incremento FET;2006-05-05;000004-Resolución Nº 574-2006.pdf;Campana_2005-2006;VIRGINIA;4;4;0.249;;;0.249;3.904;3.955;0.0629582806573957;;;0.0629582806573957
2005-2006;Incremento FET;2006-05-05;000004-Resolución Nº 574-2006.pdf;Campana_2005-2006;VIRGINIA;7;1;0.207;;;0.207;3.904;3.955;0.052338811630847026;;;0.052338811630847026
2005-2006;Incremento FET;2006-05-05;000004-Resolución Nº 574-2006.pdf;Campana_2005-2006;VIRGINIA;5;9;0.137;;;0.137;3.904;3.955;0.034639696586599246;;;0.034639696586599246
2005-2006;Incremento FET;2006-05-05;000004-Resolución Nº 574-2006.pdf;Campana_2005-2006;VIRGINIA;3;9;0.21;;;0.21;3.904;3.955;0.05309734513274336;;;0.05309734513274336
2005-2006;Incremento FET;2006-05-05;000004-Resolución Nº 574-2006.pdf;Campana_2005-2006;VIRGINIA;4;8;0.095;;;0.095;3.904;3.955;0.02402022756005057;;;0.02402022756005057
2005-2006;Incremento FET;2006-05-05;000004-Resolución Nº 574-2006.pdf;Campana_2005-2006;VIRGINIA;16;8;0.151;0.175;0.13;0.137;3.904;3.955;0.038179519595448796;0.04424778761061947;0.03286978508217446;0.034639696586599246
2006-2007;Incremento FET;2007-01-16;000002-Resolución Nº 50-2007.pdf;Campana_2006-2007;BURLEY;67;2;0.525;0.623;0.49;0.56;3.904;3.955;0.13274336283185842;0.1575221238938053;0.12389380530973451;0.1415929203539823
2006-2007;Incremento FET;2007-01-16;000002-Resolución Nº 50-2007.pdf;Campana_2006-2007;BURLEY;OJ;1;9800.0;;;9800.0;3.904;3.955;2477.8761061946902;;;2477.8761061946902
2006-2007;Incremento FET;2007-01-16;000002-Resolución Nº 50-2007.pdf;Campana_2006-2007;VIRGINIA;Y;2;5465.0;;;5465.0;3.904;3.955;1381.795195954488;;;1381.795195954488
2006-2007;Incremento FET;2007-01-16;000003-Resolución Nº 211-2007.pdf;Campana_2006-2007;VIRGINIA;45;5;0.39;0.24;0.265;0.425;3.904;3.955;0.0986093552465234;0.0606826801517067;0.06700379266750948;0.10745891276864727
2006-2007;Incremento FET;2007-01-16;000003-Resolución Nº 211-2007.pdf;Campana_2006-2007;VIRGINIA;61;36;0.375;0.32;0.195;0.22;3.904;3.955;0.09481668773704172;0.08091024020227561;0.0493046776232617;0.05562579013906448
2006-2007;Incremento FET;2007-01-16;000003-Resolución Nº 211-2007.pdf;Campana_2006-2007;VIRGINIA;35;5;0.295;0.195;0.3;0.24;3.904;3.955;0.07458912768647281;0.0493046776232617;0.07585335018963336;0.0606826801517067
2006-2007;Incremento FET;2007-01-16;000004-Resolución Nº 10-2007.pdf;Campana_2006-2007;VIRGINIA;19;2;0.108;;;0.108;3.904;3.955;0.027307206068268013;;;0.027307206068268013
2006-2007;Incremento FET;2007-01-16;000005-Resolución Nº 217-2007.pdf;Campana_2006-2007;VIRGINIA;Y;2;5465.0;;;5465.0;3.904;3.955;1381.795195954488;;;1381.795195954488
2006-2007;Incremento FET;2007-01-16;000002-Resolución Nº 50-2007.pdf;Campana_2006-2007;BURLEY;60;9;0.644;0.511;0.602;0.455;3.904;3.955;0.16283185840707964;0.12920353982300886;0.15221238938053097;0.11504424778761062
2006-2007;Incremento FET;2007-01-16;000005-Resolución Nº 217-2007.pdf;Campana_2006-2007;BURLEY;09;6;0.075;0.089;0.07;0.08;3.904;3.955;0.01896333754740834;0.0225031605562579;0.017699115044247787;0.020227560050568902
2006-2007;Incremento FET;2007-01-16;000005-Resolución Nº 217-2007.pdf;Campana_2006-2007;BURLEY;08;7;0.092;0.073;0.086;0.065;3.904;3.955;0.023261694058154234;0.01845764854614412;0.021744627054361566;0.01643489254108723
2006-2007;Incremento FET;2007-01-16;000005-Resolución Nº 217-2007.pdf;Campana_2006-2007;BURLEY;07;9;0.033;0.057;0.07;0.041;3.904;3.955;0.008343868520859672;0.014412136536030342;0.017699115044247787;0.010366624525916562
2006-2007;Incremento FET;2007-01-16;000003-Resolución Nº 211-2007.pdf;Campana_2006-2007;VIRGINIA;08;5;0.085;0.075;0.525;0.475;3.904;3.955;0.02149178255372946;0.01896333754740834;0.13274336283185842;0.12010113780025283
2006-2007;Incremento FET;2007-01-16;000002-Resolución Nº 50-2007.pdf;Campana_2006-2007;BURLEY;55;3;0.231;0.399;0.49;0.287;3.904;3.955;0.0584070796460177;0.10088495575221239;0.12389380530973451;0.07256637168141593
2006-2007;Incremento FET;2007-01-16;000002-Resolución Nº 52-2007.pdf;Campana_2006-2007;VIRGINIA;Y;2;5465.0;;;5465.0;3.904;3.955;1381.795195954488;;;1381.795195954488
2006-2007;Incremento FET;2007-01-16;000003-Resolución Nº 211-2007.pdf;Campana_2006-2007;VIRGINIA;B3;71;0.405;0.34;0.175;0.2;3.904;3.955;0.10240202275600506;0.08596713021491784;0.04424778761061947;0.050568900126422255
2006-2007;Incremento FET;2007-01-16;000003-Resolución Nº 211-2007.pdf;Campana_2006-2007;VIRGINIA;Y;2;5465.0;;;5465.0;3.904;3.955;1381.795195954488;;;1381.795195954488
2006-2007;Incremento FET;2007-01-16;000005-Resolución Nº 217-2007.pdf;Campana_2006-2007;BURLEY;04;5;0.073;0.078;0.037;0.01;3.904;3.955;0.01845764854614412;0.019721871049304677;0.009355246523388115;0.0025284450063211127
2006-2007;Incremento FET;2007-01-16;000002-Resolución Nº 52-2007.pdf;Campana_2006-2007;VIRGINIA;16;1;9800.0;;;9800.0;3.904;3.955;2477.8761061946902;;;2477.8761061946902
2006-2007;Incremento FET;2007-01-16;000002-Resolución Nº 52-2007.pdf;Campana_2006-2007;VIRGINIA;57;4;0.581;0.497;;0.497;3.904;3.955;0.14690265486725662;0.12566371681415928;;0.12566371681415928
2006-2007;Incremento FET;2007-01-16;000002-Resolución Nº 52-2007.pdf;Campana_2006-2007;VIRGINIA;56;7;0.476;0.245;0.28;0.637;3.904;3.955;0.12035398230088495;0.061946902654867256;0.07079646017699115;0.16106194690265488
2006-2007;Incremento FET;2007-01-16;000002-Resolución Nº 52-2007.pdf;Campana_2006-2007;VIRGINIA;54;6;0.336;0.371;0.595;0.504;3.904;3.955;0.08495575221238938;0.09380530973451327;0.15044247787610618;0.12743362831858407
2006-2007;Incremento FET;2007-01-16;000002-Resolución Nº 52-2007.pdf;Campana_2006-2007;VIRGINIA;33;6;0.518;0.427;0.427;0.252;3.904;3.955;0.13097345132743363;0.1079646017699115;0.1079646017699115;0.06371681415929203
2006-2007;Incremento FET;2007-01-16;000002-Resolución Nº 52-2007.pdf;Campana_2006-2007;VIRGINIA;33;6;0.301;0.35;0.259;0.273;3.904;3.955;0.07610619469026549;0.08849557522123894;0.06548672566371681;0.06902654867256637
2006-2007;Incremento FET;2007-01-16;000002-Resolución Nº 52-2007.pdf;Campana_2006-2007;VIRGINIA;11;9;0.105;;;0.105;3.904;3.955;0.02654867256637168;;;0.02654867256637168
2006-2007;Incremento FET;2007-01-16;000002-Resolución Nº 52-2007.pdf;Campana_2006-2007;VIRGINIA;73;5;0.665;0.56;;0.56;3.904;3.955;0.168141592920354;0.1415929203539823;;0.1415929203539823
2006-2007;Incremento FET;2007-01-16;000003-Resolución Nº 192-2007.pdf;Campana_2006-2007;VIRGINIA;Y;2;5465.0;;;5465.0;3.904;3.955;1381.795195954488;;;1381.795195954488
2006-2007;Incremento FET;2007-01-16;000003-Resolución Nº 192-2007.pdf;Campana_2006-2007;BURLEY;19;2;0.15;0.178;0.14;0.16;3.904;3.955;0.03792667509481668;0.0450063211125158;0.035398230088495575;0.040455120101137804
2006-2007;Incremento FET;2007-01-16;000002-Resolución Nº 50-2007.pdf;Campana_2006-2007;BURLEY;31;5;0.511;0.546;0.259;0.07;3.904;3.955;0.12920353982300886;0.13805309734513274;0.06548672566371681;0.017699115044247787
2006-2007;Incremento FET;2007-01-16;000005-Resolución Nº 87-2007.pdf;Campana_2006-2007;VIRGINIA;Y;2;5465.0;;;5465.0;3.904;3.955;1381.795195954488;;;1381.795195954488
2006-2007;Incremento FET;2007-01-16;000006-Resolución Nº 216-2007.pdf;Campana_2006-2007;VIRGINIA;Y;2;5465.0;;;5465.0;3.904;3.955;1381.795195954488;;;1381.795195954488
2006-2007;Incremento FET;2007-01-16;000005-Resolución Nº 87-2007.pdf;Campana_2006-2007;VIRGINIA;03;4;0.03;;;0.03;3.904;3.955;0.007585335018963337;;;0.007585335018963337
2006-2007;Incremento FET;2007-01-16;000004-Resolución Nº 10-2007.pdf;Campana_2006-2007;VIRGINIA;19;2;0.172;0.2;0.148;0.156;3.904;3.955;0.04348925410872313;0.050568900126422255;0.03742098609355246;0.039443742098609354
2006-2007;Incremento FET;2007-01-16;000004-Resolución Nº 10-2007.pdf;Campana_2006-2007;VIRGINIA;10;4;0.08;0.08;0.08;0.06;3.904;3.955;0.020227560050568902;0.020227560050568902;0.020227560050568902;0.015170670037926675
2006-2007;Incremento FET;2007-01-16;000004-Resolución Nº 10-2007.pdf;Campana_2006-2007;VIRGINIA;06;8;0.068;0.06;0.42;0.38;3.904;3.955;0.017193426042983566;0.015170670037926675;0.10619469026548672;0.09608091024020228
2006-2007;Incremento FET;2007-01-16;000004-Resolución Nº 10-2007.pdf;Campana_2006-2007;VIRGINIA;32;8;0.332;0.284;0.324;0.272;3.904;3.955;0.08394437420986094;0.07180783817951959;0.08192161820480405;0.06877370417193426
2006-2007;Incremento FET;2007-01-16;000004-Resolución Nº 10-2007.pdf;Campana_2006-2007;VIRGINIA;21;2;0.34;0.288;0.192;0.296;3.904;3.955;0.08596713021491784;0.07281921618204804;0.04854614412136536;0.07484197218710492
2006-2007;Incremento FET;2007-01-16;000003-Resolución Nº 192-2007.pdf;Campana_2006-2007;BURLEY;17;4;0.184;0.146;0.172;0.13;3.904;3.955;0.04652338811630847;0.03691529709228824;0.04348925410872313;0.03286978508217446
2006-2007;Incremento FET;2007-01-16;000004-Resolución Nº 10-2007.pdf;Campana_2006-2007;VIRGINIA;24;4;0.144;0.3;0.256;0.156;3.904;3.955;0.03640960809102402;0.07585335018963336;0.06472819216182048;0.039443742098609354
2006-2007;Incremento FET;2007-01-16;000004-Resolución Nº 91-2007.pdf;Campana_2006-2007;VIRGINIA;Y;2;5465.0;;;5465.0;3.904;3.955;1381.795195954488;;;1381.795195954488
2006-2007;Incremento FET;2007-01-16;000004-Resolución Nº 91-2007.pdf;Campana_2006-2007;BURLEY;19;2;0.15;0.178;0.14;0.16;3.904;3.955;0.03792667509481668;0.0450063211125158;0.035398230088495575;0.040455120101137804
2006-2007;Incremento FET;2007-01-16;000004-Resolución Nº 91-2007.pdf;Campana_2006-2007;BURLEY;17;4;0.184;0.146;0.172;0.13;3.904;3.955;0.04652338811630847;0.03691529709228824;0.04348925410872313;0.03286978508217446
2006-2007;Incremento FET;2007-01-16;000004-Resolución Nº 91-2007.pdf;Campana_2006-2007;BURLEY;15;8;0.066;0.114;0.14;0.082;3.904;3.955;0.016687737041719344;0.028824273072060685;0.035398230088495575;0.020733249051833123
2006-2007;Incremento FET;2007-01-16;000006-Resolución Nº 216-2007.pdf;Campana_2006-2007;VIRGINIA;14;7;0.133;0.112;;0.112;3.904;3.955;0.033628318584070796;0.02831858407079646;;0.02831858407079646
2006-2007;Incremento FET;2007-01-16;000006-Resolución Nº 216-2007.pdf;Campana_2006-2007;VIRGINIA;02;4;0.021;;;0.021;3.904;3.955;0.005309734513274336;;;0.005309734513274336
2006-2007;Incremento FET;2007-01-16;000005-Resolución Nº 87-2007.pdf;Campana_2006-2007;VIRGINIA;09;6;0.086;0.1;0.074;0.078;3.904;3.955;0.021744627054361566;0.025284450063211127;0.01871049304677623;0.019721871049304677
2006-2007;Incremento FET;2007-01-16;000006-Resolución Nº 216-2007.pdf;Campana_2006-2007;VIRGINIA;02;8;0.028;0.028;0.021;0.024;3.904;3.955;0.007079646017699115;0.007079646017699115;0.005309734513274336;0.00606826801517067
2006-2007;Incremento FET;2007-01-16;000006-Resolución Nº 216-2007.pdf;Campana_2006-2007;VIRGINIA;06;7;0.038;;;0.038;3.904;3.955;0.009608091024020228;;;0.009608091024020228
2006-2007;Incremento FET;2007-01-16;000004-Resolución Nº 10-2007.pdf;Campana_2006-2007;VIRGINIA;17;6;0.284;0.236;0.156;0.24;3.904;3.955;0.07180783817951959;0.05967130214917825;0.039443742098609354;0.0606826801517067
2006-2007;Incremento FET;2007-01-16;000006-Resolución Nº 216-2007.pdf;Campana_2006-2007;VIRGINIA;12;6;0.109;0.14;0.123;0.132;3.904;3.955;0.027560050568900128;0.035398230088495575;0.03109987357774968;0.03337547408343869
2006-2007;Incremento FET;2007-01-16;000006-Resolución Nº 216-2007.pdf;Campana_2006-2007;VIRGINIA;11;5;0.116;0.099;0.113;0.095;3.904;3.955;0.029329962073324906;0.025031605562579013;0.02857142857142857;0.02402022756005057
2006-2007;Incremento FET;2007-01-16;000006-Resolución Nº 216-2007.pdf;Campana_2006-2007;VIRGINIA;04;9;0.056;0.127;0.109;0.067;3.904;3.955;0.01415929203539823;0.03211125158027813;0.027560050568900128;0.016940581542351455
2006-2007;Incremento FET;2007-01-16;000006-Resolución Nº 216-2007.pdf;Campana_2006-2007;VIRGINIA;06;7;0.06;0.07;0.052;0.055;3.904;3.955;0.015170670037926675;0.017699115044247787;0.013147914032869783;0.01390644753476612
2006-2007;Incremento FET;2007-01-16;000003-Resolución Nº 192-2007.pdf;Campana_2006-2007;BURLEY;15;8;0.066;0.114;0.14;0.082;3.904;3.955;0.016687737041719344;0.028824273072060685;0.035398230088495575;0.020733249051833123
2006-2007;Incremento FET;2007-01-16;000006-Resolución Nº 216-2007.pdf;Campana_2006-2007;VIRGINIA;07;4;0.119;0.101;0.067;0.104;3.904;3.955;0.03008849557522124;0.025537294563843238;0.016940581542351455;0.026295828065739567
2006-2007;Incremento FET;2007-01-16;000006-Resolución Nº 216-2007.pdf;Campana_2006-2007;VIRGINIA;08;5;0.05;0.105;0.09;0.055;3.904;3.955;0.012642225031605564;0.02654867256637168;0.022756005056890013;0.01390644753476612
2006-2007;Incremento FET;2007-01-16;000004-Resolución Nº 10-2007.pdf;Campana_2006-2007;VIRGINIA;Y;2;5465.0;;;5465.0;3.904;3.955;1381.795195954488;;;1381.795195954488
2006-2007;Incremento FET;2007-01-16;000006-Resolución Nº 216-2007.pdf;Campana_2006-2007;VIRGINIA;06;2;0.099;0.083;0.055;0.084;3.904;3.955;0.025031605562579013;0.020986093552465234;0.01390644753476612;0.021238938053097345
2006-2007;Incremento FET;2007-01-18;000003-Resolución Nº 213-2007.pdf;Campana_2006-2007;VIRGINIA;Y;2;5465.0;;;5465.0;3.904;3.955;1381.795195954488;;;1381.795195954488
2006-2007;Incremento FET;2007-01-18;000003-Resolución Nº 213-2007.pdf;Campana_2006-2007;CRIOLLO CORRENTINO;12;8;0.082;;;0.082;3.904;3.955;0.020733249051833123;;;0.020733249051833123
2006-2007;Incremento FET;2007-01-18;000003-Resolución Nº 224-2007.pdf;Campana_2006-2007;VIRGINIA;Y;2;5465.0;;;5465.0;3.904;3.955;1381.795195954488;;;1381.795195954488
2006-2007;Incremento FET;2007-01-18;000003-Resolución Nº 9-2007.pdf;Campana_2006-2007;VIRGINIA;Y;2;5465.0;;;5465.0;3.904;3.955;1381.795195954488;;;1381.795195954488
2006-2007;Resolución / Anexo General;2007-01-18;000003-Resolución Nº 35-2007.pdf;Campana_2006-2007;VIRGINIA;Y;2;5465.0;;;5465.0;3.904;3.955;1381.795195954488;;;1381.795195954488
2006-2007;Incremento FET;2007-01-18;000005-Resolución Nº 188-2007.pdf;Campana_2006-2007;VIRGINIA;Y;2;5465.0;;;5465.0;3.904;3.955;1381.795195954488;;;1381.795195954488
2006-2007;Incremento FET;2007-01-18;000005-Resolución Nº 188-2007.pdf;Campana_2006-2007;VIRGINIA;24;5;0.21;0.228;0.123;0.088;3.904;3.955;0.05309734513274336;0.05764854614412137;0.03109987357774968;0.022250316055625788
2006-2007;Incremento FET;2007-01-18;000002-Resolución Nº 51-2007.pdf;Campana_2006-2007;VIRGINIA;Y;2;5465.0;;;5465.0;3.904;3.955;1381.795195954488;;;1381.795195954488
2006-2007;Incremento FET;2007-01-18;000002-Resolución Nº 51-2007.pdf;Campana_2006-2007;CRIOLLO CORRENTINO;12;8;0.082;;;0.082;3.904;3.955;0.020733249051833123;;;0.020733249051833123
2006-2007;Incremento FET;2007-01-18;000004-Resolución Nº 181-2007.pdf;Campana_2006-2007;VIRGINIA;Y;2;5465.0;;;5465.0;3.904;3.955;1381.795195954488;;;1381.795195954488
2006-2007;Incremento FET;2007-01-18;000004-Resolución Nº 181-2007.pdf;Campana_2006-2007;CRIOLLO MISIONERO;J;1;0.27;0.216;;0.216;3.904;3.955;0.06826801517067003;0.05461441213653603;;0.05461441213653603
2006-2007;Incremento FET;2007-01-18;000004-Resolución Nº 181-2007.pdf;Campana_2006-2007;CRIOLLO MISIONERO;2U;3;0.162;0.135;0.068;0.041;3.904;3.955;0.040960809102402025;0.03413400758533502;0.017193426042983566;0.010366624525916562
2006-2007;Incremento FET;2007-01-18;000004-Resolución Nº 215-2007.pdf;Campana_2006-2007;CRIOLLO CORRENTINO;08;3;0.053;;;0.053;3.904;3.955;0.013400758533501896;;;0.013400758533501896
2006-2007;Incremento FET;2007-01-18;000004-Resolución Nº 215-2007.pdf;Campana_2006-2007;VIRGINIA;Y;2;5465.0;;;5465.0;3.904;3.955;1381.795195954488;;;1381.795195954488
2006-2007;Incremento FET;2007-01-18;000002-Resolución Nº 189-2007.pdf;Campana_2006-2007;VIRGINIA;Y;2;5465.0;;;5465.0;3.904;3.955;1381.795195954488;;;1381.795195954488
2006-2007;Incremento FET;2007-01-18;000002-Resolución Nº 190-2007.pdf;Campana_2006-2007;VIRGINIA;Y;2;5465.0;;;5465.0;3.904;3.955;1381.795195954488;;;1381.795195954488
2006-2007;Incremento FET;2007-01-18;000002-Resolución Nº 190-2007.pdf;Campana_2006-2007;CRIOLLO MISIONERO;28;1;9800.0;;;9800.0;3.904;3.955;2477.8761061946902;;;2477.8761061946902
2006-2007;Incremento FET;2007-01-18;000002-Resolución Nº 190-2007.pdf;Campana_2006-2007;CRIOLLO MISIONERO;N;5;0.2;0.16;0.18;0.15;3.904;3.955;0.050568900126422255;0.040455120101137804;0.045512010113780026;0.03792667509481668
2006-2007;Incremento FET;2007-01-18;000002-Resolución Nº 191-2007.pdf;Campana_2006-2007;VIRGINIA;Y;2;5465.0;;;5465.0;3.904;3.955;1381.795195954488;;;1381.795195954488
2006-2007;Incremento FET;2007-01-18;000004-Resolución Nº 90-2007.pdf;Campana_2006-2007;VIRGINIA;Y;2;5465.0;;;5465.0;3.904;3.955;1381.795195954488;;;1381.795195954488
2007-2008;Resolución / Anexo General;2008-03-27;000004-Resolución Nº 598-2008.pdf;Campana_2007-2008;VIRGINIA;8;1;0.102;;;0.102;3.904;3.955;0.025790139064475345;;;0.025790139064475345
2007-2008;Resolución / Anexo General;2008-03-27;000004-Resolución Nº 598-2008.pdf;Campana_2007-2008;VIRGINIA;9;1;0.117;;;0.117;3.904;3.955;0.029582806573957017;;;0.029582806573957017
2007-2008;Resolución / Anexo General;2008-03-27;000004-Resolución Nº 598-2008.pdf;Campana_2007-2008;VIRGINIA;3;5;0.06;;;0.06;3.904;3.955;0.015170670037926675;;;0.015170670037926675
2007-2008;Resolución / Anexo General;2008-03-27;000004-Resolución Nº 598-2008.pdf;Campana_2007-2008;VIRGINIA;7;1;0.122;;;0.122;3.904;3.955;0.03084702907711757;;;0.03084702907711757
2007-2008;Resolución / Anexo General;2008-03-27;000004-Resolución Nº 598-2008.pdf;Campana_2007-2008;VIRGINIA;135;90;0.117;;;0.117;3.904;3.955;0.029582806573957017;;;0.029582806573957017
2007-2008;Resolución / Anexo General;2008-03-27;000004-Resolución Nº 598-2008.pdf;Campana_2007-2008;VIRGINIA;8;2;0.125;;;0.125;3.904;3.955;0.0316055625790139;;;0.0316055625790139
2007-2008;Resolución / Anexo General;2008-03-27;000004-Resolución Nº 598-2008.pdf;Campana_2007-2008;VIRGINIA;9;4;0.123;;;0.123;3.904;3.955;0.03109987357774968;;;0.03109987357774968
2007-2008;Resolución / Anexo General;2008-03-27;000004-Resolución Nº 598-2008.pdf;Campana_2007-2008;VIRGINIA;8;8;0.141;;;0.141;3.904;3.955;0.03565107458912768;;;0.03565107458912768
2007-2008;Resolución / Anexo General;2008-03-27;000004-Resolución Nº 598-2008.pdf;Campana_2007-2008;VIRGINIA;7;8;0.15;;;0.15;3.904;3.955;0.03792667509481668;;;0.03792667509481668
2007-2008;Resolución / Anexo General;2008-03-27;000004-Resolución Nº 598-2008.pdf;Campana_2007-2008;VIRGINIA;7;8;0.072;;;0.072;3.904;3.955;0.01820480404551201;;;0.01820480404551201
2007-2008;Resolución / Anexo General;2008-03-27;000004-Resolución Nº 598-2008.pdf;Campana_2007-2008;VIRGINIA;8;3;0.107;;;0.107;3.904;3.955;0.027054361567635903;;;0.027054361567635903
2007-2008;Resolución / Anexo General;2008-03-27;000004-Resolución Nº 598-2008.pdf;Campana_2007-2008;VIRGINIA;4;8;0.08;;;0.08;3.904;3.955;0.020227560050568902;;;0.020227560050568902
2007-2008;Resolución / Anexo General;2008-03-27;000004-Resolución Nº 598-2008.pdf;Campana_2007-2008;VIRGINIA;6;8;0.053;;;0.053;3.904;3.955;0.013400758533501896;;;0.013400758533501896
2007-2008;Resolución / Anexo General;2008-03-27;000004-Resolución Nº 598-2008.pdf;Campana_2007-2008;VIRGINIA;8;5;0.108;;;0.108;3.904;3.955;0.027307206068268013;;;0.027307206068268013
2007-2008;Resolución / Anexo General;2008-03-27;000004-Resolución Nº 598-2008.pdf;Campana_2007-2008;VIRGINIA;5;3;0.128;;;0.128;3.904;3.955;0.03236409608091024;;;0.03236409608091024
2007-2008;Resolución / Anexo General;2008-03-27;000004-Resolución Nº 598-2008.pdf;Campana_2007-2008;VIRGINIA;3;9;0.09;;;0.09;3.904;3.955;0.022756005056890013;;;0.022756005056890013
2007-2008;Resolución / Anexo General;2008-03-27;000004-Resolución Nº 598-2008.pdf;Campana_2007-2008;VIRGINIA;5;9;0.059;;;0.059;3.904;3.955;0.014917825537294562;;;0.014917825537294562
2007-2008;Resolución / Anexo General;2008-03-27;000004-Resolución Nº 598-2008.pdf;Campana_2007-2008;VIRGINIA;7;1;0.089;;;0.089;3.904;3.955;0.0225031605562579;;;0.0225031605562579
2007-2008;Resolución / Anexo General;2008-03-27;000004-Resolución Nº 598-2008.pdf;Campana_2007-2008;VIRGINIA;4;4;0.107;;;0.107;3.904;3.955;0.027054361567635903;;;0.027054361567635903
2007-2008;Resolución / Anexo General;2008-03-27;000004-Resolución Nº 598-2008.pdf;Campana_2007-2008;VIRGINIA;3;9;0.066;;;0.066;3.904;3.955;0.016687737041719344;;;0.016687737041719344
2007-2008;Resolución / Anexo General;2008-03-27;000004-Resolución Nº 598-2008.pdf;Campana_2007-2008;VIRGINIA;4;8;0.041;;;0.041;3.904;3.955;0.010366624525916562;;;0.010366624525916562
2007-2008;Resolución / Anexo General;2008-03-27;000004-Resolución Nº 598-2008.pdf;Campana_2007-2008;VIRGINIA;7;5;0.096;;;0.096;3.904;3.955;0.02427307206068268;;;0.02427307206068268
2007-2008;Resolución / Anexo General;2008-03-27;000004-Resolución Nº 598-2008.pdf;Campana_2007-2008;VIRGINIA;3;6;0.113;;;0.113;3.904;3.955;0.02857142857142857;;;0.02857142857142857
2007-2008;Resolución / Anexo General;2008-03-27;000004-Resolución Nº 598-2008.pdf;Campana_2007-2008;VIRGINIA;6;1;0.054;;;0.054;3.904;3.955;0.013653603034134007;;;0.013653603034134007
2007-2008;Resolución / Anexo General;2008-03-27;000004-Resolución Nº 598-2008.pdf;Campana_2007-2008;VIRGINIA;7;4;0.092;;;0.092;3.904;3.955;0.023261694058154234;;;0.023261694058154234
2007-2008;Resolución / Anexo General;2008-03-27;000004-Resolución Nº 598-2008.pdf;Campana_2007-2008;VIRGINIA;4;8;0.111;;;0.111;3.904;3.955;0.02806573957016435;;;0.02806573957016435
2007-2008;Resolución / Anexo General;2008-03-27;000004-Resolución Nº 598-2008.pdf;Campana_2007-2008;VIRGINIA;6;4;0.059;;;0.059;3.904;3.955;0.014917825537294562;;;0.014917825537294562
2007-2008;Resolución / Anexo General;2008-03-27;000004-Resolución Nº 598-2008.pdf;Campana_2007-2008;VIRGINIA;7;2;0.072;;;0.072;3.904;3.955;0.01820480404551201;;;0.01820480404551201
2007-2008;Resolución / Anexo General;2008-04-04;000003-Resolución Nº 237-2008.pdf;Campana_2007-2008;CRIOLLO CORRENTINO;12;8;0.082;;;0.082;3.904;3.955;0.020733249051833123;;;0.020733249051833123
2007-2008;Resolución / Anexo General;2008-07-18;000005-Resolución Nº 219-2008.pdf;Campana_2007-2008;VIRGINIA;01;7;0.015;;;0.015;3.904;3.955;0.0037926675094816687;;;0.0037926675094816687
2007-2008;Resolución / Anexo General;2008-07-18;000005-Resolución Nº 219-2008.pdf;Campana_2007-2008;VIRGINIA;08;2;0.083;0.071;;0.071;3.904;3.955;0.020986093552465234;0.017951959544879898;;0.017951959544879898
2007-2008;Resolución / Anexo General;2008-07-18;000005-Resolución Nº 219-2008.pdf;Campana_2007-2008;VIRGINIA;10;5;0.095;;;0.095;3.904;3.955;0.02402022756005057;;;0.02402022756005057
2007-2008;Resolución / Anexo General;2008-07-18;000005-Resolución Nº 219-2008.pdf;Campana_2007-2008;VIRGINIA;Y;2;5465.0;;;5465.0;3.904;3.955;1381.795195954488;;;1381.795195954488
2007-2008;Resolución / Anexo General;2008-07-23;000002-Resolución Nº 599-2008.pdf;Campana_2007-2008;VIRGINIA;599;1;9800.0;;;9800.0;3.904;3.955;2477.8761061946902;;;2477.8761061946902
2007-2008;Resolución / Anexo General;2008-08-04;000002-Resolución Nº 11-2008.pdf;Campana_2007-2008;VIRGINIA;19;5;0.105;0.075;;0.075;3.904;3.955;0.02654867256637168;0.01896333754740834;;0.01896333754740834
2007-2008;Incremento FET;2008-09-22;000002-Resolución Nº 250-2008.pdf;Campana_2007-2008;VIRGINIA;250;1;9800.0;;;9800.0;3.904;3.955;2477.8761061946902;;;2477.8761061946902
2011-2012;Resolución / Anexo General;2010-11-12;000001-Resolución Nº 10-2012.pdf;Campana_2011-2012;CRIOLLO ARGENTINO;Y;2;6467.0;;;6467.0;3.94;3.992;1619.9899799599198;;;1619.9899799599198
2011-2012;Resolución / Anexo General;2010-11-12;000001-Resolución Nº 10-2012.pdf;Campana_2011-2012;CRIOLLO ARGENTINO;Y;2;6467.0;;;6467.0;3.94;3.992;1619.9899799599198;;;1619.9899799599198
2011-2012;Resolución / Anexo General;2010-11-12;000001-Resolución Nº 10-2012.pdf;Campana_2011-2012;VIRGINIA;Y;2;6467.0;;;6467.0;3.94;3.992;1619.9899799599198;;;1619.9899799599198
2011-2012;Resolución / Anexo General;2010-11-12;000001-Resolución Nº 10-2012.pdf;Campana_2011-2012;CRIOLLO ARGENTINO;B;1;1.105;;;1.105;3.94;3.992;0.27680360721442887;;;0.27680360721442887
2011-2012;Resolución / Anexo General;2010-11-12;000001-Resolución Nº 10-2012.pdf;Campana_2011-2012;CRIOLLO ARGENTINO;100;82;1.017;;;1.017;3.94;3.992;0.25475951903807614;;;0.25475951903807614
2011-2012;Resolución / Anexo General;2010-11-12;000001-Resolución Nº 10-2012.pdf;Campana_2011-2012;CRIOLLO ARGENTINO;C;2;0.663;;;0.663;3.94;3.992;0.16608216432865733;;;0.16608216432865733
2011-2012;Resolución / Anexo General;2010-11-12;000001-Resolución Nº 10-2012.pdf;Campana_2011-2012;CRIOLLO ARGENTINO;T;2;0.52;;;0.52;3.94;3.992;0.13026052104208416;;;0.13026052104208416
2011-2012;Resolución / Anexo General;2010-11-12;000001-Resolución Nº 10-2012.pdf;Campana_2011-2012;CRIOLLO ARGENTINO;T;4;0.254;;;0.254;3.94;3.992;0.06362725450901803;;;0.06362725450901803
2011-2012;Resolución / Anexo General;2010-11-12;000001-Resolución Nº 10-2012.pdf;Campana_2011-2012;CRIOLLO ARGENTINO;X;2;0.409;;;0.409;3.94;3.992;0.10245490981963927;;;0.10245490981963927
2011-2012;Resolución / Anexo General;2010-11-12;000001-Resolución Nº 10-2012.pdf;Campana_2011-2012;CRIOLLO ARGENTINO;X;4;0.188;;;0.188;3.94;3.992;0.047094188376753505;;;0.047094188376753505
2011-2012;Resolución / Anexo General;2010-11-12;000001-Resolución Nº 10-2012.pdf;Campana_2011-2012;CRIOLLO ARGENTINO;1;7;0.111;;;0.111;3.94;3.992;0.02780561122244489;;;0.02780561122244489
2011-2012;Resolución / Anexo General;2010-11-12;000001-Resolución Nº 10-2012.pdf;Campana_2011-2012;CRIOLLO ARGENTINO;92;83;0.553;;;0.553;3.94;3.992;0.13852705410821645;;;0.13852705410821645
2011-2012;Resolución / Anexo General;2010-11-12;000001-Resolución Nº 10-2012.pdf;Campana_2011-2012;VIRGINIA;Y;2;6467.0;;;6467.0;3.94;3.992;1619.9899799599198;;;1619.9899799599198
2010-2011;Incremento FET;2010-12-23;000003-Resolución Nº 43-2012.pdf;Campana_2010-2011;VIRGINIA;Y;2;6467.0;;;6467.0;3.957;4.008;1613.5229540918165;;;1613.5229540918165
2010-2011;Incremento FET;2010-12-23;000003-Resolución Nº 41-2012.pdf;Campana_2010-2011;VIRGINIA;Y;2;6467.0;;;6467.0;3.957;4.008;1613.5229540918165;;;1613.5229540918165
2010-2011;Incremento FET;2010-12-23;000003-Resolución Nº 43-2012.pdf;Campana_2010-2011;CRIOLLO CORRENTINO;X;2;0.047;;;0.047;3.957;4.008;0.011726546906187624;;;0.011726546906187624
2010-2011;Incremento FET;2010-12-23;000003-Resolución Nº 43-2012.pdf;Campana_2010-2011;CRIOLLO CORRENTINO;Y;2;6467.0;;;6467.0;3.957;4.008;1613.5229540918165;;;1613.5229540918165
2010-2011;Incremento FET;2010-12-23;000003-Resolución Nº 43-2012.pdf;Campana_2010-2011;CRIOLLO CORRENTINO;Y;2;6467.0;;;6467.0;3.957;4.008;1613.5229540918165;;;1613.5229540918165
2010-2011;Incremento FET;2010-12-23;000003-Resolución Nº 43-2012.pdf;Campana_2010-2011;VIRGINIA;Y;2;6467.0;;;6467.0;3.957;4.008;1613.5229540918165;;;1613.5229540918165
2010-2011;Incremento FET;2010-12-23;000003-Resolución Nº 41-2012.pdf;Campana_2010-2011;VIRGINIA;Y;2;6467.0;;;6467.0;3.957;4.008;1613.5229540918165;;;1613.5229540918165
2010-2011;Incremento FET;2010-12-23;000003-Resolución Nº 121-2012.pdf;Campana_2010-2011;CRIOLLO MISIONERO;03;6;0.018;0.011;;0.011;3.957;4.008;0.004491017964071856;0.002744510978043912;;0.002744510978043912
2010-2011;Incremento FET;2010-12-23;000003-Resolución Nº 121-2012.pdf;Campana_2010-2011;CRIOLLO MISIONERO;07;3;0.058;0.065;0.055;0.043;3.957;4.008;0.014471057884231538;0.016217564870259483;0.013722554890219561;0.010728542914171656
2010-2011;Incremento FET;2010-12-23;000003-Resolución Nº 121-2012.pdf;Campana_2010-2011;CRIOLLO MISIONERO;Y;2;6467.0;;;6467.0;3.957;4.008;1613.5229540918165;;;1613.5229540918165
2010-2011;Incremento FET;2010-12-23;000003-Resolución Nº 121-2012.pdf;Campana_2010-2011;CRIOLLO MISIONERO;2;9;125.0;;;125.0;3.957;4.008;31.187624750499;;;31.187624750499
2010-2011;Incremento FET;2010-12-23;000003-Resolución Nº 121-2012.pdf;Campana_2010-2011;VIRGINIA;Y;2;6467.0;;;6467.0;3.957;4.008;1613.5229540918165;;;1613.5229540918165
2010-2011;Incremento FET;2010-12-23;000003-Resolución Nº 599-2011.pdf;Campana_2010-2011;BURLEY;1;2;4291.0;;;4291.0;3.957;4.008;1070.6087824351298;;;1070.6087824351298
2010-2011;Incremento FET;2010-12-23;000003-Resolución Nº 121-2012.pdf;Campana_2010-2011;VIRGINIA;Y;2;6467.0;;;6467.0;3.957;4.008;1613.5229540918165;;;1613.5229540918165
2010-2011;Incremento FET;2010-12-23;000002-Resolución Nº 603-2011.pdf;Campana_2010-2011;CRIOLLO CORRENTINO;X;2;0.285;;;0.285;3.957;4.008;0.07110778443113772;;;0.07110778443113772
2010-2011;Incremento FET;2010-12-23;000002-Resolución Nº 603-2011.pdf;Campana_2010-2011;CRIOLLO CORRENTINO;X;1;0.377;;;0.377;3.957;4.008;0.09406187624750499;;;0.09406187624750499
2010-2011;Incremento FET;2010-12-23;000002-Resolución Nº 603-2011.pdf;Campana_2010-2011;CRIOLLO CORRENTINO;C;3;0.349;;;0.349;3.957;4.008;0.08707584830339321;;;0.08707584830339321
2010-2011;Incremento FET;2010-12-23;000002-Resolución Nº 603-2011.pdf;Campana_2010-2011;CRIOLLO CORRENTINO;C;2;0.409;;;0.409;3.957;4.008;0.10204590818363272;;;0.10204590818363272
2010-2011;Incremento FET;2010-12-23;000003-Resolución Nº 41-2012.pdf;Campana_2010-2011;VIRGINIA;2;9;1.25;;;1.25;3.957;4.008;0.31187624750499005;;;0.31187624750499005
2010-2011;Incremento FET;2010-12-23;000002-Resolución Nº 597-2011.pdf;Campana_2010-2011;CRIOLLO MISIONERO;N;5;0.068;;;0.068;3.957;4.008;0.016966067864271458;;;0.016966067864271458
2010-2011;Incremento FET;2010-12-23;000002-Resolución Nº 597-2011.pdf;Campana_2010-2011;CRIOLLO MISIONERO;N;4;0.113;;;0.113;3.957;4.008;0.028193612774451097;;;0.028193612774451097
2010-2011;Incremento FET;2010-12-23;000003-Resolución Nº 41-2012.pdf;Campana_2010-2011;CRIOLLO CHAQUEÑO;Y;2;6467.0;;;6467.0;3.957;4.008;1613.5229540918165;;;1613.5229540918165
2010-2011;Incremento FET;2010-12-23;000003-Resolución Nº 41-2012.pdf;Campana_2010-2011;CRIOLLO CHAQUEÑO;CH;1;0.107;;;0.107;3.957;4.008;0.026696606786427147;;;0.026696606786427147
2010-2011;Incremento FET;2010-12-23;000003-Resolución Nº 41-2012.pdf;Campana_2010-2011;CRIOLLO CHAQUEÑO;7;5;0.043;;;0.043;3.957;4.008;0.010728542914171656;;;0.010728542914171656
2010-2011;Incremento FET;2010-12-23;000003-Resolución Nº 121-2012.pdf;Campana_2010-2011;VIRGINIA;Y;2;6467.0;;;6467.0;3.957;4.008;1613.5229540918165;;;1613.5229540918165
2010-2011;Incremento FET;2010-12-23;000003-Resolución Nº 41-2012.pdf;Campana_2010-2011;CRIOLLO CHAQUEÑO;CH;3;0.079;;;0.079;3.957;4.008;0.01971057884231537;;;0.01971057884231537
2010-2011;Incremento FET;2010-12-23;000003-Resolución Nº 41-2012.pdf;Campana_2010-2011;CRIOLLO CHAQUEÑO;CH;2;0.095;;;0.095;3.957;4.008;0.023702594810379243;;;0.023702594810379243
2010-2011;Incremento FET;2010-12-23;000004-Resolución Nº 38-2012.pdf;Campana_2010-2011;BURLEY;Y;2;6467.0;;;6467.0;3.957;4.008;1613.5229540918165;;;1613.5229540918165
2010-2011;Incremento FET;2010-12-23;000004-Resolución Nº 38-2012.pdf;Campana_2010-2011;BURLEY;14;4;0.112;0.133;0.119;0.105;3.957;4.008;0.027944111776447105;0.03318363273453094;0.029690618762475047;0.02619760479041916
2010-2011;Incremento FET;2010-12-23;000004-Resolución Nº 38-2012.pdf;Campana_2010-2011;VIRGINIA;Y;2;6467.0;;;6467.0;3.957;4.008;1613.5229540918165;;;1613.5229540918165
2010-2011;Incremento FET;2010-12-23;000004-Resolución Nº 38-2012.pdf;Campana_2010-2011;VIRGINIA;NO;1;9800.0;;;9800.0;3.957;4.008;2445.1097804391216;;;2445.1097804391216
2010-2011;Incremento FET;2010-12-23;000004-Resolución Nº 38-2012.pdf;Campana_2010-2011;VIRGINIA;Y;2;6467.0;;;6467.0;3.957;4.008;1613.5229540918165;;;1613.5229540918165
2010-2011;Incremento FET;2010-12-23;000004-Resolución Nº 38-2012.pdf;Campana_2010-2011;BURLEY;13;7;0.115;0.109;0.128;0.097;3.957;4.008;0.028692614770459084;0.02719560878243513;0.031936127744510975;0.024201596806387227
2010-2011;Incremento FET;2010-12-23;000004-Resolución Nº 38-2012.pdf;Campana_2010-2011;BURLEY;11;8;0.043;0.085;0.105;0.056;3.957;4.008;0.010728542914171656;0.021207584830339323;0.02619760479041916;0.013972055888223553
2010-2011;Incremento FET;2010-12-23;000004-Resolución Nº 38-2012.pdf;Campana_2010-2011;BURLEY;06;1;0.117;0.095;0.049;0.015;3.957;4.008;0.029191616766467067;0.023702594810379243;0.01222554890219561;0.0037425149700598802
2010-2011;Incremento FET;2010-12-23;000004-Resolución Nº 38-2012.pdf;Campana_2010-2011;BURLEY;04;5;0.038;;;0.038;3.957;4.008;0.009481037924151696;;;0.009481037924151696
2010-2011;Incremento FET;2010-12-23;000002-Resolución Nº 597-2011.pdf;Campana_2010-2011;CRIOLLO MISIONERO;X;1;0.226;;;0.226;3.957;4.008;0.056387225548902194;;;0.056387225548902194
2010-2011;Incremento FET;2010-12-23;000002-Resolución Nº 597-2011.pdf;Campana_2010-2011;CRIOLLO MISIONERO;90;82;0.338;;;0.338;3.957;4.008;0.08433133732534931;;;0.08433133732534931
2010-2011;Incremento FET;2010-12-23;000002-Resolución Nº 597-2011.pdf;Campana_2010-2011;CRIOLLO MISIONERO;B;1;0.406;;;0.406;3.957;4.008;0.10129740518962077;;;0.10129740518962077
2010-2011;Incremento FET;2010-12-23;000002-Resolución Nº 597-2011.pdf;Campana_2010-2011;CRIOLLO MISIONERO;C;2;0.361;;;0.361;3.957;4.008;0.09006986027944111;;;0.09006986027944111
2010-2011;Incremento FET;2010-12-23;000002-Resolución Nº 597-2011.pdf;Campana_2010-2011;CRIOLLO MISIONERO;C;1;0.451;;;0.451;3.957;4.008;0.1125249500998004;;;0.1125249500998004
2010-2011;Incremento FET;2010-12-23;000002-Resolución Nº 596-2011.pdf;Campana_2010-2011;CRIOLLO CHAQUEÑO;CH;3;0.684;;;0.684;3.957;4.008;0.17065868263473055;;;0.17065868263473055
2010-2011;Incremento FET;2010-12-23;000002-Resolución Nº 596-2011.pdf;Campana_2010-2011;CRIOLLO CHAQUEÑO;CH;2;0.811;;;0.811;3.957;4.008;0.20234530938123754;;;0.20234530938123754
2010-2011;Incremento FET;2010-12-23;000004-Resolución Nº 38-2012.pdf;Campana_2010-2011;BURLEY;Y;2;6467.0;;;6467.0;3.957;4.008;1613.5229540918165;;;1613.5229540918165
2010-2011;Incremento FET;2010-12-23;000004-Resolución Nº 38-2012.pdf;Campana_2010-2011;BURLEY;13;5;0.119;0.149;0.127;0.124;3.957;4.008;0.029690618762475047;0.03717564870259481;0.031686626746506984;0.03093812375249501
2010-2011;Incremento FET;2011-01-12;000004-Resolución Nº 35-2012.pdf;Campana_2010-2011;VIRGINIA;W;1;9800.0;;;9800.0;3.959;4.011;2443.280977312391;;;2443.280977312391
2010-2011;Incremento FET;2011-01-12;000004-Resolución Nº 35-2012.pdf;Campana_2010-2011;VIRGINIA;02;8;0.188;0.17;0.17;0.143;3.959;4.011;0.0468711044627275;0.04238344552480678;0.04238344552480678;0.0356519571179257
2010-2011;Incremento FET;2011-01-12;000004-Resolución Nº 35-2012.pdf;Campana_2010-2011;VIRGINIA;03;6;0.036;0.028;0.03;0.03;3.959;4.011;0.008975317875841436;0.006980802792321117;0.0074794315632011965;0.0074794315632011965
2010-2011;Incremento FET;2011-01-12;000004-Resolución Nº 35-2012.pdf;Campana_2010-2011;VIRGINIA;08;9;0.066;0.07;0.046;0.036;3.959;4.011;0.016454749439042633;0.017452006980802792;0.011468461730241835;0.008975317875841436
2010-2011;Incremento FET;2011-01-12;000004-Resolución Nº 35-2012.pdf;Campana_2010-2011;VIRGINIA;10;7;0.086;0.048;0.086;0.077;3.959;4.011;0.021441037147843428;0.011967090501121914;0.021441037147843428;0.019197207678883072
2010-2011;Incremento FET;2011-01-12;000004-Resolución Nº 35-2012.pdf;Campana_2010-2011;VIRGINIA;Y;2;6467.0;;;6467.0;3.959;4.011;1612.3161306407378;;;1612.3161306407378
2010-2011;Resolución / Anexo General;2011-01-12;000003-Resolución Nº 664-2011.pdf;Campana_2010-2011;VIRGINIA;X;2;0.93;;;0.93;3.959;4.011;0.2318623784592371;;;0.2318623784592371
2010-2011;Resolución / Anexo General;2011-01-12;000003-Resolución Nº 664-2011.pdf;Campana_2010-2011;VIRGINIA;C;3;0.868;;;0.868;3.959;4.011;0.2164048865619546;;;0.2164048865619546
2010-2011;Resolución / Anexo General;2011-01-12;000003-Resolución Nº 664-2011.pdf;Campana_2010-2011;VIRGINIA;B;3;0.744;;;0.744;3.959;4.011;0.18548990276738966;;;0.18548990276738966
2010-2011;Resolución / Anexo General;2011-01-12;000003-Resolución Nº 664-2011.pdf;Campana_2010-2011;VIRGINIA;T;2;0.806;;;0.806;3.959;4.011;0.20094739466467215;;;0.20094739466467215
2010-2011;Incremento FET;2011-01-12;000004-Resolución Nº 35-2012.pdf;Campana_2010-2011;VIRGINIA;Y;2;6467.0;;;6467.0;3.959;4.011;1612.3161306407378;;;1612.3161306407378
2010-2011;Incremento FET;2011-01-12;000004-Resolución Nº 35-2012.pdf;Campana_2010-2011;VIRGINIA;20;1;1.207;;;1.207;3.959;4.011;0.30092246322612815;;;0.30092246322612815
2010-2011;Incremento FET;2011-01-12;000004-Resolución Nº 35-2012.pdf;Campana_2010-2011;VIRGINIA;Y;2;6467.0;;;6467.0;3.959;4.011;1612.3161306407378;;;1612.3161306407378
2010-2011;Incremento FET;2011-01-12;000004-Resolución Nº 35-2012.pdf;Campana_2010-2011;VIRGINIA;Y;2;6467.0;;;6467.0;3.959;4.011;1612.3161306407378;;;1612.3161306407378
2011-2012;Resolución / Anexo General;2011-02-18;000001-Resolución Nº 42-2012.pdf;Campana_2011-2012;VIRGINIA;B;2;1.281;;;1.281;4.0;4.053;0.31606217616580307;;;0.31606217616580307
2011-2012;Resolución / Anexo General;2011-02-18;000001-Resolución Nº 42-2012.pdf;Campana_2011-2012;VIRGINIA;X;3;0.207;;;0.207;4.0;4.053;0.05107327905255366;;;0.05107327905255366
2011-2012;Resolución / Anexo General;2011-02-18;000001-Resolución Nº 42-2012.pdf;Campana_2011-2012;VIRGINIA;Y;2;6467.0;;;6467.0;4.0;4.053;1595.6081914631138;;;1595.6081914631138
2011-2012;Resolución / Anexo General;2011-02-18;000001-Resolución Nº 42-2012.pdf;Campana_2011-2012;VIRGINIA;Y;2;6467.0;;;6467.0;4.0;4.053;1595.6081914631138;;;1595.6081914631138
2011-2012;Resolución / Anexo General;2011-02-18;000001-Resolución Nº 42-2012.pdf;Campana_2011-2012;VIRGINIA;B;1;1.326;;;1.326;4.0;4.053;0.3271650629163583;;;0.3271650629163583
2011-2012;Resolución / Anexo General;2011-02-18;000001-Resolución Nº 42-2012.pdf;Campana_2011-2012;VIRGINIA;Y;2;6467.0;;;6467.0;4.0;4.053;1595.6081914631138;;;1595.6081914631138
2011-2012;Resolución / Anexo General;2011-02-18;000001-Resolución Nº 42-2012.pdf;Campana_2011-2012;VIRGINIA;X;2;1.281;;;1.281;4.0;4.053;0.31606217616580307;;;0.31606217616580307
2011-2012;Resolución / Anexo General;2011-02-18;000001-Resolución Nº 42-2012.pdf;Campana_2011-2012;VIRGINIA;B;3;1.178;;;1.178;4.0;4.053;0.29064890204786575;;;0.29064890204786575
2010-2011;Incremento FET;2011-04-11;000002-Resolución Nº 598-2011.pdf;Campana_2010-2011;CRIOLLO ARGENTINO;B;3;0.844;;;0.844;4.03;4.084;0.20666013712047013;;;0.20666013712047013
2010-2011;Incremento FET;2011-04-11;000003-Resolución Nº 122-2012.pdf;Campana_2010-2011;VIRGINIA;Y;2;6467.0;;;6467.0;4.03;4.084;1583.496571988247;;;1583.496571988247
2010-2011;Incremento FET;2011-04-11;000003-Resolución Nº 122-2012.pdf;Campana_2010-2011;CRIOLLO ARGENTINO;Y;2;6467.0;;;6467.0;4.03;4.084;1583.496571988247;;;1583.496571988247
2010-2011;Incremento FET;2011-04-11;000002-Resolución Nº 598-2011.pdf;Campana_2010-2011;CRIOLLO ARGENTINO;B;2;1.553;;;1.553;4.03;4.084;0.3802644466209599;;;0.3802644466209599
2010-2011;Incremento FET;2011-04-11;000003-Resolución Nº 122-2012.pdf;Campana_2010-2011;CRIOLLO ARGENTINO;Y;2;6467.0;;;6467.0;4.03;4.084;1583.496571988247;;;1583.496571988247
2010-2011;Incremento FET;2011-04-11;000003-Resolución Nº 122-2012.pdf;Campana_2010-2011;CRIOLLO ARGENTINO;100;82;0.133;;;0.133;4.03;4.084;0.03256611165523997;;;0.03256611165523997
2010-2011;Incremento FET;2011-04-11;000002-Resolución Nº 598-2011.pdf;Campana_2010-2011;CRIOLLO ARGENTINO;B;1;1.688;;;1.688;4.03;4.084;0.41332027424094026;;;0.41332027424094026
2010-2011;Incremento FET;2011-04-11;000003-Resolución Nº 122-2012.pdf;Campana_2010-2011;CRIOLLO ARGENTINO;92;83;0.072;;;0.072;4.03;4.084;0.01762977473065622;;;0.01762977473065622
2010-2011;Incremento FET;2011-04-11;000003-Resolución Nº 122-2012.pdf;Campana_2010-2011;VIRGINIA;Y;2;6467.0;;;6467.0;4.03;4.084;1583.496571988247;;;1583.496571988247
2010-2011;Incremento FET;2011-04-11;000003-Resolución Nº 122-2012.pdf;Campana_2010-2011;CRIOLLO ARGENTINO;C;2;0.086;;;0.086;4.03;4.084;0.021057786483839373;;;0.021057786483839373
2010-2011;Incremento FET;2011-04-11;000003-Resolución Nº 122-2012.pdf;Campana_2010-2011;CRIOLLO ARGENTINO;T;4;0.033;;;0.033;4.03;4.084;0.008080313418217435;;;0.008080313418217435
2010-2011;Incremento FET;2011-04-11;000003-Resolución Nº 122-2012.pdf;Campana_2010-2011;CRIOLLO ARGENTINO;X;2;0.053;;;0.053;4.03;4.084;0.01297747306562194;;;0.01297747306562194
2010-2011;Incremento FET;2011-04-11;000003-Resolución Nº 122-2012.pdf;Campana_2010-2011;CRIOLLO ARGENTINO;X;4;0.025;;;0.025;4.03;4.084;0.006121449559255632;;;0.006121449559255632
2010-2011;Incremento FET;2011-04-11;000002-Resolución Nº 598-2011.pdf;Campana_2010-2011;CRIOLLO ARGENTINO;X;4;0.287;;;0.287;4.03;4.084;0.07027424094025465;;;0.07027424094025465
2010-2011;Incremento FET;2011-04-11;000002-Resolución Nº 598-2011.pdf;Campana_2010-2011;CRIOLLO ARGENTINO;X;2;0.625;;;0.625;4.03;4.084;0.15303623898139082;;;0.15303623898139082
2010-2011;Incremento FET;2011-04-11;000002-Resolución Nº 598-2011.pdf;Campana_2010-2011;CRIOLLO ARGENTINO;T;4;0.388;;;0.388;4.03;4.084;0.09500489715964741;;;0.09500489715964741
2010-2011;Incremento FET;2011-04-11;000002-Resolución Nº 598-2011.pdf;Campana_2010-2011;CRIOLLO ARGENTINO;T;2;0.793;;;0.793;4.03;4.084;0.19417238001958867;;;0.19417238001958867
2010-2011;Incremento FET;2011-04-11;000002-Resolución Nº 598-2011.pdf;Campana_2010-2011;CRIOLLO ARGENTINO;C;2;1.013;;;1.013;4.03;4.084;0.2480411361410382;;;0.2480411361410382
2010-2011;Incremento FET;2011-04-11;000003-Resolución Nº 122-2012.pdf;Campana_2010-2011;CRIOLLO ARGENTINO;T;2;0.068;;;0.068;4.03;4.084;0.016650342801175323;;;0.016650342801175323
2010-2011;Incremento FET;2011-04-15;000003-Resolución Nº 42-2011.pdf;Campana_2010-2011;VIRGINIA;X;3;0.681;;;0.681;4.045;4.097;0.16621918476934341;;;0.16621918476934341
2010-2011;Incremento FET;2011-04-15;000003-Resolución Nº 42-2011.pdf;Campana_2010-2011;VIRGINIA;X;2;0.741;;;0.741;4.045;4.097;0.18086404686355867;;;0.18086404686355867
2010-2011;Incremento FET;2011-04-15;000003-Resolución Nº 42-2011.pdf;Campana_2010-2011;VIRGINIA;Y;2;6467.0;;;6467.0;4.045;4.097;1578.4720527215034;;;1578.4720527215034
2010-2011;Incremento FET;2011-04-15;000003-Resolución Nº 42-2011.pdf;Campana_2010-2011;VIRGINIA;B;2;0.741;;;0.741;4.045;4.097;0.18086404686355867;;;0.18086404686355867
2010-2011;Incremento FET;2011-04-15;000003-Resolución Nº 42-2011.pdf;Campana_2010-2011;VIRGINIA;8;1;0.767;;;0.767;4.045;4.097;0.18721015377105196;;;0.18721015377105196
2010-2011;Incremento FET;2011-04-15;000003-Resolución Nº 42-2011.pdf;Campana_2010-2011;VIRGINIA;Y;2;6467.0;;;6467.0;4.045;4.097;1578.4720527215034;;;1578.4720527215034
2010-2011;Incremento FET;2011-04-15;000003-Resolución Nº 42-2011.pdf;Campana_2010-2011;VIRGINIA;Y;2;6467.0;;;6467.0;4.045;4.097;1578.4720527215034;;;1578.4720527215034
2010-2011;Incremento FET;2011-04-15;000003-Resolución Nº 42-2011.pdf;Campana_2010-2011;VIRGINIA;Y;2;6467.0;;;6467.0;4.045;4.097;1578.4720527215034;;;1578.4720527215034
2010-2011;Incremento FET;2011-04-15;000002-Resolución Nº 602-2011.pdf;Campana_2010-2011;VIRGINIA;N;2;0.313;;;0.313;4.045;4.097;0.07639736392482303;;;0.07639736392482303
2010-2011;Incremento FET;2011-04-15;000002-Resolución Nº 602-2011.pdf;Campana_2010-2011;VIRGINIA;X;3;1.781;;;1.781;4.045;4.097;0.43470832316329017;;;0.43470832316329017
2010-2011;Incremento FET;2011-04-15;000002-Resolución Nº 602-2011.pdf;Campana_2010-2011;VIRGINIA;X;2;1.937;;;1.937;4.045;4.097;0.4727849646082499;;;0.4727849646082499
2010-2011;Incremento FET;2011-04-15;000002-Resolución Nº 602-2011.pdf;Campana_2010-2011;VIRGINIA;X;1;2.005;;;2.005;4.045;4.097;0.48938247498169385;;;0.48938247498169385
2010-2011;Incremento FET;2011-04-15;000002-Resolución Nº 602-2011.pdf;Campana_2010-2011;VIRGINIA;B;3;1.781;;;1.781;4.045;4.097;0.43470832316329017;;;0.43470832316329017
2010-2011;Incremento FET;2011-04-15;000002-Resolución Nº 602-2011.pdf;Campana_2010-2011;VIRGINIA;B;2;1.937;;;1.937;4.045;4.097;0.4727849646082499;;;0.4727849646082499
2010-2011;Incremento FET;2011-04-15;000002-Resolución Nº 602-2011.pdf;Campana_2010-2011;VIRGINIA;B;1;2.005;;;2.005;4.045;4.097;0.48938247498169385;;;0.48938247498169385
2010-2011;Incremento FET;2011-04-15;000003-Resolución Nº 42-2011.pdf;Campana_2010-2011;VIRGINIA;6;83;0.681;;;0.681;4.045;4.097;0.16621918476934341;;;0.16621918476934341
2010-2011;Incremento FET;2011-10-17;000004-Resolución Nº 40-2012.pdf;Campana_2010-2011;VIRGINIA;N4;8;0.336;;;0.336;4.204;4.263;0.07881773399014778;;;0.07881773399014778
2010-2011;Incremento FET;2011-10-17;000004-Resolución Nº 40-2012.pdf;Campana_2010-2011;VIRGINIA;Y;2;6467.0;;;6467.0;4.204;4.263;1517.0068027210884;;;1517.0068027210884
2010-2011;Incremento FET;2011-10-17;000004-Resolución Nº 40-2012.pdf;Campana_2010-2011;VIRGINIA;T;2;0.728;;;0.728;4.204;4.263;0.17077175697865352;;;0.17077175697865352
2010-2011;Incremento FET;2011-10-17;000004-Resolución Nº 40-2012.pdf;Campana_2010-2011;VIRGINIA;B;3;0.672;;;0.672;4.204;4.263;0.15763546798029557;;;0.15763546798029557
2010-2011;Incremento FET;2011-10-17;000004-Resolución Nº 40-2012.pdf;Campana_2010-2011;VIRGINIA;C;3;0.784;;;0.784;4.204;4.263;0.18390804597701152;;;0.18390804597701152
2010-2011;Incremento FET;2011-10-17;000004-Resolución Nº 40-2012.pdf;Campana_2010-2011;VIRGINIA;X;2;0.84;;;0.84;4.204;4.263;0.19704433497536947;;;0.19704433497536947
2010-2011;Incremento FET;2011-10-17;000004-Resolución Nº 40-2012.pdf;Campana_2010-2011;VIRGINIA;Y;2;6467.0;;;6467.0;4.204;4.263;1517.0068027210884;;;1517.0068027210884
2010-2011;Incremento FET;2011-10-17;000004-Resolución Nº 40-2012.pdf;Campana_2010-2011;VIRGINIA;NQ;1;9800.0;;;9800.0;4.204;4.263;2298.8505747126437;;;2298.8505747126437
2010-2011;Incremento FET;2011-10-17;000004-Resolución Nº 40-2012.pdf;Campana_2010-2011;VIRGINIA;Y;2;6467.0;;;6467.0;4.204;4.263;1517.0068027210884;;;1517.0068027210884
2010-2011;Incremento FET;2011-10-17;000004-Resolución Nº 40-2012.pdf;Campana_2010-2011;VIRGINIA;Y;2;6467.0;;;6467.0;4.204;4.263;1517.0068027210884;;;1517.0068027210884
2011-2012;Incremento FET;2012-01-10;000002-Resolución N° 933-2012.pdf;Campana_2011-2012;BURLEY;20;1;2.297;;;2.297;4.289;4.351;0.5279246150310274;;;0.5279246150310274
2011-2012;Incremento FET;2012-01-10;000002-Resolución N° 933-2012.pdf;Campana_2011-2012;CRIOLLO CORRENTINO;Y;2;6467.0;;;6467.0;4.289;4.351;1486.3249827625834;;;1486.3249827625834
2011-2012;Incremento FET;2012-01-10;000002-Resolución N° 933-2012.pdf;Campana_2011-2012;BURLEY;X;2;1.456;;;1.456;4.289;4.351;0.334635715927373;;;0.334635715927373
2011-2012;Incremento FET;2012-01-10;000002-Resolución N° 933-2012.pdf;Campana_2011-2012;CRIOLLO ARGENTINO;B;1;2.454;;;2.454;4.289;4.351;0.5640082739600092;;;0.5640082739600092
2011-2012;Incremento FET;2012-01-10;000003-Resolución N° 476-2012.pdf;Campana_2011-2012;VIRGINIA;2;9;1.25;;;1.25;4.289;4.351;0.2872902780969892;;;0.2872902780969892
2011-2012;Incremento FET;2012-01-10;000002-Resolución N° 933-2012.pdf;Campana_2011-2012;BURLEY;N4;8;0.582;;;0.582;4.289;4.351;0.13376235348195817;;;0.13376235348195817
2011-2012;Incremento FET;2012-01-10;000002-Resolución N° 933-2012.pdf;Campana_2011-2012;BURLEY;20;1;2.128;;;2.128;4.289;4.351;0.48908296943231444;;;0.48908296943231444
2011-2012;Incremento FET;2012-01-10;000002-Resolución N° 933-2012.pdf;Campana_2011-2012;BURLEY;C;3;13590.0;;;13590.0;4.289;4.351;3123.4199034704666;;;3123.4199034704666
2011-2012;Incremento FET;2012-01-10;000002-Resolución N° 933-2012.pdf;Campana_2011-2012;BURLEY;20;1;2.34;;;2.34;4.289;4.351;0.5378074005975637;;;0.5378074005975637
2011-2012;Incremento FET;2012-01-10;000002-Resolución N° 933-2012.pdf;Campana_2011-2012;VIRGINIA;20;1;2.44;;;2.44;4.289;4.351;0.5607906228453229;;;0.5607906228453229
2011-2012;Incremento FET;2012-01-10;000002-Resolución N° 933-2012.pdf;Campana_2011-2012;VIRGINIA;20;1;2.297;;;2.297;4.289;4.351;0.5279246150310274;;;0.5279246150310274
2011-2012;Incremento FET;2012-01-10;000002-Resolución N° 933-2012.pdf;Campana_2011-2012;VIRGINIA;20;1;2.286;;;2.286;4.289;4.351;0.5253964605837739;;;0.5253964605837739
2011-2012;Incremento FET;2012-01-10;000002-Resolución N° 933-2012.pdf;Campana_2011-2012;CRIOLLO ARGENTINO;B2;83;2.257;1.227;;1.227;4.289;4.351;0.5187313261319237;0.2820041369800046;;0.2820041369800046
2011-2012;Incremento FET;2012-01-10;000002-Resolución N° 933-2012.pdf;Campana_2011-2012;VIRGINIA;Y;2;6467.0;;;6467.0;4.289;4.351;1486.3249827625834;;;1486.3249827625834
2011-2012;Incremento FET;2012-01-10;000002-Resolución N° 297-2012.pdf;Campana_2011-2012;VIRGINIA;C3;1;0.636;;;0.636;4.289;4.351;0.14617329349574812;;;0.14617329349574812
2011-2012;Incremento FET;2012-01-10;000002-Resolución N° 297-2012.pdf;Campana_2011-2012;VIRGINIA;Y;2;6467.0;;;6467.0;4.289;4.351;1486.3249827625834;;;1486.3249827625834
2011-2012;Incremento FET;2012-01-10;000002-Resolución N° 297-2012.pdf;Campana_2011-2012;VIRGINIA;Y;2;6467.0;;;6467.0;4.289;4.351;1486.3249827625834;;;1486.3249827625834
2011-2012;Incremento FET;2012-01-10;000002-Resolución N° 297-2012.pdf;Campana_2011-2012;VIRGINIA;Y;2;6467.0;;;6467.0;4.289;4.351;1486.3249827625834;;;1486.3249827625834
2011-2012;Incremento FET;2012-01-10;000002-Resolución N° 933-2012.pdf;Campana_2011-2012;VIRGINIA;Y;2;6467.0;;;6467.0;4.289;4.351;1486.3249827625834;;;1486.3249827625834
2011-2012;Incremento FET;2012-01-10;000002-Resolución N° 933-2012.pdf;Campana_2011-2012;CRIOLLO ARGENTINO;C;1;2.159;;;2.159;4.289;4.351;0.4962077683291197;;;0.4962077683291197
2011-2012;Incremento FET;2012-01-10;000003-Resolución N° 476-2012.pdf;Campana_2011-2012;VIRGINIA;Y;2;6467.0;;;6467.0;4.289;4.351;1486.3249827625834;;;1486.3249827625834
2011-2012;Incremento FET;2012-01-10;000002-Resolución N° 933-2012.pdf;Campana_2011-2012;CRIOLLO ARGENTINO;T;2;1.153;;;1.153;4.289;4.351;0.2649965525166628;;;0.2649965525166628
2011-2012;Incremento FET;2012-01-10;000003-Resolución N° 476-2012.pdf;Campana_2011-2012;BURLEY;Y;2;6467.0;;;6467.0;4.289;4.351;1486.3249827625834;;;1486.3249827625834
2011-2012;Incremento FET;2012-01-10;000003-Resolución N° 476-2012.pdf;Campana_2011-2012;BURLEY;Y;2;6467.0;;;6467.0;4.289;4.351;1486.3249827625834;;;1486.3249827625834
2011-2012;Incremento FET;2012-01-10;000003-Resolución N° 476-2012.pdf;Campana_2011-2012;BURLEY;16;3;1.008;1.292;1.137;1.215;4.289;4.351;0.2316708802574121;0.29694323144104806;0.26131923695702136;0.2792461503102735
2011-2012;Incremento FET;2012-01-10;000003-Resolución N° 476-2012.pdf;Campana_2011-2012;BURLEY;45;2;0.517;1.176;1.008;0.62;4.289;4.351;0.11882325902091474;0.27028269363364743;0.2316708802574121;0.14249597793610663
2011-2012;Incremento FET;2012-01-10;000003-Resolución N° 476-2012.pdf;Campana_2011-2012;BURLEY;68;5;1.099;0.931;0.62;0.956;4.289;4.351;0.2525856125028729;0.21397379912663755;0.14249597793610663;0.21971960468857732
2011-2012;Incremento FET;2012-01-10;000003-Resolución N° 476-2012.pdf;Campana_2011-2012;BURLEY;78;8;0.465;0.97;0.827;0.504;4.289;4.351;0.10687198345207999;0.22293725580326362;0.19007124798896805;0.11583544012870604
2011-2012;Incremento FET;2012-01-10;000003-Resolución N° 476-2012.pdf;Campana_2011-2012;BURLEY;56;9;0.918;;;0.918;4.289;4.351;0.21098598023442888;;;0.21098598023442888
2011-2012;Incremento FET;2012-01-10;000003-Resolución N° 476-2012.pdf;Campana_2011-2012;BURLEY;76;3;0.504;0.775;0.62;0.349;4.289;4.351;0.11583544012870604;0.1781199724201333;0.14249597793610663;0.08021144564467939
2011-2012;Incremento FET;2012-01-10;000002-Resolución N° 933-2012.pdf;Campana_2011-2012;CRIOLLO ARGENTINO;C;2;1.472;;;1.472;4.289;4.351;0.33831303148701447;;;0.33831303148701447
2011-2012;Incremento FET;2012-01-10;000003-Resolución N° 476-2012.pdf;Campana_2011-2012;BURLEY;02;4;0.8;0.949;0.853;0.747;4.289;4.351;0.1838657779820731;0.2181107791312342;0.19604688577338542;0.17168467019076075
2011-2012;Incremento FET;2012-01-10;000003-Resolución N° 476-2012.pdf;Campana_2011-2012;BURLEY;98;1;0.821;0.779;0.917;0.693;4.289;4.351;0.1886922546541025;0.17903930131004367;0.21075614801195128;0.1592737301769708
2011-2012;Incremento FET;2012-01-10;000003-Resolución N° 476-2012.pdf;Campana_2011-2012;BURLEY;84;3;0.309;0.608;0.747;0.395;4.289;4.351;0.07101815674557573;0.13973799126637554;0.17168467019076075;0.09078372787864859
2011-2012;Incremento FET;2012-01-10;000003-Resolución N° 476-2012.pdf;Campana_2011-2012;BURLEY;33;6;0.258;0.258;0.258;0.194;4.289;4.351;0.059296713399218576;0.059296713399218576;0.059296713399218576;0.04458745116065273
2011-2012;Incremento FET;2012-01-10;000002-Resolución N° 933-2012.pdf;Campana_2011-2012;CRIOLLO MISIONERO;CH;3;0.909;;;0.909;4.289;4.351;0.20891749023213055;;;0.20891749023213055
2011-2012;Incremento FET;2012-01-10;000002-Resolución N° 933-2012.pdf;Campana_2011-2012;CRIOLLO ARGENTINO;T;4;5650.0;;;5650.0;4.289;4.351;1298.5520569983912;;;1298.5520569983912
2011-2012;Incremento FET;2012-01-10;000002-Resolución N° 933-2012.pdf;Campana_2011-2012;CRIOLLO ARGENTINO;X;2;0.908;;;0.908;4.289;4.351;0.20868765800965297;;;0.20868765800965297
2011-2012;Incremento FET;2012-01-10;000002-Resolución N° 933-2012.pdf;Campana_2011-2012;CRIOLLO MISIONERO;C;1;0.877;;;0.877;4.289;4.351;0.20156285911284763;;;0.20156285911284763
2011-2012;Incremento FET;2012-01-10;000002-Resolución N° 933-2012.pdf;Campana_2011-2012;CRIOLLO MISIONERO;8;1;0.79;;;0.79;4.289;4.351;0.18156745575729719;;;0.18156745575729719
2011-2012;Incremento FET;2012-01-10;000002-Resolución N° 933-2012.pdf;Campana_2011-2012;CRIOLLO MISIONERO;90;82;0.658;;;0.658;4.289;4.351;0.15122960239025512;;;0.15122960239025512
2011-2012;Incremento FET;2012-01-10;000002-Resolución N° 933-2012.pdf;Campana_2011-2012;CRIOLLO MISIONERO;75;60;0.526;;;0.526;4.289;4.351;0.12089174902321306;;;0.12089174902321306
2011-2012;Incremento FET;2012-01-10;000002-Resolución N° 933-2012.pdf;Campana_2011-2012;CRIOLLO MISIONERO;T;1;0.439;;;0.439;4.289;4.351;0.1008963456676626;;;0.1008963456676626
2011-2012;Incremento FET;2012-01-10;000003-Resolución N° 476-2012.pdf;Campana_2011-2012;BURLEY;43;7;0.832;0.672;0.352;0.107;4.289;4.351;0.19122040910135601;0.1544472535049414;0.08090094231211216;0.024592047805102275
2011-2012;Incremento FET;2012-01-10;000002-Resolución N° 933-2012.pdf;Campana_2011-2012;BURLEY;B;3;1.165;;;1.165;4.289;4.351;0.26775453918639397;;;0.26775453918639397
2011-2012;Incremento FET;2012-01-10;000002-Resolución N° 933-2012.pdf;Campana_2011-2012;CRIOLLO MISIONERO;N;4;0.219;;;0.219;4.289;4.351;0.050333256722592506;;;0.050333256722592506
2011-2012;Incremento FET;2012-01-10;000002-Resolución N° 933-2012.pdf;Campana_2011-2012;CRIOLLO MISIONERO;2;5;0.132;;;0.132;4.289;4.351;0.03033785336704206;;;0.03033785336704206
2011-2012;Incremento FET;2012-01-10;000002-Resolución N° 933-2012.pdf;Campana_2011-2012;CRIOLLO MISIONERO;CH;1;1.212;;;1.212;4.289;4.351;0.2785566536428407;;;0.2785566536428407
2011-2012;Incremento FET;2012-01-10;000002-Resolución N° 933-2012.pdf;Campana_2011-2012;CRIOLLO MISIONERO;8;9;1.078;;;1.078;4.289;4.351;0.2477591358308435;;;0.2477591358308435
2011-2012;Resolución / Anexo General;2012-04-03;000002-Resolución N° 286-2012.pdf;Campana_2011-2012;BURLEY;56;4;0.44;0.522;0.469;0.411;4.354;4.419;0.09957003847024215;0.11812627291242364;0.10613260918759901;0.09300746775288526
2011-2012;Resolución / Anexo General;2012-04-03;000002-Resolución N° 286-2012.pdf;Campana_2011-2012;BURLEY;Y;2;6467.0;;;6467.0;4.354;4.419;1463.4532699705817;;;1463.4532699705817
2011-2012;Resolución / Anexo General;2012-04-03;000002-Resolución N° 286-2012.pdf;Campana_2011-2012;VIRGINIA;Y;2;6467.0;;;6467.0;4.354;4.419;1463.4532699705817;;;1463.4532699705817
2011-2012;Resolución / Anexo General;2012-04-03;000002-Resolución N° 286-2012.pdf;Campana_2011-2012;BURLEY;53;9;0.451;0.428;0.504;0.381;4.354;4.419;0.1020592894319982;0.09685449196650826;0.11405295315682282;0.08621860149355058
2011-2012;Resolución / Anexo General;2012-04-03;000002-Resolución N° 286-2012.pdf;Campana_2011-2012;BURLEY;48;3;0.17;334.0;0.411;0.218;4.354;4.419;0.038470242136229925;75.5827110205929;0.09300746775288526;0.049332428151165425
2011-2012;Resolución / Anexo General;2012-04-03;000002-Resolución N° 286-2012.pdf;Campana_2011-2012;BURLEY;17;6;0.148;;;0.148;4.354;4.419;0.03349174021271781;;;0.03349174021271781
2011-2012;Resolución / Anexo General;2012-04-03;000002-Resolución N° 286-2012.pdf;Campana_2011-2012;BURLEY;52;9;0.469;0.566;0.498;0.487;4.354;4.419;0.10613260918759901;0.12808327675944783;0.11269517990495588;0.11020592894319983
2011-2012;Resolución / Anexo General;2012-04-03;000002-Resolución N° 286-2012.pdf;Campana_2011-2012;BURLEY;Y;2;6467.0;;;6467.0;4.354;4.419;1463.4532699705817;;;1463.4532699705817
2012-2013;Incremento FET;2012-12-20;000018-Resolución Nº 320-2013.pdf;Campana_2012-2013;BURLEY;6;3;0.231;;;0.231;4.868;4.935;0.04680851063829788;;;0.04680851063829788
2012-2013;Incremento FET;2012-12-20;000018-Resolución Nº 320-2013.pdf;Campana_2012-2013;BURLEY;N;6;1303.0;;;1303.0;4.868;4.935;264.03242147923004;;;264.03242147923004
2012-2013;Incremento FET;2012-12-20;000018-Resolución Nº 320-2013.pdf;Campana_2012-2013;BURLEY;644;92;0.539;;;0.539;4.868;4.935;0.10921985815602839;;;0.10921985815602839
2012-2013;Incremento FET;2012-12-20;000018-Resolución Nº 320-2013.pdf;Campana_2012-2013;BURLEY;7;1;0.511;;;0.511;4.868;4.935;0.10354609929078015;;;0.10354609929078015
2012-2013;Incremento FET;2012-12-20;000018-Resolución Nº 320-2013.pdf;Campana_2012-2013;BURLEY;7;9;0.263;;;0.263;4.868;4.935;0.05329280648429585;;;0.05329280648429585
2012-2013;Incremento FET;2012-12-20;000018-Resolución Nº 320-2013.pdf;Campana_2012-2013;BURLEY;546;18;0.441;;;0.441;4.868;4.935;0.08936170212765958;;;0.08936170212765958
2012-2013;Incremento FET;2012-12-20;000018-Resolución Nº 320-2013.pdf;Campana_2012-2013;BURLEY;3;3;0.07;;;0.07;4.868;4.935;0.01418439716312057;;;0.01418439716312057
2012-2013;Resolución / Anexo General;2012-12-20;000020-Resolucion Nº 122-2013.pdf;Campana_2012-2013;VIRGINIA;Y;2;6467.0;;;6467.0;4.868;4.935;1310.4356636271532;;;1310.4356636271532
2012-2013;Resolución / Anexo General;2012-12-20;000020-Resolucion Nº 122-2013.pdf;Campana_2012-2013;BURLEY;56;9;2.283;2.854;2.426;12.369;4.868;4.935;0.46261398176291796;0.5783181357649443;0.49159067882472146;2.5063829787234044
2012-2013;Resolución / Anexo General;2012-12-20;000020-Resolucion Nº 122-2013.pdf;Campana_2012-2013;BURLEY;08;3;2.455;1.855;2.255;0.828;4.868;4.935;0.4974670719351571;0.3758865248226951;0.4569402228976697;0.16778115501519758
2012-2013;Incremento FET;2012-12-20;000018-Resolución Nº 320-2013.pdf;Campana_2012-2013;BURLEY;7;5;0.623;;;0.623;4.868;4.935;0.12624113475177307;;;0.12624113475177307
2012-2013;Resolución / Anexo General;2012-12-20;000020-Resolucion Nº 122-2013.pdf;Campana_2012-2013;BURLEY;99;8;1.056;1.17;2.226;1.798;4.868;4.935;0.21398176291793317;0.23708206686930092;0.4510638297872341;0.3643363728470112
2012-2013;Incremento FET;2012-12-20;000021-Resolución Nº 467-2013.pdf;Campana_2012-2013;VIRGINIA;Y;2;6467.0;;;6467.0;4.868;4.935;1310.4356636271532;;;1310.4356636271532
2012-2013;Incremento FET;2012-12-20;000021-Resolución Nº 467-2013.pdf;Campana_2012-2013;BURLEY;Y;2;6467.0;;;6467.0;4.868;4.935;1310.4356636271532;;;1310.4356636271532
2012-2013;Incremento FET;2012-12-20;000021-Resolución Nº 467-2013.pdf;Campana_2012-2013;BURLEY;20;1;2.122;;;2.122;4.868;4.935;0.42998986828774066;;;0.42998986828774066
2012-2013;Incremento FET;2012-12-20;000021-Resolución Nº 467-2013.pdf;Campana_2012-2013;BURLEY;B1;1;0.818;;;0.818;4.868;4.935;0.1657548125633232;;;0.1657548125633232
2012-2013;Incremento FET;2012-12-20;000021-Resolución Nº 467-2013.pdf;Campana_2012-2013;BURLEY;C;3;0.603;;;0.603;4.868;4.935;0.12218844984802432;;;0.12218844984802432
2012-2013;Incremento FET;2012-12-20;000021-Resolución Nº 467-2013.pdf;Campana_2012-2013;BURLEY;C;2;1.004;;;1.004;4.868;4.935;0.20344478216818643;;;0.20344478216818643
2012-2013;Incremento FET;2012-12-20;000021-Resolución Nº 467-2013.pdf;Campana_2012-2013;CRIOLLO MISIONERO;CH;1;0.576;;;0.576;4.868;4.935;0.11671732522796352;;;0.11671732522796352
2012-2013;Incremento FET;2012-12-20;000071-Resolución Nº 214-2013.pdf;Campana_2012-2013;VIRGINIA;Y;2;6467.0;;;6467.0;4.868;4.935;1310.4356636271532;;;1310.4356636271532
2012-2013;Resolución / Anexo General;2012-12-20;000020-Resolucion Nº 122-2013.pdf;Campana_2012-2013;BURLEY;94;2;0.285;0.856;0.856;0.714;4.868;4.935;0.057750759878419454;0.17345491388044582;0.17345491388044582;0.1446808510638298
2012-2013;Incremento FET;2012-12-20;000018-Resolución Nº 320-2013.pdf;Campana_2012-2013;BURLEY;630;90;0.56;;;0.56;4.868;4.935;0.11347517730496456;;;0.11347517730496456
2012-2013;Incremento FET;2012-12-20;000071-Resolución Nº 214-2013.pdf;Campana_2012-2013;VIRGINIA;Y;2;6467.0;;;6467.0;4.868;4.935;1310.4356636271532;;;1310.4356636271532
2012-2013;Incremento FET;2012-12-20;000018-Resolución Nº 320-2013.pdf;Campana_2012-2013;BURLEY;W;1;9800.0;;;9800.0;4.868;4.935;1985.8156028368796;;;1985.8156028368796
2012-2013;Incremento FET;2012-12-20;000018-Resolución Nº 320-2013.pdf;Campana_2012-2013;VIRGINIA;Y;2;6467.0;;;6467.0;4.868;4.935;1310.4356636271532;;;1310.4356636271532
2012-2013;Incremento FET;2012-12-20;000018-Resolución Nº 320-2013.pdf;Campana_2012-2013;VIRGINIA;NO;1;9800.0;;;9800.0;4.868;4.935;1985.8156028368796;;;1985.8156028368796
2012-2013;Incremento FET;2012-12-20;000071-Resolución Nº 214-2013.pdf;Campana_2012-2013;VIRGINIA;B2;5;0.704;;;0.704;4.868;4.935;0.14265450861195542;;;0.14265450861195542
2012-2013;Incremento FET;2012-12-20;000071-Resolución Nº 214-2013.pdf;Campana_2012-2013;VIRGINIA;Y;2;6467.0;;;6467.0;4.868;4.935;1310.4356636271532;;;1310.4356636271532
2012-2013;Incremento FET;2012-12-20;000071-Resolución Nº 214-2013.pdf;Campana_2012-2013;VIRGINIA;85;8;1.1;;;1.1;4.868;4.935;0.22289766970618038;;;0.22289766970618038
2012-2013;Incremento FET;2012-12-20;000071-Resolución Nº 214-2013.pdf;Campana_2012-2013;VIRGINIA;03;4;0.902;;;0.902;4.868;4.935;0.1827760891590679;;;0.1827760891590679
2012-2013;Incremento FET;2012-12-20;000071-Resolución Nº 214-2013.pdf;Campana_2012-2013;VIRGINIA;78;1;0.891;;;0.891;4.868;4.935;0.1805471124620061;;;0.1805471124620061
2012-2013;Incremento FET;2012-12-20;000071-Resolución Nº 214-2013.pdf;Campana_2012-2013;VIRGINIA;67;1;0.396;;;0.396;4.868;4.935;0.08024316109422494;;;0.08024316109422494
2012-2013;Incremento FET;2012-12-20;000071-Resolución Nº 214-2013.pdf;Campana_2012-2013;VIRGINIA;Y;2;6467.0;;;6467.0;4.868;4.935;1310.4356636271532;;;1310.4356636271532
2013-2014;Resolución / Anexo General;2014-02-21;000068-Resolución Nº 527-2014.pdf;Campana_2013-2014;VIRGINIA;Y;2;6467.0;;;6467.0;7.774;7.917;816.8498168498169;;;816.8498168498169
2013-2014;Resolución / Anexo General;2014-02-21;000068-Resolución Nº 527-2014.pdf;Campana_2013-2014;CRIOLLO MISIONERO;Y;2;6467.0;;;6467.0;7.774;7.917;816.8498168498169;;;816.8498168498169
2013-2014;Resolución / Anexo General;2014-02-21;000068-Resolución Nº 527-2014.pdf;Campana_2013-2014;BURLEY;30;25;1.238;1.1;1.375;1.169;7.774;7.917;0.156372363268915;0.1389415182518631;0.17367689781482884;0.14765694076038904
2013-2014;Resolución / Anexo General;2014-02-21;000068-Resolución Nº 527-2014.pdf;Campana_2013-2014;CRIOLLO MISIONERO;C;2;0.905;;;0.905;7.774;7.917;0.1143109763799419;;;0.1143109763799419
2013-2014;Resolución / Anexo General;2014-02-21;000068-Resolución Nº 527-2014.pdf;Campana_2013-2014;CRIOLLO MISIONERO;B;1;1.018;;;1.018;7.774;7.917;0.12858405961854238;;;0.12858405961854238
2013-2014;Incremento FET;2014-02-21;000069-Resolución Nº 123-2014.pdf;Campana_2013-2014;VIRGINIA;Y;2;6467.0;;;6467.0;7.774;7.917;816.8498168498169;;;816.8498168498169
2013-2014;Resolución / Anexo General;2014-02-21;000068-Resolución Nº 527-2014.pdf;Campana_2013-2014;CRIOLLO MISIONERO;N;4;0.283;;;0.283;7.774;7.917;0.03574586333207023;;;0.03574586333207023
2013-2014;Resolución / Anexo General;2014-02-21;000068-Resolución Nº 527-2014.pdf;Campana_2013-2014;CRIOLLO MISIONERO;N;5;0.17;;;0.17;7.774;7.917;0.02147278009346975;;;0.02147278009346975
2013-2014;Incremento FET;2014-02-21;000069-Resolución Nº 123-2014.pdf;Campana_2013-2014;VIRGINIA;Y;2;6467.0;;;6467.0;7.774;7.917;816.8498168498169;;;816.8498168498169
2013-2014;Incremento FET;2014-02-21;000069-Resolución Nº 123-2014.pdf;Campana_2013-2014;BURLEY;Y;2;6467.0;;;6467.0;7.774;7.917;816.8498168498169;;;816.8498168498169
2013-2014;Resolución / Anexo General;2014-02-21;000068-Resolución Nº 527-2014.pdf;Campana_2013-2014;CRIOLLO MISIONERO;8;2;0.848;;;0.848;7.774;7.917;0.10711127952507263;;;0.10711127952507263
2013-2014;Resolución / Anexo General;2014-02-21;000068-Resolución Nº 527-2014.pdf;Campana_2013-2014;VIRGINIA;Y;2;6467.0;;;6467.0;7.774;7.917;816.8498168498169;;;816.8498168498169
2014-2015;Incremento FET;2015-01-22;000067-Resolución Nº 257-2015.pdf;Campana_2014-2015;VIRGINIA;1;5;1.995;;;1.995;8.567;8.676;0.22994467496542187;;;0.22994467496542187
2014-2015;Incremento FET;2015-01-22;000067-Resolución Nº 257-2015.pdf;Campana_2014-2015;VIRGINIA;9;5;1.52;;;1.52;8.567;8.676;0.1751959428307976;;;0.1751959428307976
2014-2015;Incremento FET;2015-01-22;000066-Resolución Nº 505-2015.pdf;Campana_2014-2015;VIRGINIA;1570;60;0.925;;;0.925;8.567;8.676;0.10661595205163671;;;0.10661595205163671
2014-2015;Incremento FET;2015-01-22;000066-Resolución Nº 505-2015.pdf;Campana_2014-2015;CRIOLLO ARGENTINO;9;1;2.478;;;2.478;8.567;8.676;0.2856154910096819;;;0.2856154910096819
2014-2015;Incremento FET;2015-01-22;000066-Resolución Nº 505-2015.pdf;Campana_2014-2015;CRIOLLO ARGENTINO;3;3;1.239;;;1.239;8.567;8.676;0.14280774550484096;;;0.14280774550484096
2014-2015;Incremento FET;2015-01-22;000066-Resolución Nº 505-2015.pdf;Campana_2014-2015;CRIOLLO ARGENTINO;C;2;1.486;;;1.486;8.567;8.676;0.17127708621484555;;;0.17127708621484555
2014-2015;Incremento FET;2015-01-22;000066-Resolución Nº 505-2015.pdf;Campana_2014-2015;CRIOLLO ARGENTINO;T;2;1.165;;;1.165;8.567;8.676;0.13427846934071;;;0.13427846934071
2014-2015;Incremento FET;2015-01-22;000066-Resolución Nº 505-2015.pdf;Campana_2014-2015;CRIOLLO ARGENTINO;T;4;0.57;;;0.57;8.567;8.676;0.06569847856154909;;;0.06569847856154909
2014-2015;Incremento FET;2015-01-22;000066-Resolución Nº 505-2015.pdf;Campana_2014-2015;CRIOLLO ARGENTINO;X;2;0.917;;;0.917;8.567;8.676;0.10569386814200092;;;0.10569386814200092
2014-2015;Incremento FET;2015-01-22;000067-Resolución Nº 257-2015.pdf;Campana_2014-2015;BURLEY;8;5;0.0;;;0.0;8.567;8.676;0.0;;;0.0
2014-2015;Incremento FET;2015-01-22;000066-Resolución Nº 505-2015.pdf;Campana_2014-2015;CRIOLLO MISIONERO;C;2;1.349;;;1.349;8.567;8.676;0.15548639926233288;;;0.15548639926233288
2014-2015;Incremento FET;2015-01-22;000066-Resolución Nº 505-2015.pdf;Campana_2014-2015;CRIOLLO MISIONERO;B;2;1.264;;;1.264;8.567;8.676;0.14568925772245275;;;0.14568925772245275
2014-2015;Incremento FET;2015-01-22;000067-Resolución Nº 257-2015.pdf;Campana_2014-2015;VIRGINIA;1400;60;0.912;;;0.912;8.567;8.676;0.10511756569847856;;;0.10511756569847856
2014-2015;Incremento FET;2015-01-22;000066-Resolución Nº 505-2015.pdf;Campana_2014-2015;CRIOLLO ARGENTINO;X;4;0.421;;;0.421;8.567;8.676;0.04852466574458275;;;0.04852466574458275
2014-2015;Incremento FET;2015-01-22;000067-Resolución Nº 257-2015.pdf;Campana_2014-2015;VIRGINIA;2;7;0.912;;;0.912;8.567;8.676;0.10511756569847856;;;0.10511756569847856
2014-2015;Incremento FET;2015-01-22;000067-Resolución Nº 257-2015.pdf;Campana_2014-2015;VIRGINIA;4;8;0.817;;;0.817;8.567;8.676;0.09416781927155371;;;0.09416781927155371
2014-2015;Incremento FET;2015-01-22;000067-Resolución Nº 257-2015.pdf;Campana_2014-2015;VIRGINIA;4;3;0.95;;;0.95;8.567;8.676;0.1094974642692485;;;0.1094974642692485
2014-2015;Incremento FET;2015-01-22;000067-Resolución Nº 257-2015.pdf;Campana_2014-2015;VIRGINIA;3;7;0.741;;;0.741;8.567;8.676;0.08540802213001383;;;0.08540802213001383
2014-2015;Incremento FET;2015-01-22;000067-Resolución Nº 257-2015.pdf;Campana_2014-2015;VIRGINIA;3;9;0.494;;;0.494;8.567;8.676;0.05693868142000922;;;0.05693868142000922
2014-2015;Incremento FET;2015-01-22;000067-Resolución Nº 257-2015.pdf;Campana_2014-2015;VIRGINIA;2;6;0.38;;;0.38;8.567;8.676;0.0437989857076994;;;0.0437989857076994
2014-2015;Incremento FET;2015-01-22;000067-Resolución Nº 257-2015.pdf;Campana_2014-2015;VIRGINIA;1;5;0.323;;;0.323;8.567;8.676;0.03722913785154449;;;0.03722913785154449
2014-2015;Incremento FET;2015-01-22;000067-Resolución Nº 257-2015.pdf;Campana_2014-2015;VIRGINIA;1;7;0.323;;;0.323;8.567;8.676;0.03722913785154449;;;0.03722913785154449
2014-2015;Incremento FET;2015-01-22;000067-Resolución Nº 257-2015.pdf;Campana_2014-2015;VIRGINIA;1;7;0.285;;;0.285;8.567;8.676;0.032849239280774545;;;0.032849239280774545
2014-2015;Incremento FET;2015-01-22;000067-Resolución Nº 257-2015.pdf;Campana_2014-2015;VIRGINIA;4;8;0.513;;;0.513;8.567;8.676;0.05912863070539419;;;0.05912863070539419
2014-2015;Incremento FET;2015-01-22;000067-Resolución Nº 257-2015.pdf;Campana_2014-2015;VIRGINIA;10;5;1.805;;;1.805;8.567;8.676;0.20804518211157214;;;0.20804518211157214
2016-2017;Incremento FET;2017-10-20;0001007-Anexo V.pdf;Campana_2016-2017;CRIOLLO MISIONERO;B;2;1.277;;;1.277;17.275;17.74;0.07198421645997745;;;0.07198421645997745
2016-2017;Incremento FET;2017-10-20;0001007-Anexo V.pdf;Campana_2016-2017;CRIOLLO MISIONERO;T;1;1.022;;;1.022;17.275;17.74;0.05760992108229989;;;0.05760992108229989
2016-2017;Incremento FET;2017-10-20;0001007-Anexo V.pdf;Campana_2016-2017;CRIOLLO MISIONERO;N;4;0.426;;;0.426;17.275;17.74;0.024013528748590758;;;0.024013528748590758
2016-2017;Incremento FET;2017-10-20;0001007-Anexo V.pdf;Campana_2016-2017;CRIOLLO MISIONERO;B;1;1.533;;;1.533;17.275;17.74;0.08641488162344983;;;0.08641488162344983
2016-2017;Incremento FET;2017-10-20;0001008-Anexo VI.pdf;Campana_2016-2017;CRIOLLO CHAQUEÑO;CH;1;2.353;;;2.353;17.275;17.74;0.13263810597519732;;;0.13263810597519732
2016-2017;Incremento FET;2017-10-20;0001008-Anexo VI.pdf;Campana_2016-2017;CRIOLLO CHAQUEÑO;CH;2;2.094;;;2.094;17.275;17.74;0.11803833145434048;;;0.11803833145434048
2016-2017;Incremento FET;2017-10-20;0001008-Anexo VI.pdf;Campana_2016-2017;CRIOLLO CHAQUEÑO;CH;3;1.765;;;1.765;17.275;17.74;0.09949267192784668;;;0.09949267192784668
2016-2017;Incremento FET;2017-10-20;0001007-Anexo V.pdf;Campana_2016-2017;CRIOLLO MISIONERO;N;5;0.255;;;0.255;17.275;17.74;0.014374295377677567;;;0.014374295377677567
2016-2017;Incremento FET;2017-10-20;0001007-Anexo V.pdf;Campana_2016-2017;CRIOLLO MISIONERO;C;2;1.362;;;1.362;17.275;17.74;0.07677564825253665;;;0.07677564825253665
2016-2017;Incremento FET;2017-10-20;0001007-Anexo V.pdf;Campana_2016-2017;CRIOLLO MISIONERO;X;1;0.852;;;0.852;17.275;17.74;0.048027057497181516;;;0.048027057497181516
2016-2017;Incremento FET;2017-10-20;0001006-Anexo IV.pdf;Campana_2016-2017;CRIOLLO CORRENTINO;X;2;0.959;;;0.959;17.275;17.74;0.054058624577226606;;;0.054058624577226606
2016-2017;Incremento FET;2017-10-20;0001005-Anexo III.pdf;Campana_2016-2017;CRIOLLO ARGENTINO;C;1;2.3;;;2.3;17.275;17.74;0.12965050732807215;;;0.12965050732807215
2016-2017;Incremento FET;2017-10-20;0001005-Anexo III.pdf;Campana_2016-2017;CRIOLLO ARGENTINO;B;3;1.307;;;1.307;17.275;17.74;0.07367531003382187;;;0.07367531003382187
2016-2017;Incremento FET;2017-10-20;0001005-Anexo III.pdf;Campana_2016-2017;CRIOLLO ARGENTINO;B;2;2.405;;;2.405;17.275;17.74;0.1355693348365276;;;0.1355693348365276
2016-2017;Incremento FET;2017-10-20;0001007-Anexo V.pdf;Campana_2016-2017;CRIOLLO MISIONERO;C;1;1.703;;;1.703;17.275;17.74;0.09599774520856821;;;0.09599774520856821
2016-2017;Incremento FET;2017-10-20;0001005-Anexo III.pdf;Campana_2016-2017;CRIOLLO ARGENTINO;C;2;1.568;;;1.568;17.275;17.74;0.08838782412626833;;;0.08838782412626833
2016-2017;Incremento FET;2017-10-20;0001005-Anexo III.pdf;Campana_2016-2017;CRIOLLO ARGENTINO;T;2;1.229;;;1.229;17.275;17.74;0.06927846674182639;;;0.06927846674182639
2016-2017;Incremento FET;2017-10-20;0001005-Anexo III.pdf;Campana_2016-2017;CRIOLLO ARGENTINO;B;1;2.614;;;2.614;17.275;17.74;0.14735062006764374;;;0.14735062006764374
2016-2017;Incremento FET;2017-10-20;0001005-Anexo III.pdf;Campana_2016-2017;CRIOLLO ARGENTINO;X;2;0.967;;;0.967;17.275;17.74;0.05450958286358512;;;0.05450958286358512
2016-2017;Incremento FET;2017-10-20;0001005-Anexo III.pdf;Campana_2016-2017;CRIOLLO ARGENTINO;X;4;0.444;;;0.444;17.275;17.74;0.02502818489289741;;;0.02502818489289741
2016-2017;Incremento FET;2017-10-20;0001006-Anexo IV.pdf;Campana_2016-2017;CRIOLLO CORRENTINO;C;1;1.546;;;1.546;17.275;17.74;0.08714768883878242;;;0.08714768883878242
2016-2017;Incremento FET;2017-10-20;0001006-Anexo IV.pdf;Campana_2016-2017;CRIOLLO CORRENTINO;C;2;1.376;;;1.376;17.275;17.74;0.07756482525366404;;;0.07756482525366404
2016-2017;Incremento FET;2017-10-20;0001006-Anexo IV.pdf;Campana_2016-2017;CRIOLLO CORRENTINO;C;3;1.175;;;1.175;17.275;17.74;0.06623449830890643;;;0.06623449830890643
2016-2017;Incremento FET;2017-10-20;0001006-Anexo IV.pdf;Campana_2016-2017;CRIOLLO CORRENTINO;X;1;1.268;;;1.268;17.275;17.74;0.07147688838782414;;;0.07147688838782414
2016-2017;Incremento FET;2017-10-20;0001005-Anexo III.pdf;Campana_2016-2017;CRIOLLO ARGENTINO;T;4;0.601;;;0.601;17.275;17.74;0.033878241262683205;;;0.033878241262683205
2017-2018;Resolución / Anexo General;2018-01-08;0001003-Anexo de la Resolución Nº 15-2018.pdf;Campana_2017-2018;CRIOLLO MISIONERO;B;1;3.519;;;3.519;18.843;19.338;0.18197331678560347;;;0.18197331678560347
2017-2018;Resolución / Anexo General;2018-01-08;0001003-Anexo de la Resolución Nº 15-2018.pdf;Campana_2017-2018;CRIOLLO CHAQUEÑO;CH;3;3.128;;;3.128;18.843;19.338;0.16175405936498086;;;0.16175405936498086
2017-2018;Resolución / Anexo General;2018-01-08;0001003-Anexo de la Resolución Nº 15-2018.pdf;Campana_2017-2018;CRIOLLO CHAQUEÑO;CH;2;3.712;;;3.712;18.843;19.338;0.19195366635639674;;;0.19195366635639674
2017-2018;Resolución / Anexo General;2018-01-08;0001003-Anexo de la Resolución Nº 15-2018.pdf;Campana_2017-2018;CRIOLLO CHAQUEÑO;CH;1;4.171;;;4.171;18.843;19.338;0.21568931637191024;;;0.21568931637191024
2017-2018;Resolución / Anexo General;2018-01-08;0001003-Anexo de la Resolución Nº 15-2018.pdf;Campana_2017-2018;CRIOLLO MISIONERO;N;4;0.978;;;0.978;18.843;19.338;0.050573999379460124;;;0.050573999379460124
2017-2018;Resolución / Anexo General;2018-01-08;0001003-Anexo de la Resolución Nº 15-2018.pdf;Campana_2017-2018;CRIOLLO MISIONERO;X;1;1.955;;;1.955;18.843;19.338;0.10109628710311304;;;0.10109628710311304
2017-2018;Resolución / Anexo General;2018-01-08;0001003-Anexo de la Resolución Nº 15-2018.pdf;Campana_2017-2018;CRIOLLO MISIONERO;T;1;2.346;;;2.346;18.843;19.338;0.12131554452373565;;;0.12131554452373565
2017-2018;Resolución / Anexo General;2018-01-08;0001003-Anexo de la Resolución Nº 15-2018.pdf;Campana_2017-2018;CRIOLLO MISIONERO;B;2;2.933;;;2.933;18.843;19.338;0.15167028648257316;;;0.15167028648257316
2017-2018;Resolución / Anexo General;2018-01-08;0001003-Anexo de la Resolución Nº 15-2018.pdf;Campana_2017-2018;CRIOLLO MISIONERO;C;2;3.128;;;3.128;18.843;19.338;0.16175405936498086;;;0.16175405936498086
2017-2018;Resolución / Anexo General;2018-01-08;0001003-Anexo de la Resolución Nº 15-2018.pdf;Campana_2017-2018;CRIOLLO MISIONERO;N;5;0.587;;;0.587;18.843;19.338;0.030354741958837517;;;0.030354741958837517
2017-2018;Resolución / Anexo General;2018-01-08;0001003-Anexo de la Resolución Nº 15-2018.pdf;Campana_2017-2018;CRIOLLO CORRENTINO;X;2;2.174;;;2.174;18.843;19.338;0.11242113972489398;;;0.11242113972489398
2017-2018;Resolución / Anexo General;2018-01-08;0001003-Anexo de la Resolución Nº 15-2018.pdf;Campana_2017-2018;CRIOLLO ARGENTINO;B;1;6.419;;;6.419;18.843;19.338;0.3319371186265384;;;0.3319371186265384
2017-2018;Resolución / Anexo General;2018-01-08;0001003-Anexo de la Resolución Nº 15-2018.pdf;Campana_2017-2018;CRIOLLO MISIONERO;C;1;3.91;;;3.91;18.843;19.338;0.20219257420622608;;;0.20219257420622608
2017-2018;Resolución / Anexo General;2018-01-08;0001003-Anexo de la Resolución Nº 15-2018.pdf;Campana_2017-2018;CRIOLLO ARGENTINO;B;2;5.905;;;5.905;18.843;19.338;0.30535732754162787;;;0.30535732754162787
2017-2018;Resolución / Anexo General;2018-01-08;0001003-Anexo de la Resolución Nº 15-2018.pdf;Campana_2017-2018;CRIOLLO ARGENTINO;C;1;5.649;;;5.649;18.843;19.338;0.2921191436549798;;;0.2921191436549798
2017-2018;Resolución / Anexo General;2018-01-08;0001003-Anexo de la Resolución Nº 15-2018.pdf;Campana_2017-2018;CRIOLLO ARGENTINO;C;2;3.851;;;3.851;18.843;19.338;0.19914158651360014;;;0.19914158651360014
2017-2018;Resolución / Anexo General;2018-01-08;0001003-Anexo de la Resolución Nº 15-2018.pdf;Campana_2017-2018;CRIOLLO ARGENTINO;T;2;3.017;;;3.017;18.843;19.338;0.15601406557037956;;;0.15601406557037956
2017-2018;Resolución / Anexo General;2018-01-08;0001003-Anexo de la Resolución Nº 15-2018.pdf;Campana_2017-2018;CRIOLLO ARGENTINO;T;4;1.476;;;1.476;18.843;19.338;0.07632640397145517;;;0.07632640397145517
2017-2018;Resolución / Anexo General;2018-01-08;0001003-Anexo de la Resolución Nº 15-2018.pdf;Campana_2017-2018;CRIOLLO ARGENTINO;B;3;3.21;;;3.21;18.843;19.338;0.1659944151411728;;;0.1659944151411728
2017-2018;Resolución / Anexo General;2018-01-08;0001003-Anexo de la Resolución Nº 15-2018.pdf;Campana_2017-2018;CRIOLLO ARGENTINO;X;4;1.091;;;1.091;18.843;19.338;0.056417416485675866;;;0.056417416485675866
2017-2018;Resolución / Anexo General;2018-01-08;0001003-Anexo de la Resolución Nº 15-2018.pdf;Campana_2017-2018;CRIOLLO CORRENTINO;C;1;3.506;;;3.506;18.843;19.338;0.1813010652601096;;;0.1813010652601096
2017-2018;Resolución / Anexo General;2018-01-08;0001003-Anexo de la Resolución Nº 15-2018.pdf;Campana_2017-2018;CRIOLLO CORRENTINO;C;2;3.12;;;3.12;18.843;19.338;0.16134036611852312;;;0.16134036611852312
2017-2018;Resolución / Anexo General;2018-01-08;0001003-Anexo de la Resolución Nº 15-2018.pdf;Campana_2017-2018;CRIOLLO CORRENTINO;C;3;2.665;;;2.665;18.843;19.338;0.13781156272623848;;;0.13781156272623848
2017-2018;Resolución / Anexo General;2018-01-08;0001003-Anexo de la Resolución Nº 15-2018.pdf;Campana_2017-2018;CRIOLLO CORRENTINO;X;1;2.875;;;2.875;18.843;19.338;0.14867101044575445;;;0.14867101044575445
2017-2018;Resolución / Anexo General;2018-01-08;0001003-Anexo de la Resolución Nº 15-2018.pdf;Campana_2017-2018;CRIOLLO ARGENTINO;X;2;2.375;;;2.375;18.843;19.338;0.12281518254214499;;;0.12281518254214499
2017-2018;Resolución / Anexo General;2018-10-18;0001003-Anexo de la Resolución Nº 21-2018.pdf;Campana_2017-2018;CRIOLLO ARGENTINO;B2;92;5.905;;;5.905;35.607;37.507;0.1574372783747034;;;0.1574372783747034
2017-2018;Resolución / Anexo General;2018-10-18;0001003-Anexo de la Resolución Nº 21-2018.pdf;Campana_2017-2018;BURLEY;X3K;41;2.969;;;2.969;35.607;37.507;0.07915855706934706;;;0.07915855706934706
2017-2018;Resolución / Anexo General;2018-10-18;0001003-Anexo de la Resolución Nº 21-2018.pdf;Campana_2017-2018;CRIOLLO ARGENTINO;B1;100;9.0;;;9.0;35.607;37.507;0.23995520836110595;;;0.23995520836110595
2017-2018;Resolución / Anexo General;2018-10-18;0001003-Anexo de la Resolución Nº 21-2018.pdf;Campana_2017-2018;BURLEY;NB;25;1.811;;;1.811;35.607;37.507;0.048284320260218096;;;0.048284320260218096
2017-2018;Resolución / Anexo General;2018-10-18;0001003-Anexo de la Resolución Nº 21-2018.pdf;Campana_2017-2018;BURLEY;NX;30;2.173;;;2.173;35.607;37.507;0.05793585197429814;;;0.05793585197429814
2017-2018;Resolución / Anexo General;2018-10-18;0001003-Anexo de la Resolución Nº 21-2018.pdf;Campana_2017-2018;BURLEY;NG;10;0.724;;;0.724;35.607;37.507;0.019303063428160076;;;0.019303063428160076
2017-2018;Resolución / Anexo General;2018-10-18;0001003-Anexo de la Resolución Nº 21-2018.pdf;Campana_2017-2018;BURLEY;B3K;33;2.39;;;2.39;35.607;37.507;0.06372143866478258;;;0.06372143866478258
2017-2018;Resolución / Anexo General;2018-10-18;0001003-Anexo de la Resolución Nº 21-2018.pdf;Campana_2017-2018;BURLEY;B3FR;63;4.562;;;4.562;35.607;37.507;0.12163062894926281;;;0.12163062894926281
2017-2018;Resolución / Anexo General;2018-10-18;0001003-Anexo de la Resolución Nº 21-2018.pdf;Campana_2017-2018;BURLEY;B3F;78;5.649;;;5.649;35.607;37.507;0.15061188578132084;;;0.15061188578132084
2017-2018;Resolución / Anexo General;2018-10-18;0001003-Anexo de la Resolución Nº 21-2018.pdf;Campana_2017-2018;BURLEY;C3K;37;2.68;;;2.68;35.607;37.507;0.07145332871197377;;;0.07145332871197377
2017-2018;Resolución / Anexo General;2018-10-18;0001003-Anexo de la Resolución Nº 21-2018.pdf;Campana_2017-2018;BURLEY;C2L;73;5.287;;;5.287;35.607;37.507;0.14096035406724078;;;0.14096035406724078
2017-2018;Resolución / Anexo General;2018-10-18;0001003-Anexo de la Resolución Nº 21-2018.pdf;Campana_2017-2018;BURLEY;C3L;57;4.128;;;4.128;35.607;37.507;0.11005945556829393;;;0.11005945556829393
2017-2018;Resolución / Anexo General;2018-10-18;0001003-Anexo de la Resolución Nº 21-2018.pdf;Campana_2017-2018;BURLEY;T3K;29;2.1;;;2.1;35.607;37.507;0.05598954861759139;;;0.05598954861759139
2017-2018;Resolución / Anexo General;2018-10-18;0001003-Anexo de la Resolución Nº 21-2018.pdf;Campana_2017-2018;BURLEY;X2F;79;5.721;;;5.721;35.607;37.507;0.1525315274482097;;;0.1525315274482097
2017-2018;Resolución / Anexo General;2018-10-18;0001003-Anexo de la Resolución Nº 21-2018.pdf;Campana_2017-2018;BURLEY;X2L;65;4.707;;;4.707;35.607;37.507;0.1254965739728584;;;0.1254965739728584
2017-2018;Resolución / Anexo General;2018-10-18;0001003-Anexo de la Resolución Nº 21-2018.pdf;Campana_2017-2018;BURLEY;C2F;86;6.228;;;6.228;35.607;37.507;0.1660490041858853;;;0.1660490041858853
2017-2018;Resolución / Anexo General;2018-10-18;0001003-Anexo de la Resolución Nº 21-2018.pdf;Campana_2017-2018;BURLEY;B2FR;77;5.576;;;5.576;35.607;37.507;0.14866558242461406;;;0.14866558242461406
2017-2018;Resolución / Anexo General;2018-10-18;0001003-Anexo de la Resolución Nº 21-2018.pdf;Campana_2017-2018;BURLEY;B2F;92;6.663;;;6.663;35.607;37.507;0.1776468392566721;;;0.1776468392566721
2017-2018;Resolución / Anexo General;2018-10-18;0001003-Anexo de la Resolución Nº 21-2018.pdf;Campana_2017-2018;BURLEY;T2FR;70;5.069;;;5.069;35.607;37.507;0.13514810568693844;;;0.13514810568693844
2017-2018;Resolución / Anexo General;2018-10-18;0001003-Anexo de la Resolución Nº 21-2018.pdf;Campana_2017-2018;BURLEY;T2F;80;5.794;;;5.794;35.607;37.507;0.15447783080491642;;;0.15447783080491642
2017-2018;Resolución / Anexo General;2018-10-18;0001003-Anexo de la Resolución Nº 21-2018.pdf;Campana_2017-2018;CRIOLLO ARGENTINO;B3;50;3.21;;;3.21;35.607;37.507;0.08558402431546112;;;0.08558402431546112
2017-2018;Resolución / Anexo General;2018-10-18;0001003-Anexo de la Resolución Nº 21-2018.pdf;Campana_2017-2018;BURLEY;C3F;70;5.069;;;5.069;35.607;37.507;0.13514810568693844;;;0.13514810568693844
2017-2018;Resolución / Anexo General;2018-10-18;0001003-Anexo de la Resolución Nº 21-2018.pdf;Campana_2017-2018;CRIOLLO ARGENTINO;C1;88;5.649;;;5.649;35.607;37.507;0.15061188578132084;;;0.15061188578132084
2017-2018;Resolución / Anexo General;2018-10-18;0001003-Anexo de la Resolución Nº 21-2018.pdf;Campana_2017-2018;CRIOLLO MISIONERO;N4;25;0.978;;;0.978;35.607;37.507;0.026075132641906845;;;0.026075132641906845
2017-2018;Resolución / Anexo General;2018-10-18;0001003-Anexo de la Resolución Nº 21-2018.pdf;Campana_2017-2018;CRIOLLO ARGENTINO;T2;47;3.017;;;3.017;35.607;37.507;0.08043831818060629;;;0.08043831818060629
2017-2018;Resolución / Anexo General;2018-10-18;0001003-Anexo de la Resolución Nº 21-2018.pdf;Campana_2017-2018;CRIOLLO CHAQUEÑO;ND;41;1.71;;;1.71;35.607;37.507;0.045591489588610125;;;0.045591489588610125
2017-2018;Resolución / Anexo General;2018-10-18;0001003-Anexo de la Resolución Nº 21-2018.pdf;Campana_2017-2018;CRIOLLO CHAQUEÑO;CH3;75;3.128;;;3.128;35.607;37.507;0.08339776575039327;;;0.08339776575039327
2017-2018;Resolución / Anexo General;2018-10-18;0001003-Anexo de la Resolución Nº 21-2018.pdf;Campana_2017-2018;CRIOLLO CHAQUEÑO;CH2;89;3.712;;;3.712;35.607;37.507;0.09896819260404725;;;0.09896819260404725
2017-2018;Resolución / Anexo General;2018-10-18;0001003-Anexo de la Resolución Nº 21-2018.pdf;Campana_2017-2018;CRIOLLO CHAQUEÑO;CH1;100;5.0;;;5.0;35.607;37.507;0.1333084490895033;;;0.1333084490895033
2017-2018;Resolución / Anexo General;2018-10-18;0001003-Anexo de la Resolución Nº 21-2018.pdf;Campana_2017-2018;CRIOLLO MISIONERO;N5;15;0.587;;;0.587;35.607;37.507;0.015650411923107687;;;0.015650411923107687
2017-2018;Resolución / Anexo General;2018-10-18;0001003-Anexo de la Resolución Nº 21-2018.pdf;Campana_2017-2018;CRIOLLO MISIONERO;X1;50;1.955;;;1.955;35.607;37.507;0.052123603593995795;;;0.052123603593995795
2017-2018;Resolución / Anexo General;2018-10-18;0001003-Anexo de la Resolución Nº 21-2018.pdf;Campana_2017-2018;CRIOLLO MISIONERO;T1;60;2.346;;;2.346;35.607;37.507;0.06254832431279495;;;0.06254832431279495
2017-2018;Resolución / Anexo General;2018-10-18;0001003-Anexo de la Resolución Nº 21-2018.pdf;Campana_2017-2018;CRIOLLO MISIONERO;B2;75;2.933;;;2.933;35.607;37.507;0.07819873623590264;;;0.07819873623590264
2017-2018;Resolución / Anexo General;2018-10-18;0001003-Anexo de la Resolución Nº 21-2018.pdf;Campana_2017-2018;CRIOLLO MISIONERO;B1;90;3.519;;;3.519;35.607;37.507;0.09382248646919243;;;0.09382248646919243
2017-2018;Resolución / Anexo General;2018-10-18;0001003-Anexo de la Resolución Nº 21-2018.pdf;Campana_2017-2018;CRIOLLO MISIONERO;C2;80;3.128;;;3.128;35.607;37.507;0.08339776575039327;;;0.08339776575039327
2017-2018;Resolución / Anexo General;2018-10-18;0001003-Anexo de la Resolución Nº 21-2018.pdf;Campana_2017-2018;CRIOLLO ARGENTINO;C2;60;3.851;;;3.851;35.607;37.507;0.10267416748873544;;;0.10267416748873544
2017-2018;Resolución / Anexo General;2018-10-18;0001003-Anexo de la Resolución Nº 21-2018.pdf;Campana_2017-2018;CRIOLLO MISIONERO;C1;100;5.0;;;5.0;35.607;37.507;0.1333084490895033;;;0.1333084490895033
2017-2018;Resolución / Anexo General;2018-10-18;0001003-Anexo de la Resolución Nº 21-2018.pdf;Campana_2017-2018;CRIOLLO CORRENTINO;T;64;2.244;;;2.244;35.607;37.507;0.05982883195136909;;;0.05982883195136909
2017-2018;Resolución / Anexo General;2018-10-18;0001003-Anexo de la Resolución Nº 21-2018.pdf;Campana_2017-2018;CRIOLLO CORRENTINO;X2;62;2.174;;;2.174;35.607;37.507;0.05796251366411603;;;0.05796251366411603
2017-2018;Resolución / Anexo General;2018-10-18;0001003-Anexo de la Resolución Nº 21-2018.pdf;Campana_2017-2018;CRIOLLO CORRENTINO;X1;82;2.875;;;2.875;35.607;37.507;0.07665235822646439;;;0.07665235822646439
2017-2018;Resolución / Anexo General;2018-10-18;0001003-Anexo de la Resolución Nº 21-2018.pdf;Campana_2017-2018;CRIOLLO CORRENTINO;C3;76;2.665;;;2.665;35.607;37.507;0.07105340336470525;;;0.07105340336470525
2017-2018;Resolución / Anexo General;2018-10-18;0001003-Anexo de la Resolución Nº 21-2018.pdf;Campana_2017-2018;CRIOLLO CORRENTINO;C2;89;3.12;;;3.12;35.607;37.507;0.08318447223185006;;;0.08318447223185006
2017-2018;Resolución / Anexo General;2018-10-18;0001003-Anexo de la Resolución Nº 21-2018.pdf;Campana_2017-2018;CRIOLLO CORRENTINO;C1;100;5.0;;;5.0;35.607;37.507;0.1333084490895033;;;0.1333084490895033
2017-2018;Resolución / Anexo General;2018-10-18;0001003-Anexo de la Resolución Nº 21-2018.pdf;Campana_2017-2018;CRIOLLO ARGENTINO;N;10;0.642;;;0.642;35.607;37.507;0.017116804863092226;;;0.017116804863092226
2017-2018;Resolución / Anexo General;2018-10-18;0001003-Anexo de la Resolución Nº 21-2018.pdf;Campana_2017-2018;CRIOLLO ARGENTINO;X4;17;1.091;;;1.091;35.607;37.507;0.02908790359132962;;;0.02908790359132962
2017-2018;Resolución / Anexo General;2018-10-18;0001003-Anexo de la Resolución Nº 21-2018.pdf;Campana_2017-2018;CRIOLLO ARGENTINO;X2;37;2.375;;;2.375;35.607;37.507;0.06332151331751407;;;0.06332151331751407
2017-2018;Resolución / Anexo General;2018-10-18;0001003-Anexo de la Resolución Nº 21-2018.pdf;Campana_2017-2018;CRIOLLO ARGENTINO;T4;23;1.476;;;1.476;35.607;37.507;0.03935265417122137;;;0.03935265417122137
2017-2018;Resolución / Anexo General;2018-10-18;0001003-Anexo de la Resolución Nº 21-2018.pdf;Campana_2017-2018;CRIOLLO CORRENTINO;N4;1;1.437;;;1.437;35.607;37.507;0.03831284826832325;;;0.03831284826832325
2017-2018;Resolución / Anexo General;2018-10-18;0001003-Anexo de la Resolución Nº 21-2018.pdf;Campana_2017-2018;BURLEY;X1F;89;6.445;;;6.445;35.607;37.507;0.17183459087636976;;;0.17183459087636976
2017-2018;Resolución / Anexo General;2018-10-18;0001003-Anexo de la Resolución Nº 21-2018.pdf;Campana_2017-2018;BURLEY;C1L;83;6.011;;;6.011;35.607;37.507;0.16026341749540088;;;0.16026341749540088
2017-2018;Resolución / Anexo General;2018-10-18;0001003-Anexo de la Resolución Nº 21-2018.pdf;Campana_2017-2018;BURLEY;C1F;96;6.952;;;6.952;35.607;37.507;0.18535206761404538;;;0.18535206761404538
2017-2018;Resolución / Anexo General;2018-10-18;0001003-Anexo de la Resolución Nº 21-2018.pdf;Campana_2017-2018;VIRGINIA;B3L;64;6.4;;;6.4;35.607;37.507;0.17063481483456425;;;0.17063481483456425
2017-2018;Resolución / Anexo General;2018-10-18;0001003-Anexo de la Resolución Nº 21-2018.pdf;Campana_2017-2018;VIRGINIA;B3F;75;7.5;;;7.5;35.607;37.507;0.19996267363425496;;;0.19996267363425496
2017-2018;Resolución / Anexo General;2018-10-18;0001003-Anexo de la Resolución Nº 21-2018.pdf;Campana_2017-2018;VIRGINIA;X2K;36;3.6;;;3.6;35.607;37.507;0.09598208334444237;;;0.09598208334444237
2017-2018;Resolución / Anexo General;2018-10-18;0001003-Anexo de la Resolución Nº 21-2018.pdf;Campana_2017-2018;VIRGINIA;X2L;61;6.1;;;6.1;35.607;37.507;0.162636307889194;;;0.162636307889194
2017-2018;Resolución / Anexo General;2018-10-18;0001003-Anexo de la Resolución Nº 21-2018.pdf;Campana_2017-2018;VIRGINIA;X2F;74;7.4;;;7.4;35.607;37.507;0.1972965046524649;;;0.1972965046524649
2017-2018;Resolución / Anexo General;2018-10-18;0001003-Anexo de la Resolución Nº 21-2018.pdf;Campana_2017-2018;VIRGINIA;C2K;48;4.8;;;4.8;35.607;37.507;0.12797611112592316;;;0.12797611112592316
2017-2018;Resolución / Anexo General;2018-10-18;0001003-Anexo de la Resolución Nº 21-2018.pdf;Campana_2017-2018;VIRGINIA;C2L;72;7.2;;;7.2;35.607;37.507;0.19196416668888475;;;0.19196416668888475
2017-2018;Resolución / Anexo General;2018-10-18;0001003-Anexo de la Resolución Nº 21-2018.pdf;Campana_2017-2018;VIRGINIA;C2F;85;8.5;;;8.5;35.607;37.507;0.2266243634521556;;;0.2266243634521556
2017-2018;Resolución / Anexo General;2018-10-18;0001003-Anexo de la Resolución Nº 21-2018.pdf;Campana_2017-2018;VIRGINIA;B2KF;53;5.3;;;5.3;35.607;37.507;0.1413069560348735;;;0.1413069560348735
2017-2018;Resolución / Anexo General;2018-10-18;0001003-Anexo de la Resolución Nº 21-2018.pdf;Campana_2017-2018;VIRGINIA;B2L;78;7.8;;;7.8;35.607;37.507;0.20796118057962515;;;0.20796118057962515
2017-2018;Resolución / Anexo General;2018-10-18;0001003-Anexo de la Resolución Nº 21-2018.pdf;Campana_2017-2018;VIRGINIA;B2F;91;9.1;;;9.1;35.607;37.507;0.242621377342896;;;0.242621377342896
2017-2018;Resolución / Anexo General;2018-10-18;0001003-Anexo de la Resolución Nº 21-2018.pdf;Campana_2017-2018;VIRGINIA;B3KL;39;3.9;;;3.9;35.607;37.507;0.10398059028981257;;;0.10398059028981257
2017-2018;Resolución / Anexo General;2018-10-18;0001003-Anexo de la Resolución Nº 21-2018.pdf;Campana_2017-2018;VIRGINIA;T2KF;40;4.0;;;4.0;35.607;37.507;0.10664675927160264;;;0.10664675927160264
2017-2018;Resolución / Anexo General;2018-10-18;0001003-Anexo de la Resolución Nº 21-2018.pdf;Campana_2017-2018;VIRGINIA;T2L;68;6.8;;;6.8;35.607;37.507;0.1812994907617245;;;0.1812994907617245
2017-2018;Resolución / Anexo General;2018-10-18;0001003-Anexo de la Resolución Nº 21-2018.pdf;Campana_2017-2018;VIRGINIA;T2F;81;8.1;;;8.1;35.607;37.507;0.21595968752499534;;;0.21595968752499534
2017-2018;Resolución / Anexo General;2018-10-18;0001003-Anexo de la Resolución Nº 21-2018.pdf;Campana_2017-2018;VIRGINIA;X1L;71;7.1;;;7.1;35.607;37.507;0.18929799770709468;;;0.18929799770709468
2017-2018;Resolución / Anexo General;2018-10-18;0001003-Anexo de la Resolución Nº 21-2018.pdf;Campana_2017-2018;VIRGINIA;X1F;83;8.3;;;8.3;35.607;37.507;0.2212920254885755;;;0.2212920254885755
2017-2018;Resolución / Anexo General;2018-10-18;0001003-Anexo de la Resolución Nº 21-2018.pdf;Campana_2017-2018;VIRGINIA;C1L;82;8.2;;;8.2;35.607;37.507;0.2186258565067854;;;0.2186258565067854
2017-2018;Resolución / Anexo General;2018-10-18;0001003-Anexo de la Resolución Nº 21-2018.pdf;Campana_2017-2018;VIRGINIA;C1F;94;9.4;;;9.4;35.607;37.507;0.2506198842882662;;;0.2506198842882662
2017-2018;Resolución / Anexo General;2018-10-18;0001003-Anexo de la Resolución Nº 21-2018.pdf;Campana_2017-2018;VIRGINIA;T1F;90;9.0;;;9.0;35.607;37.507;0.23995520836110595;;;0.23995520836110595
2017-2018;Resolución / Anexo General;2018-10-18;0001003-Anexo de la Resolución Nº 21-2018.pdf;Campana_2017-2018;VIRGINIA;T1L;78;7.8;;;7.8;35.607;37.507;0.20796118057962515;;;0.20796118057962515
2017-2018;Resolución / Anexo General;2018-10-18;0001003-Anexo de la Resolución Nº 21-2018.pdf;Campana_2017-2018;VIRGINIA;B1F;100;10.0;;;10.0;35.607;37.507;0.2666168981790066;;;0.2666168981790066
2017-2018;Resolución / Anexo General;2018-10-18;0001003-Anexo de la Resolución Nº 21-2018.pdf;Campana_2017-2018;VIRGINIA;B1L;88;8.8;;;8.8;35.607;37.507;0.23462287039752583;;;0.23462287039752583
2017-2018;Resolución / Anexo General;2018-10-18;0001003-Anexo de la Resolución Nº 21-2018.pdf;Campana_2017-2018;BURLEY;X1L;75;5.432;;;5.432;35.607;37.507;0.14482629909083639;;;0.14482629909083639
2017-2018;Resolución / Anexo General;2018-10-18;0001003-Anexo de la Resolución Nº 21-2018.pdf;Campana_2017-2018;VIRGINIA;T2KL;35;3.5;;;3.5;35.607;37.507;0.09331591436265231;;;0.09331591436265231
2017-2018;Resolución / Anexo General;2018-10-18;0001003-Anexo de la Resolución Nº 21-2018.pdf;Campana_2017-2018;VIRGINIA;B3KF;44;4.4;;;4.4;35.607;37.507;0.11731143519876291;;;0.11731143519876291
2017-2018;Resolución / Anexo General;2018-10-18;0001003-Anexo de la Resolución Nº 21-2018.pdf;Campana_2017-2018;VIRGINIA;B2KL;48;4.8;;;4.8;35.607;37.507;0.12797611112592316;;;0.12797611112592316
2017-2018;Resolución / Anexo General;2018-10-18;0001003-Anexo de la Resolución Nº 21-2018.pdf;Campana_2017-2018;VIRGINIA;C3L;59;5.9;;;5.9;35.607;37.507;0.1573039699256139;;;0.1573039699256139
2017-2018;Resolución / Anexo General;2018-10-18;0001003-Anexo de la Resolución Nº 21-2018.pdf;Campana_2017-2018;BURLEY;B1FR;85;6.156;;;6.156;35.607;37.507;0.16412936251899646;;;0.16412936251899646
2017-2018;Resolución / Anexo General;2018-10-18;0001003-Anexo de la Resolución Nº 21-2018.pdf;Campana_2017-2018;VIRGINIA;C3F;71;7.1;;;7.1;35.607;37.507;0.18929799770709468;;;0.18929799770709468
2017-2018;Resolución / Anexo General;2018-10-18;0001003-Anexo de la Resolución Nº 21-2018.pdf;Campana_2017-2018;BURLEY;T1FR;80;5.794;;;5.794;35.607;37.507;0.15447783080491642;;;0.15447783080491642
2017-2018;Resolución / Anexo General;2018-10-18;0001003-Anexo de la Resolución Nº 21-2018.pdf;Campana_2017-2018;BURLEY;T1F;90;6.518;;;6.518;35.607;37.507;0.1737808942330765;;;0.1737808942330765
2017-2018;Resolución / Anexo General;2018-10-18;0001003-Anexo de la Resolución Nº 21-2018.pdf;Campana_2017-2018;VIRGINIA;H3F;80;8.0;;;8.0;35.607;37.507;0.21329351854320527;;;0.21329351854320527
2017-2018;Resolución / Anexo General;2018-10-18;0001003-Anexo de la Resolución Nº 21-2018.pdf;Campana_2017-2018;VIRGINIA;H2F;95;9.5;;;9.5;35.607;37.507;0.25328605327005627;;;0.25328605327005627
2017-2018;Resolución / Anexo General;2018-10-18;0001003-Anexo de la Resolución Nº 21-2018.pdf;Campana_2017-2018;VIRGINIA;H1F;105;10.5;;;10.5;35.607;37.507;0.27994774308795695;;;0.27994774308795695
2017-2018;Resolución / Anexo General;2018-10-18;0001003-Anexo de la Resolución Nº 21-2018.pdf;Campana_2017-2018;VIRGINIA;N5B;15;1.5;;;1.5;35.607;37.507;0.03999253472685099;;;0.03999253472685099
2017-2018;Resolución / Anexo General;2018-10-18;0001003-Anexo de la Resolución Nº 21-2018.pdf;Campana_2017-2018;VIRGINIA;N5C;17;1.7;;;1.7;35.607;37.507;0.045324872690431124;;;0.045324872690431124
2017-2018;Resolución / Anexo General;2018-10-18;0001003-Anexo de la Resolución Nº 21-2018.pdf;Campana_2017-2018;VIRGINIA;N5X;17;1.7;;;1.7;35.607;37.507;0.045324872690431124;;;0.045324872690431124
2017-2018;Resolución / Anexo General;2018-10-18;0001003-Anexo de la Resolución Nº 21-2018.pdf;Campana_2017-2018;VIRGINIA;N5K;15;1.5;;;1.5;35.607;37.507;0.03999253472685099;;;0.03999253472685099
2017-2018;Resolución / Anexo General;2018-10-18;0001003-Anexo de la Resolución Nº 21-2018.pdf;Campana_2017-2018;VIRGINIA;NVB;20;2.0;;;2.0;35.607;37.507;0.05332337963580132;;;0.05332337963580132
2017-2018;Resolución / Anexo General;2018-10-18;0001003-Anexo de la Resolución Nº 21-2018.pdf;Campana_2017-2018;BURLEY;B1F;100;8.0;;;8.0;35.607;37.507;0.21329351854320527;;;0.21329351854320527
2017-2018;Resolución / Anexo General;2018-10-18;0001003-Anexo de la Resolución Nº 21-2018.pdf;Campana_2017-2018;VIRGINIA;NVX;20;2.0;;;2.0;35.607;37.507;0.05332337963580132;;;0.05332337963580132
2017-2018;Resolución / Anexo General;2018-10-18;0001003-Anexo de la Resolución Nº 21-2018.pdf;Campana_2017-2018;VIRGINIA;NVC;20;2.0;;;2.0;35.607;37.507;0.05332337963580132;;;0.05332337963580132
2017-2018;Resolución / Anexo General;2018-10-18;0001003-Anexo de la Resolución Nº 21-2018.pdf;Campana_2017-2018;VIRGINIA;C3K;39;3.9;;;3.9;35.607;37.507;0.10398059028981257;;;0.10398059028981257
2017-2018;Resolución / Anexo General;2018-10-18;0001003-Anexo de la Resolución Nº 21-2018.pdf;Campana_2017-2018;VIRGINIA;X3L;48;4.8;;;4.8;35.607;37.507;0.12797611112592316;;;0.12797611112592316
2017-2018;Resolución / Anexo General;2018-10-18;0001003-Anexo de la Resolución Nº 21-2018.pdf;Campana_2017-2018;VIRGINIA;X3K;27;2.7;;;2.7;35.607;37.507;0.07198656250833178;;;0.07198656250833178
2017-2018;Resolución / Anexo General;2018-10-18;0001003-Anexo de la Resolución Nº 21-2018.pdf;Campana_2017-2018;VIRGINIA;B4F;48;4.8;;;4.8;35.607;37.507;0.12797611112592316;;;0.12797611112592316
2017-2018;Resolución / Anexo General;2018-10-18;0001003-Anexo de la Resolución Nº 21-2018.pdf;Campana_2017-2018;VIRGINIA;X3F;60;6.0;;;6.0;35.607;37.507;0.15997013890740397;;;0.15997013890740397
2017-2018;Resolución / Anexo General;2018-10-18;0001003-Anexo de la Resolución Nº 21-2018.pdf;Campana_2017-2018;VIRGINIA;C4F;50;5.0;;;5.0;35.607;37.507;0.1333084490895033;;;0.1333084490895033
2017-2018;Resolución / Anexo General;2018-10-18;0001003-Anexo de la Resolución Nº 21-2018.pdf;Campana_2017-2018;VIRGINIA;C4L;37;3.7;;;3.7;35.607;37.507;0.09864825232623245;;;0.09864825232623245
2017-2018;Resolución / Anexo General;2018-10-18;0001003-Anexo de la Resolución Nº 21-2018.pdf;Campana_2017-2018;VIRGINIA;X4F;39;3.9;;;3.9;35.607;37.507;0.10398059028981257;;;0.10398059028981257
2017-2018;Resolución / Anexo General;2018-10-18;0001003-Anexo de la Resolución Nº 21-2018.pdf;Campana_2017-2018;VIRGINIA;X4L;26;2.6;;;2.6;35.607;37.507;0.06932039352654172;;;0.06932039352654172
2017-2018;Resolución / Anexo General;2018-10-18;0001003-Anexo de la Resolución Nº 21-2018.pdf;Campana_2017-2018;VIRGINIA;B4L;43;4.3;;;4.3;35.607;37.507;0.11464526621697284;;;0.11464526621697284
2017-2018;Resolución / Anexo General;2018-11-13;0001004-Anexo II de la Resolución Nº 56-2018.pdf;Campana_2017-2018;CRIOLLO CORRENTINO;X;1;3.405;;;3.405;35.082;36.97;0.09210170408439275;;;0.09210170408439275
2017-2018;Resolución / Anexo General;2018-11-13;0001004-Anexo II de la Resolución Nº 56-2018.pdf;Campana_2017-2018;CRIOLLO ARGENTINO;C;2;3.614;;;3.614;35.082;36.97;0.09775493643494726;;;0.09775493643494726
2017-2018;Resolución / Anexo General;2018-11-13;0001004-Anexo II de la Resolución Nº 56-2018.pdf;Campana_2017-2018;CRIOLLO ARGENTINO;C;1;5.301;;;5.301;35.082;36.97;0.1433865296186097;;;0.1433865296186097
2017-2018;Resolución / Anexo General;2018-11-13;0001004-Anexo II de la Resolución Nº 56-2018.pdf;Campana_2017-2018;CRIOLLO ARGENTINO;T;4;1.386;;;1.386;35.082;36.97;0.03748985664051934;;;0.03748985664051934
2017-2018;Resolución / Anexo General;2018-11-13;0001004-Anexo II de la Resolución Nº 56-2018.pdf;Campana_2017-2018;CRIOLLO ARGENTINO;X;2;2.229;;;2.229;35.082;36.97;0.06029212875304301;;;0.06029212875304301
2017-2018;Resolución / Anexo General;2018-11-13;0001004-Anexo II de la Resolución Nº 56-2018.pdf;Campana_2017-2018;CRIOLLO ARGENTINO;X;4;1.024;;;1.024;35.082;36.97;0.02769813362185556;;;0.02769813362185556
2017-2018;Resolución / Anexo General;2018-11-13;0001004-Anexo II de la Resolución Nº 56-2018.pdf;Campana_2017-2018;CRIOLLO CORRENTINO;C;1;4.152;;;4.152;35.082;36.97;0.11230727616986746;;;0.11230727616986746
2017-2018;Resolución / Anexo General;2018-11-13;0001004-Anexo II de la Resolución Nº 56-2018.pdf;Campana_2017-2018;CRIOLLO CORRENTINO;C;2;3.695;;;3.695;35.082;36.97;0.09994590208276981;;;0.09994590208276981
2017-2018;Resolución / Anexo General;2018-11-13;0001004-Anexo II de la Resolución Nº 56-2018.pdf;Campana_2017-2018;CRIOLLO CORRENTINO;C;3;3.156;;;3.156;35.082;36.97;0.08536651338923452;;;0.08536651338923452
2017-2018;Resolución / Anexo General;2018-11-13;0001004-Anexo II de la Resolución Nº 56-2018.pdf;Campana_2017-2018;CRIOLLO CORRENTINO;X;2;2.574;;;2.574;35.082;36.97;0.0696240194752502;;;0.0696240194752502
2017-2018;Resolución / Anexo General;2018-11-13;0001004-Anexo II de la Resolución Nº 56-2018.pdf;Campana_2017-2018;CRIOLLO MISIONERO;T;1;2.677;;;2.677;35.082;36.97;0.07241006221260482;;;0.07241006221260482
2017-2018;Resolución / Anexo General;2018-11-13;0001004-Anexo II de la Resolución Nº 56-2018.pdf;Campana_2017-2018;CRIOLLO MISIONERO;C;2;3.569;;;3.569;35.082;36.97;0.09653773329726806;;;0.09653773329726806
2017-2018;Resolución / Anexo General;2018-11-13;0001004-Anexo II de la Resolución Nº 56-2018.pdf;Campana_2017-2018;CRIOLLO MISIONERO;B;1;4.015;;;4.015;35.082;36.97;0.10860156883959968;;;0.10860156883959968
2017-2018;Resolución / Anexo General;2018-11-13;0001004-Anexo II de la Resolución Nº 56-2018.pdf;Campana_2017-2018;CRIOLLO MISIONERO;B;2;3.346;;;3.346;35.082;36.97;0.09050581552610225;;;0.09050581552610225
2017-2018;Resolución / Anexo General;2018-11-13;0001004-Anexo II de la Resolución Nº 56-2018.pdf;Campana_2017-2018;CRIOLLO MISIONERO;X;1;2.231;;;2.231;35.082;36.97;0.060346226670273194;;;0.060346226670273194
2017-2018;Resolución / Anexo General;2018-11-13;0001004-Anexo II de la Resolución Nº 56-2018.pdf;Campana_2017-2018;CRIOLLO MISIONERO;N;4;1.115;;;1.115;35.082;36.97;0.03015958885582905;;;0.03015958885582905
2017-2018;Resolución / Anexo General;2018-11-13;0001004-Anexo II de la Resolución Nº 56-2018.pdf;Campana_2017-2018;CRIOLLO MISIONERO;N;5;0.669;;;0.669;35.082;36.97;0.018095753313497432;;;0.018095753313497432
2017-2018;Resolución / Anexo General;2018-11-13;0001004-Anexo II de la Resolución Nº 56-2018.pdf;Campana_2017-2018;CRIOLLO CHAQUEÑO;CH;1;4.28;;;4.28;35.082;36.97;0.11576954287259941;;;0.11576954287259941
2017-2018;Resolución / Anexo General;2018-11-13;0001004-Anexo II de la Resolución Nº 56-2018.pdf;Campana_2017-2018;CRIOLLO CHAQUEÑO;CH;2;3.809;;;3.809;35.082;36.97;0.10302948336489046;;;0.10302948336489046
2017-2018;Resolución / Anexo General;2018-11-13;0001004-Anexo II de la Resolución Nº 56-2018.pdf;Campana_2017-2018;CRIOLLO CHAQUEÑO;CH;3;3.21;;;3.21;35.082;36.97;0.08682715715444955;;;0.08682715715444955
2017-2018;Resolución / Anexo General;2018-11-13;0001004-Anexo II de la Resolución Nº 56-2018.pdf;Campana_2017-2018;CRIOLLO ARGENTINO;B;3;3.012;;;3.012;35.082;36.97;0.08147146334866108;;;0.08147146334866108
2017-2018;Resolución / Anexo General;2018-11-13;0001004-Anexo II de la Resolución Nº 56-2018.pdf;Campana_2017-2018;CRIOLLO MISIONERO;C;1;4.461;;;4.461;35.082;36.97;0.12066540438193131;;;0.12066540438193131
2017-2018;Resolución / Anexo General;2018-11-13;0001004-Anexo II de la Resolución Nº 56-2018.pdf;Campana_2017-2018;CRIOLLO ARGENTINO;B;2;5.542;;;5.542;35.082;36.97;0.14990532864484718;;;0.14990532864484718
2017-2018;Resolución / Anexo General;2018-11-13;0001004-Anexo II de la Resolución Nº 56-2018.pdf;Campana_2017-2018;CRIOLLO ARGENTINO;T;2;2.831;;;2.831;35.082;36.97;0.07657560183932918;;;0.07657560183932918
2017-2018;Resolución / Anexo General;2018-11-13;0001004-Anexo II de la Resolución Nº 56-2018.pdf;Campana_2017-2018;CRIOLLO ARGENTINO;B;1;6.024;;;6.024;35.082;36.97;0.16294292669732216;;;0.16294292669732216
2017-2018;Resolución / Anexo General;2018-11-23;0001003-Anexo I de la Resolución Nº 56-2018.pdf;Campana_2017-2018;CRIOLLO CHAQUEÑO;CH;3;3.75;;;3.75;36.566;38.507;0.09738489105876855;;;0.09738489105876855
2017-2018;Resolución / Anexo General;2018-11-23;0001003-Anexo I de la Resolución Nº 56-2018.pdf;Campana_2017-2018;VIRGINIA;B1F;1;0.0;;;0.0;36.566;38.507;0.0;;;0.0
2017-2018;Resolución / Anexo General;2018-11-23;0001003-Anexo I de la Resolución Nº 56-2018.pdf;Campana_2017-2018;VIRGINIA;H1F;1;0.5;;;0.5;36.566;38.507;0.012984652141169138;;;0.012984652141169138
2017-2018;Resolución / Anexo General;2018-11-23;0001003-Anexo I de la Resolución Nº 56-2018.pdf;Campana_2017-2018;CRIOLLO ARGENTINO;B;1;9.0;;;9.0;36.566;38.507;0.2337237385410445;;;0.2337237385410445
2017-2018;Resolución / Anexo General;2018-11-23;0001003-Anexo I de la Resolución Nº 56-2018.pdf;Campana_2017-2018;CRIOLLO ARGENTINO;B;2;8.28;;;8.28;36.566;38.507;0.2150258394577609;;;0.2150258394577609
2017-2018;Resolución / Anexo General;2018-11-23;0001003-Anexo I de la Resolución Nº 56-2018.pdf;Campana_2017-2018;CRIOLLO ARGENTINO;B;3;4.5;;;4.5;36.566;38.507;0.11686186927052225;;;0.11686186927052225
2017-2018;Resolución / Anexo General;2018-11-23;0001003-Anexo I de la Resolución Nº 56-2018.pdf;Campana_2017-2018;CRIOLLO ARGENTINO;C;1;7.92;;;7.92;36.566;38.507;0.20567688991611915;;;0.20567688991611915
2017-2018;Resolución / Anexo General;2018-11-23;0001003-Anexo I de la Resolución Nº 56-2018.pdf;Campana_2017-2018;CRIOLLO ARGENTINO;C;2;5.4;;;5.4;36.566;38.507;0.1402342431246267;;;0.1402342431246267
2017-2018;Resolución / Anexo General;2018-11-23;0001003-Anexo I de la Resolución Nº 56-2018.pdf;Campana_2017-2018;CRIOLLO ARGENTINO;T;4;2.07;;;2.07;36.566;38.507;0.05375645986444023;;;0.05375645986444023
2017-2018;Resolución / Anexo General;2018-11-23;0001003-Anexo I de la Resolución Nº 56-2018.pdf;Campana_2017-2018;CRIOLLO ARGENTINO;X;2;3.33;;;3.33;36.566;38.507;0.08647778326018647;;;0.08647778326018647
2017-2018;Resolución / Anexo General;2018-11-23;0001003-Anexo I de la Resolución Nº 56-2018.pdf;Campana_2017-2018;CRIOLLO ARGENTINO;X;4;1.53;;;1.53;36.566;38.507;0.03973303555197757;;;0.03973303555197757
2017-2018;Resolución / Anexo General;2018-11-23;0001003-Anexo I de la Resolución Nº 56-2018.pdf;Campana_2017-2018;CRIOLLO CORRENTINO;C;1;5.0;;;5.0;36.566;38.507;0.1298465214116914;;;0.1298465214116914
2017-2018;Resolución / Anexo General;2018-11-23;0001003-Anexo I de la Resolución Nº 56-2018.pdf;Campana_2017-2018;CRIOLLO CORRENTINO;C;2;4.45;;;4.45;36.566;38.507;0.11556340405640533;;;0.11556340405640533
2017-2018;Resolución / Anexo General;2018-11-23;0001003-Anexo I de la Resolución Nº 56-2018.pdf;Campana_2017-2018;CRIOLLO ARGENTINO;T;2;4.23;;;4.23;36.566;38.507;0.10985015711429093;;;0.10985015711429093
2017-2018;Resolución / Anexo General;2018-11-23;0001003-Anexo I de la Resolución Nº 56-2018.pdf;Campana_2017-2018;CRIOLLO CORRENTINO;X;1;4.1;;;4.1;36.566;38.507;0.10647414755758693;;;0.10647414755758693
2017-2018;Resolución / Anexo General;2018-11-23;0001003-Anexo I de la Resolución Nº 56-2018.pdf;Campana_2017-2018;CRIOLLO CORRENTINO;C;3;3.8;;;3.8;36.566;38.507;0.09868335627288545;;;0.09868335627288545
2017-2018;Resolución / Anexo General;2018-11-23;0001003-Anexo I de la Resolución Nº 56-2018.pdf;Campana_2017-2018;CRIOLLO CHAQUEÑO;CH;1;5.0;;;5.0;36.566;38.507;0.1298465214116914;;;0.1298465214116914
2017-2018;Resolución / Anexo General;2018-11-23;0001003-Anexo I de la Resolución Nº 56-2018.pdf;Campana_2017-2018;CRIOLLO MISIONERO;N;5;0.75;;;0.75;36.566;38.507;0.019476978211753707;;;0.019476978211753707
2017-2018;Resolución / Anexo General;2018-11-23;0001003-Anexo I de la Resolución Nº 56-2018.pdf;Campana_2017-2018;CRIOLLO MISIONERO;N;4;1.25;;;1.25;36.566;38.507;0.03246163035292285;;;0.03246163035292285
2017-2018;Resolución / Anexo General;2018-11-23;0001003-Anexo I de la Resolución Nº 56-2018.pdf;Campana_2017-2018;CRIOLLO MISIONERO;T;1;3.0;;;3.0;36.566;38.507;0.07790791284701483;;;0.07790791284701483
2017-2018;Resolución / Anexo General;2018-11-23;0001003-Anexo I de la Resolución Nº 56-2018.pdf;Campana_2017-2018;CRIOLLO MISIONERO;X;1;2.5;;;2.5;36.566;38.507;0.0649232607058457;;;0.0649232607058457
2017-2018;Resolución / Anexo General;2018-11-23;0001003-Anexo I de la Resolución Nº 56-2018.pdf;Campana_2017-2018;CRIOLLO MISIONERO;B;1;4.5;;;4.5;36.566;38.507;0.11686186927052225;;;0.11686186927052225
2017-2018;Resolución / Anexo General;2018-11-23;0001003-Anexo I de la Resolución Nº 56-2018.pdf;Campana_2017-2018;CRIOLLO CHAQUEÑO;CH;2;4.45;;;4.45;36.566;38.507;0.11556340405640533;;;0.11556340405640533
2017-2018;Resolución / Anexo General;2018-11-23;0001003-Anexo I de la Resolución Nº 56-2018.pdf;Campana_2017-2018;CRIOLLO MISIONERO;C;2;4.0;;;4.0;36.566;38.507;0.1038772171293531;;;0.1038772171293531
2017-2018;Resolución / Anexo General;2018-11-23;0001003-Anexo I de la Resolución Nº 56-2018.pdf;Campana_2017-2018;CRIOLLO MISIONERO;C;1;5.0;;;5.0;36.566;38.507;0.1298465214116914;;;0.1298465214116914
2017-2018;Resolución / Anexo General;2018-11-23;0001003-Anexo I de la Resolución Nº 56-2018.pdf;Campana_2017-2018;CRIOLLO CORRENTINO;X;2;3.1;;;3.1;36.566;38.507;0.08050484327524866;;;0.08050484327524866
2017-2018;Resolución / Anexo General;2018-11-23;0001003-Anexo I de la Resolución Nº 56-2018.pdf;Campana_2017-2018;CRIOLLO MISIONERO;B;2;3.75;;;3.75;36.566;38.507;0.09738489105876855;;;0.09738489105876855
2018-2019;Resolución / Anexo General;2019-01-03;0001005-Anexo III.pdf;Campana_2018-2019;CRIOLLO ARGENTINO;X;2;5.435;;;5.435;36.567;38.511;0.14112850873776323;;;0.14112850873776323
2018-2019;Resolución / Anexo General;2019-01-03;0001006-Anexo IV.pdf;Campana_2018-2019;CRIOLLO CORRENTINO;C;1;8.672;;;8.672;36.567;38.511;0.22518241541377787;;;0.22518241541377787
2018-2019;Resolución / Anexo General;2019-01-03;0001005-Anexo III.pdf;Campana_2018-2019;CRIOLLO ARGENTINO;X;4;2.497;;;2.497;36.567;38.511;0.06483861753784632;;;0.06483861753784632
2018-2019;Resolución / Anexo General;2019-01-03;0001005-Anexo III.pdf;Campana_2018-2019;CRIOLLO ARGENTINO;T;4;3.379;;;3.379;36.567;38.511;0.08774116486198748;;;0.08774116486198748
2018-2019;Resolución / Anexo General;2019-01-03;0001005-Anexo III.pdf;Campana_2018-2019;CRIOLLO ARGENTINO;B1;1;4.69;;;4.69;36.567;38.511;0.12178338656487757;;;0.12178338656487757
2018-2019;Resolución / Anexo General;2019-01-03;0001005-Anexo III.pdf;Campana_2018-2019;CRIOLLO ARGENTINO;C;2;8.814;;;8.814;36.567;38.511;0.22886967359975072;;;0.22886967359975072
2018-2019;Resolución / Anexo General;2019-01-03;0001005-Anexo III.pdf;Campana_2018-2019;CRIOLLO ARGENTINO;C1;1;2.927;;;2.927;36.567;38.511;0.07600425852353873;;;0.07600425852353873
2018-2019;Resolución / Anexo General;2019-01-03;0001005-Anexo III.pdf;Campana_2018-2019;CRIOLLO ARGENTINO;B;3;7.345;;;7.345;36.567;38.511;0.19072472799979226;;;0.19072472799979226
2018-2019;Resolución / Anexo General;2019-01-03;0001005-Anexo III.pdf;Campana_2018-2019;CRIOLLO ARGENTINO;B2;1;3.515;;;3.515;36.567;38.511;0.09127262340629949;;;0.09127262340629949
2018-2019;Resolución / Anexo General;2019-01-03;0001006-Anexo IV.pdf;Campana_2018-2019;CRIOLLO CORRENTINO;C;3;6.591;;;6.591;36.567;38.511;0.17114590636441535;;;0.17114590636441535
2018-2019;Resolución / Anexo General;2019-01-03;0001005-Anexo III.pdf;Campana_2018-2019;CRIOLLO ARGENTINO;T;2;6.904;;;6.904;36.567;38.511;0.17927345433772168;;;0.17927345433772168
2018-2019;Resolución / Anexo General;2019-01-03;0001006-Anexo IV.pdf;Campana_2018-2019;CRIOLLO CORRENTINO;X;1;7.111;;;7.111;36.567;38.511;0.1846485419750201;;;0.1846485419750201
2018-2019;Resolución / Anexo General;2019-01-03;0001006-Anexo IV.pdf;Campana_2018-2019;CRIOLLO CORRENTINO;C;2;7.718;;;7.718;36.567;38.511;0.20041027238970682;;;0.20041027238970682
2018-2019;Resolución / Anexo General;2019-01-03;0001007-Anexo V.pdf;Campana_2018-2019;CRIOLLO MISIONERO;C;1;9.16;;;9.16;36.567;38.511;0.23785411960219158;;;0.23785411960219158
2018-2019;Resolución / Anexo General;2019-01-03;0001007-Anexo V.pdf;Campana_2018-2019;CRIOLLO MISIONERO;C;2;7.328;;;7.328;36.567;38.511;0.19028329568175326;;;0.19028329568175326
2018-2019;Resolución / Anexo General;2019-01-03;0001007-Anexo V.pdf;Campana_2018-2019;CRIOLLO MISIONERO;B;1;8.244;;;8.244;36.567;38.511;0.2140687076419724;;;0.2140687076419724
2018-2019;Resolución / Anexo General;2019-01-03;0001007-Anexo V.pdf;Campana_2018-2019;CRIOLLO MISIONERO;B;2;6.87;;;6.87;36.567;38.511;0.17839058970164368;;;0.17839058970164368
2018-2019;Resolución / Anexo General;2019-01-03;0001007-Anexo V.pdf;Campana_2018-2019;CRIOLLO MISIONERO;T;1;5.496;;;5.496;36.567;38.511;0.14271247176131496;;;0.14271247176131496
2018-2019;Resolución / Anexo General;2019-01-03;0001007-Anexo V.pdf;Campana_2018-2019;CRIOLLO MISIONERO;X;1;4.58;;;4.58;36.567;38.511;0.11892705980109579;;;0.11892705980109579
2018-2019;Resolución / Anexo General;2019-01-03;0001007-Anexo V.pdf;Campana_2018-2019;CRIOLLO MISIONERO;N;4;2.29;;;2.29;36.567;38.511;0.059463529900547894;;;0.059463529900547894
2018-2019;Resolución / Anexo General;2019-01-03;0001007-Anexo V.pdf;Campana_2018-2019;CRIOLLO MISIONERO;N;5;1.374;;;1.374;36.567;38.511;0.03567811794032874;;;0.03567811794032874
2018-2019;Resolución / Anexo General;2019-01-03;0001008-Anexo VI.pdf;Campana_2018-2019;CRIOLLO CHAQUEÑO;CH;1;9.215;;;9.215;36.567;38.511;0.23928228298408244;;;0.23928228298408244
2018-2019;Resolución / Anexo General;2019-01-03;0001008-Anexo VI.pdf;Campana_2018-2019;CRIOLLO CHAQUEÑO;CH;2;8.201;;;8.201;36.567;38.511;0.2129521435434032;;;0.2129521435434032
2018-2019;Resolución / Anexo General;2019-01-03;0001008-Anexo VI.pdf;Campana_2018-2019;CRIOLLO CHAQUEÑO;CH;3;6.911;;;6.911;36.567;38.511;0.17945522058632596;;;0.17945522058632596
2018-2019;Resolución / Anexo General;2019-01-03;0001006-Anexo IV.pdf;Campana_2018-2019;CRIOLLO CORRENTINO;X;2;5.377;;;5.377;36.567;38.511;0.1396224455350419;;;0.1396224455350419
2018-2019;Resolución / Anexo General;2019-05-30;0001003-Anexo I.pdf;Campana_2018-2019;VIRGINIA;T1F;1;0.8;;;0.8;43.411;45.643;0.017527331682842935;;;0.017527331682842935
2018-2019;Resolución / Anexo General;2019-05-30;0001003-Anexo I.pdf;Campana_2018-2019;VIRGINIA;B1F;1;2.0;;;2.0;43.411;45.643;0.043818329207107334;;;0.043818329207107334
2018-2019;Resolución / Anexo General;2019-05-30;0001003-Anexo I.pdf;Campana_2018-2019;VIRGINIA;B1L;1;0.56;;;0.56;43.411;45.643;0.012269132177990054;;;0.012269132177990054
2018-2019;Resolución / Anexo General;2019-05-30;0001003-Anexo I.pdf;Campana_2018-2019;VIRGINIA;C1F;1;1.28;;;1.28;43.411;45.643;0.028043730692548695;;;0.028043730692548695
2018-2019;Resolución / Anexo General;2019-05-30;0001003-Anexo I.pdf;Campana_2018-2019;VIRGINIA;C2F;1;0.2;;;0.2;43.411;45.643;0.004381832920710734;;;0.004381832920710734
2018-2019;Resolución / Anexo General;2019-05-30;0001003-Anexo I.pdf;Campana_2018-2019;VIRGINIA;H1F;1;2.6;;;2.6;43.411;45.643;0.05696382796923954;;;0.05696382796923954
2018-2019;Resolución / Anexo General;2019-05-30;0001003-Anexo I.pdf;Campana_2018-2019;VIRGINIA;H2F;1;1.4;;;1.4;43.411;45.643;0.03067283044497513;;;0.03067283044497513
2018-2019;Resolución / Anexo General;2019-05-30;0001004-Anexo II.pdf;Campana_2018-2019;BURLEY;B1F;1;0.0;;;0.0;43.411;45.643;0.0;;;0.0
2018-2019;Resolución / Anexo General;2019-05-30;0001003-Anexo I.pdf;Campana_2018-2019;VIRGINIA;B2F;1;0.92;;;0.92;43.411;45.643;0.020156431435269375;;;0.020156431435269375
2018-2019;Resolución / Anexo General;2019-11-08;0001003-Anexo de la Resolución Nº 215-2019.pdf;Campana_2018-2019;CRIOLLO CORRENTINO;X;1;8.856;;;8.856;57.978;63.054;0.14045104196403083;;;0.14045104196403083
2018-2019;Resolución / Anexo General;2019-11-08;0001003-Anexo de la Resolución Nº 215-2019.pdf;Campana_2018-2019;CRIOLLO ARGENTINO;C2;1;2.0;;;2.0;57.978;63.054;0.031718844165318616;;;0.031718844165318616
2018-2019;Resolución / Anexo General;2019-11-08;0001003-Anexo de la Resolución Nº 215-2019.pdf;Campana_2018-2019;CRIOLLO ARGENTINO;C1;1;7.6;;;7.6;57.978;63.054;0.12053160782821074;;;0.12053160782821074
2018-2019;Resolución / Anexo General;2019-11-08;0001003-Anexo de la Resolución Nº 215-2019.pdf;Campana_2018-2019;CRIOLLO ARGENTINO;T;2;9.4;;;9.4;57.978;63.054;0.1490785675769975;;;0.1490785675769975
2018-2019;Resolución / Anexo General;2019-11-08;0001003-Anexo de la Resolución Nº 215-2019.pdf;Campana_2018-2019;CRIOLLO ARGENTINO;T;4;4.6;;;4.6;57.978;63.054;0.07295334158023281;;;0.07295334158023281
2018-2019;Resolución / Anexo General;2019-11-08;0001003-Anexo de la Resolución Nº 215-2019.pdf;Campana_2018-2019;CRIOLLO ARGENTINO;X;2;7.4;;;7.4;57.978;63.054;0.11735972341167888;;;0.11735972341167888
2018-2019;Resolución / Anexo General;2019-11-08;0001003-Anexo de la Resolución Nº 215-2019.pdf;Campana_2018-2019;CRIOLLO ARGENTINO;X;4;3.4;;;3.4;57.978;63.054;0.053922035081041646;;;0.053922035081041646
2018-2019;Resolución / Anexo General;2019-11-08;0001003-Anexo de la Resolución Nº 215-2019.pdf;Campana_2018-2019;CRIOLLO CORRENTINO;C1;1;0.8;;;0.8;57.978;63.054;0.012687537666127447;;;0.012687537666127447
2018-2019;Resolución / Anexo General;2019-11-08;0001003-Anexo de la Resolución Nº 215-2019.pdf;Campana_2018-2019;CRIOLLO CORRENTINO;C;2;9.612;;;9.612;57.978;63.054;0.15244076505852128;;;0.15244076505852128
2018-2019;Resolución / Anexo General;2019-11-08;0001003-Anexo de la Resolución Nº 215-2019.pdf;Campana_2018-2019;CRIOLLO CORRENTINO;C;3;8.208;;;8.208;57.978;63.054;0.1301741364544676;;;0.1301741364544676
2018-2019;Resolución / Anexo General;2019-11-08;0001003-Anexo de la Resolución Nº 215-2019.pdf;Campana_2018-2019;CRIOLLO CORRENTINO;X;2;6.696;;;6.696;57.978;63.054;0.10619469026548672;;;0.10619469026548672
2018-2019;Resolución / Anexo General;2019-11-08;0001003-Anexo de la Resolución Nº 215-2019.pdf;Campana_2018-2019;CRIOLLO CHAQUEÑO;CH;2;3.56;;;3.56;57.978;63.054;0.05645954261426713;;;0.05645954261426713
2018-2019;Resolución / Anexo General;2019-11-08;0001003-Anexo de la Resolución Nº 215-2019.pdf;Campana_2018-2019;CRIOLLO MISIONERO;C;2;9.2;;;9.2;57.978;63.054;0.14590668316046562;;;0.14590668316046562
2018-2019;Resolución / Anexo General;2019-11-08;0001003-Anexo de la Resolución Nº 215-2019.pdf;Campana_2018-2019;CRIOLLO MISIONERO;B1;1;0.35;;;0.35;57.978;63.054;0.0055507977289307574;;;0.0055507977289307574
2018-2019;Resolución / Anexo General;2019-11-08;0001003-Anexo de la Resolución Nº 215-2019.pdf;Campana_2018-2019;CRIOLLO MISIONERO;B;2;8.625;;;8.625;57.978;63.054;0.13678751546293652;;;0.13678751546293652
2018-2019;Resolución / Anexo General;2019-11-08;0001003-Anexo de la Resolución Nº 215-2019.pdf;Campana_2018-2019;CRIOLLO MISIONERO;T;1;6.9;;;6.9;57.978;63.054;0.10943001237034923;;;0.10943001237034923
2018-2019;Resolución / Anexo General;2019-11-08;0001003-Anexo de la Resolución Nº 215-2019.pdf;Campana_2018-2019;CRIOLLO MISIONERO;X;1;5.75;;;5.75;57.978;63.054;0.09119167697529101;;;0.09119167697529101
2018-2019;Resolución / Anexo General;2019-11-08;0001003-Anexo de la Resolución Nº 215-2019.pdf;Campana_2018-2019;CRIOLLO MISIONERO;N;4;2.875;;;2.875;57.978;63.054;0.04559583848764551;;;0.04559583848764551
2018-2019;Resolución / Anexo General;2019-11-08;0001003-Anexo de la Resolución Nº 215-2019.pdf;Campana_2018-2019;CRIOLLO MISIONERO;N;5;1.725;;;1.725;57.978;63.054;0.027357503092587308;;;0.027357503092587308
2018-2019;Resolución / Anexo General;2019-11-08;0001003-Anexo de la Resolución Nº 215-2019.pdf;Campana_2018-2019;CRIOLLO CHAQUEÑO;CH;1;4.0;;;4.0;57.978;63.054;0.06343768833063723;;;0.06343768833063723
2018-2019;Resolución / Anexo General;2019-11-08;0001003-Anexo de la Resolución Nº 215-2019.pdf;Campana_2018-2019;CRIOLLO CHAQUEÑO;CH;3;3.0;;;3.0;57.978;63.054;0.047578266247977924;;;0.047578266247977924
2018-2019;Resolución / Anexo General;2019-11-08;0001003-Anexo de la Resolución Nº 215-2019.pdf;Campana_2018-2019;CRIOLLO ARGENTINO;B3;1;0.0;;;0.0;57.978;63.054;0.0;;;0.0
2018-2019;Resolución / Anexo General;2019-11-08;0001003-Anexo de la Resolución Nº 215-2019.pdf;Campana_2018-2019;CRIOLLO MISIONERO;C1;1;1.5;;;1.5;57.978;63.054;0.023789133123988962;;;0.023789133123988962
2018-2019;Resolución / Anexo General;2019-11-08;0001003-Anexo de la Resolución Nº 215-2019.pdf;Campana_2018-2019;CRIOLLO ARGENTINO;B2;1;8.4;;;8.4;57.978;63.054;0.1332191454943382;;;0.1332191454943382
2018-2019;Resolución / Anexo General;2019-11-08;0001003-Anexo de la Resolución Nº 215-2019.pdf;Campana_2018-2019;VIRGINIA;C2L;1;3.68;;;3.68;57.978;63.054;0.05836267326418625;;;0.05836267326418625
2018-2019;Resolución / Anexo General;2019-11-08;0001003-Anexo de la Resolución Nº 215-2019.pdf;Campana_2018-2019;BURLEY;B3F;1;0.374;;;0.374;57.978;63.054;0.005931423858914581;;;0.005931423858914581
2018-2019;Resolución / Anexo General;2019-11-08;0001003-Anexo de la Resolución Nº 215-2019.pdf;Campana_2018-2019;VIRGINIA;X2L;1;1.59;;;1.59;57.978;63.054;0.0252164811114283;;;0.0252164811114283
2018-2019;Resolución / Anexo General;2019-11-08;0001003-Anexo de la Resolución Nº 215-2019.pdf;Campana_2018-2019;VIRGINIA;X2F;1;4.06;;;4.06;57.978;63.054;0.06438925365559678;;;0.06438925365559678
2018-2019;Resolución / Anexo General;2019-11-08;0001003-Anexo de la Resolución Nº 215-2019.pdf;Campana_2018-2019;CRIOLLO ARGENTINO;B1;2;0.0;;;0.0;57.978;63.054;0.0;;;0.0
2018-2019;Resolución / Anexo General;2019-11-08;0001003-Anexo de la Resolución Nº 215-2019.pdf;Campana_2018-2019;VIRGINIA;B2KF;1;0.07;;;0.07;57.978;63.054;0.0011101595457861516;;;0.0011101595457861516
2018-2019;Resolución / Anexo General;2019-11-08;0001003-Anexo de la Resolución Nº 215-2019.pdf;Campana_2018-2019;VIRGINIA;B2L;1;4.82;;;4.82;57.978;63.054;0.07644241443841787;;;0.07644241443841787
2018-2019;Resolución / Anexo General;2019-11-08;0001003-Anexo de la Resolución Nº 215-2019.pdf;Campana_2018-2019;VIRGINIA;B2F;1;7.29;;;7.29;57.978;63.054;0.11561518698258635;;;0.11561518698258635
2018-2019;Resolución / Anexo General;2019-11-08;0001003-Anexo de la Resolución Nº 215-2019.pdf;Campana_2018-2019;VIRGINIA;T2L;1;2.92;;;2.92;57.978;63.054;0.046309512481365174;;;0.046309512481365174
2018-2019;Resolución / Anexo General;2019-11-08;0001003-Anexo de la Resolución Nº 215-2019.pdf;Campana_2018-2019;VIRGINIA;B3F;1;4.25;;;4.25;57.978;63.054;0.06740254385130205;;;0.06740254385130205
2018-2019;Resolución / Anexo General;2019-11-08;0001003-Anexo de la Resolución Nº 215-2019.pdf;Campana_2018-2019;VIRGINIA;T2F;1;5.39;;;5.39;57.978;63.054;0.08548228502553366;;;0.08548228502553366
2018-2019;Resolución / Anexo General;2019-11-08;0001003-Anexo de la Resolución Nº 215-2019.pdf;Campana_2018-2019;VIRGINIA;X1F;1;5.77;;;5.77;57.978;63.054;0.0915088654169442;;;0.0915088654169442
2018-2019;Resolución / Anexo General;2019-11-08;0001003-Anexo de la Resolución Nº 215-2019.pdf;Campana_2018-2019;VIRGINIA;C1L;1;5.58;;;5.58;57.978;63.054;0.08849557522123894;;;0.08849557522123894
2018-2019;Resolución / Anexo General;2019-11-08;0001003-Anexo de la Resolución Nº 215-2019.pdf;Campana_2018-2019;VIRGINIA;C1F;1;7.86;;;7.86;57.978;63.054;0.12465505756970216;;;0.12465505756970216
2018-2019;Resolución / Anexo General;2019-11-08;0001003-Anexo de la Resolución Nº 215-2019.pdf;Campana_2018-2019;VIRGINIA;B1L;1;6.72;;;6.72;57.978;63.054;0.10657531639547055;;;0.10657531639547055
2018-2019;Resolución / Anexo General;2019-11-08;0001003-Anexo de la Resolución Nº 215-2019.pdf;Campana_2018-2019;VIRGINIA;B1F;1;9.0;;;9.0;57.978;63.054;0.14273479874393377;;;0.14273479874393377
2018-2019;Resolución / Anexo General;2019-11-08;0001003-Anexo de la Resolución Nº 215-2019.pdf;Campana_2018-2019;VIRGINIA;T1L;1;4.82;;;4.82;57.978;63.054;0.07644241443841787;;;0.07644241443841787
2018-2019;Resolución / Anexo General;2019-11-08;0001003-Anexo de la Resolución Nº 215-2019.pdf;Campana_2018-2019;VIRGINIA;T1F;1;7.1;;;7.1;57.978;63.054;0.11260189678688108;;;0.11260189678688108
2018-2019;Resolución / Anexo General;2019-11-08;0001003-Anexo de la Resolución Nº 215-2019.pdf;Campana_2018-2019;VIRGINIA;X1L;1;3.49;;;3.49;57.978;63.054;0.05534938306848099;;;0.05534938306848099
2018-2019;Resolución / Anexo General;2019-11-08;0001003-Anexo de la Resolución Nº 215-2019.pdf;Campana_2018-2019;VIRGINIA;B3L;1;2.16;;;2.16;57.978;63.054;0.03425635169854411;;;0.03425635169854411
2018-2019;Resolución / Anexo General;2019-11-08;0001003-Anexo de la Resolución Nº 215-2019.pdf;Campana_2018-2019;VIRGINIA;C2F;1;6.15;;;6.15;57.978;63.054;0.09753544580835474;;;0.09753544580835474
2018-2019;Resolución / Anexo General;2019-11-08;0001003-Anexo de la Resolución Nº 215-2019.pdf;Campana_2018-2019;VIRGINIA;C3L;1;1.21;;;1.21;57.978;63.054;0.01918990072001776;;;0.01918990072001776
2018-2019;Resolución / Anexo General;2019-11-08;0001003-Anexo de la Resolución Nº 215-2019.pdf;Campana_2018-2019;BURLEY;X2F;1;0.507;;;0.507;57.978;63.054;0.008040726995908269;;;0.008040726995908269
2018-2019;Resolución / Anexo General;2019-11-08;0001003-Anexo de la Resolución Nº 215-2019.pdf;Campana_2018-2019;BURLEY;C2F;1;1.438;;;1.438;57.978;63.054;0.022805848954864084;;;0.022805848954864084
2018-2019;Resolución / Anexo General;2019-11-08;0001003-Anexo de la Resolución Nº 215-2019.pdf;Campana_2018-2019;BURLEY;B2FR;1;0.241;;;0.241;57.978;63.054;0.003822120721920893;;;0.003822120721920893
2018-2019;Resolución / Anexo General;2019-11-08;0001003-Anexo de la Resolución Nº 215-2019.pdf;Campana_2018-2019;VIRGINIA;C3F;1;3.49;;;3.49;57.978;63.054;0.05534938306848099;;;0.05534938306848099
2018-2019;Resolución / Anexo General;2019-11-08;0001003-Anexo de la Resolución Nº 215-2019.pdf;Campana_2018-2019;BURLEY;T2F;1;0.64;;;0.64;57.978;63.054;0.010150030132901958;;;0.010150030132901958
2018-2019;Resolución / Anexo General;2019-11-08;0001003-Anexo de la Resolución Nº 215-2019.pdf;Campana_2018-2019;BURLEY;X1F;1;1.837;;;1.837;57.978;63.054;0.02913375836584515;;;0.02913375836584515
2018-2019;Resolución / Anexo General;2019-11-08;0001003-Anexo de la Resolución Nº 215-2019.pdf;Campana_2018-2019;BURLEY;C1F;1;2.768;;;2.768;57.978;63.054;0.04389888032480096;;;0.04389888032480096
2018-2019;Resolución / Anexo General;2019-11-08;0001003-Anexo de la Resolución Nº 215-2019.pdf;Campana_2018-2019;BURLEY;C1L;1;1.039;;;1.039;57.978;63.054;0.01647793954388302;;;0.01647793954388302
2018-2019;Resolución / Anexo General;2019-11-08;0001003-Anexo de la Resolución Nº 215-2019.pdf;Campana_2018-2019;BURLEY;B2F;1;2.236;;;2.236;57.978;63.054;0.03546166777682622;;;0.03546166777682622
2018-2019;Resolución / Anexo General;2019-11-08;0001003-Anexo de la Resolución Nº 215-2019.pdf;Campana_2018-2019;BURLEY;B1F;1;3.3;;;3.3;57.978;63.054;0.052336092872775714;;;0.052336092872775714
2018-2019;Resolución / Anexo General;2019-11-08;0001003-Anexo de la Resolución Nº 215-2019.pdf;Campana_2018-2019;BURLEY;T1FR;1;0.64;;;0.64;57.978;63.054;0.010150030132901958;;;0.010150030132901958
2018-2019;Resolución / Anexo General;2019-11-08;0001003-Anexo de la Resolución Nº 215-2019.pdf;Campana_2018-2019;BURLEY;T1F;1;1.97;;;1.97;57.978;63.054;0.031243061502838836;;;0.031243061502838836
2018-2019;Resolución / Anexo General;2019-11-08;0001003-Anexo de la Resolución Nº 215-2019.pdf;Campana_2018-2019;VIRGINIA;H3F;1;5.2;;;5.2;57.978;63.054;0.0824689948298284;;;0.0824689948298284
2018-2019;Resolución / Anexo General;2019-11-08;0001003-Anexo de la Resolución Nº 215-2019.pdf;Campana_2018-2019;VIRGINIA;H2F;1;8.05;;;8.05;57.978;63.054;0.12766834776540745;;;0.12766834776540745
2018-2019;Resolución / Anexo General;2019-11-08;0001003-Anexo de la Resolución Nº 215-2019.pdf;Campana_2018-2019;VIRGINIA;H1F;1;9.95;;;9.95;57.978;63.054;0.1578012497224601;;;0.1578012497224601
2018-2019;Resolución / Anexo General;2019-11-08;0001003-Anexo de la Resolución Nº 215-2019.pdf;Campana_2018-2019;VIRGINIA;X3F;1;1.4;;;1.4;57.978;63.054;0.02220319091572303;;;0.02220319091572303
2018-2019;Resolución / Anexo General;2019-11-08;0001003-Anexo de la Resolución Nº 215-2019.pdf;Campana_2018-2019;BURLEY;B1FR;1;1.305;;;1.305;57.978;63.054;0.020696545817870397;;;0.020696545817870397
2018-2019;Resolución / Anexo General;2020-06-25;0001003-Anexo de la Resolución Nº 101-2020.pdf;Campana_2018-2019;CRIOLLO CORRENTINO;C;1;0.46;;;0.46;68.631;73.532;0.006255779796551162;;;0.006255779796551162
2018-2019;Resolución / Anexo General;2020-06-25;0001003-Anexo de la Resolución Nº 101-2020.pdf;Campana_2018-2019;CRIOLLO ARGENTINO;X;4;0.044;;;0.044;68.631;73.532;0.0005983789370614154;;;0.0005983789370614154
2018-2019;Resolución / Anexo General;2020-06-25;0001003-Anexo de la Resolución Nº 101-2020.pdf;Campana_2018-2019;CRIOLLO ARGENTINO;X;2;0.096;;;0.096;68.631;73.532;0.0013055540444976339;;;0.0013055540444976339
2018-2019;Resolución / Anexo General;2020-06-25;0001003-Anexo de la Resolución Nº 101-2020.pdf;Campana_2018-2019;CRIOLLO ARGENTINO;T;4;0.06;;;0.06;68.631;73.532;0.000815971277811021;;;0.000815971277811021
2018-2019;Resolución / Anexo General;2020-06-25;0001003-Anexo de la Resolución Nº 101-2020.pdf;Campana_2018-2019;CRIOLLO ARGENTINO;T;2;0.122;;;0.122;68.631;73.532;0.0016591415982157428;;;0.0016591415982157428
2018-2019;Resolución / Anexo General;2020-06-25;0001003-Anexo de la Resolución Nº 101-2020.pdf;Campana_2018-2019;CRIOLLO ARGENTINO;B;2;0.239;;;0.239;68.631;73.532;0.0032502855899472338;;;0.0032502855899472338
2018-2019;Resolución / Anexo General;2020-06-25;0001003-Anexo de la Resolución Nº 101-2020.pdf;Campana_2018-2019;CRIOLLO ARGENTINO;C;1;0.229;;;0.229;68.631;73.532;0.003114290376978731;;;0.003114290376978731
2018-2019;Resolución / Anexo General;2020-06-25;0001003-Anexo de la Resolución Nº 101-2020.pdf;Campana_2018-2019;CRIOLLO ARGENTINO;B;3;0.13;;;0.13;68.631;73.532;0.0017679377685905458;;;0.0017679377685905458
2018-2019;Resolución / Anexo General;2020-06-25;0001003-Anexo de la Resolución Nº 101-2020.pdf;Campana_2018-2019;CRIOLLO ARGENTINO;B;1;0.26;;;0.26;68.631;73.532;0.0035358755371810917;;;0.0035358755371810917
2018-2019;Resolución / Anexo General;2020-06-25;0001003-Anexo de la Resolución Nº 101-2020.pdf;Campana_2018-2019;CRIOLLO CORRENTINO;C;2;0.409;;;0.409;68.631;73.532;0.005562204210411793;;;0.005562204210411793
2018-2019;Resolución / Anexo General;2020-06-25;0001003-Anexo de la Resolución Nº 101-2020.pdf;Campana_2018-2019;CRIOLLO ARGENTINO;C;2;0.156;;;0.156;68.631;73.532;0.002121525322308655;;;0.002121525322308655
2018-2019;Resolución / Anexo General;2020-06-25;0001003-Anexo de la Resolución Nº 101-2020.pdf;Campana_2018-2019;CRIOLLO CORRENTINO;C;3;0.35;;;0.35;68.631;73.532;0.004759832453897623;;;0.004759832453897623
2018-2019;Resolución / Anexo General;2020-06-25;0001003-Anexo de la Resolución Nº 101-2020.pdf;Campana_2018-2019;CRIOLLO MISIONERO;C;1;0.542;;;0.542;68.631;73.532;0.007370940542892891;;;0.007370940542892891
2018-2019;Resolución / Anexo General;2020-06-25;0001003-Anexo de la Resolución Nº 101-2020.pdf;Campana_2018-2019;CRIOLLO CORRENTINO;X;2;0.285;;;0.285;68.631;73.532;0.00387586356960235;;;0.00387586356960235
2018-2019;Resolución / Anexo General;2020-06-25;0001003-Anexo de la Resolución Nº 101-2020.pdf;Campana_2018-2019;CRIOLLO CORRENTINO;X;1;0.377;;;0.377;68.631;73.532;0.005127019528912582;;;0.005127019528912582
2018-2019;Resolución / Anexo General;2020-06-25;0001003-Anexo de la Resolución Nº 101-2020.pdf;Campana_2018-2019;CRIOLLO MISIONERO;N;5;0.081;;;0.081;68.631;73.532;0.0011015612250448786;;;0.0011015612250448786
2018-2019;Resolución / Anexo General;2020-06-25;0001003-Anexo de la Resolución Nº 101-2020.pdf;Campana_2018-2019;CRIOLLO CHAQUEÑO;CH;1;0.73;;;0.73;68.631;73.532;0.009927650546700756;;;0.009927650546700756
2018-2019;Resolución / Anexo General;2020-06-25;0001003-Anexo de la Resolución Nº 101-2020.pdf;Campana_2018-2019;CRIOLLO CHAQUEÑO;CH;2;0.65;;;0.65;68.631;73.532;0.008839688842952729;;;0.008839688842952729
2018-2019;Resolución / Anexo General;2020-06-25;0001003-Anexo de la Resolución Nº 101-2020.pdf;Campana_2018-2019;CRIOLLO MISIONERO;X;1;0.271;;;0.271;68.631;73.532;0.0036854702714464453;;;0.0036854702714464453
2018-2019;Resolución / Anexo General;2020-06-25;0001003-Anexo de la Resolución Nº 101-2020.pdf;Campana_2018-2019;CRIOLLO MISIONERO;N;4;0.136;;;0.136;68.631;73.532;0.001849534896371648;;;0.001849534896371648
2018-2019;Resolución / Anexo General;2020-06-25;0001003-Anexo de la Resolución Nº 101-2020.pdf;Campana_2018-2019;CRIOLLO MISIONERO;B;2;0.407;;;0.407;68.631;73.532;0.005535005167818093;;;0.005535005167818093
2018-2019;Resolución / Anexo General;2020-06-25;0001003-Anexo de la Resolución Nº 101-2020.pdf;Campana_2018-2019;CRIOLLO MISIONERO;B;1;0.488;;;0.488;68.631;73.532;0.006636566392862971;;;0.006636566392862971
2018-2019;Resolución / Anexo General;2020-06-25;0001003-Anexo de la Resolución Nº 101-2020.pdf;Campana_2018-2019;CRIOLLO MISIONERO;C;2;0.434;;;0.434;68.631;73.532;0.005902192242833053;;;0.005902192242833053
2018-2019;Resolución / Anexo General;2020-06-25;0001003-Anexo de la Resolución Nº 101-2020.pdf;Campana_2018-2019;CRIOLLO CHAQUEÑO;CH;3;0.548;;;0.548;68.631;73.532;0.007452537670673993;;;0.007452537670673993
2018-2019;Resolución / Anexo General;2020-06-25;0001003-Anexo de la Resolución Nº 101-2020.pdf;Campana_2018-2019;CRIOLLO MISIONERO;T;1;0.325;;;0.325;68.631;73.532;0.004419844421476364;;;0.004419844421476364
2019-2020;Resolución / Anexo General;2020-11-10;0001003-Anexo.pdf;Campana_2019-2020;CRIOLLO CHAQUEÑO;CH;3;5.25;;;5.25;78.941;85.03;0.06174291426555333;;;0.06174291426555333
2019-2020;Resolución / Anexo General;2020-11-10;0001003-Anexo.pdf;Campana_2019-2020;CRIOLLO CHAQUEÑO;CH;2;6.23;;;6.23;78.941;85.03;0.07326825826178995;;;0.07326825826178995
2019-2020;Resolución / Anexo General;2020-11-10;0001003-Anexo.pdf;Campana_2019-2020;CRIOLLO CHAQUEÑO;CH;1;7.0;;;7.0;78.941;85.03;0.08232388568740444;;;0.08232388568740444
2019-2020;Resolución / Anexo General;2020-11-10;0001003-Anexo.pdf;Campana_2019-2020;CRIOLLO MISIONERO;N;5;1.95;;;1.95;78.941;85.03;0.022933082441491236;;;0.022933082441491236
2019-2020;Resolución / Anexo General;2020-11-10;0001003-Anexo.pdf;Campana_2019-2020;CRIOLLO MISIONERO;N;4;3.25;;;3.25;78.941;85.03;0.038221804069152064;;;0.038221804069152064
2019-2020;Resolución / Anexo General;2020-11-10;0001003-Anexo.pdf;Campana_2019-2020;CRIOLLO MISIONERO;X;1;6.5;;;6.5;78.941;85.03;0.07644360813830413;;;0.07644360813830413
2019-2020;Resolución / Anexo General;2020-11-10;0001003-Anexo.pdf;Campana_2019-2020;CRIOLLO MISIONERO;T;1;7.8;;;7.8;78.941;85.03;0.09173232976596495;;;0.09173232976596495
2019-2020;Resolución / Anexo General;2020-11-10;0001003-Anexo.pdf;Campana_2019-2020;CRIOLLO MISIONERO;B;2;9.75;;;9.75;78.941;85.03;0.11466541220745619;;;0.11466541220745619
2019-2020;Resolución / Anexo General;2020-11-10;0001003-Anexo.pdf;Campana_2019-2020;CRIOLLO MISIONERO;C2;1;0.4;;;0.4;78.941;85.03;0.0047042220392802545;;;0.0047042220392802545
2019-2020;Resolución / Anexo General;2020-11-10;0001003-Anexo.pdf;Campana_2019-2020;CRIOLLO MISIONERO;B1;1;1.7;;;1.7;78.941;85.03;0.019992943666941078;;;0.019992943666941078
2019-2020;Resolución / Anexo General;2020-11-10;0001003-Anexo.pdf;Campana_2019-2020;CRIOLLO CORRENTINO;X;2;6.82;;;6.82;78.941;85.03;0.08020698576972833;;;0.08020698576972833
2019-2020;Resolución / Anexo General;2020-11-10;0001003-Anexo.pdf;Campana_2019-2020;CRIOLLO ARGENTINO;B1;1;8.0;;;8.0;78.941;85.03;0.09408444078560507;;;0.09408444078560507
2019-2020;Resolución / Anexo General;2020-11-10;0001003-Anexo.pdf;Campana_2019-2020;CRIOLLO MISIONERO;C1;1;3.0;;;3.0;78.941;85.03;0.0352816652946019;;;0.0352816652946019
2019-2020;Resolución / Anexo General;2020-11-10;0001003-Anexo.pdf;Campana_2019-2020;CRIOLLO ARGENTINO;B;3;9.0;;;9.0;78.941;85.03;0.10584499588380572;;;0.10584499588380572
2019-2020;Resolución / Anexo General;2020-11-10;0001003-Anexo.pdf;Campana_2019-2020;CRIOLLO ARGENTINO;C1;1;5.84;;;5.84;78.941;85.03;0.0686816417734917;;;0.0686816417734917
2019-2020;Resolución / Anexo General;2020-11-10;0001003-Anexo.pdf;Campana_2019-2020;CRIOLLO ARGENTINO;C2;1;0.8;;;0.8;78.941;85.03;0.009408444078560509;;;0.009408444078560509
2019-2020;Resolución / Anexo General;2020-11-10;0001003-Anexo.pdf;Campana_2019-2020;CRIOLLO ARGENTINO;T;2;8.46;;;8.46;78.941;85.03;0.09949429613077738;;;0.09949429613077738
2019-2020;Resolución / Anexo General;2020-11-10;0001003-Anexo.pdf;Campana_2019-2020;CRIOLLO ARGENTINO;B2;1;6.56;;;6.56;78.941;85.03;0.07714924144419616;;;0.07714924144419616
2019-2020;Resolución / Anexo General;2020-11-10;0001003-Anexo.pdf;Campana_2019-2020;CRIOLLO ARGENTINO;X;2;6.66;;;6.66;78.941;85.03;0.07832529695401623;;;0.07832529695401623
2019-2020;Resolución / Anexo General;2020-11-10;0001003-Anexo.pdf;Campana_2019-2020;CRIOLLO ARGENTINO;X;4;3.06;;;3.06;78.941;85.03;0.03598729860049394;;;0.03598729860049394
2019-2020;Resolución / Anexo General;2020-11-10;0001003-Anexo.pdf;Campana_2019-2020;CRIOLLO CORRENTINO;C1;1;1.0;;;1.0;78.941;85.03;0.011760555098200634;;;0.011760555098200634
2019-2020;Resolución / Anexo General;2020-11-10;0001003-Anexo.pdf;Campana_2019-2020;CRIOLLO CORRENTINO;C;2;9.79;;;9.79;78.941;85.03;0.11513583441138421;;;0.11513583441138421
2019-2020;Resolución / Anexo General;2020-11-10;0001003-Anexo.pdf;Campana_2019-2020;CRIOLLO CORRENTINO;C;3;8.36;;;8.36;78.941;85.03;0.0983182406209573;;;0.0983182406209573
2019-2020;Resolución / Anexo General;2020-11-10;0001003-Anexo.pdf;Campana_2019-2020;CRIOLLO CORRENTINO;X;1;9.02;;;9.02;78.941;85.03;0.10608020698576973;;;0.10608020698576973
2019-2020;Resolución / Anexo General;2020-11-10;0001003-Anexo.pdf;Campana_2019-2020;CRIOLLO ARGENTINO;T;4;4.14;;;4.14;78.941;85.03;0.048688698106550625;;;0.048688698106550625
2019-2020;Resolución / Anexo General;2021-02-02;001003-Anexo.pdf;Campana_2019-2020;CRIOLLO MISIONERO;B;2;3.215;;;3.215;86.817;93.062;0.03454686123229675;;;0.03454686123229675
2019-2020;Resolución / Anexo General;2021-02-02;001003-Anexo.pdf;Campana_2019-2020;CRIOLLO MISIONERO;T;1;2.572;;;2.572;86.817;93.062;0.0276374889858374;;;0.0276374889858374
2019-2020;Resolución / Anexo General;2021-02-02;001003-Anexo.pdf;Campana_2019-2020;CRIOLLO MISIONERO;X;1;2.144;;;2.144;86.817;93.062;0.02303840450452387;;;0.02303840450452387
2019-2020;Resolución / Anexo General;2021-02-02;001003-Anexo.pdf;Campana_2019-2020;CRIOLLO MISIONERO;N;4;1.072;;;1.072;86.817;93.062;0.011519202252261935;;;0.011519202252261935
2019-2020;Resolución / Anexo General;2021-02-02;001003-Anexo.pdf;Campana_2019-2020;CRIOLLO CHAQUEÑO;CH;2;3.716;;;3.716;86.817;93.062;0.03993036900131096;;;0.03993036900131096
2019-2020;Resolución / Anexo General;2021-02-02;001003-Anexo.pdf;Campana_2019-2020;CRIOLLO CHAQUEÑO;CH;1;4.175;;;4.175;86.817;93.062;0.044862564741785044;;;0.044862564741785044
2019-2020;Resolución / Anexo General;2021-02-02;001003-Anexo.pdf;Campana_2019-2020;CRIOLLO CHAQUEÑO;CH;3;3.131;;;3.131;86.817;93.062;0.03364423717521652;;;0.03364423717521652
2019-2020;Resolución / Anexo General;2021-02-02;001003-Anexo.pdf;Campana_2019-2020;CRIOLLO MISIONERO;B;1;3.858;;;3.858;86.817;93.062;0.0414562334787561;;;0.0414562334787561
2019-2020;Resolución / Anexo General;2021-02-02;001003-Anexo.pdf;Campana_2019-2020;CRIOLLO MISIONERO;N;5;0.643;;;0.643;86.817;93.062;0.00690937224645935;;;0.00690937224645935
2019-2020;Resolución / Anexo General;2021-02-02;001003-Anexo.pdf;Campana_2019-2020;CRIOLLO MISIONERO;C;2;3.43;;;3.43;86.817;93.062;0.036857148997442565;;;0.036857148997442565
2019-2020;Resolución / Anexo General;2021-02-02;001003-Anexo.pdf;Campana_2019-2020;CRIOLLO ARGENTINO;X;4;1.237;;;1.237;86.817;93.062;0.013292213792955235;;;0.013292213792955235
2019-2020;Resolución / Anexo General;2021-02-02;001003-Anexo.pdf;Campana_2019-2020;CRIOLLO CORRENTINO;X;2;2.641;;;2.641;86.817;93.062;0.028378930175581872;;;0.028378930175581872
2019-2020;Resolución / Anexo General;2021-02-02;001003-Anexo.pdf;Campana_2019-2020;CRIOLLO MISIONERO;C;1;4.287;;;4.287;86.817;93.062;0.04606606348455868;;;0.04606606348455868
2019-2020;Resolución / Anexo General;2021-02-02;001003-Anexo.pdf;Campana_2019-2020;CRIOLLO ARGENTINO;B;1;7.275;;;7.275;86.817;93.062;0.07817369065784102;;;0.07817369065784102
2019-2020;Resolución / Anexo General;2021-02-02;001003-Anexo.pdf;Campana_2019-2020;CRIOLLO ARGENTINO;B;2;6.693;;;6.693;86.817;93.062;0.07191979540521373;;;0.07191979540521373
2019-2020;Resolución / Anexo General;2021-02-02;001003-Anexo.pdf;Campana_2019-2020;CRIOLLO ARGENTINO;B;3;3.638;;;3.638;86.817;93.062;0.03909221809116503;;;0.03909221809116503
2019-2020;Resolución / Anexo General;2021-02-02;001003-Anexo.pdf;Campana_2019-2020;CRIOLLO ARGENTINO;C;1;6.402;;;6.402;86.817;93.062;0.06879284777890009;;;0.06879284777890009
2019-2020;Resolución / Anexo General;2021-02-02;001003-Anexo.pdf;Campana_2019-2020;CRIOLLO ARGENTINO;T;2;3.419;;;3.419;86.817;93.062;0.03673894822806301;;;0.03673894822806301
2019-2020;Resolución / Anexo General;2021-02-02;001003-Anexo.pdf;Campana_2019-2020;CRIOLLO ARGENTINO;C;2;4.365;;;4.365;86.817;93.062;0.04690421439470461;;;0.04690421439470461
2019-2020;Resolución / Anexo General;2021-02-02;001003-Anexo.pdf;Campana_2019-2020;CRIOLLO ARGENTINO;X;2;2.692;;;2.692;86.817;93.062;0.02892695192452344;;;0.02892695192452344
2019-2020;Resolución / Anexo General;2021-02-02;001003-Anexo.pdf;Campana_2019-2020;CRIOLLO CORRENTINO;C;1;4.26;;;4.26;86.817;93.062;0.04577593432335432;;;0.04577593432335432
2019-2020;Resolución / Anexo General;2021-02-02;001003-Anexo.pdf;Campana_2019-2020;CRIOLLO CORRENTINO;C;2;3.791;;;3.791;86.817;93.062;0.040736283337989725;;;0.040736283337989725
2019-2020;Resolución / Anexo General;2021-02-02;001003-Anexo.pdf;Campana_2019-2020;CRIOLLO CORRENTINO;C;3;3.238;;;3.238;86.817;93.062;0.03479400829554491;;;0.03479400829554491
2019-2020;Resolución / Anexo General;2021-02-02;001003-Anexo.pdf;Campana_2019-2020;CRIOLLO CORRENTINO;X;1;3.493;;;3.493;86.817;93.062;0.03753411704025274;;;0.03753411704025274
2019-2020;Resolución / Anexo General;2021-02-02;001003-Anexo.pdf;Campana_2019-2020;CRIOLLO ARGENTINO;T;4;1.673;;;1.673;86.817;93.062;0.01797726247018117;;;0.01797726247018117
2020-2021;Resolución / Anexo General;2021-07-19;001003-Anexo.pdf;Campana_2020-2021;VIRGINIA;C3F;4;2.6;;;2.6;95.436;101.719;0.025560613061473277;;;0.025560613061473277
2020-2021;Resolución / Anexo General;2021-07-19;001003-Anexo.pdf;Campana_2020-2021;VIRGINIA;B3F;4;5.0;;;5.0;95.436;101.719;0.049155025118217836;;;0.049155025118217836
2020-2021;Resolución / Anexo General;2021-07-19;001003-Anexo.pdf;Campana_2020-2021;VIRGINIA;B3L;3;8.4;;;8.4;95.436;101.719;0.08258044219860597;;;0.08258044219860597
2020-2021;Resolución / Anexo General;2021-07-19;001003-Anexo.pdf;Campana_2020-2021;VIRGINIA;B3KL;2;3.4;;;3.4;95.436;101.719;0.03342541708038813;;;0.03342541708038813
2020-2021;Resolución / Anexo General;2021-07-19;001003-Anexo.pdf;Campana_2020-2021;VIRGINIA;B3KF;2;6.4;;;6.4;95.436;101.719;0.06291843215131884;;;0.06291843215131884
2020-2021;Resolución / Anexo General;2021-07-19;001003-Anexo.pdf;Campana_2020-2021;VIRGINIA;C3L;3;5.4;;;5.4;95.436;101.719;0.053087427127675266;;;0.053087427127675266
2020-2021;Resolución / Anexo General;2021-07-19;001003-Anexo.pdf;Campana_2020-2021;VIRGINIA;B4L;2;5.8;;;5.8;95.436;101.719;0.05701982913713269;;;0.05701982913713269
2020-2021;Resolución / Anexo General;2021-07-19;001003-Anexo.pdf;Campana_2020-2021;VIRGINIA;X3F;3;6.0;;;6.0;95.436;101.719;0.058986030141861406;;;0.058986030141861406
2020-2021;Resolución / Anexo General;2021-07-19;001003-Anexo.pdf;Campana_2020-2021;VIRGINIA;X3L;2;8.8;;;8.8;95.436;101.719;0.0865128442080634;;;0.0865128442080634
2020-2021;Resolución / Anexo General;2021-07-19;001003-Anexo.pdf;Campana_2020-2021;VIRGINIA;X3K;1;6.2;;;6.2;95.436;101.719;0.060952231146590125;;;0.060952231146590125
2020-2021;Resolución / Anexo General;2021-07-19;001003-Anexo.pdf;Campana_2020-2021;VIRGINIA;B4F;2;8.8;;;8.8;95.436;101.719;0.0865128442080634;;;0.0865128442080634
2020-2021;Resolución / Anexo General;2021-07-19;001003-Anexo.pdf;Campana_2020-2021;VIRGINIA;X2K;2;1.6;;;1.6;95.436;101.719;0.01572960803782971;;;0.01572960803782971
2020-2021;Resolución / Anexo General;2021-07-19;001003-Anexo.pdf;Campana_2020-2021;VIRGINIA;C4F;3;0.0;;;0.0;95.436;101.719;0.0;;;0.0
2020-2021;Resolución / Anexo General;2021-07-19;001003-Anexo.pdf;Campana_2020-2021;VIRGINIA;C3K;2;3.4;;;3.4;95.436;101.719;0.03342541708038813;;;0.03342541708038813
2020-2021;Resolución / Anexo General;2021-07-19;001003-Anexo.pdf;Campana_2020-2021;VIRGINIA;X2L;3;6.6;;;6.6;95.436;101.719;0.06488463315604755;;;0.06488463315604755
2020-2021;Resolución / Anexo General;2021-07-19;001003-Anexo.pdf;Campana_2020-2021;VIRGINIA;B2F;5;4.6;;;4.6;95.436;101.719;0.04522262310876041;;;0.04522262310876041
2020-2021;Resolución / Anexo General;2021-07-19;001003-Anexo.pdf;Campana_2020-2021;VIRGINIA;C2K;2;8.8;;;8.8;95.436;101.719;0.0865128442080634;;;0.0865128442080634
2020-2021;Resolución / Anexo General;2021-07-19;001003-Anexo.pdf;Campana_2020-2021;VIRGINIA;B1F;6;0.0;;;0.0;95.436;101.719;0.0;;;0.0
2020-2021;Resolución / Anexo General;2021-07-19;001003-Anexo.pdf;Campana_2020-2021;VIRGINIA;B1L;5;2.8;;;2.8;95.436;101.719;0.02752681406620199;;;0.02752681406620199
2020-2021;Resolución / Anexo General;2021-07-19;001003-Anexo.pdf;Campana_2020-2021;VIRGINIA;C1F;5;6.4;;;6.4;95.436;101.719;0.06291843215131884;;;0.06291843215131884
2020-2021;Resolución / Anexo General;2021-07-19;001003-Anexo.pdf;Campana_2020-2021;VIRGINIA;C1L;4;9.2;;;9.2;95.436;101.719;0.09044524621752081;;;0.09044524621752081
2020-2021;Resolución / Anexo General;2021-07-19;001003-Anexo.pdf;Campana_2020-2021;VIRGINIA;X1F;4;9.8;;;9.8;95.436;101.719;0.09634384923170697;;;0.09634384923170697
2020-2021;Resolución / Anexo General;2021-07-19;001003-Anexo.pdf;Campana_2020-2021;VIRGINIA;X1L;4;2.6;;;2.6;95.436;101.719;0.025560613061473277;;;0.025560613061473277
2020-2021;Resolución / Anexo General;2021-07-19;001003-Anexo.pdf;Campana_2020-2021;VIRGINIA;T2F;4;8.6;;;8.6;95.436;101.719;0.08454664320333467;;;0.08454664320333467
2020-2021;Resolución / Anexo General;2021-07-19;001003-Anexo.pdf;Campana_2020-2021;VIRGINIA;T2L;4;0.8;;;0.8;95.436;101.719;0.007864804018914855;;;0.007864804018914855
2020-2021;Resolución / Anexo General;2021-07-19;001003-Anexo.pdf;Campana_2020-2021;VIRGINIA;T2KL;2;1.0;;;1.0;95.436;101.719;0.009831005023643568;;;0.009831005023643568
2020-2021;Resolución / Anexo General;2021-07-19;001003-Anexo.pdf;Campana_2020-2021;VIRGINIA;T2KF;2;4.0;;;4.0;95.436;101.719;0.03932402009457427;;;0.03932402009457427
2020-2021;Resolución / Anexo General;2021-07-19;001003-Anexo.pdf;Campana_2020-2021;VIRGINIA;C4L;2;2.2;;;2.2;95.436;101.719;0.02162821105201585;;;0.02162821105201585
2020-2021;Resolución / Anexo General;2021-07-19;001003-Anexo.pdf;Campana_2020-2021;VIRGINIA;B2L;4;6.8;;;6.8;95.436;101.719;0.06685083416077627;;;0.06685083416077627
2020-2021;Resolución / Anexo General;2021-07-19;001003-Anexo.pdf;Campana_2020-2021;VIRGINIA;B2KL;2;8.8;;;8.8;95.436;101.719;0.0865128442080634;;;0.0865128442080634
2020-2021;Resolución / Anexo General;2021-07-19;001003-Anexo.pdf;Campana_2020-2021;VIRGINIA;B2KF;3;1.8;;;1.8;95.436;101.719;0.017695809042558422;;;0.017695809042558422
2020-2021;Resolución / Anexo General;2021-07-19;001003-Anexo.pdf;Campana_2020-2021;VIRGINIA;C2L;4;3.2;;;3.2;95.436;101.719;0.03145921607565942;;;0.03145921607565942
2020-2021;Resolución / Anexo General;2021-07-19;001003-Anexo.pdf;Campana_2020-2021;VIRGINIA;X2F;4;4.4;;;4.4;95.436;101.719;0.0432564221040317;;;0.0432564221040317
2020-2021;Resolución / Anexo General;2021-07-19;001003-Anexo.pdf;Campana_2020-2021;VIRGINIA;X4F;2;3.4;;;3.4;95.436;101.719;0.03342541708038813;;;0.03342541708038813
2020-2021;Resolución / Anexo General;2021-07-19;001003-Anexo.pdf;Campana_2020-2021;VIRGINIA;H1F;6;3.0;;;3.0;95.436;101.719;0.029493015070930703;;;0.029493015070930703
2020-2021;Resolución / Anexo General;2021-07-19;001003-Anexo.pdf;Campana_2020-2021;VIRGINIA;NVX;1;2.0;;;2.0;95.436;101.719;0.019662010047287137;;;0.019662010047287137
2020-2021;Resolución / Anexo General;2021-07-19;001003-Anexo.pdf;Campana_2020-2021;BURLEY;C2F;3;8.7;;;8.7;95.436;101.719;0.08552974370569903;;;0.08552974370569903
2020-2021;Resolución / Anexo General;2021-07-19;001003-Anexo.pdf;Campana_2020-2021;BURLEY;X2L;2;9.25;;;9.25;95.436;101.719;0.09093679646870301;;;0.09093679646870301
2020-2021;Resolución / Anexo General;2021-07-19;001003-Anexo.pdf;Campana_2020-2021;BURLEY;X2F;3;5.55;;;5.55;95.436;101.719;0.0545620778812218;;;0.0545620778812218
2020-2021;Resolución / Anexo General;2021-07-19;001003-Anexo.pdf;Campana_2020-2021;BURLEY;T3K;1;3.05;;;3.05;95.436;101.719;0.02998456532211288;;;0.02998456532211288
2020-2021;Resolución / Anexo General;2021-07-19;001003-Anexo.pdf;Campana_2020-2021;BURLEY;C3L;2;5.65;;;5.65;95.436;101.719;0.05554517838358616;;;0.05554517838358616
2020-2021;Resolución / Anexo General;2021-07-19;001003-Anexo.pdf;Campana_2020-2021;BURLEY;C3F;3;1.5;;;1.5;95.436;101.719;0.014746507535465352;;;0.014746507535465352
2020-2021;Resolución / Anexo General;2021-07-19;001003-Anexo.pdf;Campana_2020-2021;BURLEY;C2L;3;2.85;;;2.85;95.436;101.719;0.028018364317384168;;;0.028018364317384168
2020-2021;Resolución / Anexo General;2021-07-19;001003-Anexo.pdf;Campana_2020-2021;BURLEY;C3K;1;6.65;;;6.65;95.436;101.719;0.06537618340722973;;;0.06537618340722973
2020-2021;Resolución / Anexo General;2021-07-19;001003-Anexo.pdf;Campana_2020-2021;BURLEY;B3F;3;5.1;;;5.1;95.436;101.719;0.05013812562058219;;;0.05013812562058219
2020-2021;Resolución / Anexo General;2021-07-19;001003-Anexo.pdf;Campana_2020-2021;BURLEY;B3FR;2;8.35;;;8.35;95.436;101.719;0.08208889194742379;;;0.08208889194742379
2020-2021;Resolución / Anexo General;2021-07-19;001003-Anexo.pdf;Campana_2020-2021;BURLEY;B3K;1;4.85;;;4.85;95.436;101.719;0.0476803743646713;;;0.0476803743646713
2020-2021;Resolución / Anexo General;2021-07-19;001003-Anexo.pdf;Campana_2020-2021;BURLEY;NX;1;3.5;;;3.5;95.436;101.719;0.034408517582752485;;;0.034408517582752485
2020-2021;Resolución / Anexo General;2021-07-19;001003-Anexo.pdf;Campana_2020-2021;BURLEY;NB;1;1.25;;;1.25;95.436;101.719;0.012288756279554459;;;0.012288756279554459
2020-2021;Resolución / Anexo General;2021-07-19;001003-Anexo.pdf;Campana_2020-2021;VIRGINIA;T1L;4;6.8;;;6.8;95.436;101.719;0.06685083416077627;;;0.06685083416077627
2020-2021;Resolución / Anexo General;2021-07-19;001003-Anexo.pdf;Campana_2020-2021;BURLEY;X3K;1;8.45;;;8.45;95.436;101.719;0.08307199244978813;;;0.08307199244978813
2020-2021;Resolución / Anexo General;2021-07-19;001003-Anexo.pdf;Campana_2020-2021;BURLEY;B2FR;3;4.65;;;4.65;95.436;101.719;0.04571417335994259;;;0.04571417335994259
2020-2021;Resolución / Anexo General;2021-07-19;001003-Anexo.pdf;Campana_2020-2021;BURLEY;B2F;4;1.4;;;1.4;95.436;101.719;0.013763407033100994;;;0.013763407033100994
2020-2021;Resolución / Anexo General;2021-07-19;001003-Anexo.pdf;Campana_2020-2021;BURLEY;T2FR;3;1.5;;;1.5;95.436;101.719;0.014746507535465352;;;0.014746507535465352
2020-2021;Resolución / Anexo General;2021-07-19;001003-Anexo.pdf;Campana_2020-2021;VIRGINIA;NVC;1;2.0;;;2.0;95.436;101.719;0.019662010047287137;;;0.019662010047287137
2020-2021;Resolución / Anexo General;2021-07-19;001003-Anexo.pdf;Campana_2020-2021;VIRGINIA;NVB;1;2.0;;;2.0;95.436;101.719;0.019662010047287137;;;0.019662010047287137
2020-2021;Resolución / Anexo General;2021-07-19;001003-Anexo.pdf;Campana_2020-2021;VIRGINIA;N5X;1;0.2;;;0.2;95.436;101.719;0.001966201004728714;;;0.001966201004728714
2020-2021;Resolución / Anexo General;2021-07-19;001003-Anexo.pdf;Campana_2020-2021;VIRGINIA;N5C;1;0.2;;;0.2;95.436;101.719;0.001966201004728714;;;0.001966201004728714
2020-2021;Resolución / Anexo General;2021-07-19;001003-Anexo.pdf;Campana_2020-2021;VIRGINIA;H2F;5;7.0;;;7.0;95.436;101.719;0.06881703516550497;;;0.06881703516550497
2020-2021;Resolución / Anexo General;2021-07-19;001003-Anexo.pdf;Campana_2020-2021;VIRGINIA;H3F;4;8.0;;;8.0;95.436;101.719;0.07864804018914855;;;0.07864804018914855
2020-2021;Resolución / Anexo General;2021-07-19;001003-Anexo.pdf;Campana_2020-2021;BURLEY;T1F;4;0.5;;;0.5;95.436;101.719;0.004915502511821784;;;0.004915502511821784
2020-2021;Resolución / Anexo General;2021-07-19;001003-Anexo.pdf;Campana_2020-2021;BURLEY;T1FR;3;6.0;;;6.0;95.436;101.719;0.058986030141861406;;;0.058986030141861406
2020-2021;Resolución / Anexo General;2021-07-19;001003-Anexo.pdf;Campana_2020-2021;BURLEY;B1F;4;5.0;;;5.0;95.436;101.719;0.049155025118217836;;;0.049155025118217836
2020-2021;Resolución / Anexo General;2021-07-19;001003-Anexo.pdf;Campana_2020-2021;BURLEY;B1FR;3;8.25;;;8.25;95.436;101.719;0.08110579144505943;;;0.08110579144505943
2020-2021;Resolución / Anexo General;2021-07-19;001003-Anexo.pdf;Campana_2020-2021;BURLEY;C1L;3;7.35;;;7.35;95.436;101.719;0.07225788692378021;;;0.07225788692378021
2020-2021;Resolución / Anexo General;2021-07-19;001003-Anexo.pdf;Campana_2020-2021;BURLEY;C1F;4;3.2;;;3.2;95.436;101.719;0.03145921607565942;;;0.03145921607565942
2020-2021;Resolución / Anexo General;2021-07-19;001003-Anexo.pdf;Campana_2020-2021;BURLEY;X1L;3;3.75;;;3.75;95.436;101.719;0.036866268838663376;;;0.036866268838663376
2020-2021;Resolución / Anexo General;2021-07-19;001003-Anexo.pdf;Campana_2020-2021;BURLEY;X1F;4;0.05;;;0.05;95.436;101.719;0.0004915502511821785;;;0.0004915502511821785
2020-2021;Resolución / Anexo General;2021-07-19;001003-Anexo.pdf;Campana_2020-2021;BURLEY;T2F;3;6.0;;;6.0;95.436;101.719;0.058986030141861406;;;0.058986030141861406
2020-2021;Resolución / Anexo General;2021-07-19;001003-Anexo.pdf;Campana_2020-2021;VIRGINIA;X4L;1;5.6;;;5.6;95.436;101.719;0.05505362813240398;;;0.05505362813240398
2020-2021;Resolución / Anexo General;2021-07-19;001003-Anexo.pdf;Campana_2020-2021;VIRGINIA;T1F;5;4.0;;;4.0;95.436;101.719;0.03932402009457427;;;0.03932402009457427
2020-2021;Resolución / Anexo General;2021-07-19;001003-Anexo.pdf;Campana_2020-2021;VIRGINIA;C2F;5;1.0;;;1.0;95.436;101.719;0.009831005023643568;;;0.009831005023643568
2020-2021;Adelanto / 1ra Grilla;2021-12-01;0001003-Anexo.pdf;Campana_2020-2021;BURLEY;B1;90;10.8;0.0;28.7878;39.5878;100.282;106.55;0.10136086344439231;0.0;0.2701811356170812;0.3715419990614735
2020-2021;Adelanto / 1ra Grilla;2021-12-01;0001003-Anexo.pdf;Campana_2020-2021;CRIOLLO MISIONERO;C3K;39;9.75;23.4;10.4884;43.6384;100.282;106.55;0.09150633505396527;0.21961520412951666;0.09843641482871891;0.40955795401220085
2020-2021;Adelanto / 1ra Grilla;2021-12-01;0001003-Anexo.pdf;Campana_2020-2021;CRIOLLO MISIONERO;X3F;60;15.0;36.0;16.136;67.136;100.282;106.55;0.14077897700610043;0.33786954481464104;0.15144063819802908;0.6300891600187705
2020-2021;Adelanto / 1ra Grilla;2021-12-01;0001003-Anexo.pdf;Campana_2020-2021;CRIOLLO MISIONERO;X3L;48;12.0;28.8;12.9088;53.7088;100.282;106.55;0.11262318160488034;0.27029563585171285;0.12115251055842327;0.5040713280150164
2020-2021;Adelanto / 1ra Grilla;2021-12-01;0001003-Anexo.pdf;Campana_2020-2021;CRIOLLO MISIONERO;X3K;27;6.75;16.2;7.2612;30.2112;100.282;106.55;0.06335053965274519;0.15204129516658846;0.06814828718911309;0.28354012200844675
2020-2021;Adelanto / 1ra Grilla;2021-12-01;0001003-Anexo.pdf;Campana_2020-2021;CRIOLLO MISIONERO;B4F;48;12.0;28.8;12.9088;53.7088;100.282;106.55;0.11262318160488034;0.27029563585171285;0.12115251055842327;0.5040713280150164
2020-2021;Adelanto / 1ra Grilla;2021-12-01;0001003-Anexo.pdf;Campana_2020-2021;CRIOLLO MISIONERO;B4L;43;10.75;25.8;11.5642;48.1142;100.282;106.55;0.10089160018770531;0.24213984045049275;0.10853308305959643;0.45156452369779443
2020-2021;Adelanto / 1ra Grilla;2021-12-01;0001003-Anexo.pdf;Campana_2020-2021;CRIOLLO MISIONERO;C4F;50;12.5;30.0;13.4467;55.9467;100.282;106.55;0.11731581417175035;0.28155795401220085;0.12620084467386203;0.5250746128578132
2020-2021;Adelanto / 1ra Grilla;2021-12-01;0001003-Anexo.pdf;Campana_2020-2021;CRIOLLO MISIONERO;C4L;37;9.25;22.2;9.9506;41.4006;100.282;106.55;0.08681370248709526;0.20835288596902862;0.09338901923979352;0.3885556076959174
2020-2021;Adelanto / 1ra Grilla;2021-12-01;0001003-Anexo.pdf;Campana_2020-2021;CRIOLLO MISIONERO;X4F;39;9.75;23.4;10.4884;43.6384;100.282;106.55;0.09150633505396527;0.21961520412951666;0.09843641482871891;0.40955795401220085
2020-2021;Adelanto / 1ra Grilla;2021-12-01;0001003-Anexo.pdf;Campana_2020-2021;CRIOLLO MISIONERO;X4L;26;6.5;15.6;6.9923;29.0923;100.282;106.55;0.06100422336931018;0.14641013608634443;0.0656245893946504;0.27303894885030505
2020-2021;Adelanto / 1ra Grilla;2021-12-01;0001003-Anexo.pdf;Campana_2020-2021;CRIOLLO MISIONERO;C3L;59;14.75;35.4;15.8671;66.0171;100.282;106.55;0.1384326607226654;0.332238385734397;0.1489169404035664;0.6195879868606288
2020-2021;Adelanto / 1ra Grilla;2021-12-01;0001003-Anexo.pdf;Campana_2020-2021;CRIOLLO MISIONERO;NVX;20;5.0;12.0;5.3787;22.3787;100.282;106.55;0.04692632566870014;0.11262318160488034;0.050480525574847494;0.21003003284842797
2020-2021;Adelanto / 1ra Grilla;2021-12-01;0001003-Anexo.pdf;Campana_2020-2021;CRIOLLO MISIONERO;NVB;20;5.0;12.0;5.3787;22.3787;100.282;106.55;0.04692632566870014;0.11262318160488034;0.050480525574847494;0.21003003284842797
2020-2021;Adelanto / 1ra Grilla;2021-12-01;0001003-Anexo.pdf;Campana_2020-2021;CRIOLLO MISIONERO;N5K;15;3.75;9.0;4.034;16.784;100.282;106.55;0.035194744251525106;0.08446738620366026;0.03786015954950727;0.15752229000469262
2020-2021;Adelanto / 1ra Grilla;2021-12-01;0001003-Anexo.pdf;Campana_2020-2021;CRIOLLO MISIONERO;N5X;17;4.25;10.2;4.5719;19.0219;100.282;106.55;0.03988737681839512;0.09572970436414828;0.04290849366494604;0.17852557484748943
2020-2021;Adelanto / 1ra Grilla;2021-12-01;0001003-Anexo.pdf;Campana_2020-2021;CRIOLLO MISIONERO;N5C;17;4.25;10.2;4.5719;19.0219;100.282;106.55;0.03988737681839512;0.09572970436414828;0.04290849366494604;0.17852557484748943
2020-2021;Adelanto / 1ra Grilla;2021-12-01;0001003-Anexo.pdf;Campana_2020-2021;CRIOLLO MISIONERO;N5B;15;3.75;9.0;4.034;16.784;100.282;106.55;0.035194744251525106;0.08446738620366026;0.03786015954950727;0.15752229000469262
2020-2021;Adelanto / 1ra Grilla;2021-12-01;0001003-Anexo.pdf;Campana_2020-2021;CRIOLLO MISIONERO;H1F;105;26.25;63.0;28.2381;117.4881;100.282;106.55;0.24636320976067574;0.5912717034256217;0.2650220553730643;1.102656968559362
2020-2021;Adelanto / 1ra Grilla;2021-12-01;0001003-Anexo.pdf;Campana_2020-2021;CRIOLLO MISIONERO;H2F;95;23.75;57.0;25.5487;106.2987;100.282;106.55;0.22290004692632567;0.5349601126231817;0.23978132332238386;0.9976414828718911
2020-2021;Adelanto / 1ra Grilla;2021-12-01;0001003-Anexo.pdf;Campana_2020-2021;CRIOLLO MISIONERO;H3F;80;20.0;48.0;21.5147;89.5147;100.282;106.55;0.18770530267480057;0.45049272641952137;0.2019211637728766;0.8401191928671986
2020-2021;Adelanto / 1ra Grilla;2021-12-01;0001003-Anexo.pdf;Campana_2020-2021;VIRGINIA;T1F;90;20.25;40.5;20.4323;81.1823;100.282;106.55;0.19005161895823558;0.38010323791647116;0.1917625527921164;0.7619174096668231
2020-2021;Adelanto / 1ra Grilla;2021-12-01;0001003-Anexo.pdf;Campana_2020-2021;VIRGINIA;T1FR;80;18.0;36.0;18.1621;72.1621;100.282;106.55;0.16893477240732052;0.33786954481464104;0.17045612388549977;0.6772604411074613
2020-2021;Adelanto / 1ra Grilla;2021-12-01;0001003-Anexo.pdf;Campana_2020-2021;CRIOLLO MISIONERO;NVC;20;5.0;12.0;5.3787;22.3787;100.282;106.55;0.04692632566870014;0.11262318160488034;0.050480525574847494;0.21003003284842797
2020-2021;Adelanto / 1ra Grilla;2021-12-01;0001003-Anexo.pdf;Campana_2020-2021;CRIOLLO MISIONERO;C3F;71;17.75;42.6;19.0943;79.4443;100.282;106.55;0.1665884561238855;0.3998122946973252;0.17920506804317224;0.7456058188643829
2020-2021;Adelanto / 1ra Grilla;2021-12-01;0001003-Anexo.pdf;Campana_2020-2021;CRIOLLO MISIONERO;B3KF;44;11.0;26.4;11.8331;49.2331;100.282;106.55;0.1032379164711403;0.24777099953073672;0.11105678085405912;0.4620656968559362
2020-2021;Adelanto / 1ra Grilla;2021-12-01;0001003-Anexo.pdf;Campana_2020-2021;CRIOLLO MISIONERO;B3L;64;16.0;38.4;17.2118;71.6118;100.282;106.55;0.15016424213984045;0.36039418113561705;0.16153730642890662;0.6720957297043642
2020-2021;Adelanto / 1ra Grilla;2021-12-01;0001003-Anexo.pdf;Campana_2020-2021;BURLEY;C2;80;9.6;0.0;25.5891;35.1891;100.282;106.55;0.09009854528390426;0.0;0.24016048803378695;0.33025903331769124
2020-2021;Adelanto / 1ra Grilla;2021-12-01;0001003-Anexo.pdf;Campana_2020-2021;CRIOLLO MISIONERO;C1F;94;23.5;56.4;25.2798;105.1798;100.282;106.55;0.22055373064289066;0.5293289535429376;0.23725762552792118;0.9871403097137494
2020-2021;Adelanto / 1ra Grilla;2021-12-01;0001003-Anexo.pdf;Campana_2020-2021;CRIOLLO MISIONERO;B1L;88;22.0;52.8;23.6662;98.4662;100.282;106.55;0.2064758329422806;0.49554199906147345;0.22211356170811825;0.9241313937118724
2020-2021;Adelanto / 1ra Grilla;2021-12-01;0001003-Anexo.pdf;Campana_2020-2021;CRIOLLO MISIONERO;B1F;100;25.0;60.0;26.8934;111.8934;100.282;106.55;0.2346316283435007;0.5631159080244017;0.25240168934772406;1.0501492257156264
2020-2021;Adelanto / 1ra Grilla;2021-12-01;0001003-Anexo.pdf;Campana_2020-2021;CRIOLLO MISIONERO;T1L;78;19.5;46.8;20.9769;87.2769;100.282;106.55;0.18301267010793054;0.4392304082590333;0.19687376818395122;0.8191168465509151
2020-2021;Adelanto / 1ra Grilla;2021-12-01;0001003-Anexo.pdf;Campana_2020-2021;CRIOLLO MISIONERO;C1L;82;20.5;49.2;22.0526;91.7526;100.282;106.55;0.1923979352416706;0.46175504458000943;0.20696949788831537;0.8611224777099954
2020-2021;Adelanto / 1ra Grilla;2021-12-01;0001003-Anexo.pdf;Campana_2020-2021;CRIOLLO MISIONERO;X1F;83;20.75;49.8;22.3215;92.8715;100.282;106.55;0.19474425152510558;0.4673862036602534;0.20949319568277805;0.871623650868137
2020-2021;Adelanto / 1ra Grilla;2021-12-01;0001003-Anexo.pdf;Campana_2020-2021;CRIOLLO MISIONERO;X1L;71;17.75;42.6;19.0943;79.4443;100.282;106.55;0.1665884561238855;0.3998122946973252;0.17920506804317224;0.7456058188643829
2020-2021;Adelanto / 1ra Grilla;2021-12-01;0001003-Anexo.pdf;Campana_2020-2021;CRIOLLO MISIONERO;T2F;81;20.25;48.6;21.7837;90.6337;100.282;106.55;0.19005161895823558;0.4561238854997654;0.20444580009385266;0.8506213045518537
2020-2021;Adelanto / 1ra Grilla;2021-12-01;0001003-Anexo.pdf;Campana_2020-2021;CRIOLLO MISIONERO;T2L;68;17.0;40.8;18.2875;76.0875;100.282;106.55;0.15954950727358047;0.3829188174565931;0.17163303613327077;0.7141013608634444
2020-2021;Adelanto / 1ra Grilla;2021-12-01;0001003-Anexo.pdf;Campana_2020-2021;CRIOLLO MISIONERO;T2KL;35;8.75;21.0;9.4127;39.1627;100.282;106.55;0.08212106992022525;0.1970905678085406;0.08834068512435475;0.3675523228531206
2020-2021;Adelanto / 1ra Grilla;2021-12-01;0001003-Anexo.pdf;Campana_2020-2021;CRIOLLO MISIONERO;T2KF;40;10.0;24.0;10.7574;44.7574;100.282;106.55;0.09385265133740028;0.22524636320976069;0.10096105114969499;0.42006006569685594
2020-2021;Adelanto / 1ra Grilla;2021-12-01;0001003-Anexo.pdf;Campana_2020-2021;CRIOLLO MISIONERO;B2F;91;22.75;54.6;24.473;101.823;100.282;106.55;0.21351478179258565;0.5124354763022055;0.2296855936180197;0.9556358517128108
2020-2021;Adelanto / 1ra Grilla;2021-12-01;0001003-Anexo.pdf;Campana_2020-2021;CRIOLLO MISIONERO;B2L;78;19.5;46.8;20.9769;87.2769;100.282;106.55;0.18301267010793054;0.4392304082590333;0.19687376818395122;0.8191168465509151
2020-2021;Adelanto / 1ra Grilla;2021-12-01;0001003-Anexo.pdf;Campana_2020-2021;CRIOLLO MISIONERO;B2KL;48;12.0;28.8;12.9088;53.7088;100.282;106.55;0.11262318160488034;0.27029563585171285;0.12115251055842327;0.5040713280150164
2020-2021;Adelanto / 1ra Grilla;2021-12-01;0001003-Anexo.pdf;Campana_2020-2021;CRIOLLO MISIONERO;B2KF;53;13.25;31.8;14.2535;59.3035;100.282;106.55;0.12435476302205538;0.2984514312529329;0.1337728765837635;0.5565790708587518
2020-2021;Adelanto / 1ra Grilla;2021-12-01;0001003-Anexo.pdf;Campana_2020-2021;CRIOLLO MISIONERO;C2F;85;21.25;51.0;22.8594;95.1094;100.282;106.55;0.1994368840919756;0.47864852182074147;0.2145415297982168;0.8926269357109338
2020-2021;Adelanto / 1ra Grilla;2021-12-01;0001003-Anexo.pdf;Campana_2020-2021;CRIOLLO MISIONERO;C2L;72;18.0;43.2;19.3632;80.5632;100.282;106.55;0.16893477240732052;0.40544345377756924;0.18172876583763492;0.7561069920225246
2020-2021;Adelanto / 1ra Grilla;2021-12-01;0001003-Anexo.pdf;Campana_2020-2021;CRIOLLO MISIONERO;C2K;48;12.0;28.8;12.9088;53.7088;100.282;106.55;0.11262318160488034;0.27029563585171285;0.12115251055842327;0.5040713280150164
2020-2021;Adelanto / 1ra Grilla;2021-12-01;0001003-Anexo.pdf;Campana_2020-2021;CRIOLLO MISIONERO;X2F;74;18.5;44.4;19.9011;82.8011;100.282;106.55;0.17362740497419052;0.41670577193805725;0.18677709995307368;0.7771102768653215
2020-2021;Adelanto / 1ra Grilla;2021-12-01;0001003-Anexo.pdf;Campana_2020-2021;CRIOLLO MISIONERO;X2L;61;15.25;36.6;16.405;68.255;100.282;106.55;0.14312529328953544;0.3435007038948851;0.15396527451900519;0.6405912717034256
2020-2021;Adelanto / 1ra Grilla;2021-12-01;0001003-Anexo.pdf;Campana_2020-2021;CRIOLLO MISIONERO;X2K;36;9.0;21.6;9.6816;40.2816;100.282;106.55;0.08446738620366026;0.20272172688878462;0.09086438291881746;0.3780534960112623
2020-2021;Adelanto / 1ra Grilla;2021-12-01;0001003-Anexo.pdf;Campana_2020-2021;CRIOLLO MISIONERO;B3F;75;18.75;45.0;20.1701;83.9201;100.282;106.55;0.17597372125762553;0.4223369310183013;0.18930173627404975;0.7876123885499766
2020-2021;Adelanto / 1ra Grilla;2021-12-01;0001003-Anexo.pdf;Campana_2020-2021;VIRGINIA;B1F;100;22.5;45.0;22.7026;90.2026;100.282;106.55;0.21116846550915064;0.4223369310183013;0.21306992022524637;0.8465753167526984
2020-2021;Adelanto / 1ra Grilla;2021-12-01;0001003-Anexo.pdf;Campana_2020-2021;VIRGINIA;B1FR;85;19.125;38.25;19.2972;76.6722;100.282;106.55;0.17949319568277805;0.3589863913655561;0.18110933833880807;0.7195889253871423
2020-2021;Adelanto / 1ra Grilla;2021-12-01;0001003-Anexo.pdf;Campana_2020-2021;CRIOLLO MISIONERO;B3KL;39;9.75;23.4;10.4884;43.6384;100.282;106.55;0.09150633505396527;0.21961520412951666;0.09843641482871891;0.40955795401220085
2020-2021;Adelanto / 1ra Grilla;2021-12-01;0001003-Anexo.pdf;Campana_2020-2021;VIRGINIA;C1F;96;21.6;43.2;21.7945;86.5945;100.282;106.55;0.20272172688878462;0.40544345377756924;0.20454716095729705;0.8127123416236508
2020-2021;Adelanto / 1ra Grilla;2021-12-01;0001003-Anexo.pdf;Campana_2020-2021;CRIOLLO CORRENTINO;T2;47;8.46;0.0;24.9757;33.4357;100.282;106.55;0.07939934303144065;0.0;0.23440356640075083;0.31380290943219147
2020-2021;Adelanto / 1ra Grilla;2021-12-01;0001003-Anexo.pdf;Campana_2020-2021;CRIOLLO CORRENTINO;C2;60;10.8;0.0;31.8838;42.6838;100.282;106.55;0.10136086344439231;0.0;0.29923791647114034;0.4005987799155326
2020-2021;Adelanto / 1ra Grilla;2021-12-01;0001003-Anexo.pdf;Campana_2020-2021;CRIOLLO CORRENTINO;C1;88;15.84;0.0;46.7629;62.6029;100.282;106.55;0.14866259971844206;0.0;0.43888221492257157;0.5875448146410136
2020-2021;Adelanto / 1ra Grilla;2021-12-01;0001003-Anexo.pdf;Campana_2020-2021;CRIOLLO CORRENTINO;B3;50;9.0;0.0;26.5699;35.5699;100.282;106.55;0.08446738620366026;0.0;0.24936555607695918;0.3338329422806194
2020-2021;Adelanto / 1ra Grilla;2021-12-01;0001003-Anexo.pdf;Campana_2020-2021;CRIOLLO CORRENTINO;B2;92;16.56;0.0;48.8885;65.4485;100.282;106.55;0.15541999061473485;0.0;0.4588315344908494;0.6142515251055842
2020-2021;Adelanto / 1ra Grilla;2021-12-01;0001003-Anexo.pdf;Campana_2020-2021;CRIOLLO CORRENTINO;B1;100;18.0;0.0;53.1397;71.1397;100.282;106.55;0.16893477240732052;0.0;0.49873017362740496;0.6676649460347256
2020-2021;Adelanto / 1ra Grilla;2021-12-01;0001003-Anexo.pdf;Campana_2020-2021;CRIOLLO CHAQUEÑO;N4;1;4.51;0.0;12.5875;17.0975;100.282;106.55;0.04232754575316753;0.0;0.11813702487095261;0.16046457062412015
2020-2021;Adelanto / 1ra Grilla;2021-12-01;0001003-Anexo.pdf;Campana_2020-2021;CRIOLLO CHAQUEÑO;T;64;7.04;0.0;19.6487;26.6887;100.282;106.55;0.0660722665415298;0.0;0.1844082590333177;0.2504805255748475
2020-2021;Adelanto / 1ra Grilla;2021-12-01;0001003-Anexo.pdf;Campana_2020-2021;CRIOLLO CHAQUEÑO;X2;62;6.82;0.0;19.0347;25.8547;100.282;106.55;0.064007508212107;0.0;0.17864570624120132;0.2426532144533083
2020-2021;Adelanto / 1ra Grilla;2021-12-01;0001003-Anexo.pdf;Campana_2020-2021;CRIOLLO CHAQUEÑO;C3;76;8.36;0.0;23.3328;31.6928;100.282;106.55;0.07846081651806663;0.0;0.21898451431252933;0.29744533083059593
2020-2021;Adelanto / 1ra Grilla;2021-12-01;0001003-Anexo.pdf;Campana_2020-2021;CRIOLLO CORRENTINO;T4;23;4.14;0.0;12.2221;16.3621;100.282;106.55;0.038854997653683714;0.0;0.11470764899108399;0.15356264664476774
2020-2021;Adelanto / 1ra Grilla;2021-12-01;0001003-Anexo.pdf;Campana_2020-2021;CRIOLLO CHAQUEÑO;C2;89;9.79;0.0;27.324;37.114;100.282;106.55;0.09188174565931487;0.0;0.2564429845143126;0.34832473017362736
2020-2021;Adelanto / 1ra Grilla;2021-12-01;0001003-Anexo.pdf;Campana_2020-2021;CRIOLLO MISIONERO;ND;41;4.92;0.0;5.7975;10.7175;100.282;106.55;0.04617550445800094;0.0;0.05441107461285782;0.10058657907085874
2020-2021;Adelanto / 1ra Grilla;2021-12-01;0001003-Anexo.pdf;Campana_2020-2021;CRIOLLO MISIONERO;CH3;75;9.0;0.0;10.6052;19.6052;100.282;106.55;0.08446738620366026;0.0;0.09953261379633975;0.184
2020-2021;Adelanto / 1ra Grilla;2021-12-01;0001003-Anexo.pdf;Campana_2020-2021;CRIOLLO MISIONERO;CH2;89;10.68;0.0;12.5848;23.2648;100.282;106.55;0.1002346316283435;0.0;0.1181116846550915;0.218346316283435
2020-2021;Adelanto / 1ra Grilla;2021-12-01;0001003-Anexo.pdf;Campana_2020-2021;CRIOLLO MISIONERO;CH1;100;12.0;0.0;14.1402;26.1402;100.282;106.55;0.11262318160488034;0.0;0.13270952604411074;0.2453327076489911
2020-2021;Adelanto / 1ra Grilla;2021-12-01;0001003-Anexo.pdf;Campana_2020-2021;BURLEY;N5;15;1.8;0.0;4.798;6.598;100.282;106.55;0.016893477240732053;0.0;0.045030502111684655;0.061923979352416704
2020-2021;Adelanto / 1ra Grilla;2021-12-01;0001003-Anexo.pdf;Campana_2020-2021;BURLEY;N4;25;3.0;0.0;7.9966;10.9966;100.282;106.55;0.028155795401220086;0.0;0.07505021116846551;0.10320600656968561
2020-2021;Adelanto / 1ra Grilla;2021-12-01;0001003-Anexo.pdf;Campana_2020-2021;BURLEY;X1;50;6.0;0.0;15.9932;21.9932;100.282;106.55;0.05631159080244017;0.0;0.15010042233693102;0.20641201313937121
2020-2021;Adelanto / 1ra Grilla;2021-12-01;0001003-Anexo.pdf;Campana_2020-2021;BURLEY;T1;60;7.2;0.0;19.1918;26.3918;100.282;106.55;0.06757390896292821;0.0;0.18012013139371189;0.24769404035664008
2020-2021;Adelanto / 1ra Grilla;2021-12-01;0001003-Anexo.pdf;Campana_2020-2021;VIRGINIA;C1L;83;18.675;37.35;18.8432;74.8682;100.282;106.55;0.17526982637259503;0.35053965274519006;0.1768484279680901;0.7026579070858752
2020-2021;Adelanto / 1ra Grilla;2021-12-01;0001003-Anexo.pdf;Campana_2020-2021;BURLEY;B2;75;9.0;0.0;23.9898;32.9898;100.282;106.55;0.08446738620366026;0.0;0.22515063350539652;0.30961801970905684
2020-2021;Adelanto / 1ra Grilla;2021-12-01;0001003-Anexo.pdf;Campana_2020-2021;CRIOLLO CHAQUEÑO;C1;100;11.0;0.0;30.7011;41.7011;100.282;106.55;0.1032379164711403;0.0;0.288137963397466;0.3913758798686063
2020-2021;Adelanto / 1ra Grilla;2021-12-01;0001003-Anexo.pdf;Campana_2020-2021;CRIOLLO CORRENTINO;X2;37;6.66;0.0;19.6617;26.3217;100.282;106.55;0.06250586579070859;0.0;0.18453026748005633;0.2470361332707649
2020-2021;Adelanto / 1ra Grilla;2021-12-01;0001003-Anexo.pdf;Campana_2020-2021;CRIOLLO CHAQUEÑO;X1;82;9.02;0.0;25.1749;34.1949;100.282;106.55;0.08465509150633506;0.0;0.23627311121539185;0.3209282027217269
2020-2021;Adelanto / 1ra Grilla;2021-12-01;0001003-Anexo.pdf;Campana_2020-2021;VIRGINIA;C2L;73;16.425;32.85;16.5729;65.8479;100.282;106.55;0.15415297982167997;0.30830595964335994;0.1555410605349601;0.618
2020-2021;Adelanto / 1ra Grilla;2021-12-01;0001003-Anexo.pdf;Campana_2020-2021;VIRGINIA;X1F;89;20.025;40.05;20.2053;80.2803;100.282;106.55;0.18793993430314407;0.37587986860628814;0.1896320976067574;0.7534519005161896
2020-2021;Adelanto / 1ra Grilla;2021-12-01;0001003-Anexo.pdf;Campana_2020-2021;CRIOLLO CORRENTINO;X4;17;3.06;0.0;9.0337;12.0937;100.282;106.55;0.028718911309244487;0.0;0.08478366963866729;0.11350258094791178
2020-2021;Adelanto / 1ra Grilla;2021-12-01;0001003-Anexo.pdf;Campana_2020-2021;VIRGINIA;T2F;80;18.0;36.0;18.1621;72.1621;100.282;106.55;0.16893477240732052;0.33786954481464104;0.17045612388549977;0.6772604411074613
2020-2021;Adelanto / 1ra Grilla;2021-12-01;0001003-Anexo.pdf;Campana_2020-2021;VIRGINIA;T2FR;70;15.75;31.5;15.8918;63.1418;100.282;106.55;0.14781792585640544;0.29563585171281087;0.14914875645236977;0.5926025340215861
2020-2021;Adelanto / 1ra Grilla;2021-12-01;0001003-Anexo.pdf;Campana_2020-2021;VIRGINIA;B2F;92;20.7;41.4;20.8864;82.9864;100.282;106.55;0.19427498826841857;0.38854997653683715;0.1960244016893477;0.7788493664946036
2020-2021;Adelanto / 1ra Grilla;2021-12-01;0001003-Anexo.pdf;Campana_2020-2021;VIRGINIA;B2FR;77;17.325;34.65;17.481;69.456;100.282;106.55;0.162599718442046;0.325199436884092;0.16406381980290946;0.6518629751290475
2020-2021;Adelanto / 1ra Grilla;2021-12-01;0001003-Anexo.pdf;Campana_2020-2021;CRIOLLO MISIONERO;T1F;90;22.5;54.0;24.2041;100.7041;100.282;106.55;0.21116846550915064;0.5068043172219615;0.22716189582355703;0.9451346785546691
2020-2021;Adelanto / 1ra Grilla;2021-12-01;0001003-Anexo.pdf;Campana_2020-2021;VIRGINIA;C2F;86;19.35;38.7;19.5242;77.5742;100.282;106.55;0.18160488033786956;0.3632097606757391;0.18323979352416706;0.7280544345377757
2020-2021;Adelanto / 1ra Grilla;2021-12-01;0001003-Anexo.pdf;Campana_2020-2021;VIRGINIA;X2L;65;14.625;29.25;14.7567;58.6317;100.282;106.55;0.1372595025809479;0.2745190051618958;0.13849554199906147;0.5502740497419052
2020-2021;Adelanto / 1ra Grilla;2021-12-01;0001003-Anexo.pdf;Campana_2020-2021;VIRGINIA;X2F;79;17.775;35.55;17.9351;71.2601;100.282;106.55;0.16682308775222898;0.33364617550445796;0.16832566870014076;0.6687949319568277
2020-2021;Adelanto / 1ra Grilla;2021-12-01;0001003-Anexo.pdf;Campana_2020-2021;VIRGINIA;X1L;75;16.875;33.75;17.027;67.652;100.282;106.55;0.158376349131863;0.316752698263726;0.15980290943219147;0.6349319568277804
2020-2021;Adelanto / 1ra Grilla;2021-12-01;0001003-Anexo.pdf;Campana_2020-2021;VIRGINIA;C3L;57;12.825;25.65;12.9405;51.4155;100.282;106.55;0.12036602534021586;0.24073205068043171;0.12145002346316285;0.48254809948381044
2020-2021;Adelanto / 1ra Grilla;2021-12-01;0001003-Anexo.pdf;Campana_2020-2021;VIRGINIA;T3K;29;6.525;13.05;6.5838;26.1588;100.282;106.55;0.06123885499765369;0.12247770999530738;0.0617907085875176;0.24550727358047864
2020-2021;Adelanto / 1ra Grilla;2021-12-01;0001003-Anexo.pdf;Campana_2020-2021;VIRGINIA;C3F;70;15.75;31.5;15.8918;63.1418;100.282;106.55;0.14781792585640544;0.29563585171281087;0.14914875645236977;0.5926025340215861
2020-2021;Adelanto / 1ra Grilla;2021-12-01;0001003-Anexo.pdf;Campana_2020-2021;VIRGINIA;C3K;37;8.325;16.65;8.4;33.375;100.282;106.55;0.07813233223838573;0.15626466447677145;0.07883622712341624;0.31323322383857344
2020-2021;Adelanto / 1ra Grilla;2021-12-01;0001003-Anexo.pdf;Campana_2020-2021;VIRGINIA;X3K;41;9.225;18.45;9.3081;36.9831;100.282;106.55;0.08657907085875176;0.17315814171750352;0.08735898639136555;0.34709619896762084
2020-2021;Adelanto / 1ra Grilla;2021-12-01;0001003-Anexo.pdf;Campana_2020-2021;VIRGINIA;B3F;78;17.55;35.1;17.708;70.358;100.282;106.55;0.1647114030971375;0.329422806194275;0.16619427498826841;0.6603284842796809
2020-2021;Adelanto / 1ra Grilla;2021-12-01;0001003-Anexo.pdf;Campana_2020-2021;VIRGINIA;B3FR;63;14.175;28.35;14.3026;56.8276;100.282;106.55;0.1330361332707649;0.2660722665415298;0.13423369310183014;0.5333420929141248
2020-2021;Adelanto / 1ra Grilla;2021-12-01;0001003-Anexo.pdf;Campana_2020-2021;VIRGINIA;B3K;33;7.425;14.85;7.4919;29.7669;100.282;106.55;0.06968559361801971;0.13937118723603942;0.07031346785546692;0.27937024870952604
2020-2021;Adelanto / 1ra Grilla;2021-12-01;0001003-Anexo.pdf;Campana_2020-2021;VIRGINIA;NG;10;2.25;4.5;2.2703;9.0203;100.282;106.55;0.021116846550915065;0.04223369310183013;0.021307367433129987;0.08465790708587519
2020-2021;Adelanto / 1ra Grilla;2021-12-01;0001003-Anexo.pdf;Campana_2020-2021;VIRGINIA;NX;30;6.75;13.5;6.8108;27.0608;100.282;106.55;0.06335053965274519;0.12670107930549038;0.06392116377287659;0.2539727827311122
2020-2021;Adelanto / 1ra Grilla;2021-12-01;0001003-Anexo.pdf;Campana_2020-2021;VIRGINIA;NB;25;5.625;11.25;5.6757;22.5507;100.282;106.55;0.05279211637728766;0.10558423275457532;0.05326794931956828;0.21164429845143126
2020-2021;Adelanto / 1ra Grilla;2021-12-01;0001003-Anexo.pdf;Campana_2020-2021;BURLEY;C1;100;12.0;0.0;31.9864;43.9864;100.282;106.55;0.11262318160488034;0.0;0.30020084467386204;0.41282402627874243
2020-2021;Adelanto / 1ra Grilla;2021-12-01;0001003-Anexo.pdf;Campana_2020-2021;CRIOLLO CORRENTINO;N;10;1.8;0.0;5.314;7.114;100.282;106.55;0.016893477240732053;0.0;0.04987329892069451;0.06676677616142657
2021-2022;Incremento FET;2022-11-03;0001003-Anexo.pdf;Campana_2021-2022;VIRGINIA;B2FR;77;38.5;26.95;33.683;99.133;156.287;164.818;0.23359099127522479;0.16351369389265735;0.20436481452268562;0.6014694996905677
2021-2022;Incremento FET;2022-11-03;0001003-Anexo.pdf;Campana_2021-2022;VIRGINIA;C2L;73;36.5;25.55;31.933;93.983;156.287;164.818;0.22145639432586245;0.15501947602810373;0.19374704219199357;0.5702229125459598
2021-2022;Incremento FET;2022-11-03;0001003-Anexo.pdf;Campana_2021-2022;VIRGINIA;C2F;86;43.0;30.1;37.62;110.72;156.287;164.818;0.26089383441129;0.18262568408790303;0.22825176861750535;0.6717712871166983
2021-2022;Incremento FET;2022-11-03;0001003-Anexo.pdf;Campana_2021-2022;VIRGINIA;B2F;92;46.0;32.2;40.244;118.444;156.287;164.818;0.2790957298353335;0.19536701088473346;0.2441723598150687;0.7186351005351357
2021-2022;Incremento FET;2022-11-03;0001003-Anexo.pdf;Campana_2021-2022;VIRGINIA;X2L;65;32.5;22.75;28.434;83.684;156.287;164.818;0.1971872004271378;0.13803104029899646;0.1725175648290842;0.5077358055552185
2021-2022;Incremento FET;2022-11-03;0001003-Anexo.pdf;Campana_2021-2022;BURLEY;1;7;4.587;;;4.587;156.287;164.818;0.027830698103362493;;;0.027830698103362493
2021-2022;Incremento FET;2022-11-03;0001003-Anexo.pdf;Campana_2021-2022;VIRGINIA;T3K;29;14.5;10.15;12.686;37.336;156.287;164.818;0.08797582788287686;0.061583079518013804;0.07696974844980524;0.2265286558506959
2021-2022;Incremento FET;2022-11-03;0001003-Anexo.pdf;Campana_2021-2022;VIRGINIA;C3L;57;28.5;19.95;24.934;73.384;156.287;164.818;0.17291800652841316;0.1210426045698892;0.15128202016770012;0.44524263126600244
2021-2022;Incremento FET;2022-11-03;0001003-Anexo.pdf;Campana_2021-2022;VIRGINIA;T2FR;70;35.0;24.5;30.621;90.121;156.287;164.818;0.2123554466138407;0.1486488126296885;0.18578674659321187;0.5467910058367411
2021-2022;Incremento FET;2022-11-03;0001003-Anexo.pdf;Campana_2021-2022;VIRGINIA;C3F;70;35.0;24.5;30.621;90.121;156.287;164.818;0.2123554466138407;0.1486488126296885;0.18578674659321187;0.5467910058367411
2021-2022;Incremento FET;2022-11-03;0001003-Anexo.pdf;Campana_2021-2022;VIRGINIA;X2F;79;39.5;27.65;34.558;101.708;156.287;164.818;0.23965828974990594;0.16776080282493414;0.20967370068803162;0.6170927932628717
2021-2022;Incremento FET;2022-11-03;0001003-Anexo.pdf;Campana_2021-2022;VIRGINIA;T2F;80;40.0;28.0;34.995;102.995;156.287;164.818;0.24269193898724653;0.16988435729107257;0.2123251101214673;0.6249014063997864
2021-2022;Incremento FET;2022-11-03;0001003-Anexo.pdf;Campana_2021-2022;BURLEY;1;5;7.959;;;7.959;156.287;164.818;0.04828962855998738;;;0.04828962855998738
2021-2022;Incremento FET;2022-11-03;0001003-Anexo.pdf;Campana_2021-2022;VIRGINIA;X1L;75;37.5;26.25;32.808;96.558;156.287;164.818;0.2275236928005436;0.15926658496038054;0.1990559283573396;0.5858462061182638
2021-2022;Incremento FET;2022-11-03;0001003-Anexo.pdf;Campana_2021-2022;VIRGINIA;C1F;96;48.0;33.6;41.994;123.594;156.287;164.818;0.29123032678469585;0.20386122874928708;0.25479013214576074;0.7498816876797436
2021-2022;Incremento FET;2022-11-03;0001003-Anexo.pdf;Campana_2021-2022;VIRGINIA;C1L;83;41.5;29.05;36.308;106.858;156.287;164.818;0.25179288669926825;0.17625502068948778;0.22029147301872368;0.6483393804074797
2021-2022;Incremento FET;2022-11-03;0001003-Anexo.pdf;Campana_2021-2022;VIRGINIA;B1FR;85;42.5;29.75;37.182;109.432;156.287;164.818;0.25786018517394943;0.1805021296217646;0.22559429188559502;0.6639566066813091
2021-2022;Incremento FET;2022-11-03;0001003-Anexo.pdf;Campana_2021-2022;VIRGINIA;B1F;100;50.0;35.0;43.744;128.744;156.287;164.818;0.30336492373405816;0.2123554466138407;0.2654079044764528;0.7811282748243517
2021-2022;Incremento FET;2022-11-03;0001003-Anexo.pdf;Campana_2021-2022;VIRGINIA;T1FR;80;40.0;28.0;34.995;102.995;156.287;164.818;0.24269193898724653;0.16988435729107257;0.2123251101214673;0.6249014063997864
2021-2022;Incremento FET;2022-11-03;0001003-Anexo.pdf;Campana_2021-2022;VIRGINIA;T1F;90;45.0;31.5;39.37;115.87;156.287;164.818;0.27302843136065236;0.19111990195245662;0.23886954094819737;0.7030178742613064
2021-2022;Incremento FET;2022-11-03;0001003-Anexo.pdf;Campana_2021-2022;BURLEY;1;3;3.018;;;3.018;156.287;164.818;0.018311106796587748;;;0.018311106796587748
2021-2022;Incremento FET;2022-11-03;0001003-Anexo.pdf;Campana_2021-2022;BURLEY;H3F;80;48.0;;;48.0;156.287;164.818;0.29123032678469585;;;0.29123032678469585
2021-2022;Incremento FET;2022-11-03;0001003-Anexo.pdf;Campana_2021-2022;BURLEY;H2F;95;57.0;;;57.0;156.287;164.818;0.3458360130568263;;;0.3458360130568263
2021-2022;Incremento FET;2022-11-03;0001003-Anexo.pdf;Campana_2021-2022;VIRGINIA;C3K;37;18.5;12.95;16.185;47.635;156.287;164.818;0.11224502178160152;0.07857151524712105;0.09819922581271462;0.2890157628414372
2021-2022;Incremento FET;2022-11-03;0001003-Anexo.pdf;Campana_2021-2022;VIRGINIA;X1F;89;44.5;31.15;38.932;114.582;156.287;164.818;0.26999478212331174;0.18899634748631822;0.23621206421628704;0.695203193825917
2021-2022;Incremento FET;2022-11-03;0001003-Anexo.pdf;Campana_2021-2022;VIRGINIA;X3K;41;20.5;14.35;17.935;52.785;156.287;164.818;0.12437961873096384;0.08706573311167469;0.10881699814340665;0.3202623499860452
2021-2022;Incremento FET;2022-11-03;0001003-Anexo.pdf;Campana_2021-2022;BURLEY;X2;37;14.8;11.1;13.206;39.106;156.287;164.818;0.08979601742528122;0.0673470130689609;0.08012474365663944;0.23726777415088157
2021-2022;Incremento FET;2022-11-03;0001003-Anexo.pdf;Campana_2021-2022;VIRGINIA;B3FR;63;31.5;22.05;27.559;81.109;156.287;164.818;0.19111990195245662;0.13378393136671965;0.16720867866373818;0.49211251198291445
2021-2022;Incremento FET;2022-11-03;0001003-Anexo.pdf;Campana_2021-2022;BURLEY;H1F;105;63.0;;;63.0;156.287;164.818;0.38223980390491324;;;0.38223980390491324
2021-2022;Incremento FET;2022-11-03;0001003-Anexo.pdf;Campana_2021-2022;BURLEY;N;10;4.0;3.0;3.569;10.569;156.287;164.818;0.02426919389872465;0.01820189542404349;0.02165418825613707;0.06412527757890522
2021-2022;Incremento FET;2022-11-03;0001003-Anexo.pdf;Campana_2021-2022;BURLEY;X4;17;6.8;5.1;6.067;17.967;156.287;164.818;0.04125762962783191;0.03094322222087393;0.03681029984589062;0.10901115169459645
2021-2022;Incremento FET;2022-11-03;0001003-Anexo.pdf;Campana_2021-2022;BURLEY;T4;23;9.2;6.9;8.209;24.309;156.287;164.818;0.0558191459670667;0.041864359475300025;0.049806453178657666;0.1474899586210244
2021-2022;Incremento FET;2022-11-03;0001003-Anexo.pdf;Campana_2021-2022;BURLEY;T2;47;18.8;14.1;16.775;49.675;156.287;164.818;0.11406521132400586;0.0855489084930044;0.1017789319127765;0.30139305172978675
2021-2022;Incremento FET;2022-11-03;0001003-Anexo.pdf;Campana_2021-2022;BURLEY;C2;60;24.0;18.0;21.415;63.415;156.287;164.818;0.14561516339234792;0.10921137254426093;0.1299311968352971;0.38475773277190595
2021-2022;Incremento FET;2022-11-03;0001003-Anexo.pdf;Campana_2021-2022;BURLEY;C1;88;35.2;26.4;31.408;93.008;156.287;164.818;0.21356890630877695;0.1601766797315827;0.19056171049278597;0.5643072965331456
2021-2022;Incremento FET;2022-11-03;0001003-Anexo.pdf;Campana_2021-2022;BURLEY;B3;50;20.0;15.0;17.846;52.846;156.287;164.818;0.12134596949362327;0.09100947712021744;0.10827700857916003;0.3206324551930007
2021-2022;Incremento FET;2022-11-03;0001003-Anexo.pdf;Campana_2021-2022;BURLEY;B2;92;36.8;27.6;32.836;97.236;156.287;164.818;0.2232765838682668;0.1674574379012001;0.19922581271463066;0.5899598344840976
2021-2022;Incremento FET;2022-11-03;0001003-Anexo.pdf;Campana_2021-2022;BURLEY;B1;100;40.0;30.0;35.691;105.691;156.287;164.818;0.24269193898724653;0.18201895424043488;0.2165479498598454;0.6412588430875268
2021-2022;Incremento FET;2022-11-03;0001003-Anexo.pdf;Campana_2021-2022;BURLEY;N4;1;10.25;8.2;13.462;31.912;156.287;164.818;0.06218980936548192;0.04975184749238553;0.08167797206615782;0.19361962892402526
2021-2022;Incremento FET;2022-11-03;0001003-Anexo.pdf;Campana_2021-2022;BURLEY;T;64;16.0;12.8;21.013;49.813;156.287;164.818;0.0970767755948986;0.0776614204759189;0.1274921428484753;0.3022303389192928
2021-2022;Incremento FET;2022-11-03;0001003-Anexo.pdf;Campana_2021-2022;BURLEY;X2;62;15.5;12.4;20.356;48.256;156.287;164.818;0.09404312635755803;0.07523450108604643;0.12350592775060977;0.29278355519421423
2021-2022;Incremento FET;2022-11-03;0001003-Anexo.pdf;Campana_2021-2022;BURLEY;X1;82;20.5;16.4;26.923;63.823;156.287;164.818;0.12437961873096384;0.09950369498477106;0.16334987683384095;0.3872331905495759
2021-2022;Incremento FET;2022-11-03;0001003-Anexo.pdf;Campana_2021-2022;BURLEY;C3;76;19.0;15.2;24.953;59.153;156.287;164.818;0.1152786710189421;0.09222293681515367;0.15139729883871905;0.3588989066728148
2021-2022;Incremento FET;2022-11-03;0001003-Anexo.pdf;Campana_2021-2022;BURLEY;C2;89;22.25;17.8;29.221;69.271;156.287;164.818;0.13499739106165587;0.10799791284932471;0.17729252872865828;0.42028783263963887
2021-2022;Incremento FET;2022-11-03;0001003-Anexo.pdf;Campana_2021-2022;BURLEY;C1;100;25.0;20.0;32.833;77.833;156.287;164.818;0.15168246186702908;0.12134596949362327;0.19920761081920663;0.47223604217985893
2021-2022;Incremento FET;2022-11-03;0001003-Anexo.pdf;Campana_2021-2022;BURLEY;ND;41;6.15;4.1;2.554;12.804;156.287;164.818;0.03731388561928915;0.024875923746192765;0.015495880304335689;0.0776856896698176
2021-2022;Incremento FET;2022-11-03;0001003-Anexo.pdf;Campana_2021-2022;BURLEY;CH3;75;11.25;7.5;4.673;23.423;156.287;164.818;0.06825710784016309;0.04550473856010872;0.028352485772185076;0.14211433217245686
2021-2022;Incremento FET;2022-11-03;0001003-Anexo.pdf;Campana_2021-2022;BURLEY;CH2;89;13.35;8.9;5.545;27.795;156.287;164.818;0.08099843463699352;0.053998956424662355;0.03364317004210705;0.16864056110376294
2021-2022;Incremento FET;2022-11-03;0001003-Anexo.pdf;Campana_2021-2022;BURLEY;CH1;100;15.0;10.0;6.23;31.23;156.287;164.818;0.09100947712021744;0.06067298474681163;0.03779926949726365;0.18948173136429272
2021-2022;Incremento FET;2022-11-03;0001003-Anexo.pdf;Campana_2021-2022;VIRGINIA;NB;25;12.5;8.75;10.936;32.186;156.287;164.818;0.07584123093351454;0.053088861653460176;0.0663519761191132;0.1952820687060879
2021-2022;Incremento FET;2022-11-03;0001003-Anexo.pdf;Campana_2021-2022;VIRGINIA;NX;30;15.0;10.5;13.123;38.623;156.287;164.818;0.09100947712021744;0.06370663398415222;0.0796211578832409;0.23433726898761054
2021-2022;Incremento FET;2022-11-03;0001003-Anexo.pdf;Campana_2021-2022;VIRGINIA;NG;10;5.0;3.5;4.374;12.874;156.287;164.818;0.030336492373405816;0.02123554466138407;0.026538363528255404;0.0781104005630453
2021-2022;Incremento FET;2022-11-03;0001003-Anexo.pdf;Campana_2021-2022;VIRGINIA;B3K;33;16.5;11.55;14.436;42.486;156.287;164.818;0.10011042483223918;0.07007729738256743;0.08758752078049727;0.25777524299530385
2021-2022;Incremento FET;2022-11-03;0001003-Anexo.pdf;Campana_2021-2022;VIRGINIA;B3F;78;39.0;27.3;34.12;100.42;156.287;164.818;0.23662464051256535;0.16563724835879576;0.20701622395612126;0.6092781128274825
2021-2022;Incremento FET;2022-11-03;0001003-Anexo.pdf;Campana_2021-2022;BURLEY;N5B;15;9.0;;;9.0;156.287;164.818;0.054605686272130464;;;0.054605686272130464
2021-2022;Incremento FET;2022-11-03;0001003-Anexo.pdf;Campana_2021-2022;BURLEY;X2K;36;21.6;;;21.6;156.287;164.818;0.13105364705311312;;;0.13105364705311312
2021-2022;Incremento FET;2022-11-03;0001003-Anexo.pdf;Campana_2021-2022;BURLEY;N5X;17;10.2;;;10.2;156.287;164.818;0.06188644444174786;;;0.06188644444174786
2021-2022;Incremento FET;2022-11-03;0001003-Anexo.pdf;Campana_2021-2022;BURLEY;B2KL;48;28.8;;;28.8;156.287;164.818;0.1747381960708175;;;0.1747381960708175
2021-2022;Incremento FET;2022-11-03;0001003-Anexo.pdf;Campana_2021-2022;BURLEY;1;2;9.693;;;9.693;156.287;164.818;0.05881032411508451;;;0.05881032411508451
2021-2022;Incremento FET;2022-11-03;0001003-Anexo.pdf;Campana_2021-2022;BURLEY;B2L;78;46.8;;;46.8;156.287;164.818;0.2839495686150784;;;0.2839495686150784
2021-2022;Incremento FET;2022-11-03;0001003-Anexo.pdf;Campana_2021-2022;BURLEY;1;5;1.308;;;1.308;156.287;164.818;0.007936026404882961;;;0.007936026404882961
2021-2022;Incremento FET;2022-11-03;0001003-Anexo.pdf;Campana_2021-2022;BURLEY;B2F;91;54.6;;;54.6;156.287;164.818;0.3312744967175915;;;0.3312744967175915
2021-2022;Incremento FET;2022-11-03;0001003-Anexo.pdf;Campana_2021-2022;BURLEY;T2KF;40;24.0;;;24.0;156.287;164.818;0.14561516339234792;;;0.14561516339234792
2021-2022;Incremento FET;2022-11-03;0001003-Anexo.pdf;Campana_2021-2022;BURLEY;T2KL;35;21.0;;;21.0;156.287;164.818;0.12741326796830443;;;0.12741326796830443
2021-2022;Incremento FET;2022-11-03;0001003-Anexo.pdf;Campana_2021-2022;BURLEY;1;1;3.066;;;3.066;156.287;164.818;0.018602337123372444;;;0.018602337123372444
2021-2022;Incremento FET;2022-11-03;0001003-Anexo.pdf;Campana_2021-2022;BURLEY;T2L;68;40.8;;;40.8;156.287;164.818;0.24754577776699144;;;0.24754577776699144
2021-2022;Incremento FET;2022-11-03;0001003-Anexo.pdf;Campana_2021-2022;BURLEY;1;3;4.681;;;4.681;156.287;164.818;0.028401024159982524;;;0.028401024159982524
2021-2022;Incremento FET;2022-11-03;0001003-Anexo.pdf;Campana_2021-2022;BURLEY;T2F;81;48.6;;;48.6;156.287;164.818;0.29487070586950453;;;0.29487070586950453
2021-2022;Incremento FET;2022-11-03;0001003-Anexo.pdf;Campana_2021-2022;BURLEY;1;1;8.054;;;8.054;156.287;164.818;0.04886602191508209;;;0.04886602191508209
2021-2022;Incremento FET;2022-11-03;0001003-Anexo.pdf;Campana_2021-2022;BURLEY;X1L;71;42.6;;;42.6;156.287;164.818;0.25846691502141755;;;0.25846691502141755
2021-2022;Incremento FET;2022-11-03;0001003-Anexo.pdf;Campana_2021-2022;BURLEY;1;3;8.007;;;8.007;156.287;164.818;0.04858085888677207;;;0.04858085888677207
2021-2022;Incremento FET;2022-11-03;0001003-Anexo.pdf;Campana_2021-2022;BURLEY;X1F;83;49.8;;;49.8;156.287;164.818;0.3021514640391219;;;0.3021514640391219
2021-2022;Incremento FET;2022-11-03;0001003-Anexo.pdf;Campana_2021-2022;BURLEY;1;3;6.344;;;6.344;156.287;164.818;0.0384909415233773;;;0.0384909415233773
2021-2022;Incremento FET;2022-11-03;0001003-Anexo.pdf;Campana_2021-2022;BURLEY;C1L;82;49.2;;;49.2;156.287;164.818;0.2985110849543132;;;0.2985110849543132
2021-2022;Incremento FET;2022-11-03;0001003-Anexo.pdf;Campana_2021-2022;BURLEY;1;5;6.297;;;6.297;156.287;164.818;0.03820577849506728;;;0.03820577849506728
2021-2022;Incremento FET;2022-11-03;0001003-Anexo.pdf;Campana_2021-2022;BURLEY;C1F;94;56.4;;;56.4;156.287;164.818;0.3421956339720176;;;0.3421956339720176
2021-2022;Incremento FET;2022-11-03;0001003-Anexo.pdf;Campana_2021-2022;BURLEY;1;4;6.32;;;6.32;156.287;164.818;0.03834532635998495;;;0.03834532635998495
2021-2022;Incremento FET;2022-11-03;0001003-Anexo.pdf;Campana_2021-2022;BURLEY;B1L;88;52.8;;;52.8;156.287;164.818;0.3203533594631654;;;0.3203533594631654
2021-2022;Incremento FET;2022-11-03;0001003-Anexo.pdf;Campana_2021-2022;BURLEY;1;6;6.273;;;6.273;156.287;164.818;0.03806016333167493;;;0.03806016333167493
2021-2022;Incremento FET;2022-11-03;0001003-Anexo.pdf;Campana_2021-2022;BURLEY;B1F;100;60.0;;;60.0;156.287;164.818;0.36403790848086975;;;0.36403790848086975
2021-2022;Incremento FET;2022-11-03;0001003-Anexo.pdf;Campana_2021-2022;BURLEY;N5C;17;10.2;;;10.2;156.287;164.818;0.06188644444174786;;;0.06188644444174786
2021-2022;Incremento FET;2022-11-03;0001003-Anexo.pdf;Campana_2021-2022;BURLEY;T1L;78;46.8;;;46.8;156.287;164.818;0.2839495686150784;;;0.2839495686150784
2021-2022;Incremento FET;2022-11-03;0001003-Anexo.pdf;Campana_2021-2022;BURLEY;1;4;9.646;;;9.646;156.287;164.818;0.0585251610867745;;;0.0585251610867745
2021-2022;Incremento FET;2022-11-03;0001003-Anexo.pdf;Campana_2021-2022;BURLEY;T1F;90;54.0;;;54.0;156.287;164.818;0.32763411763278283;;;0.32763411763278283
2021-2022;Incremento FET;2022-11-03;0001003-Anexo.pdf;Campana_2021-2022;BURLEY;B2KF;53;31.8;;;31.8;156.287;164.818;0.192940091494861;;;0.192940091494861
2021-2022;Incremento FET;2022-11-03;0001003-Anexo.pdf;Campana_2021-2022;BURLEY;C2F;85;51.0;;;51.0;156.287;164.818;0.30943222220873934;;;0.30943222220873934
2021-2022;Incremento FET;2022-11-03;0001003-Anexo.pdf;Campana_2021-2022;BURLEY;1;2;9.693;;;9.693;156.287;164.818;0.05881032411508451;;;0.05881032411508451
2021-2022;Incremento FET;2022-11-03;0001003-Anexo.pdf;Campana_2021-2022;BURLEY;C2L;72;43.2;;;43.2;156.287;164.818;0.26210729410622624;;;0.26210729410622624
2021-2022;Incremento FET;2022-11-03;0001003-Anexo.pdf;Campana_2021-2022;BURLEY;1;4;1.332;;;1.332;156.287;164.818;0.00808164156827531;;;0.00808164156827531
2021-2022;Incremento FET;2022-11-03;0001003-Anexo.pdf;Campana_2021-2022;BURLEY;N5K;15;9.0;;;9.0;156.287;164.818;0.054605686272130464;;;0.054605686272130464
2021-2022;Incremento FET;2022-11-03;0001003-Anexo.pdf;Campana_2021-2022;BURLEY;NVC;20;12.0;;;12.0;156.287;164.818;0.07280758169617396;;;0.07280758169617396
2021-2022;Incremento FET;2022-11-03;0001003-Anexo.pdf;Campana_2021-2022;BURLEY;NVX;20;12.0;;;12.0;156.287;164.818;0.07280758169617396;;;0.07280758169617396
2021-2022;Incremento FET;2022-11-03;0001003-Anexo.pdf;Campana_2021-2022;BURLEY;X4L;26;15.6;;;15.6;156.287;164.818;0.09464985620502614;;;0.09464985620502614
2021-2022;Incremento FET;2022-11-03;0001003-Anexo.pdf;Campana_2021-2022;BURLEY;X4F;39;23.4;;;23.4;156.287;164.818;0.1419747843075392;;;0.1419747843075392
2021-2022;Incremento FET;2022-11-03;0001003-Anexo.pdf;Campana_2021-2022;BURLEY;C4L;37;22.2;;;22.2;156.287;164.818;0.1346940261379218;;;0.1346940261379218
2021-2022;Incremento FET;2022-11-03;0001003-Anexo.pdf;Campana_2021-2022;BURLEY;C4F;50;30.0;;;30.0;156.287;164.818;0.18201895424043488;;;0.18201895424043488
2021-2022;Incremento FET;2022-11-03;0001003-Anexo.pdf;Campana_2021-2022;BURLEY;B4L;43;25.8;;;25.8;156.287;164.818;0.156536300646774;;;0.156536300646774
2021-2022;Incremento FET;2022-11-03;0001003-Anexo.pdf;Campana_2021-2022;BURLEY;B4F;48;28.8;;;28.8;156.287;164.818;0.1747381960708175;;;0.1747381960708175
2021-2022;Incremento FET;2022-11-03;0001003-Anexo.pdf;Campana_2021-2022;BURLEY;X3K;27;16.2;;;16.2;156.287;164.818;0.09829023528983484;;;0.09829023528983484
2021-2022;Incremento FET;2022-11-03;0001003-Anexo.pdf;Campana_2021-2022;BURLEY;X3L;48;28.8;;;28.8;156.287;164.818;0.1747381960708175;;;0.1747381960708175
2021-2022;Incremento FET;2022-11-03;0001003-Anexo.pdf;Campana_2021-2022;BURLEY;X3F;60;36.0;;;36.0;156.287;164.818;0.21842274508852186;;;0.21842274508852186
2021-2022;Incremento FET;2022-11-03;0001003-Anexo.pdf;Campana_2021-2022;BURLEY;NVB;20;12.0;;;12.0;156.287;164.818;0.07280758169617396;;;0.07280758169617396
2021-2022;Incremento FET;2022-11-03;0001003-Anexo.pdf;Campana_2021-2022;BURLEY;C3L;59;35.4;;;35.4;156.287;164.818;0.21478236600371317;;;0.21478236600371317
2021-2022;Incremento FET;2022-11-03;0001003-Anexo.pdf;Campana_2021-2022;BURLEY;C3K;39;23.4;;;23.4;156.287;164.818;0.1419747843075392;;;0.1419747843075392
2021-2022;Incremento FET;2022-11-03;0001003-Anexo.pdf;Campana_2021-2022;BURLEY;X2F;74;44.4;;;44.4;156.287;164.818;0.2693880522758436;;;0.2693880522758436
2021-2022;Incremento FET;2022-11-03;0001003-Anexo.pdf;Campana_2021-2022;BURLEY;1;2;3.042;;;3.042;156.287;164.818;0.018456721959980098;;;0.018456721959980098
2021-2022;Incremento FET;2022-11-03;0001003-Anexo.pdf;Campana_2021-2022;BURLEY;X2L;61;36.6;;;36.6;156.287;164.818;0.22206312417333057;;;0.22206312417333057
2021-2022;Incremento FET;2022-11-03;0001003-Anexo.pdf;Campana_2021-2022;BURLEY;B3F;75;45.0;;;45.0;156.287;164.818;0.27302843136065236;;;0.27302843136065236
2021-2022;Incremento FET;2022-11-03;0001003-Anexo.pdf;Campana_2021-2022;BURLEY;C2K;48;28.8;;;28.8;156.287;164.818;0.1747381960708175;;;0.1747381960708175
2021-2022;Incremento FET;2022-11-03;0001003-Anexo.pdf;Campana_2021-2022;BURLEY;B3L;64;38.4;;;38.4;156.287;164.818;0.23298426142775666;;;0.23298426142775666
2021-2022;Incremento FET;2022-11-03;0001003-Anexo.pdf;Campana_2021-2022;BURLEY;1;1;8.054;;;8.054;156.287;164.818;0.04886602191508209;;;0.04886602191508209
2021-2022;Incremento FET;2022-11-03;0001003-Anexo.pdf;Campana_2021-2022;BURLEY;1;2;4.705;;;4.705;156.287;164.818;0.028546639323374874;;;0.028546639323374874
2021-2022;Incremento FET;2022-11-03;0001003-Anexo.pdf;Campana_2021-2022;BURLEY;1;1;9.717;;;9.717;156.287;164.818;0.058955939278476865;;;0.058955939278476865
2021-2022;Incremento FET;2022-11-03;0001003-Anexo.pdf;Campana_2021-2022;BURLEY;B3KF;44;26.4;;;26.4;156.287;164.818;0.1601766797315827;;;0.1601766797315827
2021-2022;Incremento FET;2022-11-03;0001003-Anexo.pdf;Campana_2021-2022;BURLEY;B3KL;39;23.4;;;23.4;156.287;164.818;0.1419747843075392;;;0.1419747843075392
2021-2022;Incremento FET;2022-11-03;0001003-Anexo.pdf;Campana_2021-2022;BURLEY;C3F;71;42.6;;;42.6;156.287;164.818;0.25846691502141755;;;0.25846691502141755
2022-2023;Incremento FET;2023-01-12;0001002-Resolución Nº 1-2024.pdf;Campana_2022-2023;CRIOLLO MISIONERO;1;6;1972.0;;;1972.0;179.512;188.176;10.479551058583455;;;10.479551058583455
2022-2023;Adelanto / 1ra Grilla;2023-12-01;0001003-Anexo.pdf;Campana_2022-2023;BURLEY;C1;100;32.0;80.0;21.97;133.97;359.593;379.175;0.08439374958792115;0.21098437396980285;0.057941583701457106;0.3533197072591811
2022-2023;Adelanto / 1ra Grilla;2023-12-01;0001003-Anexo.pdf;Campana_2022-2023;VIRGINIA;C3L;57;36.48;85.5;30.25;152.23;359.593;379.175;0.0962088745302301;0.2254895496802268;0.0797784664073317;0.4014768906177886
2022-2023;Adelanto / 1ra Grilla;2023-12-01;0001003-Anexo.pdf;Campana_2022-2023;VIRGINIA;NB;25;16.0;37.5;13.268;66.768;359.593;379.175;0.04219687479396057;0.09889892529834508;0.0349917584228918;0.17608755851519747
2022-2023;Adelanto / 1ra Grilla;2023-12-01;0001003-Anexo.pdf;Campana_2022-2023;VIRGINIA;NX;30;19.2;45.0;15.921;80.121;359.593;379.175;0.05063624975275268;0.11867871035801411;0.04198852772466539;0.21130348783543218
2022-2023;Adelanto / 1ra Grilla;2023-12-01;0001003-Anexo.pdf;Campana_2022-2023;VIRGINIA;B3K;33;21.12;49.5;17.513;88.133;359.593;379.175;0.055699874728027954;0.1305465813938155;0.046187116766664475;0.23243357288850794
2022-2023;Adelanto / 1ra Grilla;2023-12-01;0001003-Anexo.pdf;Campana_2022-2023;VIRGINIA;B3FR;63;40.32;94.5;33.434;168.254;359.593;379.175;0.10633612448078064;0.24922529175182961;0.08817564449132985;0.4437370607239401
2022-2023;Adelanto / 1ra Grilla;2023-12-01;0001003-Anexo.pdf;Campana_2022-2023;VIRGINIA;B3F;78;49.92;117.0;41.395;208.315;359.593;379.175;0.131654249357157;0.3085646469308367;0.10917122700599988;0.5493901232939935
2022-2023;Adelanto / 1ra Grilla;2023-12-01;0001003-Anexo.pdf;Campana_2022-2023;VIRGINIA;X3K;41;26.24;61.5;21.759;109.499;359.593;379.175;0.06920287466209533;0.16219423748928594;0.05738511241511175;0.288782224566493
2022-2023;Adelanto / 1ra Grilla;2023-12-01;0001003-Anexo.pdf;Campana_2022-2023;VIRGINIA;C3K;37;23.68;55.5;19.636;98.816;359.593;379.175;0.062451374695061644;0.14637040944155072;0.05178611459088811;0.2606078987275005
2022-2023;Adelanto / 1ra Grilla;2023-12-01;0001003-Anexo.pdf;Campana_2022-2023;VIRGINIA;C3F;70;44.8;105.0;37.149;186.949;359.593;379.175;0.11815124942308959;0.27691699083536625;0.09797323135755258;0.4930414716160085
2022-2023;Adelanto / 1ra Grilla;2023-12-01;0001003-Anexo.pdf;Campana_2022-2023;VIRGINIA;NG;10;6.4;15.0;5.307;26.707;359.593;379.175;0.01687874991758423;0.039559570119338035;0.013996175908221798;0.07043449594514406
2022-2023;Adelanto / 1ra Grilla;2023-12-01;0001003-Anexo.pdf;Campana_2022-2023;VIRGINIA;B2FR;77;49.28;115.5;40.864;205.644;359.593;379.175;0.12996637436539857;0.3046086899189029;0.1077708182237753;0.5423458825080767
2022-2023;Adelanto / 1ra Grilla;2023-12-01;0001003-Anexo.pdf;Campana_2022-2023;VIRGINIA;X2F;79;50.56;118.5;41.925;210.985;359.593;379.175;0.1333421243489154;0.3125206039427705;0.1105689984835498;0.5564317267752358
2022-2023;Adelanto / 1ra Grilla;2023-12-01;0001003-Anexo.pdf;Campana_2022-2023;VIRGINIA;X2L;65;41.6;97.5;34.496;173.596;359.593;379.175;0.10971187446429749;0.2571372057756972;0.090976462055779;0.4578255422957737
2022-2023;Adelanto / 1ra Grilla;2023-12-01;0001003-Anexo.pdf;Campana_2022-2023;VIRGINIA;C2F;86;55.04;129.0;45.64;229.68;359.593;379.175;0.14515724929122437;0.3402123030263071;0.12036658534977253;0.605736137667304
2022-2023;Adelanto / 1ra Grilla;2023-12-01;0001003-Anexo.pdf;Campana_2022-2023;VIRGINIA;C2L;73;46.72;109.5;38.741;194.961;359.593;379.175;0.12321487439836487;0.28878486187116764;0.10217182039955165;0.5141715566690842
2022-2023;Adelanto / 1ra Grilla;2023-12-01;0001003-Anexo.pdf;Campana_2022-2023;VIRGINIA;B2F;92;58.88;138.0;48.824;245.704;359.593;379.175;0.1552844992417749;0.3639480450979099;0.1287637634337707;0.6479963077734555
2022-2023;Adelanto / 1ra Grilla;2023-12-01;0001003-Anexo.pdf;Campana_2022-2023;VIRGINIA;T2FR;70;44.8;105.0;37.149;186.949;359.593;379.175;0.11815124942308959;0.27691699083536625;0.09797323135755258;0.4930414716160085
2022-2023;Adelanto / 1ra Grilla;2023-12-01;0001003-Anexo.pdf;Campana_2022-2023;BURLEY;N;10;5.3;8.0;3.123;16.423;359.593;379.175;0.01397771477549944;0.021098437396980287;0.008236302498846179;0.0433124546713259
2022-2023;Adelanto / 1ra Grilla;2023-12-01;0001003-Anexo.pdf;Campana_2022-2023;VIRGINIA;X1F;89;56.96;133.5;47.232;237.692;359.593;379.175;0.15022087426649963;0.3520801740621085;0.1245651743917716;0.6268662227203797
2022-2023;Adelanto / 1ra Grilla;2023-12-01;0001003-Anexo.pdf;Campana_2022-2023;VIRGINIA;X1L;75;48.0;112.5;39.803;200.303;359.593;379.175;0.1265906243818817;0.2966967758950353;0.10497263796400078;0.5282600382409177
2022-2023;Adelanto / 1ra Grilla;2023-12-01;0001003-Anexo.pdf;Campana_2022-2023;BURLEY;C2;80;25.6;64.0;17.576;107.176;359.593;379.175;0.06751499967033692;0.1687874991758423;0.046353266961165686;0.2826557658073449
2022-2023;Adelanto / 1ra Grilla;2023-12-01;0001003-Anexo.pdf;Campana_2022-2023;VIRGINIA;T3K;29;18.56;43.5;15.39;77.45;359.593;379.175;0.04894837476099426;0.1147227533460803;0.040588118942440826;0.2042592470495154
2022-2023;Adelanto / 1ra Grilla;2023-12-01;0001003-Anexo.pdf;Campana_2022-2023;BURLEY;B1;90;28.8;72.0;19.773;120.573;359.593;379.175;0.07595437462912903;0.18988593657282257;0.0521474253313114;0.31798773653326295
2022-2023;Adelanto / 1ra Grilla;2023-12-01;0001003-Anexo.pdf;Campana_2022-2023;BURLEY;T;64;24.96;57.6;51.949;134.509;359.593;379.175;0.0658271246785785;0.15190874925825806;0.13700534054196611;0.35474121447880264
2022-2023;Adelanto / 1ra Grilla;2023-12-01;0001003-Anexo.pdf;Campana_2022-2023;BURLEY;T1;60;19.2;48.0;13.182;80.382;359.593;379.175;0.05063624975275268;0.1265906243818817;0.034764950220874266;0.21199182435550867
2022-2023;Adelanto / 1ra Grilla;2023-12-01;0001003-Anexo.pdf;Campana_2022-2023;VIRGINIA;C1F;96;61.44;144.0;50.947;256.387;359.593;379.175;0.1620359992088086;0.37977187314564514;0.13436276125799435;0.6761706336124481
2022-2023;Adelanto / 1ra Grilla;2023-12-01;0001003-Anexo.pdf;Campana_2022-2023;BURLEY;X4;17;9.01;13.6;5.309;27.919;359.593;379.175;0.023762115118349046;0.035867343574866484;0.014001450517571042;0.07363090921078658
2022-2023;Adelanto / 1ra Grilla;2023-12-01;0001003-Anexo.pdf;Campana_2022-2023;BURLEY;X2;37;19.61;29.6;11.555;60.765;359.593;379.175;0.05171754466934792;0.07806421836882706;0.030474055515263398;0.16025581855343837
2022-2023;Adelanto / 1ra Grilla;2023-12-01;0001003-Anexo.pdf;Campana_2022-2023;BURLEY;T4;23;12.19;18.4;7.183;37.773;359.593;379.175;0.03214874398364871;0.048526406013054656;0.018943759477813675;0.09961890947451704
2022-2023;Adelanto / 1ra Grilla;2023-12-01;0001003-Anexo.pdf;Campana_2022-2023;BURLEY;T2;47;24.91;37.6;14.678;77.188;359.593;379.175;0.06569525944484736;0.09916265576580735;0.03871035801410958;0.20356827322476428
2022-2023;Adelanto / 1ra Grilla;2023-12-01;0001003-Anexo.pdf;Campana_2022-2023;BURLEY;C2;60;31.8;48.0;18.738;98.538;359.593;379.175;0.08386628865299664;0.1265906243818817;0.04941781499307707;0.2598747280279554
2022-2023;Adelanto / 1ra Grilla;2023-12-01;0001003-Anexo.pdf;Campana_2022-2023;BURLEY;C1;88;46.64;70.4;27.482;144.522;359.593;379.175;0.12300389002439506;0.18566624909342652;0.07247840706797652;0.3811485461857981
2022-2023;Adelanto / 1ra Grilla;2023-12-01;0001003-Anexo.pdf;Campana_2022-2023;BURLEY;B3;50;26.5;40.0;15.615;82.115;359.593;379.175;0.0698885738774972;0.10549218698490143;0.041181512494230896;0.2165622733566295
2022-2023;Adelanto / 1ra Grilla;2023-12-01;0001003-Anexo.pdf;Campana_2022-2023;BURLEY;B2;92;48.76;73.6;28.732;151.092;359.593;379.175;0.12859497593459485;0.19410562405221862;0.0757750379112547;0.39847563789806817
2022-2023;Adelanto / 1ra Grilla;2023-12-01;0001003-Anexo.pdf;Campana_2022-2023;BURLEY;B1;100;53.0;80.0;31.23;164.23;359.593;379.175;0.1397771477549944;0.21098437396980285;0.08236302498846179;0.433124546713259
2022-2023;Adelanto / 1ra Grilla;2023-12-01;0001003-Anexo.pdf;Campana_2022-2023;BURLEY;N4;1;15.99;36.9;33.28;86.17;359.593;379.175;0.042170501747214345;0.09731654249357156;0.087769499571438;0.2272565438122239
2022-2023;Adelanto / 1ra Grilla;2023-12-01;0001003-Anexo.pdf;Campana_2022-2023;BURLEY;X2;62;24.18;55.8;50.325;130.305;359.593;379.175;0.06377002703237292;0.14716160084393748;0.1327223577503791;0.34365398562668953
2022-2023;Adelanto / 1ra Grilla;2023-12-01;0001003-Anexo.pdf;Campana_2022-2023;BURLEY;X1;82;31.98;73.8;66.559;172.339;359.593;379.175;0.08434100349442869;0.19463308498714313;0.17553636183820134;0.45451045031977316
2022-2023;Adelanto / 1ra Grilla;2023-12-01;0001003-Anexo.pdf;Campana_2022-2023;BURLEY;C3;76;29.64;68.4;61.689;159.729;359.593;379.175;0.07816971055581196;0.18039163974418146;0.1626926880727896;0.421254038372783
2022-2023;Adelanto / 1ra Grilla;2023-12-01;0001003-Anexo.pdf;Campana_2022-2023;BURLEY;C2;89;34.71;80.1;72.241;187.051;359.593;379.175;0.09154084525614821;0.2112481044372651;0.1905215269994066;0.4933104766928199
2022-2023;Adelanto / 1ra Grilla;2023-12-01;0001003-Anexo.pdf;Campana_2022-2023;BURLEY;C1;100;39.0;90.0;81.17;210.17;359.593;379.175;0.1028548823102789;0.23735742071602822;0.21407002043911122;0.5542823234654183
2022-2023;Adelanto / 1ra Grilla;2023-12-01;0001003-Anexo.pdf;Campana_2022-2023;BURLEY;ND;41;6.56;20.5;7.023;34.083;359.593;379.175;0.017300718665523834;0.05406474582976198;0.018521790729874067;0.08988725522515988
2022-2023;Adelanto / 1ra Grilla;2023-12-01;0001003-Anexo.pdf;Campana_2022-2023;BURLEY;CH3;75;12.0;37.5;12.848;62.348;359.593;379.175;0.031647656095470426;0.09889892529834508;0.03388409045955034;0.16443067185336585
2022-2023;Adelanto / 1ra Grilla;2023-12-01;0001003-Anexo.pdf;Campana_2022-2023;BURLEY;CH2;89;14.24;44.5;15.246;73.986;359.593;379.175;0.03755521856662491;0.11736005802070283;0.04020834706929518;0.19512362365662295
2022-2023;Adelanto / 1ra Grilla;2023-12-01;0001003-Anexo.pdf;Campana_2022-2023;BURLEY;CH1;100;16.0;50.0;17.13;83.13;359.593;379.175;0.04219687479396057;0.1318652337311268;0.045177029076284035;0.21923913760137137
2022-2023;Adelanto / 1ra Grilla;2023-12-01;0001003-Anexo.pdf;Campana_2022-2023;BURLEY;N5;15;4.8;12.0;3.296;20.096;359.593;379.175;0.01265906243818817;0.031647656095470426;0.008692556207555878;0.05299927474121448
2022-2023;Adelanto / 1ra Grilla;2023-12-01;0001003-Anexo.pdf;Campana_2022-2023;BURLEY;N4;25;8.0;20.0;5.493;33.493;359.593;379.175;0.021098437396980287;0.05274609349245071;0.01448671457770159;0.0883312454671326
2022-2023;Adelanto / 1ra Grilla;2023-12-01;0001003-Anexo.pdf;Campana_2022-2023;BURLEY;X1;50;16.0;40.0;10.985;66.985;359.593;379.175;0.04219687479396057;0.10549218698490143;0.028970791850728553;0.17665985362959055
2022-2023;Adelanto / 1ra Grilla;2023-12-01;0001003-Anexo.pdf;Campana_2022-2023;BURLEY;B2;75;24.0;60.0;16.478;100.478;359.593;379.175;0.06329531219094085;0.15823828047735214;0.043457506428430145;0.26499109909672314
2022-2023;Adelanto / 1ra Grilla;2023-12-01;0001003-Anexo.pdf;Campana_2022-2023;VIRGINIA;C1L;83;53.12;124.5;44.048;221.668;359.593;379.175;0.1400936243159491;0.32834443199050567;0.11616799630777346;0.5846060526142283
2022-2023;Adelanto / 1ra Grilla;2023-12-01;0001003-Anexo.pdf;Campana_2022-2023;VIRGINIA;T2F;80;51.2;120.0;42.456;213.656;359.593;379.175;0.13502999934067383;0.3164765609547043;0.11196940726577438;0.5634759675611525
2022-2023;Adelanto / 1ra Grilla;2023-12-01;0001003-Anexo.pdf;Campana_2022-2023;VIRGINIA;B1F;100;64.0;150.0;53.07;267.07;359.593;379.175;0.1687874991758423;0.39559570119338033;0.13996175908221797;0.7043449594514406
2022-2023;Adelanto / 1ra Grilla;2023-12-01;0001003-Anexo.pdf;Campana_2022-2023;CRIOLLO MISIONERO;B3F;75;62.25;112.5;38.333;213.083;359.593;379.175;0.16417221599525283;0.2966967758950353;0.10109580009230566;0.5619647919825937
2022-2023;Adelanto / 1ra Grilla;2023-12-01;0001003-Anexo.pdf;Campana_2022-2023;CRIOLLO MISIONERO;X2K;36;29.88;54.0;18.4;102.28;359.593;379.175;0.07880266367772136;0.14241445242961692;0.048526406013054656;0.26974352212039293
2022-2023;Adelanto / 1ra Grilla;2023-12-01;0001003-Anexo.pdf;Campana_2022-2023;CRIOLLO MISIONERO;X2L;61;50.63;91.5;31.177;173.307;359.593;379.175;0.13352673567613899;0.24131337772796202;0.0822232478407068;0.4570633612448078
2022-2023;Adelanto / 1ra Grilla;2023-12-01;0001003-Anexo.pdf;Campana_2022-2023;CRIOLLO MISIONERO;X2F;74;61.42;111.0;37.821;210.241;359.593;379.175;0.16198325311531614;0.29274081888310144;0.09974550009889892;0.5544695720973165
2022-2023;Adelanto / 1ra Grilla;2023-12-01;0001003-Anexo.pdf;Campana_2022-2023;CRIOLLO MISIONERO;C2K;48;39.84;72.0;24.533;136.373;359.593;379.175;0.10507021823696183;0.18988593657282257;0.06470099558251467;0.359657150392299
2022-2023;Adelanto / 1ra Grilla;2023-12-01;0001003-Anexo.pdf;Campana_2022-2023;CRIOLLO MISIONERO;C2L;72;59.76;108.0;36.799;204.559;359.593;379.175;0.15760532735544272;0.28482890485923384;0.09705017472143469;0.5394844069361112
2022-2023;Adelanto / 1ra Grilla;2023-12-01;0001003-Anexo.pdf;Campana_2022-2023;CRIOLLO MISIONERO;C2F;85;70.55;127.5;43.444;241.494;359.593;379.175;0.18606184479461987;0.3362563460143733;0.11457506428430145;0.6368932550932946
2022-2023;Adelanto / 1ra Grilla;2023-12-01;0001003-Anexo.pdf;Campana_2022-2023;CRIOLLO MISIONERO;B2KF;53;43.99;79.5;27.088;150.578;359.593;379.175;0.11601503263664535;0.2096657216324916;0.07143930902617525;0.3971200632953122
2022-2023;Adelanto / 1ra Grilla;2023-12-01;0001003-Anexo.pdf;Campana_2022-2023;CRIOLLO MISIONERO;B2KL;48;39.84;72.0;24.533;136.373;359.593;379.175;0.10507021823696183;0.18988593657282257;0.06470099558251467;0.359657150392299
2022-2023;Adelanto / 1ra Grilla;2023-12-01;0001003-Anexo.pdf;Campana_2022-2023;CRIOLLO MISIONERO;B2L;78;64.74;117.0;39.866;221.606;359.593;379.175;0.17073910463506295;0.3085646469308367;0.105138788158502;0.5844425397244016
2022-2023;Adelanto / 1ra Grilla;2023-12-01;0001003-Anexo.pdf;Campana_2022-2023;CRIOLLO MISIONERO;B2F;91;75.53;136.5;46.51;258.54;359.593;379.175;0.19919562207424013;0.3599920880859761;0.12266104041669414;0.6818487505769104
2022-2023;Adelanto / 1ra Grilla;2023-12-01;0001003-Anexo.pdf;Campana_2022-2023;CRIOLLO MISIONERO;T2KF;40;33.2;60.0;20.444;113.644;359.593;379.175;0.0875585151974682;0.15823828047735214;0.05391705676798312;0.29971385244280346
2022-2023;Adelanto / 1ra Grilla;2023-12-01;0001003-Anexo.pdf;Campana_2022-2023;CRIOLLO MISIONERO;T2KL;35;29.05;52.5;17.889;99.439;359.593;379.175;0.07661370079778466;0.13845849541768313;0.047178743324322536;0.2622509395397903
2022-2023;Adelanto / 1ra Grilla;2023-12-01;0001003-Anexo.pdf;Campana_2022-2023;CRIOLLO MISIONERO;T2L;68;56.44;102.0;34.755;193.195;359.593;379.175;0.1488494758356959;0.26900507681149866;0.09165952396650623;0.5095140766137007
2022-2023;Adelanto / 1ra Grilla;2023-12-01;0001003-Anexo.pdf;Campana_2022-2023;CRIOLLO MISIONERO;T2F;81;67.23;121.5;41.399;230.129;359.593;379.175;0.1773059932748731;0.3204325179666381;0.10918177622469835;0.6069202874662095
2022-2023;Adelanto / 1ra Grilla;2023-12-01;0001003-Anexo.pdf;Campana_2022-2023;CRIOLLO MISIONERO;X1L;71;58.93;106.5;36.288;201.718;359.593;379.175;0.15541636447550602;0.28087294784730005;0.09570251203270257;0.5319918243555086
2022-2023;Adelanto / 1ra Grilla;2023-12-01;0001003-Anexo.pdf;Campana_2022-2023;CRIOLLO MISIONERO;X1F;83;68.89;124.5;42.421;235.811;359.593;379.175;0.18168391903474648;0.32834443199050567;0.11187710160216259;0.6219054526274148
2022-2023;Adelanto / 1ra Grilla;2023-12-01;0001003-Anexo.pdf;Campana_2022-2023;CRIOLLO MISIONERO;C1L;82;68.06;123.0;41.91;232.97;359.593;379.175;0.1794949561548098;0.3243884749785719;0.11052943891343046;0.6144128700468121
2022-2023;Adelanto / 1ra Grilla;2023-12-01;0001003-Anexo.pdf;Campana_2022-2023;CRIOLLO MISIONERO;C1F;94;78.02;141.0;48.043;267.063;359.593;379.175;0.20576251071405022;0.37185995912177755;0.12670402848289047;0.7043264983187182
2022-2023;Adelanto / 1ra Grilla;2023-12-01;0001003-Anexo.pdf;Campana_2022-2023;CRIOLLO MISIONERO;B1L;88;73.04;132.0;44.977;250.017;359.593;379.175;0.19262873343443002;0.3481242170501747;0.11861805235049779;0.6593710028351025
2022-2023;Adelanto / 1ra Grilla;2023-12-01;0001003-Anexo.pdf;Campana_2022-2023;CRIOLLO MISIONERO;B1F;100;83.0;150.0;51.11;284.11;359.593;379.175;0.21889628799367047;0.39559570119338033;0.1347926419199578;0.7492846311070086
2022-2023;Adelanto / 1ra Grilla;2023-12-01;0001003-Anexo.pdf;Campana_2022-2023;CRIOLLO MISIONERO;T1L;78;64.74;117.0;39.866;221.606;359.593;379.175;0.17073910463506295;0.3085646469308367;0.105138788158502;0.5844425397244016
2022-2023;Adelanto / 1ra Grilla;2023-12-01;0001003-Anexo.pdf;Campana_2022-2023;CRIOLLO MISIONERO;T1F;90;74.7;135.0;45.999;255.699;359.593;379.175;0.19700665919430344;0.3560361310740423;0.12131337772796202;0.6743561679963078
2022-2023;Adelanto / 1ra Grilla;2023-12-01;0001003-Anexo.pdf;Campana_2022-2023;CRIOLLO MISIONERO;B3L;64;53.12;96.0;32.71;181.83;359.593;379.175;0.1400936243159491;0.2531812487637634;0.08626623590690315;0.47954110898661567
2022-2023;Adelanto / 1ra Grilla;2023-12-01;0001003-Anexo.pdf;Campana_2022-2023;CRIOLLO MISIONERO;B3KL;39;32.37;58.5;19.933;110.803;359.593;379.175;0.08536955231753147;0.15428232346541834;0.052569394079251;0.2922212698622008
2022-2023;Adelanto / 1ra Grilla;2023-12-01;0001003-Anexo.pdf;Campana_2022-2023;VIRGINIA;B1FR;85;54.4;127.5;45.11;227.01;359.593;379.175;0.14346937429946593;0.3362563460143733;0.11896881387222258;0.5986945341860618
2022-2023;Adelanto / 1ra Grilla;2023-12-01;0001003-Anexo.pdf;Campana_2022-2023;CRIOLLO MISIONERO;C3F;71;58.93;106.5;36.288;201.718;359.593;379.175;0.15541636447550602;0.28087294784730005;0.09570251203270257;0.5319918243555086
2022-2023;Adelanto / 1ra Grilla;2023-12-01;0001003-Anexo.pdf;Campana_2022-2023;CRIOLLO MISIONERO;B3KF;44;36.52;66.0;22.488;125.008;359.593;379.175;0.09631436671721501;0.17406210852508736;0.05930770752291158;0.32968418276521394
2022-2023;Adelanto / 1ra Grilla;2023-12-01;0001003-Anexo.pdf;Campana_2022-2023;VIRGINIA;T1FR;80;51.2;120.0;42.456;213.656;359.593;379.175;0.13502999934067383;0.3164765609547043;0.11196940726577438;0.5634759675611525
2022-2023;Adelanto / 1ra Grilla;2023-12-01;0001003-Anexo.pdf;Campana_2022-2023;VIRGINIA;T1F;90;57.6;135.0;47.763;240.363;359.593;379.175;0.15190874925825806;0.3560361310740423;0.12596558317399617;0.6339104635062965
2022-2023;Adelanto / 1ra Grilla;2023-12-01;0001003-Anexo.pdf;Campana_2022-2023;CRIOLLO MISIONERO;H3F;80;66.4;120.0;40.888;227.288;359.593;379.175;0.1751170303949364;0.3164765609547043;0.10783411353596624;0.5994277048856069
2022-2023;Adelanto / 1ra Grilla;2023-12-01;0001003-Anexo.pdf;Campana_2022-2023;CRIOLLO MISIONERO;H2F;95;78.85;142.5;48.555;269.905;359.593;379.175;0.2079514735939869;0.37581591613371135;0.12805432847629722;0.7118217182039954
2022-2023;Adelanto / 1ra Grilla;2023-12-01;0001003-Anexo.pdf;Campana_2022-2023;CRIOLLO MISIONERO;H1F;105;87.15;157.5;53.666;298.316;359.593;379.175;0.229841102393354;0.4153754862530494;0.141533592668293;0.7867501813146963
2022-2023;Adelanto / 1ra Grilla;2023-12-01;0001003-Anexo.pdf;Campana_2022-2023;CRIOLLO MISIONERO;N5B;15;12.45;22.5;7.667;42.617;359.593;379.175;0.032834443199050566;0.059339355179007056;0.02022021494033098;0.1123940133183886
2022-2023;Adelanto / 1ra Grilla;2023-12-01;0001003-Anexo.pdf;Campana_2022-2023;CRIOLLO MISIONERO;N5X;17;14.11;25.5;8.689;48.299;359.593;379.175;0.03721236895892398;0.06725126920287466;0.022915540317795212;0.12737917847959385
2022-2023;Adelanto / 1ra Grilla;2023-12-01;0001003-Anexo.pdf;Campana_2022-2023;CRIOLLO MISIONERO;N5K;15;12.45;22.5;7.667;42.617;359.593;379.175;0.032834443199050566;0.059339355179007056;0.02022021494033098;0.1123940133183886
2022-2023;Adelanto / 1ra Grilla;2023-12-01;0001003-Anexo.pdf;Campana_2022-2023;CRIOLLO MISIONERO;NVB;20;16.6;30.0;10.222;56.822;359.593;379.175;0.0437792575987341;0.07911914023867607;0.02695852838399156;0.14985692622140173
2022-2023;Adelanto / 1ra Grilla;2023-12-01;0001003-Anexo.pdf;Campana_2022-2023;CRIOLLO MISIONERO;NVC;20;16.6;30.0;10.222;56.822;359.593;379.175;0.0437792575987341;0.07911914023867607;0.02695852838399156;0.14985692622140173
2022-2023;Adelanto / 1ra Grilla;2023-12-01;0001003-Anexo.pdf;Campana_2022-2023;CRIOLLO MISIONERO;N5C;17;14.11;25.5;8.689;48.299;359.593;379.175;0.03721236895892398;0.06725126920287466;0.022915540317795212;0.12737917847959385
2022-2023;Adelanto / 1ra Grilla;2023-12-01;0001003-Anexo.pdf;Campana_2022-2023;CRIOLLO MISIONERO;X4L;26;21.58;39.0;13.289;73.869;359.593;379.175;0.056913034878354314;0.1028548823102789;0.03504714182105888;0.1948150590096921
2022-2023;Adelanto / 1ra Grilla;2023-12-01;0001003-Anexo.pdf;Campana_2022-2023;CRIOLLO MISIONERO;X4F;39;32.37;58.5;19.933;110.803;359.593;379.175;0.08536955231753147;0.15428232346541834;0.052569394079251;0.2922212698622008
2022-2023;Adelanto / 1ra Grilla;2023-12-01;0001003-Anexo.pdf;Campana_2022-2023;CRIOLLO MISIONERO;C4L;37;30.71;55.5;18.911;105.121;359.593;379.175;0.08099162655765807;0.14637040944155072;0.049874068701786775;0.2772361047009956
2022-2023;Adelanto / 1ra Grilla;2023-12-01;0001003-Anexo.pdf;Campana_2022-2023;CRIOLLO MISIONERO;C4F;50;41.5;75.0;25.555;142.055;359.593;379.175;0.10944814399683524;0.19779785059669017;0.0673963209599789;0.3746423155535043
2022-2023;Adelanto / 1ra Grilla;2023-12-01;0001003-Anexo.pdf;Campana_2022-2023;CRIOLLO MISIONERO;C3L;59;48.97;88.5;30.155;167.625;359.593;379.175;0.12914880991626557;0.2334014637040944;0.07952792246324257;0.44207819608360255
2022-2023;Adelanto / 1ra Grilla;2023-12-01;0001003-Anexo.pdf;Campana_2022-2023;CRIOLLO MISIONERO;B4L;43;35.69;64.5;21.977;122.167;359.593;379.175;0.0941254038372783;0.17010615151315356;0.05796004483417947;0.32219160018461135
2022-2023;Adelanto / 1ra Grilla;2023-12-01;0001003-Anexo.pdf;Campana_2022-2023;CRIOLLO MISIONERO;B4F;48;39.84;72.0;24.533;136.373;359.593;379.175;0.10507021823696183;0.18988593657282257;0.06470099558251467;0.359657150392299
2022-2023;Adelanto / 1ra Grilla;2023-12-01;0001003-Anexo.pdf;Campana_2022-2023;CRIOLLO MISIONERO;X3K;27;22.41;40.5;13.8;76.71;359.593;379.175;0.059101997758291024;0.10681083932221269;0.036394804509791;0.20230764159029468
2022-2023;Adelanto / 1ra Grilla;2023-12-01;0001003-Anexo.pdf;Campana_2022-2023;CRIOLLO MISIONERO;X3L;48;39.84;72.0;24.533;136.373;359.593;379.175;0.10507021823696183;0.18988593657282257;0.06470099558251467;0.359657150392299
2022-2023;Adelanto / 1ra Grilla;2023-12-01;0001003-Anexo.pdf;Campana_2022-2023;CRIOLLO MISIONERO;X3F;60;49.8;90.0;30.666;170.466;359.593;379.175;0.13133777279620226;0.23735742071602822;0.08087558515197468;0.4495707786642052
2022-2023;Adelanto / 1ra Grilla;2023-12-01;0001003-Anexo.pdf;Campana_2022-2023;CRIOLLO MISIONERO;C3K;39;32.37;58.5;19.933;110.803;359.593;379.175;0.08536955231753147;0.15428232346541834;0.052569394079251;0.2922212698622008
2022-2023;Adelanto / 1ra Grilla;2023-12-01;0001003-Anexo.pdf;Campana_2022-2023;CRIOLLO MISIONERO;NVX;20;16.6;30.0;10.222;56.822;359.593;379.175;0.0437792575987341;0.07911914023867607;0.02695852838399156;0.14985692622140173
2023-2024;Adelanto / 1ra Grilla;2024-08-09;0001003-Anexo.pdf;Campana_2023-2024;VIRGINIA;X3K;41;205.0;110.7;110.7;315.7;921.932;980.752;0.20902328009527385;0.11287257125144788;0.11287257125144788;0.3218958513467217
2023-2024;Adelanto / 1ra Grilla;2024-08-09;0001003-Anexo.pdf;Campana_2023-2024;VIRGINIA;B3F;78;390.0;210.6;210.6;600.6;921.932;980.752;0.39765404505930146;0.2147331843320228;0.2147331843320228;0.6123872293913243
2023-2024;Adelanto / 1ra Grilla;2024-08-09;0001003-Anexo.pdf;Campana_2023-2024;VIRGINIA;B3FR;63;315.0;170.1;170.1;485.1;921.932;980.752;0.3211821133171281;0.17343834119124918;0.17343834119124918;0.49462045450837727
2023-2024;Adelanto / 1ra Grilla;2024-08-09;0001003-Anexo.pdf;Campana_2023-2024;VIRGINIA;B3K;33;165.0;89.1;89.1;254.1;921.932;980.752;0.16823824983278138;0.09084865490970194;0.09084865490970194;0.2590869047424833
2023-2024;Adelanto / 1ra Grilla;2024-08-09;0001003-Anexo.pdf;Campana_2023-2024;BURLEY;C2;80;200.0;392.0;392.0;592.0;921.932;980.752;0.20392515131246228;0.3996932965724261;0.3996932965724261;0.6036184478848884
2023-2024;Adelanto / 1ra Grilla;2024-08-09;0001003-Anexo.pdf;Campana_2023-2024;VIRGINIA;NX;30;150.0;81.0;81.0;231.0;921.932;980.752;0.15294386348434671;0.08258968628154723;0.08258968628154723;0.23553354976589394
2023-2024;Adelanto / 1ra Grilla;2024-08-09;0001003-Anexo.pdf;Campana_2023-2024;VIRGINIA;NB;25;125.0;67.5;67.5;192.5;921.932;980.752;0.12745321957028893;0.06882473856795603;0.06882473856795603;0.19627795813824495
2023-2024;Adelanto / 1ra Grilla;2024-08-09;0001003-Anexo.pdf;Campana_2023-2024;BURLEY;C1;100;250.0;490.0;490.0;740.0;921.932;980.752;0.25490643914057787;0.4996166207155326;0.4996166207155326;0.7545230598561105
2023-2024;Adelanto / 1ra Grilla;2024-08-09;0001003-Anexo.pdf;Campana_2023-2024;VIRGINIA;C3K;37;185.0;99.9;99.9;284.9;921.932;980.752;0.18863076496402761;0.10186061308057491;0.10186061308057491;0.2904913780446025
2023-2024;Adelanto / 1ra Grilla;2024-08-09;0001003-Anexo.pdf;Campana_2023-2024;VIRGINIA;NG;10;50.0;27.0;27.0;77.0;921.932;980.752;0.05098128782811557;0.02752989542718241;0.02752989542718241;0.07851118325529798
2023-2024;Adelanto / 1ra Grilla;2024-08-09;0001003-Anexo.pdf;Campana_2023-2024;VIRGINIA;C3F;70;350.0;189.0;189.0;539.0;921.932;980.752;0.356869014796809;0.19270926799027685;0.19270926799027685;0.5495782827870859
2023-2024;Adelanto / 1ra Grilla;2024-08-09;0001003-Anexo.pdf;Campana_2023-2024;VIRGINIA;X1L;75;375.0;202.5;202.5;577.5;921.932;980.752;0.3823596587108668;0.20647421570386806;0.20647421570386806;0.5888338744147349
2023-2024;Adelanto / 1ra Grilla;2024-08-09;0001003-Anexo.pdf;Campana_2023-2024;VIRGINIA;T3K;29;145.0;78.3;78.3;223.3;921.932;980.752;0.14784573470153514;0.07983669673882898;0.07983669673882898;0.22768243144036415
2023-2024;Adelanto / 1ra Grilla;2024-08-09;0001003-Anexo.pdf;Campana_2023-2024;VIRGINIA;X2F;79;395.0;213.3;213.3;608.3;921.932;980.752;0.40275217384211304;0.21748617387474103;0.21748617387474103;0.620238347716854
2023-2024;Adelanto / 1ra Grilla;2024-08-09;0001003-Anexo.pdf;Campana_2023-2024;VIRGINIA;X2L;65;325.0;175.5;175.5;500.5;921.932;980.752;0.33137837088275124;0.17894432027668566;0.17894432027668566;0.5103226911594368
2023-2024;Adelanto / 1ra Grilla;2024-08-09;0001003-Anexo.pdf;Campana_2023-2024;VIRGINIA;C2F;86;430.0;232.2;232.2;662.2;921.932;980.752;0.43843907532179394;0.2367571006737687;0.2367571006737687;0.6751961759955627
2023-2024;Adelanto / 1ra Grilla;2024-08-09;0001003-Anexo.pdf;Campana_2023-2024;VIRGINIA;C2L;73;365.0;197.1;197.1;562.1;921.932;980.752;0.37216340114524366;0.20096823661843158;0.20096823661843158;0.5731316377636753
2023-2024;Adelanto / 1ra Grilla;2024-08-09;0001003-Anexo.pdf;Campana_2023-2024;VIRGINIA;B2FR;77;385.0;207.9;207.9;592.9;921.932;980.752;0.3925559162764899;0.21198019478930455;0.21198019478930455;0.6045361110657944
2023-2024;Adelanto / 1ra Grilla;2024-08-09;0001003-Anexo.pdf;Campana_2023-2024;VIRGINIA;B2F;92;460.0;248.4;248.4;708.4;921.932;980.752;0.46902784801866326;0.25327503793007816;0.25327503793007816;0.7223028859487414
2023-2024;Adelanto / 1ra Grilla;2024-08-09;0001003-Anexo.pdf;Campana_2023-2024;VIRGINIA;T2FR;70;350.0;189.0;189.0;539.0;921.932;980.752;0.356869014796809;0.19270926799027685;0.19270926799027685;0.5495782827870859
2023-2024;Adelanto / 1ra Grilla;2024-08-09;0001003-Anexo.pdf;Campana_2023-2024;VIRGINIA;T2F;80;400.0;216.0;216.0;616.0;921.932;980.752;0.40785030262492455;0.22023916341745928;0.22023916341745928;0.6280894660423838
2023-2024;Adelanto / 1ra Grilla;2024-08-09;0001003-Anexo.pdf;Campana_2023-2024;VIRGINIA;X1F;89;445.0;240.3;240.3;685.3;921.932;980.752;0.4537334616702286;0.24501606930192343;0.24501606930192343;0.698749530972152
2023-2024;Adelanto / 1ra Grilla;2024-08-09;0001003-Anexo.pdf;Campana_2023-2024;BURLEY;B1;90;225.0;441.0;441.0;666.0;921.932;980.752;0.22941579522652006;0.4496549586439793;0.4496549586439793;0.6790707538704994
2023-2024;Adelanto / 1ra Grilla;2024-08-09;0001003-Anexo.pdf;Campana_2023-2024;VIRGINIA;C3L;57;285.0;153.9;153.9;438.9;921.932;980.752;0.29059334062025877;0.15692040393493972;0.15692040393493972;0.44751374455519843
2023-2024;Adelanto / 1ra Grilla;2024-08-09;0001003-Anexo.pdf;Campana_2023-2024;BURLEY;B2;75;187.5;367.5;367.5;555.0;921.932;980.752;0.1911798293554334;0.37471246553664944;0.37471246553664944;0.5658922948920828
2023-2024;Adelanto / 1ra Grilla;2024-08-09;0001003-Anexo.pdf;Campana_2023-2024;BURLEY;X1;82;246.0;246.0;246.0;492.0;921.932;980.752;0.25082793611432863;0.25082793611432863;0.25082793611432863;0.5016558722286573
2023-2024;Adelanto / 1ra Grilla;2024-08-09;0001003-Anexo.pdf;Campana_2023-2024;BURLEY;X1;50;125.0;245.0;245.0;370.0;921.932;980.752;0.12745321957028893;0.2498083103577663;0.2498083103577663;0.37726152992805523
2023-2024;Adelanto / 1ra Grilla;2024-08-09;0001003-Anexo.pdf;Campana_2023-2024;VIRGINIA;C1F;96;480.0;259.2;259.2;739.2;921.932;980.752;0.4894203631499095;0.26428699610095113;0.26428699610095113;0.7537073592508606
2023-2024;Adelanto / 1ra Grilla;2024-08-09;0001003-Anexo.pdf;Campana_2023-2024;BURLEY;N;10;40.0;44.0;44.0;84.0;921.932;980.752;0.04078503026249246;0.0448635332887417;0.0448635332887417;0.08564856355123415
2023-2024;Adelanto / 1ra Grilla;2024-08-09;0001003-Anexo.pdf;Campana_2023-2024;BURLEY;X4;17;68.0;74.8;74.8;142.8;921.932;980.752;0.06933455144623718;0.07626800659086089;0.07626800659086089;0.1456025580370981
2023-2024;Adelanto / 1ra Grilla;2024-08-09;0001003-Anexo.pdf;Campana_2023-2024;BURLEY;X2;37;148.0;162.8;162.8;310.8;921.932;980.752;0.1509046119712221;0.1659950731683443;0.1659950731683443;0.3168996851395664
2023-2024;Adelanto / 1ra Grilla;2024-08-09;0001003-Anexo.pdf;Campana_2023-2024;BURLEY;T4;23;92.0;101.2;101.2;193.2;921.932;980.752;0.09380556960373265;0.10318612656410592;0.10318612656410592;0.19699169616783854
2023-2024;Adelanto / 1ra Grilla;2024-08-09;0001003-Anexo.pdf;Campana_2023-2024;BURLEY;T2;47;188.0;206.8;206.8;394.8;921.932;980.752;0.19168964223371454;0.210858606457086;0.210858606457086;0.4025482486908006
2023-2024;Adelanto / 1ra Grilla;2024-08-09;0001003-Anexo.pdf;Campana_2023-2024;BURLEY;C2;60;240.0;264.0;264.0;504.0;921.932;980.752;0.24471018157495475;0.2691811997324502;0.2691811997324502;0.513891381307405
2023-2024;Adelanto / 1ra Grilla;2024-08-09;0001003-Anexo.pdf;Campana_2023-2024;BURLEY;C1;88;352.0;387.2;387.2;739.2;921.932;980.752;0.3589082663099336;0.39479909294092697;0.39479909294092697;0.7537073592508606
2023-2024;Adelanto / 1ra Grilla;2024-08-09;0001003-Anexo.pdf;Campana_2023-2024;BURLEY;B3;50;200.0;220.0;220.0;420.0;921.932;980.752;0.20392515131246228;0.2243176664437085;0.2243176664437085;0.4282428177561708
2023-2024;Adelanto / 1ra Grilla;2024-08-09;0001003-Anexo.pdf;Campana_2023-2024;BURLEY;B2;92;368.0;404.8;404.8;772.8;921.932;980.752;0.3752222784149306;0.41274450625642367;0.41274450625642367;0.7879667846713542
2023-2024;Adelanto / 1ra Grilla;2024-08-09;0001003-Anexo.pdf;Campana_2023-2024;BURLEY;B1;100;400.0;440.0;440.0;840.0;921.932;980.752;0.40785030262492455;0.448635332887417;0.448635332887417;0.8564856355123416
2023-2024;Adelanto / 1ra Grilla;2024-08-09;0001003-Anexo.pdf;Campana_2023-2024;BURLEY;N4;1;123.0;123.0;123.0;246.0;921.932;980.752;0.12541396805716432;0.12541396805716432;0.12541396805716432;0.25082793611432863
2023-2024;Adelanto / 1ra Grilla;2024-08-09;0001003-Anexo.pdf;Campana_2023-2024;BURLEY;T;64;192.0;192.0;192.0;384.0;921.932;980.752;0.1957681452599638;0.1957681452599638;0.1957681452599638;0.3915362905199276
2023-2024;Adelanto / 1ra Grilla;2024-08-09;0001003-Anexo.pdf;Campana_2023-2024;BURLEY;X2;62;186.0;186.0;186.0;372.0;921.932;980.752;0.18965039072058992;0.18965039072058992;0.18965039072058992;0.37930078144117985
2023-2024;Adelanto / 1ra Grilla;2024-08-09;0001003-Anexo.pdf;Campana_2023-2024;BURLEY;C3;76;228.0;228.0;228.0;456.0;921.932;980.752;0.232474672496207;0.232474672496207;0.232474672496207;0.464949344992414
2023-2024;Adelanto / 1ra Grilla;2024-08-09;0001003-Anexo.pdf;Campana_2023-2024;BURLEY;C2;89;267.0;267.0;267.0;534.0;921.932;980.752;0.27224007700213715;0.27224007700213715;0.27224007700213715;0.5444801540042743
2023-2024;Adelanto / 1ra Grilla;2024-08-09;0001003-Anexo.pdf;Campana_2023-2024;BURLEY;C1;100;300.0;300.0;300.0;600.0;921.932;980.752;0.30588772696869343;0.30588772696869343;0.30588772696869343;0.6117754539373869
2023-2024;Adelanto / 1ra Grilla;2024-08-09;0001003-Anexo.pdf;Campana_2023-2024;BURLEY;ND;41;61.5;116.85;116.85;178.35;921.932;980.752;0.06270698402858216;0.11914326965430608;0.11914326965430608;0.18185025368288824
2023-2024;Adelanto / 1ra Grilla;2024-08-09;0001003-Anexo.pdf;Campana_2023-2024;BURLEY;CH3;75;112.5;213.75;213.75;326.25;921.932;980.752;0.11470789761326003;0.21794500546519407;0.21794500546519407;0.3326529030784541
2023-2024;Adelanto / 1ra Grilla;2024-08-09;0001003-Anexo.pdf;Campana_2023-2024;BURLEY;CH2;89;133.5;253.65;253.65;387.15;921.932;980.752;0.13612003850106857;0.2586280731520303;0.2586280731520303;0.39474811165309887
2023-2024;Adelanto / 1ra Grilla;2024-08-09;0001003-Anexo.pdf;Campana_2023-2024;BURLEY;CH1;100;150.0;285.0;285.0;435.0;921.932;980.752;0.15294386348434671;0.29059334062025877;0.29059334062025877;0.44353720410460545
2023-2024;Adelanto / 1ra Grilla;2024-08-09;0001003-Anexo.pdf;Campana_2023-2024;BURLEY;N5;15;37.5;73.5;73.5;111.0;921.932;980.752;0.03823596587108668;0.0749424931073299;0.0749424931073299;0.11317845897841657
2023-2024;Adelanto / 1ra Grilla;2024-08-09;0001003-Anexo.pdf;Campana_2023-2024;BURLEY;N4;25;62.5;122.5;122.5;185.0;921.932;980.752;0.06372660978514447;0.12490415517888315;0.12490415517888315;0.18863076496402761
2023-2024;Adelanto / 1ra Grilla;2024-08-09;0001003-Anexo.pdf;Campana_2023-2024;BURLEY;T1;60;150.0;294.0;294.0;444.0;921.932;980.752;0.15294386348434671;0.2997699724293196;0.2997699724293196;0.45271383591366626
2023-2024;Adelanto / 1ra Grilla;2024-08-09;0001003-Anexo.pdf;Campana_2023-2024;VIRGINIA;C1L;83;415.0;224.1;224.1;639.1;921.932;980.752;0.4231446889733592;0.22849813204561398;0.22849813204561398;0.6516428210189733
2023-2024;Adelanto / 1ra Grilla;2024-08-09;0001003-Anexo.pdf;Campana_2023-2024;VIRGINIA;B1FR;85;425.0;229.5;229.5;654.5;921.932;980.752;0.43334094653898236;0.23400411113105046;0.23400411113105046;0.6673450576700328
2023-2024;Adelanto / 1ra Grilla;2024-08-09;0001003-Anexo.pdf;Campana_2023-2024;VIRGINIA;B1F;100;500.0;270.0;270.0;770.0;921.932;980.752;0.5098128782811557;0.2752989542718241;0.2752989542718241;0.7851118325529798
2023-2024;Adelanto / 1ra Grilla;2024-08-09;0001003-Anexo.pdf;Campana_2023-2024;VIRGINIA;B3F;75;450.0;191.25;191.25;641.25;921.932;980.752;0.4588315904530401;0.19500342594254205;0.19500342594254205;0.6538350163955822
2023-2024;Adelanto / 1ra Grilla;2024-08-09;0001003-Anexo.pdf;Campana_2023-2024;VIRGINIA;X2K;36;216.0;91.8;91.8;307.8;921.932;980.752;0.22023916341745928;0.09360164445242018;0.09360164445242018;0.31384080786987945
2023-2024;Adelanto / 1ra Grilla;2024-08-09;0001003-Anexo.pdf;Campana_2023-2024;VIRGINIA;X2L;61;366.0;155.55;155.55;521.55;921.932;980.752;0.373183026901806;0.15860278643326756;0.15860278643326756;0.5317858133350735
2023-2024;Adelanto / 1ra Grilla;2024-08-09;0001003-Anexo.pdf;Campana_2023-2024;VIRGINIA;X2F;74;444.0;188.7;188.7;632.7;921.932;980.752;0.45271383591366626;0.19240338026330817;0.19240338026330817;0.6451172161769745
2023-2024;Adelanto / 1ra Grilla;2024-08-09;0001003-Anexo.pdf;Campana_2023-2024;VIRGINIA;C2K;48;288.0;122.4;122.4;410.4;921.932;980.752;0.29365221788994567;0.12480219260322692;0.12480219260322692;0.41845441049317256
2023-2024;Adelanto / 1ra Grilla;2024-08-09;0001003-Anexo.pdf;Campana_2023-2024;VIRGINIA;C2L;72;432.0;183.6;183.6;615.6;921.932;980.752;0.44047832683491855;0.18720328890484036;0.18720328890484036;0.6276816157397589
2023-2024;Adelanto / 1ra Grilla;2024-08-09;0001003-Anexo.pdf;Campana_2023-2024;VIRGINIA;C2F;85;510.0;216.75;216.75;726.75;921.932;980.752;0.5200091358467788;0.221003882734881;0.221003882734881;0.7410130185816598
2023-2024;Adelanto / 1ra Grilla;2024-08-09;0001003-Anexo.pdf;Campana_2023-2024;VIRGINIA;B2KF;53;318.0;135.15;135.15;453.15;921.932;980.752;0.32424099058681505;0.1378024209993964;0.1378024209993964;0.46204341158621137
2023-2024;Adelanto / 1ra Grilla;2024-08-09;0001003-Anexo.pdf;Campana_2023-2024;VIRGINIA;B2KL;48;288.0;122.4;122.4;410.4;921.932;980.752;0.29365221788994567;0.12480219260322692;0.12480219260322692;0.41845441049317256
2023-2024;Adelanto / 1ra Grilla;2024-08-09;0001003-Anexo.pdf;Campana_2023-2024;VIRGINIA;B2L;78;468.0;198.9;198.9;666.9;921.932;980.752;0.47718485407116173;0.20280356298024374;0.20280356298024374;0.6799884170514054
2023-2024;Adelanto / 1ra Grilla;2024-08-09;0001003-Anexo.pdf;Campana_2023-2024;VIRGINIA;B3L;64;384.0;163.2;163.2;547.2;921.932;980.752;0.3915362905199276;0.16640292347096922;0.16640292347096922;0.5579392139908969
2023-2024;Adelanto / 1ra Grilla;2024-08-09;0001003-Anexo.pdf;Campana_2023-2024;VIRGINIA;B2F;91;546.0;232.05;232.05;778.05;921.932;980.752;0.556715663083022;0.23660415681028438;0.23660415681028438;0.7933198198933064
2023-2024;Adelanto / 1ra Grilla;2024-08-09;0001003-Anexo.pdf;Campana_2023-2024;VIRGINIA;T2KL;35;210.0;89.25;89.25;299.25;921.932;980.752;0.2141214088780854;0.0910015987731863;0.0910015987731863;0.3051230076512717
2023-2024;Adelanto / 1ra Grilla;2024-08-09;0001003-Anexo.pdf;Campana_2023-2024;VIRGINIA;T2L;68;408.0;173.4;173.4;581.4;921.932;980.752;0.4160073086774231;0.17680310618790482;0.17680310618790482;0.5928104148653278
2023-2024;Adelanto / 1ra Grilla;2024-08-09;0001003-Anexo.pdf;Campana_2023-2024;VIRGINIA;T2F;81;486.0;206.55;206.55;692.55;921.932;980.752;0.49553811768928335;0.21060370001794543;0.21060370001794543;0.7061418177072287
2023-2024;Adelanto / 1ra Grilla;2024-08-09;0001003-Anexo.pdf;Campana_2023-2024;VIRGINIA;X1L;71;426.0;181.05;181.05;607.05;921.932;980.752;0.43436057229554464;0.1846032432256065;0.1846032432256065;0.6189638155211511
2023-2024;Adelanto / 1ra Grilla;2024-08-09;0001003-Anexo.pdf;Campana_2023-2024;VIRGINIA;X1F;83;498.0;211.65;211.65;709.65;921.932;980.752;0.5077736267680311;0.21580379137641323;0.21580379137641323;0.7235774181444443
2023-2024;Adelanto / 1ra Grilla;2024-08-09;0001003-Anexo.pdf;Campana_2023-2024;VIRGINIA;C1L;82;492.0;209.1;209.1;701.1;921.932;980.752;0.5016558722286573;0.21320374569717931;0.21320374569717931;0.7148596179258365
2023-2024;Adelanto / 1ra Grilla;2024-08-09;0001003-Anexo.pdf;Campana_2023-2024;VIRGINIA;C1F;94;564.0;239.7;239.7;803.7;921.932;980.752;0.5750689267011436;0.24440429384798604;0.24440429384798604;0.8194732205491297
2023-2024;Adelanto / 1ra Grilla;2024-08-09;0001003-Anexo.pdf;Campana_2023-2024;VIRGINIA;B1L;88;528.0;224.4;224.4;752.4;921.932;980.752;0.5383623994649004;0.2288040197725827;0.2288040197725827;0.7671664192374831
2023-2024;Adelanto / 1ra Grilla;2024-08-09;0001003-Anexo.pdf;Campana_2023-2024;VIRGINIA;B1F;100;600.0;255.0;255.0;855.0;921.932;980.752;0.6117754539373869;0.2600045679233894;0.2600045679233894;0.8717800218607763
2023-2024;Adelanto / 1ra Grilla;2024-08-09;0001003-Anexo.pdf;Campana_2023-2024;VIRGINIA;T1L;78;468.0;198.9;198.9;666.9;921.932;980.752;0.47718485407116173;0.20280356298024374;0.20280356298024374;0.6799884170514054
2023-2024;Adelanto / 1ra Grilla;2024-08-09;0001003-Anexo.pdf;Campana_2023-2024;VIRGINIA;T2KF;40;240.0;102.0;102.0;342.0;921.932;980.752;0.24471018157495475;0.10400182716935577;0.10400182716935577;0.3487120087443105
2023-2024;Adelanto / 1ra Grilla;2024-08-09;0001003-Anexo.pdf;Campana_2023-2024;VIRGINIA;B3KL;39;234.0;99.45;99.45;333.45;921.932;980.752;0.23859242703558087;0.10140178149012187;0.10140178149012187;0.3399942085257027
2023-2024;Adelanto / 1ra Grilla;2024-08-09;0001003-Anexo.pdf;Campana_2023-2024;VIRGINIA;T1F;90;540.0;229.5;229.5;769.5;921.932;980.752;0.5505979085436482;0.23400411113105046;0.23400411113105046;0.7846020196746987
2023-2024;Adelanto / 1ra Grilla;2024-08-09;0001003-Anexo.pdf;Campana_2023-2024;VIRGINIA;C3F;71;426.0;181.05;181.05;607.05;921.932;980.752;0.43436057229554464;0.1846032432256065;0.1846032432256065;0.6189638155211511
2023-2024;Adelanto / 1ra Grilla;2024-08-09;0001003-Anexo.pdf;Campana_2023-2024;VIRGINIA;T1FR;80;400.0;216.0;216.0;616.0;921.932;980.752;0.40785030262492455;0.22023916341745928;0.22023916341745928;0.6280894660423838
2023-2024;Adelanto / 1ra Grilla;2024-08-09;0001003-Anexo.pdf;Campana_2023-2024;VIRGINIA;T1F;90;450.0;243.0;243.0;693.0;921.932;980.752;0.4588315904530401;0.24776905884464168;0.24776905884464168;0.7066006492976818
2023-2024;Adelanto / 1ra Grilla;2024-08-09;0001003-Anexo.pdf;Campana_2023-2024;VIRGINIA;H3F;80;480.0;204.0;204.0;684.0;921.932;980.752;0.4894203631499095;0.20800365433871154;0.20800365433871154;0.697424017488621
2023-2024;Adelanto / 1ra Grilla;2024-08-09;0001003-Anexo.pdf;Campana_2023-2024;VIRGINIA;H2F;95;570.0;242.25;242.25;812.25;921.932;980.752;0.5811866812405175;0.24700433952721995;0.24700433952721995;0.8281910207677374
2023-2024;Adelanto / 1ra Grilla;2024-08-09;0001003-Anexo.pdf;Campana_2023-2024;VIRGINIA;H1F;105;630.0;267.75;267.75;897.75;921.932;980.752;0.6423642266342562;0.2730047963195589;0.2730047963195589;0.9153690229538151
2023-2024;Adelanto / 1ra Grilla;2024-08-09;0001003-Anexo.pdf;Campana_2023-2024;VIRGINIA;N5B;15;90.0;38.25;38.25;128.25;921.932;980.752;0.09176631809060803;0.03900068518850841;0.03900068518850841;0.13076700327911644
2023-2024;Adelanto / 1ra Grilla;2024-08-09;0001003-Anexo.pdf;Campana_2023-2024;VIRGINIA;B3KF;44;264.0;112.2;112.2;376.2;921.932;980.752;0.2691811997324502;0.11440200988629134;0.11440200988629134;0.38358320961874154
2023-2024;Adelanto / 1ra Grilla;2024-08-09;0001003-Anexo.pdf;Campana_2023-2024;VIRGINIA;N5X;17;102.0;43.35;43.35;145.35;921.932;980.752;0.10400182716935577;0.044200776546976205;0.044200776546976205;0.14820260371633195
2023-2024;Adelanto / 1ra Grilla;2024-08-09;0001003-Anexo.pdf;Campana_2023-2024;VIRGINIA;N5K;15;90.0;38.25;38.25;128.25;921.932;980.752;0.09176631809060803;0.03900068518850841;0.03900068518850841;0.13076700327911644
2023-2024;Adelanto / 1ra Grilla;2024-08-09;0001003-Anexo.pdf;Campana_2023-2024;VIRGINIA;NVB;20;120.0;51.0;51.0;171.0;921.932;980.752;0.12235509078747737;0.052000913584677885;0.052000913584677885;0.17435600437215526
2023-2024;Adelanto / 1ra Grilla;2024-08-09;0001003-Anexo.pdf;Campana_2023-2024;VIRGINIA;NVC;20;120.0;51.0;51.0;171.0;921.932;980.752;0.12235509078747737;0.052000913584677885;0.052000913584677885;0.17435600437215526
2023-2024;Adelanto / 1ra Grilla;2024-08-09;0001003-Anexo.pdf;Campana_2023-2024;VIRGINIA;N5C;17;102.0;43.35;43.35;145.35;921.932;980.752;0.10400182716935577;0.044200776546976205;0.044200776546976205;0.14820260371633195
2023-2024;Adelanto / 1ra Grilla;2024-08-09;0001003-Anexo.pdf;Campana_2023-2024;VIRGINIA;X4L;26;156.0;66.3;66.3;222.3;921.932;980.752;0.15906161802372057;0.06760118766008125;0.06760118766008125;0.22666280568380184
2023-2024;Adelanto / 1ra Grilla;2024-08-09;0001003-Anexo.pdf;Campana_2023-2024;VIRGINIA;NVX;20;120.0;51.0;51.0;171.0;921.932;980.752;0.12235509078747737;0.052000913584677885;0.052000913584677885;0.17435600437215526
2023-2024;Adelanto / 1ra Grilla;2024-08-09;0001003-Anexo.pdf;Campana_2023-2024;VIRGINIA;C3K;39;234.0;99.45;99.45;333.45;921.932;980.752;0.23859242703558087;0.10140178149012187;0.10140178149012187;0.3399942085257027
2023-2024;Adelanto / 1ra Grilla;2024-08-09;0001003-Anexo.pdf;Campana_2023-2024;VIRGINIA;X3F;60;360.0;153.0;153.0;513.0;921.932;980.752;0.36706527236243214;0.15600274075403364;0.15600274075403364;0.5230680131164658
2023-2024;Adelanto / 1ra Grilla;2024-08-09;0001003-Anexo.pdf;Campana_2023-2024;VIRGINIA;X3L;48;288.0;122.4;122.4;410.4;921.932;980.752;0.29365221788994567;0.12480219260322692;0.12480219260322692;0.41845441049317256
2023-2024;Adelanto / 1ra Grilla;2024-08-09;0001003-Anexo.pdf;Campana_2023-2024;VIRGINIA;X3K;27;162.0;68.85;68.85;230.85;921.932;980.752;0.16517937256309445;0.07020123333931513;0.07020123333931513;0.23538060590240958
2023-2024;Adelanto / 1ra Grilla;2024-08-09;0001003-Anexo.pdf;Campana_2023-2024;VIRGINIA;C3L;59;354.0;150.45;150.45;504.45;921.932;980.752;0.36094751782305823;0.15340269507479973;0.15340269507479973;0.514350212897858
2023-2024;Adelanto / 1ra Grilla;2024-08-09;0001003-Anexo.pdf;Campana_2023-2024;VIRGINIA;B4L;43;258.0;109.65;109.65;367.65;921.932;980.752;0.26306344519307634;0.11180196420705746;0.11180196420705746;0.37486540940013374
2023-2024;Adelanto / 1ra Grilla;2024-08-09;0001003-Anexo.pdf;Campana_2023-2024;VIRGINIA;C4F;50;300.0;127.5;127.5;427.5;921.932;980.752;0.30588772696869343;0.1300022839616947;0.1300022839616947;0.43589001093038815
2023-2024;Adelanto / 1ra Grilla;2024-08-09;0001003-Anexo.pdf;Campana_2023-2024;VIRGINIA;C4L;37;222.0;94.35;94.35;316.35;921.932;980.752;0.22635691795683313;0.09620169013165408;0.09620169013165408;0.32255860808848724
2023-2024;Adelanto / 1ra Grilla;2024-08-09;0001003-Anexo.pdf;Campana_2023-2024;VIRGINIA;X4F;39;234.0;99.45;99.45;333.45;921.932;980.752;0.23859242703558087;0.10140178149012187;0.10140178149012187;0.3399942085257027
2023-2024;Adelanto / 1ra Grilla;2024-08-09;0001003-Anexo.pdf;Campana_2023-2024;VIRGINIA;B4F;48;288.0;122.4;122.4;410.4;921.932;980.752;0.29365221788994567;0.12480219260322692;0.12480219260322692;0.41845441049317256
2023-2024;Adelanto / 1ra Grilla;2024-10-29;001003-Anexo.pdf;Campana_2023-2024;VIRGINIA;NB;25;125.0;67.5;33.1;225.6;961.356;1019.737;0.12258062618106434;0.06619353813777475;0.03245934981274584;0.2212335141315849
2023-2024;Adelanto / 1ra Grilla;2024-10-29;001003-Anexo.pdf;Campana_2023-2024;VIRGINIA;NX;30;150.0;81.0;39.72;270.72;961.356;1019.737;0.1470967514172772;0.07943224576532969;0.038951219775295004;0.2654802169579019
2023-2024;Adelanto / 1ra Grilla;2024-10-29;001003-Anexo.pdf;Campana_2023-2024;VIRGINIA;NG;10;50.0;27.0;13.24;90.24;961.356;1019.737;0.04903225047242574;0.026477415255109896;0.012983739925098334;0.08849340565263396
2023-2024;Adelanto / 1ra Grilla;2024-10-29;001003-Anexo.pdf;Campana_2023-2024;VIRGINIA;B3K;33;165.0;89.1;43.69;297.79;961.356;1019.737;0.16180642655900493;0.08737547034186266;0.04284438046280561;0.2920262773636732
2023-2024;Adelanto / 1ra Grilla;2024-10-29;001003-Anexo.pdf;Campana_2023-2024;VIRGINIA;B3FR;63;315.0;170.1;83.41;568.51;961.356;1019.737;0.30890317797628214;0.16680771610719233;0.0817956002381006;0.5575064943215751
2023-2024;Adelanto / 1ra Grilla;2024-10-29;001003-Anexo.pdf;Campana_2023-2024;VIRGINIA;B3F;78;390.0;210.6;103.26;703.86;961.356;1019.737;0.38245155368492073;0.20652383898985718;0.10126140367565363;0.6902367963504316
2023-2024;Adelanto / 1ra Grilla;2024-10-29;001003-Anexo.pdf;Campana_2023-2024;VIRGINIA;X3K;41;205.0;110.7;54.28;369.98;961.356;1019.737;0.2010322269369455;0.10855740254595057;0.05322941111286538;0.3628190405957615
2023-2024;Adelanto / 1ra Grilla;2024-10-29;001003-Anexo.pdf;Campana_2023-2024;VIRGINIA;C3K;37;185.0;99.9;48.98;333.88;961.356;1019.737;0.18141932674797523;0.09796643644390662;0.04803199256278825;0.3274177557546701
2023-2024;Adelanto / 1ra Grilla;2024-10-29;001003-Anexo.pdf;Campana_2023-2024;VIRGINIA;C3F;70;350.0;189.0;92.67;631.67;961.356;1019.737;0.34322575330698013;0.18534190678576928;0.09087637302559386;0.6194440331183433
2023-2024;Adelanto / 1ra Grilla;2024-10-29;001003-Anexo.pdf;Campana_2023-2024;VIRGINIA;C3L;57;285.0;153.9;75.46;514.36;961.356;1019.737;0.2794838276928267;0.15092126695412642;0.0739994724129849;0.5044045670599381
2023-2024;Adelanto / 1ra Grilla;2024-10-29;001003-Anexo.pdf;Campana_2023-2024;VIRGINIA;C1F;96;480.0;259.2;127.09;866.29;961.356;1019.737;0.47070960453528704;0.254183186449055;0.12463017425081174;0.8495229652351538
2023-2024;Adelanto / 1ra Grilla;2024-10-29;001003-Anexo.pdf;Campana_2023-2024;VIRGINIA;X2F;79;395.0;213.3;104.59;712.89;961.356;1019.737;0.3873547787321633;0.2091715805153682;0.10256566153822015;0.6990920207857516
2023-2024;Adelanto / 1ra Grilla;2024-10-29;001003-Anexo.pdf;Campana_2023-2024;VIRGINIA;X2L;65;325.0;175.5;86.05;586.55;961.356;1019.737;0.3187096280707673;0.17210319915821434;0.08438450306304468;0.5751973302920262
2023-2024;Adelanto / 1ra Grilla;2024-10-29;001003-Anexo.pdf;Campana_2023-2024;VIRGINIA;C2F;86;430.0;232.2;113.86;776.06;961.356;1019.737;0.42167735406286133;0.2277057711939451;0.11165624077580788;0.7610393660326142
2023-2024;Adelanto / 1ra Grilla;2024-10-29;001003-Anexo.pdf;Campana_2023-2024;VIRGINIA;C2L;73;365.0;197.1;96.64;658.74;961.356;1019.737;0.35793542844870785;0.19328513136230224;0.09476953371310447;0.6459900935241146
2023-2024;Adelanto / 1ra Grilla;2024-10-29;001003-Anexo.pdf;Campana_2023-2024;VIRGINIA;B2FR;77;385.0;207.9;101.94;694.84;961.356;1019.737;0.3775483286376782;0.2038760974643462;0.09996695226318159;0.681391378365206
2023-2024;Adelanto / 1ra Grilla;2024-10-29;001003-Anexo.pdf;Campana_2023-2024;VIRGINIA;B2F;92;460.0;248.4;121.8;830.2;961.356;1019.737;0.45109670434631677;0.24359222034701106;0.11944256215082909;0.8141314868441569
2023-2024;Adelanto / 1ra Grilla;2024-10-29;001003-Anexo.pdf;Campana_2023-2024;VIRGINIA;T2FR;70;350.0;189.0;92.67;631.67;961.356;1019.737;0.34322575330698013;0.18534190678576928;0.09087637302559386;0.6194440331183433
2023-2024;Adelanto / 1ra Grilla;2024-10-29;001003-Anexo.pdf;Campana_2023-2024;VIRGINIA;T2F;80;400.0;216.0;105.91;721.91;961.356;1019.737;0.3922580037794059;0.21181932204087917;0.10386011295069218;0.7079374387709773
2023-2024;Adelanto / 1ra Grilla;2024-10-29;001003-Anexo.pdf;Campana_2023-2024;VIRGINIA;X1F;89;445.0;240.3;117.83;803.13;961.356;1019.737;0.43638702920458905;0.2356489957704781;0.11554940146331849;0.7875854264383856
2023-2024;Adelanto / 1ra Grilla;2024-10-29;001003-Anexo.pdf;Campana_2023-2024;VIRGINIA;X1L;75;375.0;202.5;99.29;676.79;961.356;1019.737;0.367741878543193;0.19858061441332422;0.09736824298814303;0.6636907359446602
2023-2024;Adelanto / 1ra Grilla;2024-10-29;001003-Anexo.pdf;Campana_2023-2024;BURLEY;C1;100;250.0;490.0;117.8;857.8;961.356;1019.737;0.24516125236212868;0.4805160546297722;0.11551998211303503;0.8411972891049359
2023-2024;Adelanto / 1ra Grilla;2024-10-29;001003-Anexo.pdf;Campana_2023-2024;VIRGINIA;T3K;29;145.0;78.3;38.39;261.69;961.356;1019.737;0.14219352637003463;0.0767845042398187;0.03764696191272848;0.2566249925225818
2023-2024;Adelanto / 1ra Grilla;2024-10-29;001003-Anexo.pdf;Campana_2023-2024;BURLEY;C2;80;200.0;392.0;94.24;686.24;961.356;1019.737;0.19612900188970295;0.3844128437038178;0.09241598569042803;0.6729578312839487
2023-2024;Adelanto / 1ra Grilla;2024-10-29;001003-Anexo.pdf;Campana_2023-2024;BURLEY;X1;82;246.0;246.0;92.79;584.79;961.356;1019.737;0.2412386723243346;0.2412386723243346;0.09099405042672769;0.5734713950753969
2023-2024;Adelanto / 1ra Grilla;2024-10-29;001003-Anexo.pdf;Campana_2023-2024;BURLEY;B2;75;187.5;367.5;88.35;643.35;961.356;1019.737;0.1838709392715965;0.36038704097232915;0.08663998658477627;0.6308979668287019
2023-2024;Adelanto / 1ra Grilla;2024-10-29;001003-Anexo.pdf;Campana_2023-2024;VIRGINIA;C1L;83;415.0;224.1;109.88;748.98;961.356;1019.737;0.4069676789211336;0.21976254661741212;0.10775327363820279;0.7344834991767486
2023-2024;Adelanto / 1ra Grilla;2024-10-29;001003-Anexo.pdf;Campana_2023-2024;BURLEY;X4;17;68.0;74.8;23.41;166.21;961.356;1019.737;0.066683860642499;0.07335224670674889;0.022956899671189728;0.16299300702043765
2023-2024;Adelanto / 1ra Grilla;2024-10-29;001003-Anexo.pdf;Campana_2023-2024;BURLEY;X2;37;148.0;162.8;50.95;361.75;961.356;1019.737;0.14513546139838018;0.1596490075382182;0.049963863231401826;0.35474833216800017
2023-2024;Adelanto / 1ra Grilla;2024-10-29;001003-Anexo.pdf;Campana_2023-2024;BURLEY;T4;23;92.0;101.2;31.67;224.87;961.356;1019.737;0.09021934086926335;0.09924127495618969;0.031057027449234463;0.2205176432746875
2023-2024;Adelanto / 1ra Grilla;2024-10-29;001003-Anexo.pdf;Campana_2023-2024;BURLEY;T2;47;188.0;206.8;64.72;459.52;961.356;1019.737;0.18436126177632076;0.20279738795395286;0.06346734501150787;0.45062599474178144
2023-2024;Adelanto / 1ra Grilla;2024-10-29;001003-Anexo.pdf;Campana_2023-2024;BURLEY;C2;60;240.0;264.0;82.63;586.63;961.356;1019.737;0.23535480226764352;0.2588902824944079;0.08103069713073076;0.5752757818927822
2023-2024;Adelanto / 1ra Grilla;2024-10-29;001003-Anexo.pdf;Campana_2023-2024;BURLEY;C1;88;352.0;387.2;121.18;860.38;961.356;1019.737;0.3451870433258772;0.3797057476584649;0.11883456224497102;0.843727353229313
2023-2024;Adelanto / 1ra Grilla;2024-10-29;001003-Anexo.pdf;Campana_2023-2024;BURLEY;B3;50;200.0;220.0;68.86;488.86;961.356;1019.737;0.19612900188970295;0.21574190207867322;0.06752721535062473;0.4793981193190009
2023-2024;Adelanto / 1ra Grilla;2024-10-29;001003-Anexo.pdf;Campana_2023-2024;BURLEY;B2;92;368.0;404.8;126.69;899.49;961.356;1019.737;0.3608773634770534;0.39696509982475875;0.12423791624703233;0.8820803795488444
2023-2024;Adelanto / 1ra Grilla;2024-10-29;001003-Anexo.pdf;Campana_2023-2024;BURLEY;B1;100;400.0;440.0;137.71;977.71;961.356;1019.737;0.3922580037794059;0.43148380415734644;0.13504462425115496;0.9587864321879074
2023-2024;Adelanto / 1ra Grilla;2024-10-29;001003-Anexo.pdf;Campana_2023-2024;BURLEY;N4;1;123.0;123.0;46.4;292.4;961.356;1019.737;0.1206193361621673;0.1206193361621673;0.04550192843841108;0.28674060076274566
2023-2024;Adelanto / 1ra Grilla;2024-10-29;001003-Anexo.pdf;Campana_2023-2024;BURLEY;T;64;192.0;192.0;72.42;456.42;961.356;1019.737;0.1882838418141148;0.1882838418141148;0.07101831158426143;0.4475859952124911
2023-2024;Adelanto / 1ra Grilla;2024-10-29;001003-Anexo.pdf;Campana_2023-2024;BURLEY;X2;62;186.0;186.0;70.16;442.16;961.356;1019.737;0.18239997175742373;0.18239997175742373;0.06880205386290779;0.4336019973777553
2023-2024;Adelanto / 1ra Grilla;2024-10-29;001003-Anexo.pdf;Campana_2023-2024;BURLEY;C3;76;228.0;228.0;86.0;542.0;961.356;1019.737;0.22358706215426136;0.22358706215426136;0.08433547081257227;0.531509595121095
2023-2024;Adelanto / 1ra Grilla;2024-10-29;001003-Anexo.pdf;Campana_2023-2024;BURLEY;C2;89;267.0;267.0;100.71;634.71;961.356;1019.737;0.26183221752275343;0.26183221752275343;0.09876075890155991;0.6224251939470667
2023-2024;Adelanto / 1ra Grilla;2024-10-29;001003-Anexo.pdf;Campana_2023-2024;BURLEY;C1;100;300.0;300.0;113.16;713.16;961.356;1019.737;0.2941935028345544;0.2941935028345544;0.11096978926919392;0.6993567949383027
2023-2024;Adelanto / 1ra Grilla;2024-10-29;001003-Anexo.pdf;Campana_2023-2024;BURLEY;ND;41;61.5;116.85;28.75;207.1;961.356;1019.737;0.06030966808108365;0.11458836935405893;0.028193544021644798;0.20309158145678738
2023-2024;Adelanto / 1ra Grilla;2024-10-29;001003-Anexo.pdf;Campana_2023-2024;BURLEY;CH3;75;112.5;213.75;52.59;378.84;961.356;1019.737;0.1103225635629579;0.20961287076962;0.051572121046897394;0.3715075553794753
2023-2024;Adelanto / 1ra Grilla;2024-10-29;001003-Anexo.pdf;Campana_2023-2024;BURLEY;CH2;89;133.5;253.65;62.41;449.56;961.356;1019.737;0.13091610876137671;0.24874060664661576;0.0612020550396818;0.4408587704476743
2023-2024;Adelanto / 1ra Grilla;2024-10-29;001003-Anexo.pdf;Campana_2023-2024;BURLEY;CH1;100;150.0;285.0;70.12;505.12;961.356;1019.737;0.1470967514172772;0.2794838276928267;0.06876282806252985;0.49534340717263375
2023-2024;Adelanto / 1ra Grilla;2024-10-29;001003-Anexo.pdf;Campana_2023-2024;BURLEY;N4;25;62.5;122.5;29.45;214.45;961.356;1019.737;0.06129031309053217;0.12012901365744305;0.028879995528258758;0.21029932227623396
2023-2024;Adelanto / 1ra Grilla;2024-10-29;001003-Anexo.pdf;Campana_2023-2024;BURLEY;X1;50;125.0;245.0;58.9;428.9;961.356;1019.737;0.12258062618106434;0.2402580273148861;0.057759991056517516;0.4205986445524679
2023-2024;Adelanto / 1ra Grilla;2024-10-29;001003-Anexo.pdf;Campana_2023-2024;BURLEY;T1;60;150.0;294.0;70.68;514.68;961.356;1019.737;0.1470967514172772;0.2883096327778633;0.06931198926782102;0.5047183734629614
2023-2024;Adelanto / 1ra Grilla;2024-10-29;001003-Anexo.pdf;Campana_2023-2024;BURLEY;N;10;40.0;44.0;13.77;97.77;961.356;1019.737;0.03922580037794059;0.04314838041573465;0.013503481780106047;0.09587766257378127
2023-2024;Adelanto / 1ra Grilla;2024-10-29;001003-Anexo.pdf;Campana_2023-2024;VIRGINIA;B1FR;85;425.0;229.5;112.53;767.03;961.356;1019.737;0.4167741290156187;0.22505802966843413;0.11035198291324136;0.7521841415972942
2023-2024;Adelanto / 1ra Grilla;2024-10-29;001003-Anexo.pdf;Campana_2023-2024;BURLEY;B1;90;225.0;441.0;106.02;772.02;961.356;1019.737;0.2206451271259158;0.432464449166795;0.10396798390173152;0.7570775601944423
2023-2024;Adelanto / 1ra Grilla;2024-10-29;001003-Anexo.pdf;Campana_2023-2024;VIRGINIA;T1FR;80;400.0;216.0;105.91;721.91;961.356;1019.737;0.3922580037794059;0.21181932204087917;0.10386011295069218;0.7079374387709773
2023-2024;Adelanto / 1ra Grilla;2024-10-29;001003-Anexo.pdf;Campana_2023-2024;VIRGINIA;B3F;75;450.0;191.25;110.58;751.83;961.356;1019.737;0.4412902542518316;0.18754835805702844;0.10843972514481676;0.7372783374536769
2023-2024;Adelanto / 1ra Grilla;2024-10-29;001003-Anexo.pdf;Campana_2023-2024;VIRGINIA;X2K;36;216.0;91.8;53.08;360.88;961.356;1019.737;0.21181932204087917;0.09002321186737365;0.05205263710152716;0.35389517100977996
2023-2024;Adelanto / 1ra Grilla;2024-10-29;001003-Anexo.pdf;Campana_2023-2024;VIRGINIA;X2L;61;366.0;155.55;89.94;611.49;961.356;1019.737;0.3589160734581564;0.15253933121971647;0.08819921214979941;0.5996546168276723
2023-2024;Adelanto / 1ra Grilla;2024-10-29;001003-Anexo.pdf;Campana_2023-2024;VIRGINIA;X2F;74;444.0;188.7;109.11;741.81;961.356;1019.737;0.43540638419514055;0.1850477132829347;0.10699817698092744;0.7274522744590026
2023-2024;Adelanto / 1ra Grilla;2024-10-29;001003-Anexo.pdf;Campana_2023-2024;VIRGINIA;C2K;48;288.0;122.4;70.77;481.17;961.356;1019.737;0.28242576272117226;0.1200309491564982;0.06940024731867138;0.47185695919634185
2023-2024;Adelanto / 1ra Grilla;2024-10-29;001003-Anexo.pdf;Campana_2023-2024;VIRGINIA;C2L;72;432.0;183.6;106.16;721.76;961.356;1019.737;0.42363864408175833;0.1800464237347473;0.10410527420305432;0.7077903420195599
2023-2024;Adelanto / 1ra Grilla;2024-10-29;001003-Anexo.pdf;Campana_2023-2024;VIRGINIA;C2F;85;510.0;216.75;125.32;852.07;961.356;1019.737;0.5001289548187425;0.21255480579796557;0.12289443258408786;0.835578193200796
2023-2024;Adelanto / 1ra Grilla;2024-10-29;001003-Anexo.pdf;Campana_2023-2024;VIRGINIA;B2KF;53;318.0;135.15;78.14;531.29;961.356;1019.737;0.3118451130046277;0.13253417302696677;0.07662760103830694;0.5210068870699014
2023-2024;Adelanto / 1ra Grilla;2024-10-29;001003-Anexo.pdf;Campana_2023-2024;VIRGINIA;B2KL;48;288.0;122.4;70.77;481.17;961.356;1019.737;0.28242576272117226;0.1200309491564982;0.06940024731867138;0.47185695919634185
2023-2024;Adelanto / 1ra Grilla;2024-10-29;001003-Anexo.pdf;Campana_2023-2024;VIRGINIA;B2L;78;468.0;198.9;115.0;781.9;961.356;1019.737;0.4589418644219049;0.19505029237930957;0.11277417608657919;0.7667663328877936
2023-2024;Adelanto / 1ra Grilla;2024-10-29;001003-Anexo.pdf;Campana_2023-2024;VIRGINIA;B3L;64;384.0;163.2;94.36;641.56;961.356;1019.737;0.3765676836282296;0.16004126554199757;0.09253366309156184;0.629142612261789
2023-2024;Adelanto / 1ra Grilla;2024-10-29;001003-Anexo.pdf;Campana_2023-2024;VIRGINIA;B2F;91;546.0;232.05;134.17;912.22;961.356;1019.737;0.5354321751588891;0.22755867444252784;0.1315731409177072;0.894563990519124
2023-2024;Adelanto / 1ra Grilla;2024-10-29;001003-Anexo.pdf;Campana_2023-2024;VIRGINIA;T2KL;35;210.0;89.25;51.6;350.85;961.356;1019.737;0.20593545198418808;0.08752256709327993;0.05060128248754336;0.3440593015650114
2023-2024;Adelanto / 1ra Grilla;2024-10-29;001003-Anexo.pdf;Campana_2023-2024;VIRGINIA;T2L;68;408.0;173.4;100.26;681.66;961.356;1019.737;0.400103163854994;0.17004384463837247;0.09831946864730809;0.6684664771406745
2023-2024;Adelanto / 1ra Grilla;2024-10-29;001003-Anexo.pdf;Campana_2023-2024;VIRGINIA;T2F;81;486.0;206.55;119.43;811.98;961.356;1019.737;0.47659347459197815;0.20255222670159073;0.11711843347843612;0.796264134772005
2023-2024;Adelanto / 1ra Grilla;2024-10-29;001003-Anexo.pdf;Campana_2023-2024;VIRGINIA;X1L;71;426.0;181.05;104.68;711.73;961.356;1019.737;0.4177547740250673;0.1775457789606536;0.10265391958907052;0.6979544725747914
2023-2024;Adelanto / 1ra Grilla;2024-10-29;001003-Anexo.pdf;Campana_2023-2024;VIRGINIA;X1F;83;498.0;211.65;122.38;832.03;961.356;1019.737;0.4883612147053603;0.20755351624977814;0.12001133625630922;0.8159260672114477
2023-2024;Adelanto / 1ra Grilla;2024-10-29;001003-Anexo.pdf;Campana_2023-2024;VIRGINIA;C1L;82;492.0;209.1;120.9;822.0;961.356;1019.737;0.4824773446486692;0.2050528714756844;0.11855998164232544;0.8060901977666791
2023-2024;Adelanto / 1ra Grilla;2024-10-29;001003-Anexo.pdf;Campana_2023-2024;VIRGINIA;C1F;94;564.0;239.7;138.59;942.29;961.356;1019.737;0.5530837853289623;0.23506060876480897;0.13590759185946966;0.9240519859532409
2023-2024;Adelanto / 1ra Grilla;2024-10-29;001003-Anexo.pdf;Campana_2023-2024;VIRGINIA;B1L;88;528.0;224.4;129.75;882.15;961.356;1019.737;0.5177805649888158;0.2200567401202467;0.12723868997594479;0.8650759950850072
2023-2024;Adelanto / 1ra Grilla;2024-10-29;001003-Anexo.pdf;Campana_2023-2024;VIRGINIA;B1F;100;600.0;255.0;147.44;1002.44;961.356;1019.737;0.5883870056691088;0.25006447740937127;0.14458630019308902;0.9830377832715691
2023-2024;Adelanto / 1ra Grilla;2024-10-29;001003-Anexo.pdf;Campana_2023-2024;VIRGINIA;T1L;78;468.0;198.9;115.0;781.9;961.356;1019.737;0.4589418644219049;0.19505029237930957;0.11277417608657919;0.7667663328877936
2023-2024;Adelanto / 1ra Grilla;2024-10-29;001003-Anexo.pdf;Campana_2023-2024;VIRGINIA;T2KF;40;240.0;102.0;58.98;400.98;961.356;1019.737;0.23535480226764352;0.1000257909637485;0.05783844265727339;0.39321903588866547
2023-2024;Adelanto / 1ra Grilla;2024-10-29;001003-Anexo.pdf;Campana_2023-2024;VIRGINIA;T1F;90;540.0;229.5;132.7;902.2;961.356;1019.737;0.529548305102198;0.22505802966843413;0.1301315927538179;0.88473792752445
2023-2024;Adelanto / 1ra Grilla;2024-10-29;001003-Anexo.pdf;Campana_2023-2024;VIRGINIA;B3KL;39;234.0;99.45;57.5;390.95;961.356;1019.737;0.22947093221095244;0.09752514618965478;0.056387088043289596;0.3833831664438968
2023-2024;Adelanto / 1ra Grilla;2024-10-29;001003-Anexo.pdf;Campana_2023-2024;VIRGINIA;C3F;71;426.0;181.05;104.68;711.73;961.356;1019.737;0.4177547740250673;0.1775457789606536;0.10265391958907052;0.6979544725747914
2023-2024;Adelanto / 1ra Grilla;2024-10-29;001003-Anexo.pdf;Campana_2023-2024;VIRGINIA;T1F;90;450.0;243.0;119.15;812.15;961.356;1019.737;0.4412902542518316;0.23829673729598908;0.11684385287579054;0.7964308444236112
2023-2024;Adelanto / 1ra Grilla;2024-10-29;001003-Anexo.pdf;Campana_2023-2024;VIRGINIA;H3F;80;480.0;204.0;117.95;801.95;961.356;1019.737;0.47070960453528704;0.200051581927497;0.11566707886445231;0.7864282653272364
2023-2024;Adelanto / 1ra Grilla;2024-10-29;001003-Anexo.pdf;Campana_2023-2024;VIRGINIA;H2F;95;570.0;242.25;140.07;952.32;961.356;1019.737;0.5589676553856534;0.23756125353890267;0.13735894647345345;0.9338878553980096
2023-2024;Adelanto / 1ra Grilla;2024-10-29;001003-Anexo.pdf;Campana_2023-2024;VIRGINIA;H1F;105;630.0;267.75;154.81;1052.56;961.356;1019.737;0.6178063559525643;0.2625677012798398;0.15181365391272456;1.0321877111451285
2023-2024;Adelanto / 1ra Grilla;2024-10-29;001003-Anexo.pdf;Campana_2023-2024;VIRGINIA;N5B;15;90.0;38.25;22.12;150.37;961.356;1019.737;0.08825805085036632;0.037509671611405684;0.021691867609001145;0.14745959007077317
2023-2024;Adelanto / 1ra Grilla;2024-10-29;001003-Anexo.pdf;Campana_2023-2024;VIRGINIA;N5C;17;102.0;43.35;25.06;170.41;961.356;1019.737;0.1000257909637485;0.042510961159593116;0.024574963936779777;0.16711171606012137
2023-2024;Adelanto / 1ra Grilla;2024-10-29;001003-Anexo.pdf;Campana_2023-2024;VIRGINIA;N5X;17;102.0;43.35;25.06;170.41;961.356;1019.737;0.1000257909637485;0.042510961159593116;0.024574963936779777;0.16711171606012137
2023-2024;Adelanto / 1ra Grilla;2024-10-29;001003-Anexo.pdf;Campana_2023-2024;VIRGINIA;N5K;15;90.0;38.25;22.12;150.37;961.356;1019.737;0.08825805085036632;0.037509671611405684;0.021691867609001145;0.14745959007077317
2023-2024;Adelanto / 1ra Grilla;2024-10-29;001003-Anexo.pdf;Campana_2023-2024;VIRGINIA;NVB;20;120.0;51.0;29.49;200.49;961.356;1019.737;0.11767740113382176;0.05001289548187425;0.028919221328636696;0.19660951794433273
2023-2024;Adelanto / 1ra Grilla;2024-10-29;001003-Anexo.pdf;Campana_2023-2024;VIRGINIA;NVC;20;120.0;51.0;29.49;200.49;961.356;1019.737;0.11767740113382176;0.05001289548187425;0.028919221328636696;0.19660951794433273
2023-2024;Adelanto / 1ra Grilla;2024-10-29;001003-Anexo.pdf;Campana_2023-2024;VIRGINIA;B3KF;44;264.0;112.2;64.87;441.07;961.356;1019.737;0.2588902824944079;0.11002837006012335;0.06361444176292515;0.43253309431745635
2023-2024;Adelanto / 1ra Grilla;2024-10-29;001003-Anexo.pdf;Campana_2023-2024;VIRGINIA;NVX;20;120.0;51.0;29.49;200.49;961.356;1019.737;0.11767740113382176;0.05001289548187425;0.028919221328636696;0.19660951794433273
2023-2024;Adelanto / 1ra Grilla;2024-10-29;001003-Anexo.pdf;Campana_2023-2024;VIRGINIA;X4F;39;234.0;99.45;57.5;390.95;961.356;1019.737;0.22947093221095244;0.09752514618965478;0.056387088043289596;0.3833831664438968
2023-2024;Adelanto / 1ra Grilla;2024-10-29;001003-Anexo.pdf;Campana_2023-2024;VIRGINIA;C4L;37;222.0;94.35;54.55;370.9;961.356;1019.737;0.21770319209757028;0.09252385664146735;0.05349418526541647;0.36372123400445405
2023-2024;Adelanto / 1ra Grilla;2024-10-29;001003-Anexo.pdf;Campana_2023-2024;VIRGINIA;C4F;50;300.0;127.5;73.72;501.22;961.356;1019.737;0.2941935028345544;0.12503223870468563;0.07229315009654451;0.49151889163578455
2023-2024;Adelanto / 1ra Grilla;2024-10-29;001003-Anexo.pdf;Campana_2023-2024;VIRGINIA;B4L;43;258.0;109.65;63.4;431.05;961.356;1019.737;0.25300641243771677;0.10752772528602965;0.06217289359903583;0.42270703132278226
2023-2024;Adelanto / 1ra Grilla;2024-10-29;001003-Anexo.pdf;Campana_2023-2024;VIRGINIA;B4F;48;288.0;122.4;70.77;481.17;961.356;1019.737;0.28242576272117226;0.1200309491564982;0.06940024731867138;0.47185695919634185
2023-2024;Adelanto / 1ra Grilla;2024-10-29;001003-Anexo.pdf;Campana_2023-2024;VIRGINIA;X3K;27;162.0;68.85;39.81;270.66;961.356;1019.737;0.15886449153065937;0.06751740890053023;0.03903947782614537;0.26542137825733503
2023-2024;Adelanto / 1ra Grilla;2024-10-29;001003-Anexo.pdf;Campana_2023-2024;VIRGINIA;X3L;48;288.0;122.4;70.77;481.17;961.356;1019.737;0.28242576272117226;0.1200309491564982;0.06940024731867138;0.47185695919634185
2023-2024;Adelanto / 1ra Grilla;2024-10-29;001003-Anexo.pdf;Campana_2023-2024;VIRGINIA;X3F;60;360.0;153.0;88.46;601.46;961.356;1019.737;0.3530322034014653;0.15003868644562274;0.0867478575358156;0.5898187473829037
2023-2024;Adelanto / 1ra Grilla;2024-10-29;001003-Anexo.pdf;Campana_2023-2024;VIRGINIA;C3K;39;234.0;99.45;57.5;390.95;961.356;1019.737;0.22947093221095244;0.09752514618965478;0.056387088043289596;0.3833831664438968
2023-2024;Adelanto / 1ra Grilla;2024-10-29;001003-Anexo.pdf;Campana_2023-2024;VIRGINIA;C3L;59;354.0;150.45;86.99;591.44;961.356;1019.737;0.3471483333447742;0.14753804167152904;0.08530630937192629;0.5799926843882296
2023-2024;Adelanto / 1ra Grilla;2024-10-29;001003-Anexo.pdf;Campana_2023-2024;VIRGINIA;X4L;26;156.0;66.3;38.33;260.63;961.356;1019.737;0.1529806214739683;0.06501676412643652;0.03758812321216157;0.25558550881256636
2023-2024;Adelanto / 1ra Grilla;2024-10-29;001003-Anexo.pdf;Campana_2023-2024;VIRGINIA;B1F;100;500.0;270.0;132.39;902.39;961.356;1019.737;0.49032250472425737;0.264774152551099;0.12982759280088885;0.8849242500762452
2024-2025;Incremento FET;2024-12-12;0001002-Resolución Nº 257-2025.pdf;Campana_2024-2025;CRIOLLO ARGENTINO;9;1;5260.0;;;5260.0;991.096;1048.675;5.015853338736978;;;5.015853338736978
2024-2025;Adelanto / 1ra Grilla;2025-12-02;0001003-Anexo.pdf;Campana_2024-2025;CRIOLLO MISIONERO;X4;17;117.98;0.0;55.38;173.36;1425.219;1476.758;0.07989122117503342;0.0;0.03750106652545644;0.11739228770048986
2024-2025;Adelanto / 1ra Grilla;2025-12-02;0001003-Anexo.pdf;Campana_2024-2025;VIRGINIA;NB;25;160.25;25.0;46.44;231.69;1425.219;1476.758;0.1085147329487973;0.01692897549903234;0.031447264887002474;0.1568909733348321
2024-2025;Adelanto / 1ra Grilla;2025-12-02;0001003-Anexo.pdf;Campana_2024-2025;VIRGINIA;NX;30;192.3;30.0;55.73;278.03;1425.219;1476.758;0.13021767953855676;0.020314770598838808;0.03773807218244289;0.18827052231983843
2024-2025;Adelanto / 1ra Grilla;2025-12-02;0001003-Anexo.pdf;Campana_2024-2025;VIRGINIA;NG;10;64.1;10.0;18.58;92.68;1425.219;1476.758;0.043405893179518915;0.006771590199612936;0.012581614590880833;0.0627590979700127
2024-2025;Adelanto / 1ra Grilla;2025-12-02;0001003-Anexo.pdf;Campana_2024-2025;VIRGINIA;B3K;33;211.53;33.0;61.3;305.83;1425.219;1476.758;0.14323944749241244;0.022346247658722687;0.041509847923627295;0.2070955430747624
2024-2025;Adelanto / 1ra Grilla;2025-12-02;0001003-Anexo.pdf;Campana_2024-2025;VIRGINIA;B3FR;63;403.83;63.0;117.03;583.86;1425.219;1476.758;0.2734571270309692;0.042661018257561495;0.0792479201060702;0.3953660653946009
2024-2025;Adelanto / 1ra Grilla;2025-12-02;0001003-Anexo.pdf;Campana_2024-2025;VIRGINIA;B3F;78;499.98;78.0;144.89;722.87;1425.219;1476.758;0.3385659668002476;0.0528184035569809;0.09811357040219182;0.48949794075942027
2024-2025;Adelanto / 1ra Grilla;2025-12-02;0001003-Anexo.pdf;Campana_2024-2025;VIRGINIA;X3K;41;262.81;41.0;76.16;379.97;1425.219;1476.758;0.17796416203602758;0.027763519818413036;0.051572430960252116;0.2573001128146927
2024-2025;Adelanto / 1ra Grilla;2025-12-02;0001003-Anexo.pdf;Campana_2024-2025;VIRGINIA;C3K;37;237.17;37.0;68.73;342.9;1425.219;1476.758;0.16060180476421998;0.025054883738567863;0.04654113944193971;0.23219782794472754
2024-2025;Adelanto / 1ra Grilla;2025-12-02;0001003-Anexo.pdf;Campana_2024-2025;VIRGINIA;C3F;70;448.7;70.0;130.03;648.73;1425.219;1476.758;0.30384125225663244;0.04740113139729055;0.088050987365567;0.43929337101949
2024-2025;Adelanto / 1ra Grilla;2025-12-02;0001003-Anexo.pdf;Campana_2024-2025;VIRGINIA;C3L;57;365.37;57.0;105.88;528.25;1425.219;1476.758;0.24741359112325784;0.038598064137793736;0.07169759703350176;0.3577092522945533
2024-2025;Adelanto / 1ra Grilla;2025-12-02;0001003-Anexo.pdf;Campana_2024-2025;BURLEY;C1;100;609.0;0.0;143.78;752.78;1425.219;1476.758;0.4123898431564278;0.0;0.09736192389003478;0.5097517670464625
2024-2025;Adelanto / 1ra Grilla;2025-12-02;0001003-Anexo.pdf;Campana_2024-2025;VIRGINIA;T3K;29;185.89;29.0;53.87;268.76;1425.219;1476.758;0.12587709022060486;0.019637611578877515;0.03647855640531488;0.18199325820479725
2024-2025;Adelanto / 1ra Grilla;2025-12-02;0001003-Anexo.pdf;Campana_2024-2025;VIRGINIA;X2L;65;416.65;65.0;120.74;602.39;1425.219;1476.758;0.282138305666873;0.04401533629748408;0.08176018007012659;0.4079138220344836
2024-2025;Adelanto / 1ra Grilla;2025-12-02;0001003-Anexo.pdf;Campana_2024-2025;VIRGINIA;C2F;86;551.26;86.0;159.75;797.01;1425.219;1476.758;0.3732906813438627;0.058235675716671244;0.10817615343881665;0.5397025104993506
2024-2025;Adelanto / 1ra Grilla;2025-12-02;0001003-Anexo.pdf;Campana_2024-2025;VIRGINIA;C2L;73;467.93;73.0;135.6;676.53;1425.219;1476.758;0.3168630202104881;0.04943260845717443;0.0918227631067514;0.45811839177441394
2024-2025;Adelanto / 1ra Grilla;2025-12-02;0001003-Anexo.pdf;Campana_2024-2025;VIRGINIA;B2FR;77;493.57;77.0;143.04;713.61;1425.219;1476.758;0.33422537748229564;0.052141244537019606;0.09686082621526343;0.4832274482345787
2024-2025;Adelanto / 1ra Grilla;2025-12-02;0001003-Anexo.pdf;Campana_2024-2025;VIRGINIA;B2F;92;589.72;92.0;170.9;852.62;1425.219;1476.758;0.3993342172515741;0.06229862983643901;0.11572647651138508;0.5773593235993981
2024-2025;Adelanto / 1ra Grilla;2025-12-02;0001003-Anexo.pdf;Campana_2024-2025;VIRGINIA;T2FR;70;448.7;70.0;130.03;648.73;1425.219;1476.758;0.30384125225663244;0.04740113139729055;0.088050987365567;0.43929337101949
2024-2025;Adelanto / 1ra Grilla;2025-12-02;0001003-Anexo.pdf;Campana_2024-2025;VIRGINIA;T2F;80;512.8;80.0;148.61;741.41;1425.219;1476.758;0.3472471454361513;0.054172721596903485;0.10063260195644785;0.5020524689895026
2024-2025;Adelanto / 1ra Grilla;2025-12-02;0001003-Anexo.pdf;Campana_2024-2025;VIRGINIA;X1F;89;570.49;89.0;165.33;824.82;1425.219;1476.758;0.38631244929771835;0.06026715277655513;0.11195470077020067;0.5585343028444743
2024-2025;Adelanto / 1ra Grilla;2025-12-02;0001003-Anexo.pdf;Campana_2024-2025;VIRGINIA;X1L;75;480.75;75.0;139.32;695.07;1425.219;1476.758;0.3255441988463919;0.05078692649709702;0.09434179466100742;0.47067292000449634
2024-2025;Adelanto / 1ra Grilla;2025-12-02;0001003-Anexo.pdf;Campana_2024-2025;VIRGINIA;C1F;96;615.36;96.0;178.33;889.69;1425.219;1476.758;0.4166965745233816;0.06500726591628418;0.1207577680296975;0.6024616084693634
2024-2025;Adelanto / 1ra Grilla;2025-12-02;0001003-Anexo.pdf;Campana_2024-2025;VIRGINIA;X2F;79;506.39;79.0;146.75;732.14;1425.219;1476.758;0.3429065561181994;0.05349556257694219;0.09937308617931984;0.4957752048744615
2024-2025;Adelanto / 1ra Grilla;2025-12-02;0001003-Anexo.pdf;Campana_2024-2025;VIRGINIA;C1L;83;532.03;83.0;154.18;769.21;1425.219;1476.758;0.360268913390007;0.056204198656787364;0.10440437769763225;0.5208774897444266
2024-2025;Adelanto / 1ra Grilla;2025-12-02;0001003-Anexo.pdf;Campana_2024-2025;BURLEY;C2;80;487.2;0.0;115.02;602.22;1425.219;1476.758;0.3299118745251422;0.0;0.07788683047594798;0.4077987050010902
2024-2025;Adelanto / 1ra Grilla;2025-12-02;0001003-Anexo.pdf;Campana_2024-2025;BURLEY;B2;75;456.75;0.0;107.84;564.59;1425.219;1476.758;0.3092923823673208;0.0;0.0730248287126259;0.38231721107994676
2024-2025;Adelanto / 1ra Grilla;2025-12-02;0001003-Anexo.pdf;Campana_2024-2025;CRIOLLO MISIONERO;X2;37;256.78;0.0;120.53;377.31;1425.219;1476.758;0.17388089314566094;0.0;0.08161797667593472;0.2554988698215957
2024-2025;Adelanto / 1ra Grilla;2025-12-02;0001003-Anexo.pdf;Campana_2024-2025;CRIOLLO MISIONERO;T4;23;159.62;0.0;74.93;234.55;1425.219;1476.758;0.10808812276622168;0.0;0.050739525365699735;0.1588276481319214
2024-2025;Adelanto / 1ra Grilla;2025-12-02;0001003-Anexo.pdf;Campana_2024-2025;CRIOLLO MISIONERO;T2;47;326.18;0.0;153.11;479.29;1425.219;1476.758;0.22087572913097475;0.0;0.10367981754627367;0.3245555466772484
2024-2025;Adelanto / 1ra Grilla;2025-12-02;0001003-Anexo.pdf;Campana_2024-2025;CRIOLLO MISIONERO;C2;60;416.4;0.0;195.46;611.86;1425.219;1476.758;0.2819690159118826;0.0;0.13235750204163443;0.4143265179535171
2024-2025;Adelanto / 1ra Grilla;2025-12-02;0001003-Anexo.pdf;Campana_2024-2025;CRIOLLO MISIONERO;C1;88;610.72;0.0;286.68;897.4;1425.219;1476.758;0.41355455667076124;0.0;0.19412794784250365;0.6076825045132649
2024-2025;Adelanto / 1ra Grilla;2025-12-02;0001003-Anexo.pdf;Campana_2024-2025;CRIOLLO MISIONERO;B3;50;347.0;0.0;162.89;509.89;1425.219;1476.758;0.23497417992656888;0.0;0.1103024327614951;0.345276612688064
2024-2025;Adelanto / 1ra Grilla;2025-12-02;0001003-Anexo.pdf;Campana_2024-2025;CRIOLLO MISIONERO;B2;92;638.48;0.0;299.71;938.19;1425.219;1476.758;0.4323524910648867;0.0;0.20295132987259928;0.635303820937486
2024-2025;Adelanto / 1ra Grilla;2025-12-02;0001003-Anexo.pdf;Campana_2024-2025;CRIOLLO MISIONERO;B1;100;694.0;0.0;325.77;1019.77;1425.219;1476.758;0.46994835985313776;0.0;0.2205980939327906;0.6905464537859284
2024-2025;Adelanto / 1ra Grilla;2025-12-02;0001003-Anexo.pdf;Campana_2024-2025;CRIOLLO MISIONERO;N4;1;171.37;0.0;0.0;171.37;1425.219;1476.758;0.11604474125076689;0.0;0.0;0.11604474125076689
2024-2025;Adelanto / 1ra Grilla;2025-12-02;0001003-Anexo.pdf;Campana_2024-2025;CRIOLLO MISIONERO;T;64;267.51;0.0;0.0;267.51;1425.219;1476.758;0.18114680942984565;0.0;0.0;0.18114680942984565
2024-2025;Adelanto / 1ra Grilla;2025-12-02;0001003-Anexo.pdf;Campana_2024-2025;CRIOLLO MISIONERO;N;10;69.4;0.0;32.58;101.98;1425.219;1476.758;0.04699483598531378;0.0;0.022061840870338943;0.06905667685565273
2024-2025;Adelanto / 1ra Grilla;2025-12-02;0001003-Anexo.pdf;Campana_2024-2025;CRIOLLO MISIONERO;X2;62;259.15;0.0;0.0;259.15;1425.219;1476.758;0.1754857600229692;0.0;0.0;0.1754857600229692
2024-2025;Adelanto / 1ra Grilla;2025-12-02;0001003-Anexo.pdf;Campana_2024-2025;CRIOLLO MISIONERO;C3;76;317.66;0.0;0.0;317.66;1425.219;1476.758;0.21510633428090453;0.0;0.0;0.21510633428090453
2024-2025;Adelanto / 1ra Grilla;2025-12-02;0001003-Anexo.pdf;Campana_2024-2025;CRIOLLO MISIONERO;C2;89;372.0;0.0;0.0;372.0;1425.219;1476.758;0.2519031554256012;0.0;0.0;0.2519031554256012
2024-2025;Adelanto / 1ra Grilla;2025-12-02;0001003-Anexo.pdf;Campana_2024-2025;CRIOLLO MISIONERO;C1;100;417.98;0.0;0.0;417.98;1425.219;1476.758;0.2830389271634215;0.0;0.0;0.2830389271634215
2024-2025;Adelanto / 1ra Grilla;2025-12-02;0001003-Anexo.pdf;Campana_2024-2025;CRIOLLO MISIONERO;ND;41;147.19;53.3;48.02;248.51;1425.219;1476.758;0.0996710361481028;0.03609257576393694;0.03251717613854132;0.16828078805058105
2024-2025;Adelanto / 1ra Grilla;2025-12-02;0001003-Anexo.pdf;Campana_2024-2025;CRIOLLO MISIONERO;CH3;75;269.25;97.5;87.83;454.58;1425.219;1476.758;0.1823250661245783;0.06602300444622612;0.05947487672320041;0.30782294729400483
2024-2025;Adelanto / 1ra Grilla;2025-12-02;0001003-Anexo.pdf;Campana_2024-2025;CRIOLLO MISIONERO;CH2;89;319.51;115.7;104.23;539.44;1425.219;1476.758;0.2163590784678329;0.07834729860952167;0.07058028465056564;0.36528666172792024
2024-2025;Adelanto / 1ra Grilla;2025-12-02;0001003-Anexo.pdf;Campana_2024-2025;CRIOLLO MISIONERO;CH1;100;359.0;130.0;117.11;606.11;1425.219;1476.758;0.2431000881661044;0.08803067259496816;0.07930209282766709;0.41043285358873965
2024-2025;Adelanto / 1ra Grilla;2025-12-02;0001003-Anexo.pdf;Campana_2024-2025;BURLEY;N4;25;152.25;0.0;35.95;188.2;1425.219;1476.758;0.10309746078910695;0.0;0.024343866767608507;0.12744132755671544
2024-2025;Adelanto / 1ra Grilla;2025-12-02;0001003-Anexo.pdf;Campana_2024-2025;BURLEY;X1;50;304.5;0.0;71.89;376.39;1425.219;1476.758;0.2061949215782139;0.0;0.04868096194501739;0.25487588352323126
2024-2025;Adelanto / 1ra Grilla;2025-12-02;0001003-Anexo.pdf;Campana_2024-2025;BURLEY;T1;60;365.4;0.0;86.27;451.67;1425.219;1476.758;0.24743390589385666;0.0;0.058418508652060795;0.3058524145459175
2024-2025;Adelanto / 1ra Grilla;2025-12-02;0001003-Anexo.pdf;Campana_2024-2025;CRIOLLO MISIONERO;X1;82;342.74;0.0;0.0;342.74;1425.219;1476.758;0.23208948250153377;0.0;0.0;0.23208948250153377
2024-2025;Adelanto / 1ra Grilla;2025-12-02;0001003-Anexo.pdf;Campana_2024-2025;VIRGINIA;B1FR;85;544.85;85.0;157.9;787.75;1425.219;1476.758;0.36895009202591084;0.05755851669670995;0.10692340925188826;0.533432017974509
2024-2025;Adelanto / 1ra Grilla;2025-12-02;0001003-Anexo.pdf;Campana_2024-2025;BURLEY;B1;90;548.1;0.0;129.4;677.5;1425.219;1476.758;0.371150858840785;0.0;0.08762437718299139;0.4587752360237764
2024-2025;Adelanto / 1ra Grilla;2025-12-02;0001003-Anexo.pdf;Campana_2024-2025;VIRGINIA;T1FR;80;512.8;80.0;148.61;741.41;1425.219;1476.758;0.3472471454361513;0.054172721596903485;0.10063260195644785;0.5020524689895026
2024-2025;Adelanto / 1ra Grilla;2025-12-02;0001003-Anexo.pdf;Campana_2024-2025;VIRGINIA;X2K;36;256.32;39.6;110.59;406.51;1425.219;1476.758;0.17356939999647877;0.026815497190467226;0.07488701601751946;0.2752719132044654
2024-2025;Adelanto / 1ra Grilla;2025-12-02;0001003-Anexo.pdf;Campana_2024-2025;VIRGINIA;X2L;61;434.32;67.1;187.39;688.81;1425.219;1476.758;0.29410370554958903;0.045437370239402794;0.1268928287505468;0.4664339045395386
2024-2025;Adelanto / 1ra Grilla;2025-12-02;0001003-Anexo.pdf;Campana_2024-2025;VIRGINIA;X2F;74;526.88;81.4;227.33;835.61;1425.219;1476.758;0.35678154443720633;0.0551207442248493;0.15393856000780087;0.5658408486698565
2024-2025;Adelanto / 1ra Grilla;2025-12-02;0001003-Anexo.pdf;Campana_2024-2025;VIRGINIA;C2K;48;341.76;52.8;147.46;542.02;1425.219;1476.758;0.23142586666197168;0.0357539962539563;0.09985386908349235;0.36703373199942035
2024-2025;Adelanto / 1ra Grilla;2025-12-02;0001003-Anexo.pdf;Campana_2024-2025;VIRGINIA;C2L;72;512.64;79.2;221.18;813.02;1425.219;1476.758;0.34713879999295755;0.05363099438093445;0.14977403203503892;0.5505438264089308
2024-2025;Adelanto / 1ra Grilla;2025-12-02;0001003-Anexo.pdf;Campana_2024-2025;VIRGINIA;C2F;85;605.2;93.5;261.12;959.82;1425.219;1476.758;0.4098166388805749;0.06331436836638095;0.176819763292293;0.6499507705392489
2024-2025;Adelanto / 1ra Grilla;2025-12-02;0001003-Anexo.pdf;Campana_2024-2025;VIRGINIA;B2KF;53;377.36;58.3;162.82;598.48;1425.219;1476.758;0.2555327277725937;0.039478370863743416;0.11025503163009781;0.405266130266435
2024-2025;Adelanto / 1ra Grilla;2025-12-02;0001003-Anexo.pdf;Campana_2024-2025;VIRGINIA;B2KL;48;341.76;52.8;147.46;542.02;1425.219;1476.758;0.23142586666197168;0.0357539962539563;0.09985386908349235;0.36703373199942035
2024-2025;Adelanto / 1ra Grilla;2025-12-02;0001003-Anexo.pdf;Campana_2024-2025;VIRGINIA;B2L;78;555.36;85.8;239.62;880.78;1425.219;1476.758;0.376067033325704;0.058100243912678984;0.16226084436312516;0.5964281216015082
2024-2025;Adelanto / 1ra Grilla;2025-12-02;0001003-Anexo.pdf;Campana_2024-2025;VIRGINIA;T2KF;40;284.8;44.0;122.88;451.68;1425.219;1476.758;0.19285488888497643;0.02979499687829692;0.08320930037284376;0.30585918613611707
2024-2025;Adelanto / 1ra Grilla;2025-12-02;0001003-Anexo.pdf;Campana_2024-2025;VIRGINIA;B3F;75;534.0;82.5;230.4;846.9;1425.219;1476.758;0.36160291665933075;0.05586561914680672;0.15601743819908204;0.5734859740052195
2024-2025;Adelanto / 1ra Grilla;2025-12-02;0001003-Anexo.pdf;Campana_2024-2025;VIRGINIA;T2KL;35;249.2;38.5;107.52;395.22;1425.219;1476.758;0.16874802777435435;0.026070622268509803;0.07280813782623828;0.2676267878691025
2024-2025;Adelanto / 1ra Grilla;2025-12-02;0001003-Anexo.pdf;Campana_2024-2025;VIRGINIA;T2F;81;576.72;89.1;248.83;914.65;1425.219;1476.758;0.3905311499920773;0.06033486867855126;0.16849747893696868;0.6193634976075971
2024-2025;Adelanto / 1ra Grilla;2025-12-02;0001003-Anexo.pdf;Campana_2024-2025;VIRGINIA;X1L;71;505.52;78.1;218.11;801.73;1425.219;1476.758;0.3423174277708331;0.052886119458977025;0.14769515384375775;0.5428987010735679
2024-2025;Adelanto / 1ra Grilla;2025-12-02;0001003-Anexo.pdf;Campana_2024-2025;VIRGINIA;X1F;83;590.96;91.3;254.98;937.24;1425.219;1476.758;0.40017389443632606;0.0618246185224661;0.17266200690973063;0.6346605198685228
2024-2025;Adelanto / 1ra Grilla;2025-12-02;0001003-Anexo.pdf;Campana_2024-2025;VIRGINIA;C1L;82;583.84;90.2;251.9;925.94;1425.219;1476.758;0.39535252221420164;0.06107974360050868;0.17057635712824987;0.6270086229429602
2024-2025;Adelanto / 1ra Grilla;2025-12-02;0001003-Anexo.pdf;Campana_2024-2025;VIRGINIA;C1F;94;669.28;103.4;288.77;1061.45;1425.219;1476.758;0.4532089888796945;0.07001824266399775;0.19554321019422274;0.718770441737915
2024-2025;Adelanto / 1ra Grilla;2025-12-02;0001003-Anexo.pdf;Campana_2024-2025;VIRGINIA;B1L;88;626.56;96.8;270.34;993.7;1425.219;1476.758;0.42428075554694805;0.06554899313225322;0.18306316945633608;0.6728929181355374
2024-2025;Adelanto / 1ra Grilla;2025-12-02;0001003-Anexo.pdf;Campana_2024-2025;VIRGINIA;B1F;100;712.0;110.0;307.2;1129.2;1425.219;1476.758;0.48213722221244104;0.0744874921957423;0.20802325093210938;0.7646479653402928
2024-2025;Adelanto / 1ra Grilla;2025-12-02;0001003-Anexo.pdf;Campana_2024-2025;VIRGINIA;T1L;78;555.36;85.8;239.62;880.78;1425.219;1476.758;0.376067033325704;0.058100243912678984;0.16226084436312516;0.5964281216015082
2024-2025;Adelanto / 1ra Grilla;2025-12-02;0001003-Anexo.pdf;Campana_2024-2025;VIRGINIA;T1F;90;640.8;99.0;276.48;1016.28;1425.219;1476.758;0.4339234999911969;0.06703874297616806;0.18722092583889846;0.6881831688062634
2024-2025;Adelanto / 1ra Grilla;2025-12-02;0001003-Anexo.pdf;Campana_2024-2025;VIRGINIA;B1F;100;641.0;100.0;185.76;926.76;1425.219;1476.758;0.4340589317951892;0.06771590199612935;0.1257890595480099;0.6275638933393284
2024-2025;Adelanto / 1ra Grilla;2025-12-02;0001003-Anexo.pdf;Campana_2024-2025;VIRGINIA;T2L;68;484.16;74.8;208.9;767.86;1425.219;1476.758;0.3278533111044599;0.05065149469310476;0.14145851926991423;0.5199633250674789
2024-2025;Adelanto / 1ra Grilla;2025-12-02;0001003-Anexo.pdf;Campana_2024-2025;VIRGINIA;B3L;64;455.68;70.4;196.61;722.69;1425.219;1476.758;0.30856782221596224;0.047671995005275074;0.13313623491458995;0.4893760521358273
2024-2025;Adelanto / 1ra Grilla;2025-12-02;0001003-Anexo.pdf;Campana_2024-2025;VIRGINIA;B2F;91;647.92;100.1;279.55;1027.57;1425.219;1476.758;0.4387448722133213;0.06778361789812548;0.18929980403017962;0.6958282941416264
2024-2025;Adelanto / 1ra Grilla;2025-12-02;0001003-Anexo.pdf;Campana_2024-2025;VIRGINIA;B3KF;44;313.28;48.4;135.17;496.85;1425.219;1476.758;0.21214037777347403;0.03277449656612661;0.09153158472816804;0.3364464590677687
2024-2025;Adelanto / 1ra Grilla;2025-12-02;0001003-Anexo.pdf;Campana_2024-2025;VIRGINIA;B3KL;39;277.68;42.9;119.81;440.39;1425.219;1476.758;0.188033516662852;0.029050121956339492;0.08113042218156258;0.2982140608007541
2024-2025;Adelanto / 1ra Grilla;2025-12-02;0001003-Anexo.pdf;Campana_2024-2025;VIRGINIA;H3F;80;569.6;88.0;245.76;903.36;1425.219;1476.758;0.38570977776995286;0.05958999375659384;0.1664186007456875;0.6117183722722341
2024-2025;Adelanto / 1ra Grilla;2025-12-02;0001003-Anexo.pdf;Campana_2024-2025;VIRGINIA;H2F;95;676.4;104.5;291.84;1072.74;1425.219;1476.758;0.45803036110181894;0.07076311758595517;0.1976220883855039;0.726415567073278
2024-2025;Adelanto / 1ra Grilla;2025-12-02;0001003-Anexo.pdf;Campana_2024-2025;VIRGINIA;H1F;105;747.6;115.5;322.56;1185.66;1425.219;1476.758;0.5062440833230631;0.07821186680552941;0.21842441347871486;0.8028803636073074
2024-2025;Adelanto / 1ra Grilla;2025-12-02;0001003-Anexo.pdf;Campana_2024-2025;VIRGINIA;N5B;15;106.8;16.5;46.08;169.38;1425.219;1476.758;0.07232058333186615;0.011173123829361344;0.031203487639816407;0.1146971948010439
2024-2025;Adelanto / 1ra Grilla;2025-12-02;0001003-Anexo.pdf;Campana_2024-2025;VIRGINIA;N5C;17;121.04;18.7;52.22;191.96;1425.219;1476.758;0.08196332777611498;0.01266287367327619;0.03536124402237875;0.1299874454717699
2024-2025;Adelanto / 1ra Grilla;2025-12-02;0001003-Anexo.pdf;Campana_2024-2025;VIRGINIA;N5X;17;121.04;18.7;52.22;191.96;1425.219;1476.758;0.08196332777611498;0.01266287367327619;0.03536124402237875;0.1299874454717699
2024-2025;Adelanto / 1ra Grilla;2025-12-02;0001003-Anexo.pdf;Campana_2024-2025;VIRGINIA;NVB;20;142.4;22.0;61.44;225.84;1425.219;1476.758;0.09642744444248821;0.01489749843914846;0.04160465018642188;0.15292959306805853
2024-2025;Adelanto / 1ra Grilla;2025-12-02;0001003-Anexo.pdf;Campana_2024-2025;VIRGINIA;NVC;20;142.4;22.0;61.44;225.84;1425.219;1476.758;0.09642744444248821;0.01489749843914846;0.04160465018642188;0.15292959306805853
2024-2025;Adelanto / 1ra Grilla;2025-12-02;0001003-Anexo.pdf;Campana_2024-2025;VIRGINIA;NVX;20;142.4;22.0;61.44;225.84;1425.219;1476.758;0.09642744444248821;0.01489749843914846;0.04160465018642188;0.15292959306805853
2024-2025;Adelanto / 1ra Grilla;2025-12-02;0001003-Anexo.pdf;Campana_2024-2025;VIRGINIA;X4L;26;185.12;28.6;79.87;293.59;1425.219;1476.758;0.12535567777523468;0.019366747970892998;0.05408469092430852;0.19880711667043616
2024-2025;Adelanto / 1ra Grilla;2025-12-02;0001003-Anexo.pdf;Campana_2024-2025;VIRGINIA;N5K;15;106.8;16.5;46.08;169.38;1425.219;1476.758;0.07232058333186615;0.011173123829361344;0.031203487639816407;0.1146971948010439
2024-2025;Adelanto / 1ra Grilla;2025-12-02;0001003-Anexo.pdf;Campana_2024-2025;VIRGINIA;T1F;90;576.9;90.0;167.18;834.08;1425.219;1476.758;0.39065303861567025;0.06094431179651642;0.11320744495712906;0.5648047953693158
2024-2025;Adelanto / 1ra Grilla;2025-12-02;0001003-Anexo.pdf;Campana_2024-2025;VIRGINIA;C3F;71;505.52;78.1;218.11;801.73;1425.219;1476.758;0.3423174277708331;0.052886119458977025;0.14769515384375775;0.5428987010735679
2024-2025;Adelanto / 1ra Grilla;2025-12-02;0001003-Anexo.pdf;Campana_2024-2025;VIRGINIA;X4F;39;277.68;42.9;119.81;440.39;1425.219;1476.758;0.188033516662852;0.029050121956339492;0.08113042218156258;0.2982140608007541
2024-2025;Adelanto / 1ra Grilla;2025-12-02;0001003-Anexo.pdf;Campana_2024-2025;VIRGINIA;C3K;39;277.68;42.9;119.81;440.39;1425.219;1476.758;0.188033516662852;0.029050121956339492;0.08113042218156258;0.2982140608007541
2024-2025;Adelanto / 1ra Grilla;2025-12-02;0001003-Anexo.pdf;Campana_2024-2025;VIRGINIA;X3F;60;427.2;66.0;184.32;677.52;1425.219;1476.758;0.2892823333274646;0.044692495317445374;0.12481395055926563;0.4587887792041756
2024-2025;Adelanto / 1ra Grilla;2025-12-02;0001003-Anexo.pdf;Campana_2024-2025;VIRGINIA;X3L;48;341.76;52.8;147.46;542.02;1425.219;1476.758;0.23142586666197168;0.0357539962539563;0.09985386908349235;0.36703373199942035
2024-2025;Adelanto / 1ra Grilla;2025-12-02;0001003-Anexo.pdf;Campana_2024-2025;VIRGINIA;C3L;59;420.08;64.9;181.25;666.23;1425.219;1476.758;0.2844609611053402;0.043947620395487955;0.12273507236798446;0.4511436538688126
2024-2025;Adelanto / 1ra Grilla;2025-12-02;0001003-Anexo.pdf;Campana_2024-2025;VIRGINIA;B4F;48;341.76;52.8;147.46;542.02;1425.219;1476.758;0.23142586666197168;0.0357539962539563;0.09985386908349235;0.36703373199942035
2024-2025;Adelanto / 1ra Grilla;2025-12-02;0001003-Anexo.pdf;Campana_2024-2025;VIRGINIA;B4L;43;306.16;47.3;132.1;485.56;1425.219;1476.758;0.20731900555134966;0.032029621644169184;0.08945270653688688;0.3288013337324057
2024-2025;Adelanto / 1ra Grilla;2025-12-02;0001003-Anexo.pdf;Campana_2024-2025;VIRGINIA;C4F;50;356.0;55.0;153.6;564.6;1425.219;1476.758;0.24106861110622052;0.03724374609787115;0.10401162546605469;0.3823239826701464
2024-2025;Adelanto / 1ra Grilla;2025-12-02;0001003-Anexo.pdf;Campana_2024-2025;VIRGINIA;C4L;37;263.44;40.7;113.66;417.8;1425.219;1476.758;0.17839077221860317;0.02756037211242465;0.07696589420880062;0.28291703853982847
2024-2025;Adelanto / 1ra Grilla;2025-12-02;0001003-Anexo.pdf;Campana_2024-2025;VIRGINIA;X3K;27;192.24;29.7;82.94;304.88;1425.219;1476.758;0.13017704999735907;0.020111622892850418;0.05616356911558969;0.20645224200579917
2025-2026;Adelanto / 1ra Grilla;2026-03-11;0001003-Anexo.pdf;Campana_2025-2026;BURLEY;C3F;70;463.81;;;463.81;1368.061;1418.041;0.3270779899875956;;;0.3270779899875956
2025-2026;Adelanto / 1ra Grilla;2026-03-11;0001003-Anexo.pdf;Campana_2025-2026;BURLEY;NB;25;165.65;;;165.65;1368.061;1418.041;0.11681608641781162;;;0.11681608641781162
2025-2026;Adelanto / 1ra Grilla;2026-03-11;0001003-Anexo.pdf;Campana_2025-2026;BURLEY;NX;30;198.77;;;198.77;1368.061;1418.041;0.140172251719097;;;0.140172251719097
2025-2026;Adelanto / 1ra Grilla;2026-03-11;0001003-Anexo.pdf;Campana_2025-2026;BURLEY;NG;10;66.26;;;66.26;1368.061;1418.041;0.04672643456712465;;;0.04672643456712465
2025-2026;Adelanto / 1ra Grilla;2026-03-11;0001003-Anexo.pdf;Campana_2025-2026;BURLEY;B3K;33;218.65;;;218.65;1368.061;1418.041;0.15419159248568978;;;0.15419159248568978
2025-2026;Adelanto / 1ra Grilla;2026-03-11;0001003-Anexo.pdf;Campana_2025-2026;BURLEY;B3FR;63;417.43;;;417.43;1368.061;1418.041;0.29437089618706375;;;0.29437089618706375
2025-2026;Adelanto / 1ra Grilla;2026-03-11;0001003-Anexo.pdf;Campana_2025-2026;BURLEY;B3F;78;516.81;;;516.81;1368.061;1418.041;0.36445349605547367;;;0.36445349605547367
2025-2026;Adelanto / 1ra Grilla;2026-03-11;0001003-Anexo.pdf;Campana_2025-2026;BURLEY;X3K;41;271.66;;;271.66;1368.061;1418.041;0.1915741505358449;;;0.1915741505358449
2025-2026;Adelanto / 1ra Grilla;2026-03-11;0001003-Anexo.pdf;Campana_2025-2026;BURLEY;C3K;37;245.15;;;245.15;1368.061;1418.041;0.17287934551962886;;;0.17287934551962886
2025-2026;Adelanto / 1ra Grilla;2026-03-11;0001003-Anexo.pdf;Campana_2025-2026;BURLEY;C3L;57;377.67;;;377.67;1368.061;1418.041;0.26633221465387813;;;0.26633221465387813
2025-2026;Adelanto / 1ra Grilla;2026-03-11;0001003-Anexo.pdf;Campana_2025-2026;BURLEY;C1F;96;636.08;;;636.08;1368.061;1418.041;0.4485624886727535;;;0.4485624886727535
2025-2026;Adelanto / 1ra Grilla;2026-03-11;0001003-Anexo.pdf;Campana_2025-2026;BURLEY;X2F;79;523.44;;;523.44;1368.061;1418.041;0.369128960305097;;;0.369128960305097
2025-2026;Adelanto / 1ra Grilla;2026-03-11;0001003-Anexo.pdf;Campana_2025-2026;BURLEY;X2L;65;430.68;;;430.68;1368.061;1418.041;0.30371477270403324;;;0.30371477270403324
2025-2026;Adelanto / 1ra Grilla;2026-03-11;0001003-Anexo.pdf;Campana_2025-2026;BURLEY;C2F;86;569.82;;;569.82;1368.061;1418.041;0.4018360541056289;;;0.4018360541056289
2025-2026;Adelanto / 1ra Grilla;2026-03-11;0001003-Anexo.pdf;Campana_2025-2026;BURLEY;C2L;73;483.68;;;483.68;1368.061;1418.041;0.3410902787719114;;;0.3410902787719114
2025-2026;Adelanto / 1ra Grilla;2026-03-11;0001003-Anexo.pdf;Campana_2025-2026;BURLEY;B2FR;77;510.19;;;510.19;1368.061;1418.041;0.35978508378812746;;;0.35978508378812746
2025-2026;Adelanto / 1ra Grilla;2026-03-11;0001003-Anexo.pdf;Campana_2025-2026;BURLEY;B2F;92;609.57;;;609.57;1368.061;1418.041;0.4298676836565375;;;0.4298676836565375
2025-2026;Adelanto / 1ra Grilla;2026-03-11;0001003-Anexo.pdf;Campana_2025-2026;BURLEY;T2FR;70;463.81;;;463.81;1368.061;1418.041;0.3270779899875956;;;0.3270779899875956
2025-2026;Adelanto / 1ra Grilla;2026-03-11;0001003-Anexo.pdf;Campana_2025-2026;BURLEY;T2F;80;530.06;;;530.06;1368.061;1418.041;0.3737973725724432;;;0.3737973725724432
2025-2026;Adelanto / 1ra Grilla;2026-03-11;0001003-Anexo.pdf;Campana_2025-2026;BURLEY;X1F;89;589.7;;;589.7;1368.061;1418.041;0.4158553948722217;;;0.4158553948722217
2025-2026;Adelanto / 1ra Grilla;2026-03-11;0001003-Anexo.pdf;Campana_2025-2026;BURLEY;X1L;75;496.94;;;496.94;1368.061;1418.041;0.3504412072711579;;;0.3504412072711579
2025-2026;Adelanto / 1ra Grilla;2026-03-11;0001003-Anexo.pdf;Campana_2025-2026;CRIOLLO MISIONERO;C1;100;629.5;;;629.5;1368.061;1418.041;0.443922284334515;;;0.443922284334515
2025-2026;Adelanto / 1ra Grilla;2026-03-11;0001003-Anexo.pdf;Campana_2025-2026;BURLEY;T3K;29;192.15;;;192.15;1368.061;1418.041;0.1355038394517507;;;0.1355038394517507
2025-2026;Adelanto / 1ra Grilla;2026-03-11;0001003-Anexo.pdf;Campana_2025-2026;CRIOLLO MISIONERO;C2;80;503.6;;;503.6;1368.061;1418.041;0.355137827467612;;;0.355137827467612
2025-2026;Adelanto / 1ra Grilla;2026-03-11;0001003-Anexo.pdf;Campana_2025-2026;CRIOLLO ARGENTINO;X2;37;265.42;;;265.42;1368.061;1418.041;0.18717371359502302;;;0.18717371359502302
2025-2026;Adelanto / 1ra Grilla;2026-03-11;0001003-Anexo.pdf;Campana_2025-2026;CRIOLLO MISIONERO;B2;75;472.13;;;472.13;1368.061;1418.041;0.33294523924202474;;;0.33294523924202474
2025-2026;Adelanto / 1ra Grilla;2026-03-11;0001003-Anexo.pdf;Campana_2025-2026;BURLEY;C1L;83;549.94;;;549.94;1368.061;1418.041;0.3878167133390361;;;0.3878167133390361
2025-2026;Adelanto / 1ra Grilla;2026-03-11;0001003-Anexo.pdf;Campana_2025-2026;CRIOLLO ARGENTINO;T4;23;164.99;;;164.99;1368.061;1418.041;0.1163506555875324;;;0.1163506555875324
2025-2026;Adelanto / 1ra Grilla;2026-03-11;0001003-Anexo.pdf;Campana_2025-2026;CRIOLLO ARGENTINO;T2;47;337.16;;;337.16;1368.061;1418.041;0.23776463444992074;;;0.23776463444992074
2025-2026;Adelanto / 1ra Grilla;2026-03-11;0001003-Anexo.pdf;Campana_2025-2026;CRIOLLO ARGENTINO;C2;60;430.42;;;430.42;1368.061;1418.041;0.30353142116483234;;;0.30353142116483234
2025-2026;Adelanto / 1ra Grilla;2026-03-11;0001003-Anexo.pdf;Campana_2025-2026;CRIOLLO ARGENTINO;C1;88;631.28;;;631.28;1368.061;1418.041;0.44517753717981356;;;0.44517753717981356
2025-2026;Adelanto / 1ra Grilla;2026-03-11;0001003-Anexo.pdf;Campana_2025-2026;CRIOLLO ARGENTINO;B3;50;358.68;;;358.68;1368.061;1418.041;0.25294050030993465;;;0.25294050030993465
2025-2026;Adelanto / 1ra Grilla;2026-03-11;0001003-Anexo.pdf;Campana_2025-2026;CRIOLLO ARGENTINO;B2;92;659.97;;;659.97;1368.061;1418.041;0.4654096743324065;;;0.4654096743324065
2025-2026;Adelanto / 1ra Grilla;2026-03-11;0001003-Anexo.pdf;Campana_2025-2026;CRIOLLO ARGENTINO;B1;100;717.36;;;717.36;1368.061;1418.041;0.5058810006198693;;;0.5058810006198693
2025-2026;Adelanto / 1ra Grilla;2026-03-11;0001003-Anexo.pdf;Campana_2025-2026;CRIOLLO CORRENTINO;N4;1;177.14;;;177.14;1368.061;1418.041;0.12491881405403651;;;0.12491881405403651
2025-2026;Adelanto / 1ra Grilla;2026-03-11;0001003-Anexo.pdf;Campana_2025-2026;CRIOLLO CORRENTINO;T;64;276.51;;;276.51;1368.061;1418.041;0.19499436194016959;;;0.19499436194016959
2025-2026;Adelanto / 1ra Grilla;2026-03-11;0001003-Anexo.pdf;Campana_2025-2026;CRIOLLO CORRENTINO;X2;62;267.87;;;267.87;1368.061;1418.041;0.18890144925287775;;;0.18890144925287775
2025-2026;Adelanto / 1ra Grilla;2026-03-11;0001003-Anexo.pdf;Campana_2025-2026;CRIOLLO CORRENTINO;X1;82;354.28;;;354.28;1368.061;1418.041;0.24983762810807303;;;0.24983762810807303
2025-2026;Adelanto / 1ra Grilla;2026-03-11;0001003-Anexo.pdf;Campana_2025-2026;CRIOLLO CORRENTINO;C3;76;328.36;;;328.36;1368.061;1418.041;0.23155889004619756;;;0.23155889004619756
2025-2026;Adelanto / 1ra Grilla;2026-03-11;0001003-Anexo.pdf;Campana_2025-2026;CRIOLLO CORRENTINO;C2;89;384.52;;;384.52;1368.061;1418.041;0.27116282251359447;;;0.27116282251359447
2025-2026;Adelanto / 1ra Grilla;2026-03-11;0001003-Anexo.pdf;Campana_2025-2026;CRIOLLO CORRENTINO;C1;100;432.05;;;432.05;1368.061;1418.041;0.3046808942759765;;;0.3046808942759765
2025-2026;Adelanto / 1ra Grilla;2026-03-11;0001003-Anexo.pdf;Campana_2025-2026;CRIOLLO CHAQUEÑO;ND;41;152.15;;;152.15;1368.061;1418.041;0.10729591034391814;;;0.10729591034391814
2025-2026;Adelanto / 1ra Grilla;2026-03-11;0001003-Anexo.pdf;Campana_2025-2026;CRIOLLO CHAQUEÑO;CH3;75;278.32;;;278.32;1368.061;1418.041;0.196270770732299;;;0.196270770732299
2025-2026;Adelanto / 1ra Grilla;2026-03-11;0001003-Anexo.pdf;Campana_2025-2026;CRIOLLO CHAQUEÑO;CH2;89;330.27;;;330.27;1368.061;1418.041;0.23290581866109653;;;0.23290581866109653
2025-2026;Adelanto / 1ra Grilla;2026-03-11;0001003-Anexo.pdf;Campana_2025-2026;CRIOLLO CHAQUEÑO;CH1;100;371.09;;;371.09;1368.061;1418.041;0.26169201031563966;;;0.26169201031563966
2025-2026;Adelanto / 1ra Grilla;2026-03-11;0001003-Anexo.pdf;Campana_2025-2026;CRIOLLO MISIONERO;N5;15;94.43;;;94.43;1368.061;1418.041;0.06659186864131574;;;0.06659186864131574
2025-2026;Adelanto / 1ra Grilla;2026-03-11;0001003-Anexo.pdf;Campana_2025-2026;CRIOLLO MISIONERO;N4;25;157.38;;;157.38;1368.061;1418.041;0.11098409707476724;;;0.11098409707476724
2025-2026;Adelanto / 1ra Grilla;2026-03-11;0001003-Anexo.pdf;Campana_2025-2026;CRIOLLO MISIONERO;X1;50;314.75;;;314.75;1368.061;1418.041;0.2219611421672575;;;0.2219611421672575
2025-2026;Adelanto / 1ra Grilla;2026-03-11;0001003-Anexo.pdf;Campana_2025-2026;CRIOLLO MISIONERO;T1;60;377.7;;;377.7;1368.061;1418.041;0.266353370600709;;;0.266353370600709
2025-2026;Adelanto / 1ra Grilla;2026-03-11;0001003-Anexo.pdf;Campana_2025-2026;CRIOLLO MISIONERO;B1;90;566.55;;;566.55;1368.061;1418.041;0.3995300559010635;;;0.3995300559010635
2025-2026;Adelanto / 1ra Grilla;2026-03-11;0001003-Anexo.pdf;Campana_2025-2026;BURLEY;B1FR;85;563.19;;;563.19;1368.061;1418.041;0.3971605898560056;;;0.3971605898560056
2025-2026;Adelanto / 1ra Grilla;2026-03-11;0001003-Anexo.pdf;Campana_2025-2026;VIRGINIA;C3F;71;522.54;;;522.54;1368.061;1418.041;0.3684942819001707;;;0.3684942819001707
2025-2026;Adelanto / 1ra Grilla;2026-03-11;0001003-Anexo.pdf;Campana_2025-2026;BURLEY;T1FR;80;530.06;;;530.06;1368.061;1418.041;0.3737973725724432;;;0.3737973725724432
2025-2026;Adelanto / 1ra Grilla;2026-03-11;0001003-Anexo.pdf;Campana_2025-2026;VIRGINIA;X2L;61;448.94;;;448.94;1368.061;1418.041;0.3165916923417588;;;0.3165916923417588
2025-2026;Adelanto / 1ra Grilla;2026-03-11;0001003-Anexo.pdf;Campana_2025-2026;VIRGINIA;X2F;74;544.62;;;544.62;1368.061;1418.041;0.3840650587676943;;;0.3840650587676943
2025-2026;Adelanto / 1ra Grilla;2026-03-11;0001003-Anexo.pdf;Campana_2025-2026;VIRGINIA;C2K;48;353.27;;;353.27;1368.061;1418.041;0.24912537789810027;;;0.24912537789810027
2025-2026;Adelanto / 1ra Grilla;2026-03-11;0001003-Anexo.pdf;Campana_2025-2026;VIRGINIA;C2L;72;529.9;;;529.9;1368.061;1418.041;0.37368454085601194;;;0.37368454085601194
2025-2026;Adelanto / 1ra Grilla;2026-03-11;0001003-Anexo.pdf;Campana_2025-2026;VIRGINIA;C2F;85;625.57;;;625.57;1368.061;1418.041;0.4411508552996705;;;0.4411508552996705
2025-2026;Adelanto / 1ra Grilla;2026-03-11;0001003-Anexo.pdf;Campana_2025-2026;VIRGINIA;B2KF;53;390.06;;;390.06;1368.061;1418.041;0.27506962069502927;;;0.27506962069502927
2025-2026;Adelanto / 1ra Grilla;2026-03-11;0001003-Anexo.pdf;Campana_2025-2026;VIRGINIA;B2KL;48;353.27;;;353.27;1368.061;1418.041;0.24912537789810027;;;0.24912537789810027
2025-2026;Adelanto / 1ra Grilla;2026-03-11;0001003-Anexo.pdf;Campana_2025-2026;VIRGINIA;B2L;78;574.06;;;574.06;1368.061;1418.041;0.40482609459105906;;;0.40482609459105906
2025-2026;Adelanto / 1ra Grilla;2026-03-11;0001003-Anexo.pdf;Campana_2025-2026;VIRGINIA;B2F;91;669.73;;;669.73;1368.061;1418.041;0.47229240903471764;;;0.47229240903471764
2025-2026;Adelanto / 1ra Grilla;2026-03-11;0001003-Anexo.pdf;Campana_2025-2026;VIRGINIA;T2KF;40;294.39;;;294.39;1368.061;1418.041;0.20760330625137072;;;0.20760330625137072
2025-2026;Adelanto / 1ra Grilla;2026-03-11;0001003-Anexo.pdf;Campana_2025-2026;VIRGINIA;X2K;36;264.95;;;264.95;1368.061;1418.041;0.18684227042800597;;;0.18684227042800597
2025-2026;Adelanto / 1ra Grilla;2026-03-11;0001003-Anexo.pdf;Campana_2025-2026;VIRGINIA;T2KL;35;257.59;;;257.59;1368.061;1418.041;0.18165201147216475;;;0.18165201147216475
2025-2026;Adelanto / 1ra Grilla;2026-03-11;0001003-Anexo.pdf;Campana_2025-2026;VIRGINIA;T2F;81;596.14;;;596.14;1368.061;1418.041;0.4203968714585827;;;0.4203968714585827
2025-2026;Adelanto / 1ra Grilla;2026-03-11;0001003-Anexo.pdf;Campana_2025-2026;VIRGINIA;X1L;71;522.54;;;522.54;1368.061;1418.041;0.3684942819001707;;;0.3684942819001707
2025-2026;Adelanto / 1ra Grilla;2026-03-11;0001003-Anexo.pdf;Campana_2025-2026;VIRGINIA;X1F;83;610.86;;;610.86;1368.061;1418.041;0.43077738937026505;;;0.43077738937026505
2025-2026;Adelanto / 1ra Grilla;2026-03-11;0001003-Anexo.pdf;Campana_2025-2026;VIRGINIA;C1L;82;603.5;;;603.5;1368.061;1418.041;0.42558713041442386;;;0.42558713041442386
2025-2026;Adelanto / 1ra Grilla;2026-03-11;0001003-Anexo.pdf;Campana_2025-2026;VIRGINIA;C1F;94;691.81;;;691.81;1368.061;1418.041;0.48786318590224115;;;0.48786318590224115
2025-2026;Adelanto / 1ra Grilla;2026-03-11;0001003-Anexo.pdf;Campana_2025-2026;VIRGINIA;B1L;88;647.65;;;647.65;1368.061;1418.041;0.456721632167194;;;0.456721632167194
2025-2026;Adelanto / 1ra Grilla;2026-03-11;0001003-Anexo.pdf;Campana_2025-2026;VIRGINIA;B1F;100;735.97;;;735.97;1368.061;1418.041;0.5190047396372884;;;0.5190047396372884
2025-2026;Adelanto / 1ra Grilla;2026-03-11;0001003-Anexo.pdf;Campana_2025-2026;VIRGINIA;T1L;78;574.06;;;574.06;1368.061;1418.041;0.40482609459105906;;;0.40482609459105906
2025-2026;Adelanto / 1ra Grilla;2026-03-11;0001003-Anexo.pdf;Campana_2025-2026;VIRGINIA;T1F;90;662.37;;;662.37;1368.061;1418.041;0.46710215007887645;;;0.46710215007887645
2025-2026;Adelanto / 1ra Grilla;2026-03-11;0001003-Anexo.pdf;Campana_2025-2026;CRIOLLO ARGENTINO;X4;17;121.95;;;121.95;1368.061;1418.041;0.08599892386750455;;;0.08599892386750455
2025-2026;Adelanto / 1ra Grilla;2026-03-11;0001003-Anexo.pdf;Campana_2025-2026;VIRGINIA;T2L;68;500.46;;;500.46;1368.061;1418.041;0.35292350503264713;;;0.35292350503264713
2025-2026;Adelanto / 1ra Grilla;2026-03-11;0001003-Anexo.pdf;Campana_2025-2026;VIRGINIA;B3F;75;551.98;;;551.98;1368.061;1418.041;0.3892553177235355;;;0.3892553177235355
2025-2026;Adelanto / 1ra Grilla;2026-03-11;0001003-Anexo.pdf;Campana_2025-2026;VIRGINIA;B3L;64;471.02;;;471.02;1368.061;1418.041;0.3321624692092824;;;0.3321624692092824
2025-2026;Adelanto / 1ra Grilla;2026-03-11;0001003-Anexo.pdf;Campana_2025-2026;VIRGINIA;B3KL;39;287.03;;;287.03;1368.061;1418.041;0.20241304729552953;;;0.20241304729552953
2025-2026;Adelanto / 1ra Grilla;2026-03-11;0001003-Anexo.pdf;Campana_2025-2026;BURLEY;T1F;90;596.32;;;596.32;1368.061;1418.041;0.42052380713956794;;;0.42052380713956794
2025-2026;Adelanto / 1ra Grilla;2026-03-11;0001003-Anexo.pdf;Campana_2025-2026;VIRGINIA;H3F;80;588.78;;;588.78;1368.061;1418.041;0.41520661250274143;;;0.41520661250274143
2025-2026;Adelanto / 1ra Grilla;2026-03-11;0001003-Anexo.pdf;Campana_2025-2026;VIRGINIA;H2F;95;699.17;;;699.17;1368.061;1418.041;0.4930534448580824;;;0.4930534448580824
2025-2026;Adelanto / 1ra Grilla;2026-03-11;0001003-Anexo.pdf;Campana_2025-2026;VIRGINIA;H1F;105;772.77;;;772.77;1368.061;1418.041;0.5449560344164943;;;0.5449560344164943
2025-2026;Adelanto / 1ra Grilla;2026-03-11;0001003-Anexo.pdf;Campana_2025-2026;VIRGINIA;N5B;15;110.4;;;110.4;1368.061;1418.041;0.07785388433761789;;;0.07785388433761789
2025-2026;Adelanto / 1ra Grilla;2026-03-11;0001003-Anexo.pdf;Campana_2025-2026;VIRGINIA;N5C;17;125.11;;;125.11;1368.061;1418.041;0.08822735026702332;;;0.08822735026702332
2025-2026;Adelanto / 1ra Grilla;2026-03-11;0001003-Anexo.pdf;Campana_2025-2026;VIRGINIA;N5X;17;125.11;;;125.11;1368.061;1418.041;0.08822735026702332;;;0.08822735026702332
2025-2026;Adelanto / 1ra Grilla;2026-03-11;0001003-Anexo.pdf;Campana_2025-2026;VIRGINIA;N5K;15;110.4;;;110.4;1368.061;1418.041;0.07785388433761789;;;0.07785388433761789
2025-2026;Adelanto / 1ra Grilla;2026-03-11;0001003-Anexo.pdf;Campana_2025-2026;VIRGINIA;NVB;20;147.19;;;147.19;1368.061;1418.041;0.10379812713454689;;;0.10379812713454689
2025-2026;Adelanto / 1ra Grilla;2026-03-11;0001003-Anexo.pdf;Campana_2025-2026;VIRGINIA;NVC;20;147.19;;;147.19;1368.061;1418.041;0.10379812713454689;;;0.10379812713454689
2025-2026;Adelanto / 1ra Grilla;2026-03-11;0001003-Anexo.pdf;Campana_2025-2026;VIRGINIA;NVX;20;147.19;;;147.19;1368.061;1418.041;0.10379812713454689;;;0.10379812713454689
2025-2026;Adelanto / 1ra Grilla;2026-03-11;0001003-Anexo.pdf;Campana_2025-2026;VIRGINIA;X4L;26;191.35;;;191.35;1368.061;1418.041;0.13493968086959404;;;0.13493968086959404
2025-2026;Adelanto / 1ra Grilla;2026-03-11;0001003-Anexo.pdf;Campana_2025-2026;VIRGINIA;X4F;39;287.03;;;287.03;1368.061;1418.041;0.20241304729552953;;;0.20241304729552953
2025-2026;Adelanto / 1ra Grilla;2026-03-11;0001003-Anexo.pdf;Campana_2025-2026;VIRGINIA;C4L;37;272.31;;;272.31;1368.061;1418.041;0.19203252938384716;;;0.19203252938384716
2025-2026;Adelanto / 1ra Grilla;2026-03-11;0001003-Anexo.pdf;Campana_2025-2026;VIRGINIA;C4F;50;367.99;;;367.99;1368.061;1418.041;0.25950589580978267;;;0.25950589580978267
2025-2026;Adelanto / 1ra Grilla;2026-03-11;0001003-Anexo.pdf;Campana_2025-2026;VIRGINIA;B4L;43;316.47;;;316.47;1368.061;1418.041;0.22317408311889433;;;0.22317408311889433
2025-2026;Adelanto / 1ra Grilla;2026-03-11;0001003-Anexo.pdf;Campana_2025-2026;VIRGINIA;B4F;48;353.27;;;353.27;1368.061;1418.041;0.24912537789810027;;;0.24912537789810027
2025-2026;Adelanto / 1ra Grilla;2026-03-11;0001003-Anexo.pdf;Campana_2025-2026;VIRGINIA;X3K;27;198.71;;;198.71;1368.061;1418.041;0.14012993982543523;;;0.14012993982543523
2025-2026;Adelanto / 1ra Grilla;2026-03-11;0001003-Anexo.pdf;Campana_2025-2026;VIRGINIA;X3L;48;353.27;;;353.27;1368.061;1418.041;0.24912537789810027;;;0.24912537789810027
2025-2026;Adelanto / 1ra Grilla;2026-03-11;0001003-Anexo.pdf;Campana_2025-2026;VIRGINIA;X3F;60;441.58;;;441.58;1368.061;1418.041;0.31140143338591764;;;0.31140143338591764
2025-2026;Adelanto / 1ra Grilla;2026-03-11;0001003-Anexo.pdf;Campana_2025-2026;VIRGINIA;C3K;39;287.03;;;287.03;1368.061;1418.041;0.20241304729552953;;;0.20241304729552953
2025-2026;Adelanto / 1ra Grilla;2026-03-11;0001003-Anexo.pdf;Campana_2025-2026;VIRGINIA;C3L;59;434.22;;;434.22;1368.061;1418.041;0.30621117443007645;;;0.30621117443007645
2025-2026;Adelanto / 1ra Grilla;2026-03-11;0001003-Anexo.pdf;Campana_2025-2026;VIRGINIA;B3KF;44;323.83;;;323.83;1368.061;1418.041;0.2283643420747355;;;0.2283643420747355
2025-2026;Adelanto / 1ra Grilla;2026-03-11;0001003-Anexo.pdf;Campana_2025-2026;BURLEY;B1F;100;662.58;;;662.58;1368.061;1418.041;0.4672502417066926;;;0.4672502417066926
2025-2026;Adelanto / 1ra Grilla;2026-03-11;0001003-Anexo.pdf;Campana_2025-2026;CRIOLLO ARGENTINO;N;10;71.74;;;71.74;1368.061;1418.041;0.050590920854897706;;;0.050590920854897706
